Timing Analyzer report for effets_audio_sur_FPGA_Projet
Fri Aug 21 16:12:59 2026
Quartus Prime Version 19.1.0 Build 670 09/22/2019 SJ Lite Edition


---------------------
; Table of Contents ;
---------------------
  1. Legal Notice
  2. Timing Analyzer Summary
  3. Parallel Compilation
  4. Clocks
  5. Slow 1200mV 85C Model Fmax Summary
  6. Timing Closure Recommendations
  7. Slow 1200mV 85C Model Setup Summary
  8. Slow 1200mV 85C Model Hold Summary
  9. Slow 1200mV 85C Model Recovery Summary
 10. Slow 1200mV 85C Model Removal Summary
 11. Slow 1200mV 85C Model Minimum Pulse Width Summary
 12. Slow 1200mV 85C Model Setup: 'config_CODEC:u_CODEC_config|counter[9]'
 13. Slow 1200mV 85C Model Setup: 'CLOCK_50'
 14. Slow 1200mV 85C Model Setup: 'PLL_inst|altpll_component|auto_generated|pll1|clk[0]'
 15. Slow 1200mV 85C Model Setup: 'AUD_BCLK'
 16. Slow 1200mV 85C Model Setup: 'I2C_driver:u_I2C_Config|SENT'
 17. Slow 1200mV 85C Model Hold: 'CLOCK_50'
 18. Slow 1200mV 85C Model Hold: 'PLL_inst|altpll_component|auto_generated|pll1|clk[0]'
 19. Slow 1200mV 85C Model Hold: 'config_CODEC:u_CODEC_config|counter[9]'
 20. Slow 1200mV 85C Model Hold: 'I2C_driver:u_I2C_Config|SENT'
 21. Slow 1200mV 85C Model Hold: 'AUD_BCLK'
 22. Slow 1200mV 85C Model Recovery: 'I2C_driver:u_I2C_Config|SENT'
 23. Slow 1200mV 85C Model Removal: 'I2C_driver:u_I2C_Config|SENT'
 24. Slow 1200mV 85C Model Metastability Summary
 25. Slow 1200mV 0C Model Fmax Summary
 26. Slow 1200mV 0C Model Setup Summary
 27. Slow 1200mV 0C Model Hold Summary
 28. Slow 1200mV 0C Model Recovery Summary
 29. Slow 1200mV 0C Model Removal Summary
 30. Slow 1200mV 0C Model Minimum Pulse Width Summary
 31. Slow 1200mV 0C Model Setup: 'config_CODEC:u_CODEC_config|counter[9]'
 32. Slow 1200mV 0C Model Setup: 'CLOCK_50'
 33. Slow 1200mV 0C Model Setup: 'PLL_inst|altpll_component|auto_generated|pll1|clk[0]'
 34. Slow 1200mV 0C Model Setup: 'AUD_BCLK'
 35. Slow 1200mV 0C Model Setup: 'I2C_driver:u_I2C_Config|SENT'
 36. Slow 1200mV 0C Model Hold: 'CLOCK_50'
 37. Slow 1200mV 0C Model Hold: 'PLL_inst|altpll_component|auto_generated|pll1|clk[0]'
 38. Slow 1200mV 0C Model Hold: 'I2C_driver:u_I2C_Config|SENT'
 39. Slow 1200mV 0C Model Hold: 'config_CODEC:u_CODEC_config|counter[9]'
 40. Slow 1200mV 0C Model Hold: 'AUD_BCLK'
 41. Slow 1200mV 0C Model Recovery: 'I2C_driver:u_I2C_Config|SENT'
 42. Slow 1200mV 0C Model Removal: 'I2C_driver:u_I2C_Config|SENT'
 43. Slow 1200mV 0C Model Metastability Summary
 44. Fast 1200mV 0C Model Setup Summary
 45. Fast 1200mV 0C Model Hold Summary
 46. Fast 1200mV 0C Model Recovery Summary
 47. Fast 1200mV 0C Model Removal Summary
 48. Fast 1200mV 0C Model Minimum Pulse Width Summary
 49. Fast 1200mV 0C Model Setup: 'config_CODEC:u_CODEC_config|counter[9]'
 50. Fast 1200mV 0C Model Setup: 'CLOCK_50'
 51. Fast 1200mV 0C Model Setup: 'PLL_inst|altpll_component|auto_generated|pll1|clk[0]'
 52. Fast 1200mV 0C Model Setup: 'AUD_BCLK'
 53. Fast 1200mV 0C Model Setup: 'I2C_driver:u_I2C_Config|SENT'
 54. Fast 1200mV 0C Model Hold: 'AUD_BCLK'
 55. Fast 1200mV 0C Model Hold: 'CLOCK_50'
 56. Fast 1200mV 0C Model Hold: 'PLL_inst|altpll_component|auto_generated|pll1|clk[0]'
 57. Fast 1200mV 0C Model Hold: 'config_CODEC:u_CODEC_config|counter[9]'
 58. Fast 1200mV 0C Model Hold: 'I2C_driver:u_I2C_Config|SENT'
 59. Fast 1200mV 0C Model Recovery: 'I2C_driver:u_I2C_Config|SENT'
 60. Fast 1200mV 0C Model Removal: 'I2C_driver:u_I2C_Config|SENT'
 61. Fast 1200mV 0C Model Metastability Summary
 62. Multicorner Timing Analysis Summary
 63. Board Trace Model Assignments
 64. Input Transition Times
 65. Signal Integrity Metrics (Slow 1200mv 0c Model)
 66. Signal Integrity Metrics (Slow 1200mv 85c Model)
 67. Signal Integrity Metrics (Fast 1200mv 0c Model)
 68. Setup Transfers
 69. Hold Transfers
 70. Recovery Transfers
 71. Removal Transfers
 72. Report TCCS
 73. Report RSKM
 74. Unconstrained Paths Summary
 75. Clock Status Summary
 76. Unconstrained Input Ports
 77. Unconstrained Output Ports
 78. Unconstrained Input Ports
 79. Unconstrained Output Ports
 80. Timing Analyzer Messages



----------------
; Legal Notice ;
----------------
Copyright (C) 2019  Intel Corporation. All rights reserved.
Your use of Intel Corporation's design tools, logic functions 
and other software and tools, and any partner logic 
functions, and any output files from any of the foregoing 
(including device programming or simulation files), and any 
associated documentation or information are expressly subject 
to the terms and conditions of the Intel Program License 
Subscription Agreement, the Intel Quartus Prime License Agreement,
the Intel FPGA IP License Agreement, or other applicable license
agreement, including, without limitation, that your use is for
the sole purpose of programming logic devices manufactured by
Intel and sold by Intel or its authorized distributors.  Please
refer to the applicable agreement for further details, at
https://fpgasoftware.intel.com/eula.



+-----------------------------------------------------------------------------+
; Timing Analyzer Summary                                                     ;
+-----------------------+-----------------------------------------------------+
; Quartus Prime Version ; Version 19.1.0 Build 670 09/22/2019 SJ Lite Edition ;
; Timing Analyzer       ; Legacy Timing Analyzer                              ;
; Revision Name         ; effets_audio_sur_FPGA_Projet                        ;
; Device Family         ; Cyclone IV E                                        ;
; Device Name           ; EP4CE115F29C7                                       ;
; Timing Models         ; Final                                               ;
; Delay Model           ; Combined                                            ;
; Rise/Fall Delays      ; Enabled                                             ;
+-----------------------+-----------------------------------------------------+


+------------------------------------------+
; Parallel Compilation                     ;
+----------------------------+-------------+
; Processors                 ; Number      ;
+----------------------------+-------------+
; Number detected on machine ; 8           ;
; Maximum allowed            ; 4           ;
;                            ;             ;
; Average used               ; 1.78        ;
; Maximum used               ; 4           ;
;                            ;             ;
; Usage by Processor         ; % Time Used ;
;     Processor 1            ; 100.0%      ;
;     Processor 2            ;  33.6%      ;
;     Processor 3            ;  24.5%      ;
;     Processor 4            ;  19.6%      ;
+----------------------------+-------------+


+------------------------------------------------------------------------------------------------------------------------------------------------------------------------------------------------------------------------------------------------------------------------------------------------------------------------------------+
; Clocks                                                                                                                                                                                                                                                                                                                             ;
+------------------------------------------------------+-----------+--------+------------+-------+--------+------------+-----------+-------------+-------+--------+-----------+------------+----------+----------+--------------------------------------------------------+----------------------------------------------------------+
; Clock Name                                           ; Type      ; Period ; Frequency  ; Rise  ; Fall   ; Duty Cycle ; Divide by ; Multiply by ; Phase ; Offset ; Edge List ; Edge Shift ; Inverted ; Master   ; Source                                                 ; Targets                                                  ;
+------------------------------------------------------+-----------+--------+------------+-------+--------+------------+-----------+-------------+-------+--------+-----------+------------+----------+----------+--------------------------------------------------------+----------------------------------------------------------+
; AUD_BCLK                                             ; Base      ; 1.000  ; 1000.0 MHz ; 0.000 ; 0.500  ;            ;           ;             ;       ;        ;           ;            ;          ;          ;                                                        ; { AUD_BCLK }                                             ;
; CLOCK_50                                             ; Base      ; 20.000 ; 50.0 MHz   ; 0.000 ; 10.000 ;            ;           ;             ;       ;        ;           ;            ;          ;          ;                                                        ; { CLOCK_50 }                                             ;
; config_CODEC:u_CODEC_config|counter[9]               ; Base      ; 1.000  ; 1000.0 MHz ; 0.000 ; 0.500  ;            ;           ;             ;       ;        ;           ;            ;          ;          ;                                                        ; { config_CODEC:u_CODEC_config|counter[9] }               ;
; I2C_driver:u_I2C_Config|SENT                         ; Base      ; 1.000  ; 1000.0 MHz ; 0.000 ; 0.500  ;            ;           ;             ;       ;        ;           ;            ;          ;          ;                                                        ; { I2C_driver:u_I2C_Config|SENT }                         ;
; PLL_inst|altpll_component|auto_generated|pll1|clk[0] ; Generated ; 10.000 ; 100.0 MHz  ; 0.000 ; 5.000  ; 50.00      ; 1         ; 2           ;       ;        ;           ;            ; false    ; CLOCK_50 ; PLL_inst|altpll_component|auto_generated|pll1|inclk[0] ; { PLL_inst|altpll_component|auto_generated|pll1|clk[0] } ;
+------------------------------------------------------+-----------+--------+------------+-------+--------+------------+-----------+-------------+-------+--------+-----------+------------+----------+----------+--------------------------------------------------------+----------------------------------------------------------+


+--------------------------------------------------------------------------------------------+
; Slow 1200mV 85C Model Fmax Summary                                                         ;
+------------+-----------------+------------------------------------------------------+------+
; Fmax       ; Restricted Fmax ; Clock Name                                           ; Note ;
+------------+-----------------+------------------------------------------------------+------+
; 34.21 MHz  ; 34.21 MHz       ; CLOCK_50                                             ;      ;
; 37.05 MHz  ; 37.05 MHz       ; config_CODEC:u_CODEC_config|counter[9]               ;      ;
; 116.93 MHz ; 116.93 MHz      ; AUD_BCLK                                             ;      ;
; 118.91 MHz ; 118.91 MHz      ; PLL_inst|altpll_component|auto_generated|pll1|clk[0] ;      ;
; 341.65 MHz ; 341.65 MHz      ; I2C_driver:u_I2C_Config|SENT                         ;      ;
+------------+-----------------+------------------------------------------------------+------+
This panel reports FMAX for every clock in the design, regardless of the user-specified clock periods.  FMAX is only computed for paths where the source and destination registers or ports are driven by the same clock.  Paths of different clocks, including generated clocks, are ignored.  For paths between a clock and its inversion, FMAX is computed as if the rising and falling edges are scaled along with FMAX, such that the duty cycle (in terms of a percentage) is maintained. Altera recommends that you always use clock constraints and other slack reports for sign-off analysis.


----------------------------------
; Timing Closure Recommendations ;
----------------------------------
HTML report is unavailable in plain text report export.


+--------------------------------------------------------------------------------+
; Slow 1200mV 85C Model Setup Summary                                            ;
+------------------------------------------------------+---------+---------------+
; Clock                                                ; Slack   ; End Point TNS ;
+------------------------------------------------------+---------+---------------+
; config_CODEC:u_CODEC_config|counter[9]               ; -25.990 ; -2494.997     ;
; CLOCK_50                                             ; -23.717 ; -4761.321     ;
; PLL_inst|altpll_component|auto_generated|pll1|clk[0] ; -8.854  ; -318.355      ;
; AUD_BCLK                                             ; -3.776  ; -297.696      ;
; I2C_driver:u_I2C_Config|SENT                         ; -1.927  ; -21.742       ;
+------------------------------------------------------+---------+---------------+


+------------------------------------------------------------------------------+
; Slow 1200mV 85C Model Hold Summary                                           ;
+------------------------------------------------------+-------+---------------+
; Clock                                                ; Slack ; End Point TNS ;
+------------------------------------------------------+-------+---------------+
; CLOCK_50                                             ; 0.266 ; 0.000         ;
; PLL_inst|altpll_component|auto_generated|pll1|clk[0] ; 0.304 ; 0.000         ;
; config_CODEC:u_CODEC_config|counter[9]               ; 0.357 ; 0.000         ;
; I2C_driver:u_I2C_Config|SENT                         ; 0.399 ; 0.000         ;
; AUD_BCLK                                             ; 0.440 ; 0.000         ;
+------------------------------------------------------+-------+---------------+


+-------------------------------------------------------+
; Slow 1200mV 85C Model Recovery Summary                ;
+------------------------------+--------+---------------+
; Clock                        ; Slack  ; End Point TNS ;
+------------------------------+--------+---------------+
; I2C_driver:u_I2C_Config|SENT ; -0.564 ; -2.168        ;
+------------------------------+--------+---------------+


+------------------------------------------------------+
; Slow 1200mV 85C Model Removal Summary                ;
+------------------------------+-------+---------------+
; Clock                        ; Slack ; End Point TNS ;
+------------------------------+-------+---------------+
; I2C_driver:u_I2C_Config|SENT ; 0.624 ; 0.000         ;
+------------------------------+-------+---------------+


+-------------------------------------------------------------------------------+
; Slow 1200mV 85C Model Minimum Pulse Width Summary                             ;
+------------------------------------------------------+--------+---------------+
; Clock                                                ; Slack  ; End Point TNS ;
+------------------------------------------------------+--------+---------------+
; config_CODEC:u_CODEC_config|counter[9]               ; -3.000 ; -1869.579     ;
; AUD_BCLK                                             ; -3.000 ; -144.693      ;
; I2C_driver:u_I2C_Config|SENT                         ; -1.285 ; -20.560       ;
; PLL_inst|altpll_component|auto_generated|pll1|clk[0] ; 4.709  ; 0.000         ;
; CLOCK_50                                             ; 9.412  ; 0.000         ;
+------------------------------------------------------+--------+---------------+


+-------------------------------------------------------------------------------------------------------------------------------------------------------------------------------------------------------------+
; Slow 1200mV 85C Model Setup: 'config_CODEC:u_CODEC_config|counter[9]'                                                                                                                                       ;
+---------+------------------------------------------------------+-----------------+----------------------------------------+----------------------------------------+--------------+------------+------------+
; Slack   ; From Node                                            ; To Node         ; Launch Clock                           ; Latch Clock                            ; Relationship ; Clock Skew ; Data Delay ;
+---------+------------------------------------------------------+-----------------+----------------------------------------+----------------------------------------+--------------+------------+------------+
; -25.990 ; FIR_filter_37_tap:u_fir_filter_R|input_sample[30][2] ; audio_out_R[10] ; config_CODEC:u_CODEC_config|counter[9] ; config_CODEC:u_CODEC_config|counter[9] ; 1.000        ; -0.058     ; 26.930     ;
; -25.917 ; FIR_filter_37_tap:u_fir_filter_R|input_sample[6][0]  ; audio_out_R[10] ; config_CODEC:u_CODEC_config|counter[9] ; config_CODEC:u_CODEC_config|counter[9] ; 1.000        ; -0.058     ; 26.857     ;
; -25.912 ; FIR_filter_37_tap:u_fir_filter_R|input_sample[30][0] ; audio_out_R[10] ; config_CODEC:u_CODEC_config|counter[9] ; config_CODEC:u_CODEC_config|counter[9] ; 1.000        ; -0.058     ; 26.852     ;
; -25.868 ; FIR_filter_37_tap:u_fir_filter_L|input_sample[1][3]  ; audio_out_L[1]  ; config_CODEC:u_CODEC_config|counter[9] ; config_CODEC:u_CODEC_config|counter[9] ; 1.000        ; -0.074     ; 26.792     ;
; -25.839 ; FIR_filter_37_tap:u_fir_filter_R|input_sample[30][1] ; audio_out_R[10] ; config_CODEC:u_CODEC_config|counter[9] ; config_CODEC:u_CODEC_config|counter[9] ; 1.000        ; -0.058     ; 26.779     ;
; -25.836 ; FIR_filter_37_tap:u_fir_filter_R|input_sample[6][1]  ; audio_out_R[10] ; config_CODEC:u_CODEC_config|counter[9] ; config_CODEC:u_CODEC_config|counter[9] ; 1.000        ; -0.058     ; 26.776     ;
; -25.828 ; FIR_filter_37_tap:u_fir_filter_R|input_sample[30][2] ; audio_out_R[14] ; config_CODEC:u_CODEC_config|counter[9] ; config_CODEC:u_CODEC_config|counter[9] ; 1.000        ; -0.058     ; 26.768     ;
; -25.826 ; FIR_filter_37_tap:u_fir_filter_R|input_sample[0][1]  ; audio_out_R[10] ; config_CODEC:u_CODEC_config|counter[9] ; config_CODEC:u_CODEC_config|counter[9] ; 1.000        ; -0.046     ; 26.778     ;
; -25.819 ; FIR_filter_37_tap:u_fir_filter_L|input_sample[35][1] ; audio_out_L[1]  ; config_CODEC:u_CODEC_config|counter[9] ; config_CODEC:u_CODEC_config|counter[9] ; 1.000        ; -0.074     ; 26.743     ;
; -25.816 ; FIR_filter_37_tap:u_fir_filter_L|input_sample[1][1]  ; audio_out_L[1]  ; config_CODEC:u_CODEC_config|counter[9] ; config_CODEC:u_CODEC_config|counter[9] ; 1.000        ; -0.074     ; 26.740     ;
; -25.805 ; FIR_filter_37_tap:u_fir_filter_R|input_sample[36][1] ; audio_out_R[10] ; config_CODEC:u_CODEC_config|counter[9] ; config_CODEC:u_CODEC_config|counter[9] ; 1.000        ; -0.046     ; 26.757     ;
; -25.785 ; FIR_filter_37_tap:u_fir_filter_R|input_sample[6][2]  ; audio_out_R[10] ; config_CODEC:u_CODEC_config|counter[9] ; config_CODEC:u_CODEC_config|counter[9] ; 1.000        ; -0.058     ; 26.725     ;
; -25.761 ; FIR_filter_37_tap:u_fir_filter_R|input_sample[0][2]  ; audio_out_R[10] ; config_CODEC:u_CODEC_config|counter[9] ; config_CODEC:u_CODEC_config|counter[9] ; 1.000        ; -0.046     ; 26.713     ;
; -25.755 ; FIR_filter_37_tap:u_fir_filter_R|input_sample[6][0]  ; audio_out_R[14] ; config_CODEC:u_CODEC_config|counter[9] ; config_CODEC:u_CODEC_config|counter[9] ; 1.000        ; -0.058     ; 26.695     ;
; -25.750 ; FIR_filter_37_tap:u_fir_filter_R|input_sample[30][0] ; audio_out_R[14] ; config_CODEC:u_CODEC_config|counter[9] ; config_CODEC:u_CODEC_config|counter[9] ; 1.000        ; -0.058     ; 26.690     ;
; -25.744 ; FIR_filter_37_tap:u_fir_filter_R|input_sample[0][0]  ; audio_out_R[10] ; config_CODEC:u_CODEC_config|counter[9] ; config_CODEC:u_CODEC_config|counter[9] ; 1.000        ; -0.046     ; 26.696     ;
; -25.734 ; FIR_filter_37_tap:u_fir_filter_L|input_sample[1][0]  ; audio_out_L[1]  ; config_CODEC:u_CODEC_config|counter[9] ; config_CODEC:u_CODEC_config|counter[9] ; 1.000        ; -0.074     ; 26.658     ;
; -25.729 ; FIR_filter_37_tap:u_fir_filter_L|input_sample[35][0] ; audio_out_L[1]  ; config_CODEC:u_CODEC_config|counter[9] ; config_CODEC:u_CODEC_config|counter[9] ; 1.000        ; -0.074     ; 26.653     ;
; -25.715 ; FIR_filter_37_tap:u_fir_filter_R|input_sample[36][0] ; audio_out_R[10] ; config_CODEC:u_CODEC_config|counter[9] ; config_CODEC:u_CODEC_config|counter[9] ; 1.000        ; -0.046     ; 26.667     ;
; -25.708 ; FIR_filter_37_tap:u_fir_filter_R|input_sample[30][3] ; audio_out_R[10] ; config_CODEC:u_CODEC_config|counter[9] ; config_CODEC:u_CODEC_config|counter[9] ; 1.000        ; -0.058     ; 26.648     ;
; -25.705 ; FIR_filter_37_tap:u_fir_filter_R|input_sample[6][3]  ; audio_out_R[10] ; config_CODEC:u_CODEC_config|counter[9] ; config_CODEC:u_CODEC_config|counter[9] ; 1.000        ; -0.058     ; 26.645     ;
; -25.698 ; FIR_filter_37_tap:u_fir_filter_R|input_sample[0][3]  ; audio_out_R[10] ; config_CODEC:u_CODEC_config|counter[9] ; config_CODEC:u_CODEC_config|counter[9] ; 1.000        ; -0.046     ; 26.650     ;
; -25.697 ; FIR_filter_37_tap:u_fir_filter_R|input_sample[30][2] ; audio_out_R[9]  ; config_CODEC:u_CODEC_config|counter[9] ; config_CODEC:u_CODEC_config|counter[9] ; 1.000        ; -0.046     ; 26.649     ;
; -25.693 ; FIR_filter_37_tap:u_fir_filter_R|input_sample[36][5] ; audio_out_R[10] ; config_CODEC:u_CODEC_config|counter[9] ; config_CODEC:u_CODEC_config|counter[9] ; 1.000        ; -0.046     ; 26.645     ;
; -25.688 ; FIR_filter_37_tap:u_fir_filter_L|input_sample[35][3] ; audio_out_L[1]  ; config_CODEC:u_CODEC_config|counter[9] ; config_CODEC:u_CODEC_config|counter[9] ; 1.000        ; -0.074     ; 26.612     ;
; -25.681 ; FIR_filter_37_tap:u_fir_filter_R|input_sample[6][6]  ; audio_out_R[10] ; config_CODEC:u_CODEC_config|counter[9] ; config_CODEC:u_CODEC_config|counter[9] ; 1.000        ; -0.058     ; 26.621     ;
; -25.677 ; FIR_filter_37_tap:u_fir_filter_R|input_sample[30][1] ; audio_out_R[14] ; config_CODEC:u_CODEC_config|counter[9] ; config_CODEC:u_CODEC_config|counter[9] ; 1.000        ; -0.058     ; 26.617     ;
; -25.674 ; FIR_filter_37_tap:u_fir_filter_R|input_sample[6][1]  ; audio_out_R[14] ; config_CODEC:u_CODEC_config|counter[9] ; config_CODEC:u_CODEC_config|counter[9] ; 1.000        ; -0.058     ; 26.614     ;
; -25.670 ; FIR_filter_37_tap:u_fir_filter_R|input_sample[36][3] ; audio_out_R[10] ; config_CODEC:u_CODEC_config|counter[9] ; config_CODEC:u_CODEC_config|counter[9] ; 1.000        ; -0.046     ; 26.622     ;
; -25.664 ; FIR_filter_37_tap:u_fir_filter_R|input_sample[0][1]  ; audio_out_R[14] ; config_CODEC:u_CODEC_config|counter[9] ; config_CODEC:u_CODEC_config|counter[9] ; 1.000        ; -0.046     ; 26.616     ;
; -25.662 ; FIR_filter_37_tap:u_fir_filter_R|input_sample[35][2] ; audio_out_R[10] ; config_CODEC:u_CODEC_config|counter[9] ; config_CODEC:u_CODEC_config|counter[9] ; 1.000        ; -0.023     ; 26.637     ;
; -25.652 ; FIR_filter_37_tap:u_fir_filter_R|input_sample[30][4] ; audio_out_R[10] ; config_CODEC:u_CODEC_config|counter[9] ; config_CODEC:u_CODEC_config|counter[9] ; 1.000        ; -0.058     ; 26.592     ;
; -25.647 ; FIR_filter_37_tap:u_fir_filter_R|input_sample[6][4]  ; audio_out_R[10] ; config_CODEC:u_CODEC_config|counter[9] ; config_CODEC:u_CODEC_config|counter[9] ; 1.000        ; -0.058     ; 26.587     ;
; -25.643 ; FIR_filter_37_tap:u_fir_filter_R|input_sample[36][1] ; audio_out_R[14] ; config_CODEC:u_CODEC_config|counter[9] ; config_CODEC:u_CODEC_config|counter[9] ; 1.000        ; -0.046     ; 26.595     ;
; -25.625 ; FIR_filter_37_tap:u_fir_filter_R|input_sample[1][0]  ; audio_out_R[10] ; config_CODEC:u_CODEC_config|counter[9] ; config_CODEC:u_CODEC_config|counter[9] ; 1.000        ; -0.023     ; 26.600     ;
; -25.624 ; FIR_filter_37_tap:u_fir_filter_R|input_sample[6][0]  ; audio_out_R[9]  ; config_CODEC:u_CODEC_config|counter[9] ; config_CODEC:u_CODEC_config|counter[9] ; 1.000        ; -0.046     ; 26.576     ;
; -25.623 ; FIR_filter_37_tap:u_fir_filter_R|input_sample[6][2]  ; audio_out_R[14] ; config_CODEC:u_CODEC_config|counter[9] ; config_CODEC:u_CODEC_config|counter[9] ; 1.000        ; -0.058     ; 26.563     ;
; -25.620 ; FIR_filter_37_tap:u_fir_filter_R|input_sample[35][0] ; audio_out_R[10] ; config_CODEC:u_CODEC_config|counter[9] ; config_CODEC:u_CODEC_config|counter[9] ; 1.000        ; -0.023     ; 26.595     ;
; -25.619 ; FIR_filter_37_tap:u_fir_filter_R|input_sample[30][0] ; audio_out_R[9]  ; config_CODEC:u_CODEC_config|counter[9] ; config_CODEC:u_CODEC_config|counter[9] ; 1.000        ; -0.046     ; 26.571     ;
; -25.611 ; FIR_filter_37_tap:u_fir_filter_R|input_sample[36][4] ; audio_out_R[10] ; config_CODEC:u_CODEC_config|counter[9] ; config_CODEC:u_CODEC_config|counter[9] ; 1.000        ; -0.046     ; 26.563     ;
; -25.605 ; FIR_filter_37_tap:u_fir_filter_R|input_sample[8][1]  ; audio_out_R[10] ; config_CODEC:u_CODEC_config|counter[9] ; config_CODEC:u_CODEC_config|counter[9] ; 1.000        ; -0.049     ; 26.554     ;
; -25.604 ; FIR_filter_37_tap:u_fir_filter_L|input_sample[0][1]  ; audio_out_L[1]  ; config_CODEC:u_CODEC_config|counter[9] ; config_CODEC:u_CODEC_config|counter[9] ; 1.000        ; -0.067     ; 26.535     ;
; -25.602 ; FIR_filter_37_tap:u_fir_filter_L|input_sample[35][2] ; audio_out_L[1]  ; config_CODEC:u_CODEC_config|counter[9] ; config_CODEC:u_CODEC_config|counter[9] ; 1.000        ; -0.074     ; 26.526     ;
; -25.601 ; FIR_filter_37_tap:u_fir_filter_R|input_sample[28][1] ; audio_out_R[10] ; config_CODEC:u_CODEC_config|counter[9] ; config_CODEC:u_CODEC_config|counter[9] ; 1.000        ; -0.049     ; 26.550     ;
; -25.599 ; FIR_filter_37_tap:u_fir_filter_R|input_sample[0][2]  ; audio_out_R[14] ; config_CODEC:u_CODEC_config|counter[9] ; config_CODEC:u_CODEC_config|counter[9] ; 1.000        ; -0.046     ; 26.551     ;
; -25.597 ; FIR_filter_37_tap:u_fir_filter_L|input_sample[1][2]  ; audio_out_L[1]  ; config_CODEC:u_CODEC_config|counter[9] ; config_CODEC:u_CODEC_config|counter[9] ; 1.000        ; -0.074     ; 26.521     ;
; -25.590 ; FIR_filter_37_tap:u_fir_filter_R|input_sample[30][2] ; audio_out_R[15] ; config_CODEC:u_CODEC_config|counter[9] ; config_CODEC:u_CODEC_config|counter[9] ; 1.000        ; -0.058     ; 26.530     ;
; -25.583 ; FIR_filter_37_tap:u_fir_filter_R|input_sample[36][2] ; audio_out_R[10] ; config_CODEC:u_CODEC_config|counter[9] ; config_CODEC:u_CODEC_config|counter[9] ; 1.000        ; -0.046     ; 26.535     ;
; -25.583 ; FIR_filter_37_tap:u_fir_filter_L|input_sample[36][1] ; audio_out_L[1]  ; config_CODEC:u_CODEC_config|counter[9] ; config_CODEC:u_CODEC_config|counter[9] ; 1.000        ; -0.067     ; 26.514     ;
; -25.582 ; FIR_filter_37_tap:u_fir_filter_R|input_sample[0][0]  ; audio_out_R[14] ; config_CODEC:u_CODEC_config|counter[9] ; config_CODEC:u_CODEC_config|counter[9] ; 1.000        ; -0.046     ; 26.534     ;
; -25.575 ; FIR_filter_37_tap:u_fir_filter_R|input_sample[6][5]  ; audio_out_R[10] ; config_CODEC:u_CODEC_config|counter[9] ; config_CODEC:u_CODEC_config|counter[9] ; 1.000        ; -0.058     ; 26.515     ;
; -25.571 ; FIR_filter_37_tap:u_fir_filter_R|input_sample[30][5] ; audio_out_R[10] ; config_CODEC:u_CODEC_config|counter[9] ; config_CODEC:u_CODEC_config|counter[9] ; 1.000        ; -0.058     ; 26.511     ;
; -25.564 ; FIR_filter_37_tap:u_fir_filter_R|input_sample[0][5]  ; audio_out_R[10] ; config_CODEC:u_CODEC_config|counter[9] ; config_CODEC:u_CODEC_config|counter[9] ; 1.000        ; -0.046     ; 26.516     ;
; -25.558 ; FIR_filter_37_tap:u_fir_filter_R|input_sample[35][1] ; audio_out_R[10] ; config_CODEC:u_CODEC_config|counter[9] ; config_CODEC:u_CODEC_config|counter[9] ; 1.000        ; -0.023     ; 26.533     ;
; -25.555 ; FIR_filter_37_tap:u_fir_filter_L|input_sample[1][5]  ; audio_out_L[1]  ; config_CODEC:u_CODEC_config|counter[9] ; config_CODEC:u_CODEC_config|counter[9] ; 1.000        ; -0.074     ; 26.479     ;
; -25.554 ; FIR_filter_37_tap:u_fir_filter_R|input_sample[1][1]  ; audio_out_R[10] ; config_CODEC:u_CODEC_config|counter[9] ; config_CODEC:u_CODEC_config|counter[9] ; 1.000        ; -0.023     ; 26.529     ;
; -25.553 ; FIR_filter_37_tap:u_fir_filter_R|input_sample[36][0] ; audio_out_R[14] ; config_CODEC:u_CODEC_config|counter[9] ; config_CODEC:u_CODEC_config|counter[9] ; 1.000        ; -0.046     ; 26.505     ;
; -25.551 ; FIR_filter_37_tap:u_fir_filter_L|input_sample[35][5] ; audio_out_L[1]  ; config_CODEC:u_CODEC_config|counter[9] ; config_CODEC:u_CODEC_config|counter[9] ; 1.000        ; -0.074     ; 26.475     ;
; -25.546 ; FIR_filter_37_tap:u_fir_filter_R|input_sample[30][1] ; audio_out_R[9]  ; config_CODEC:u_CODEC_config|counter[9] ; config_CODEC:u_CODEC_config|counter[9] ; 1.000        ; -0.046     ; 26.498     ;
; -25.546 ; FIR_filter_37_tap:u_fir_filter_R|input_sample[30][3] ; audio_out_R[14] ; config_CODEC:u_CODEC_config|counter[9] ; config_CODEC:u_CODEC_config|counter[9] ; 1.000        ; -0.058     ; 26.486     ;
; -25.543 ; FIR_filter_37_tap:u_fir_filter_R|input_sample[6][3]  ; audio_out_R[14] ; config_CODEC:u_CODEC_config|counter[9] ; config_CODEC:u_CODEC_config|counter[9] ; 1.000        ; -0.058     ; 26.483     ;
; -25.543 ; FIR_filter_37_tap:u_fir_filter_R|input_sample[6][1]  ; audio_out_R[9]  ; config_CODEC:u_CODEC_config|counter[9] ; config_CODEC:u_CODEC_config|counter[9] ; 1.000        ; -0.046     ; 26.495     ;
; -25.536 ; FIR_filter_37_tap:u_fir_filter_R|input_sample[0][3]  ; audio_out_R[14] ; config_CODEC:u_CODEC_config|counter[9] ; config_CODEC:u_CODEC_config|counter[9] ; 1.000        ; -0.046     ; 26.488     ;
; -25.533 ; FIR_filter_37_tap:u_fir_filter_L|input_sample[1][3]  ; audio_out_L[5]  ; config_CODEC:u_CODEC_config|counter[9] ; config_CODEC:u_CODEC_config|counter[9] ; 1.000        ; -0.074     ; 26.457     ;
; -25.533 ; FIR_filter_37_tap:u_fir_filter_L|input_sample[1][3]  ; audio_out_L[3]  ; config_CODEC:u_CODEC_config|counter[9] ; config_CODEC:u_CODEC_config|counter[9] ; 1.000        ; -0.076     ; 26.455     ;
; -25.533 ; FIR_filter_37_tap:u_fir_filter_R|input_sample[0][1]  ; audio_out_R[9]  ; config_CODEC:u_CODEC_config|counter[9] ; config_CODEC:u_CODEC_config|counter[9] ; 1.000        ; -0.034     ; 26.497     ;
; -25.531 ; FIR_filter_37_tap:u_fir_filter_R|input_sample[36][5] ; audio_out_R[14] ; config_CODEC:u_CODEC_config|counter[9] ; config_CODEC:u_CODEC_config|counter[9] ; 1.000        ; -0.046     ; 26.483     ;
; -25.522 ; FIR_filter_37_tap:u_fir_filter_L|input_sample[0][0]  ; audio_out_L[1]  ; config_CODEC:u_CODEC_config|counter[9] ; config_CODEC:u_CODEC_config|counter[9] ; 1.000        ; -0.067     ; 26.453     ;
; -25.520 ; FIR_filter_37_tap:u_fir_filter_R|input_sample[30][6] ; audio_out_R[10] ; config_CODEC:u_CODEC_config|counter[9] ; config_CODEC:u_CODEC_config|counter[9] ; 1.000        ; -0.058     ; 26.460     ;
; -25.519 ; FIR_filter_37_tap:u_fir_filter_R|input_sample[6][6]  ; audio_out_R[14] ; config_CODEC:u_CODEC_config|counter[9] ; config_CODEC:u_CODEC_config|counter[9] ; 1.000        ; -0.058     ; 26.459     ;
; -25.519 ; FIR_filter_37_tap:u_fir_filter_R|input_sample[8][0]  ; audio_out_R[10] ; config_CODEC:u_CODEC_config|counter[9] ; config_CODEC:u_CODEC_config|counter[9] ; 1.000        ; -0.049     ; 26.468     ;
; -25.517 ; FIR_filter_37_tap:u_fir_filter_R|input_sample[6][0]  ; audio_out_R[15] ; config_CODEC:u_CODEC_config|counter[9] ; config_CODEC:u_CODEC_config|counter[9] ; 1.000        ; -0.058     ; 26.457     ;
; -25.516 ; FIR_filter_37_tap:u_fir_filter_R|input_sample[28][2] ; audio_out_R[10] ; config_CODEC:u_CODEC_config|counter[9] ; config_CODEC:u_CODEC_config|counter[9] ; 1.000        ; -0.049     ; 26.465     ;
; -25.514 ; FIR_filter_37_tap:u_fir_filter_R|input_sample[28][0] ; audio_out_R[10] ; config_CODEC:u_CODEC_config|counter[9] ; config_CODEC:u_CODEC_config|counter[9] ; 1.000        ; -0.049     ; 26.463     ;
; -25.512 ; FIR_filter_37_tap:u_fir_filter_R|input_sample[36][1] ; audio_out_R[9]  ; config_CODEC:u_CODEC_config|counter[9] ; config_CODEC:u_CODEC_config|counter[9] ; 1.000        ; -0.034     ; 26.476     ;
; -25.512 ; FIR_filter_37_tap:u_fir_filter_R|input_sample[30][0] ; audio_out_R[15] ; config_CODEC:u_CODEC_config|counter[9] ; config_CODEC:u_CODEC_config|counter[9] ; 1.000        ; -0.058     ; 26.452     ;
; -25.509 ; FIR_filter_37_tap:u_fir_filter_L|input_sample[36][2] ; audio_out_L[1]  ; config_CODEC:u_CODEC_config|counter[9] ; config_CODEC:u_CODEC_config|counter[9] ; 1.000        ; -0.067     ; 26.440     ;
; -25.508 ; FIR_filter_37_tap:u_fir_filter_R|input_sample[36][3] ; audio_out_R[14] ; config_CODEC:u_CODEC_config|counter[9] ; config_CODEC:u_CODEC_config|counter[9] ; 1.000        ; -0.046     ; 26.460     ;
; -25.500 ; FIR_filter_37_tap:u_fir_filter_R|input_sample[35][2] ; audio_out_R[14] ; config_CODEC:u_CODEC_config|counter[9] ; config_CODEC:u_CODEC_config|counter[9] ; 1.000        ; -0.023     ; 26.475     ;
; -25.494 ; FIR_filter_37_tap:u_fir_filter_R|input_sample[1][2]  ; audio_out_R[10] ; config_CODEC:u_CODEC_config|counter[9] ; config_CODEC:u_CODEC_config|counter[9] ; 1.000        ; -0.023     ; 26.469     ;
; -25.493 ; FIR_filter_37_tap:u_fir_filter_L|input_sample[36][0] ; audio_out_L[1]  ; config_CODEC:u_CODEC_config|counter[9] ; config_CODEC:u_CODEC_config|counter[9] ; 1.000        ; -0.067     ; 26.424     ;
; -25.492 ; FIR_filter_37_tap:u_fir_filter_R|input_sample[6][2]  ; audio_out_R[9]  ; config_CODEC:u_CODEC_config|counter[9] ; config_CODEC:u_CODEC_config|counter[9] ; 1.000        ; -0.046     ; 26.444     ;
; -25.490 ; FIR_filter_37_tap:u_fir_filter_R|input_sample[30][4] ; audio_out_R[14] ; config_CODEC:u_CODEC_config|counter[9] ; config_CODEC:u_CODEC_config|counter[9] ; 1.000        ; -0.058     ; 26.430     ;
; -25.485 ; FIR_filter_37_tap:u_fir_filter_R|input_sample[6][4]  ; audio_out_R[14] ; config_CODEC:u_CODEC_config|counter[9] ; config_CODEC:u_CODEC_config|counter[9] ; 1.000        ; -0.058     ; 26.425     ;
; -25.484 ; FIR_filter_37_tap:u_fir_filter_L|input_sample[35][1] ; audio_out_L[5]  ; config_CODEC:u_CODEC_config|counter[9] ; config_CODEC:u_CODEC_config|counter[9] ; 1.000        ; -0.074     ; 26.408     ;
; -25.484 ; FIR_filter_37_tap:u_fir_filter_L|input_sample[35][1] ; audio_out_L[3]  ; config_CODEC:u_CODEC_config|counter[9] ; config_CODEC:u_CODEC_config|counter[9] ; 1.000        ; -0.076     ; 26.406     ;
; -25.483 ; FIR_filter_37_tap:u_fir_filter_L|input_sample[30][1] ; audio_out_L[1]  ; config_CODEC:u_CODEC_config|counter[9] ; config_CODEC:u_CODEC_config|counter[9] ; 1.000        ; -0.047     ; 26.434     ;
; -25.481 ; FIR_filter_37_tap:u_fir_filter_R|input_sample[36][6] ; audio_out_R[10] ; config_CODEC:u_CODEC_config|counter[9] ; config_CODEC:u_CODEC_config|counter[9] ; 1.000        ; -0.046     ; 26.433     ;
; -25.481 ; FIR_filter_37_tap:u_fir_filter_L|input_sample[1][1]  ; audio_out_L[5]  ; config_CODEC:u_CODEC_config|counter[9] ; config_CODEC:u_CODEC_config|counter[9] ; 1.000        ; -0.074     ; 26.405     ;
; -25.481 ; FIR_filter_37_tap:u_fir_filter_L|input_sample[1][1]  ; audio_out_L[3]  ; config_CODEC:u_CODEC_config|counter[9] ; config_CODEC:u_CODEC_config|counter[9] ; 1.000        ; -0.076     ; 26.403     ;
; -25.477 ; FIR_filter_37_tap:u_fir_filter_L|input_sample[35][6] ; audio_out_L[1]  ; config_CODEC:u_CODEC_config|counter[9] ; config_CODEC:u_CODEC_config|counter[9] ; 1.000        ; -0.074     ; 26.401     ;
; -25.477 ; FIR_filter_37_tap:u_fir_filter_R|input_sample[0][4]  ; audio_out_R[10] ; config_CODEC:u_CODEC_config|counter[9] ; config_CODEC:u_CODEC_config|counter[9] ; 1.000        ; -0.046     ; 26.429     ;
; -25.477 ; FIR_filter_37_tap:u_fir_filter_L|input_sample[0][3]  ; audio_out_L[1]  ; config_CODEC:u_CODEC_config|counter[9] ; config_CODEC:u_CODEC_config|counter[9] ; 1.000        ; -0.067     ; 26.408     ;
; -25.474 ; FIR_filter_37_tap:u_fir_filter_R|input_sample[28][3] ; audio_out_R[10] ; config_CODEC:u_CODEC_config|counter[9] ; config_CODEC:u_CODEC_config|counter[9] ; 1.000        ; -0.049     ; 26.423     ;
; -25.470 ; FIR_filter_37_tap:u_fir_filter_R|input_sample[8][3]  ; audio_out_R[10] ; config_CODEC:u_CODEC_config|counter[9] ; config_CODEC:u_CODEC_config|counter[9] ; 1.000        ; -0.049     ; 26.419     ;
; -25.469 ; FIR_filter_37_tap:u_fir_filter_L|input_sample[1][4]  ; audio_out_L[1]  ; config_CODEC:u_CODEC_config|counter[9] ; config_CODEC:u_CODEC_config|counter[9] ; 1.000        ; -0.074     ; 26.393     ;
; -25.468 ; FIR_filter_37_tap:u_fir_filter_R|input_sample[0][2]  ; audio_out_R[9]  ; config_CODEC:u_CODEC_config|counter[9] ; config_CODEC:u_CODEC_config|counter[9] ; 1.000        ; -0.034     ; 26.432     ;
; -25.466 ; FIR_filter_37_tap:u_fir_filter_R|input_sample[30][9] ; audio_out_R[10] ; config_CODEC:u_CODEC_config|counter[9] ; config_CODEC:u_CODEC_config|counter[9] ; 1.000        ; -0.067     ; 26.397     ;
; -25.465 ; FIR_filter_37_tap:u_fir_filter_L|input_sample[35][4] ; audio_out_L[1]  ; config_CODEC:u_CODEC_config|counter[9] ; config_CODEC:u_CODEC_config|counter[9] ; 1.000        ; -0.074     ; 26.389     ;
; -25.463 ; FIR_filter_37_tap:u_fir_filter_R|input_sample[8][1]  ; audio_out_R[14] ; config_CODEC:u_CODEC_config|counter[9] ; config_CODEC:u_CODEC_config|counter[9] ; 1.000        ; -0.049     ; 26.412     ;
+---------+------------------------------------------------------+-----------------+----------------------------------------+----------------------------------------+--------------+------------+------------+


+---------------------------------------------------------------------------------------------------------------------------------------------------------+
; Slow 1200mV 85C Model Setup: 'CLOCK_50'                                                                                                                 ;
+---------+--------------------------------------+----------------------------------+--------------+-------------+--------------+------------+------------+
; Slack   ; From Node                            ; To Node                          ; Launch Clock ; Latch Clock ; Relationship ; Clock Skew ; Data Delay ;
+---------+--------------------------------------+----------------------------------+--------------+-------------+--------------+------------+------------+
; -23.717 ; serial_to_parallel:u1|right_data[0]  ; auto_wah:u_auto_wah_R|svf_lp[35] ; AUD_BCLK     ; CLOCK_50    ; 1.000        ; -0.535     ; 24.170     ;
; -23.667 ; serial_to_parallel:u1|right_data[1]  ; auto_wah:u_auto_wah_R|svf_lp[35] ; AUD_BCLK     ; CLOCK_50    ; 1.000        ; -0.535     ; 24.120     ;
; -23.638 ; serial_to_parallel:u1|left_data[0]   ; auto_wah:u_auto_wah_L|svf_lp[35] ; AUD_BCLK     ; CLOCK_50    ; 1.000        ; -0.051     ; 24.575     ;
; -23.588 ; serial_to_parallel:u1|left_data[1]   ; auto_wah:u_auto_wah_L|svf_lp[35] ; AUD_BCLK     ; CLOCK_50    ; 1.000        ; -0.051     ; 24.525     ;
; -23.585 ; serial_to_parallel:u1|right_data[0]  ; auto_wah:u_auto_wah_R|svf_lp[33] ; AUD_BCLK     ; CLOCK_50    ; 1.000        ; -0.535     ; 24.038     ;
; -23.572 ; serial_to_parallel:u1|right_data[2]  ; auto_wah:u_auto_wah_R|svf_lp[35] ; AUD_BCLK     ; CLOCK_50    ; 1.000        ; -0.535     ; 24.025     ;
; -23.566 ; serial_to_parallel:u1|right_data[0]  ; auto_wah:u_auto_wah_R|svf_lp[34] ; AUD_BCLK     ; CLOCK_50    ; 1.000        ; -0.535     ; 24.019     ;
; -23.565 ; serial_to_parallel:u1|left_data[0]   ; auto_wah:u_auto_wah_L|svf_lp[34] ; AUD_BCLK     ; CLOCK_50    ; 1.000        ; -0.051     ; 24.502     ;
; -23.535 ; serial_to_parallel:u1|right_data[1]  ; auto_wah:u_auto_wah_R|svf_lp[33] ; AUD_BCLK     ; CLOCK_50    ; 1.000        ; -0.535     ; 23.988     ;
; -23.518 ; serial_to_parallel:u1|right_data[3]  ; auto_wah:u_auto_wah_R|svf_lp[35] ; AUD_BCLK     ; CLOCK_50    ; 1.000        ; -0.535     ; 23.971     ;
; -23.516 ; serial_to_parallel:u1|right_data[1]  ; auto_wah:u_auto_wah_R|svf_lp[34] ; AUD_BCLK     ; CLOCK_50    ; 1.000        ; -0.535     ; 23.969     ;
; -23.515 ; serial_to_parallel:u1|left_data[1]   ; auto_wah:u_auto_wah_L|svf_lp[34] ; AUD_BCLK     ; CLOCK_50    ; 1.000        ; -0.051     ; 24.452     ;
; -23.510 ; serial_to_parallel:u1|left_data[2]   ; auto_wah:u_auto_wah_L|svf_lp[35] ; AUD_BCLK     ; CLOCK_50    ; 1.000        ; -0.051     ; 24.447     ;
; -23.506 ; serial_to_parallel:u1|left_data[0]   ; auto_wah:u_auto_wah_L|svf_lp[33] ; AUD_BCLK     ; CLOCK_50    ; 1.000        ; -0.051     ; 24.443     ;
; -23.456 ; serial_to_parallel:u1|left_data[3]   ; auto_wah:u_auto_wah_L|svf_lp[35] ; AUD_BCLK     ; CLOCK_50    ; 1.000        ; -0.051     ; 24.393     ;
; -23.456 ; serial_to_parallel:u1|left_data[1]   ; auto_wah:u_auto_wah_L|svf_lp[33] ; AUD_BCLK     ; CLOCK_50    ; 1.000        ; -0.051     ; 24.393     ;
; -23.453 ; serial_to_parallel:u1|right_data[0]  ; auto_wah:u_auto_wah_R|svf_lp[31] ; AUD_BCLK     ; CLOCK_50    ; 1.000        ; -0.535     ; 23.906     ;
; -23.440 ; serial_to_parallel:u1|right_data[4]  ; auto_wah:u_auto_wah_R|svf_lp[35] ; AUD_BCLK     ; CLOCK_50    ; 1.000        ; -0.535     ; 23.893     ;
; -23.440 ; serial_to_parallel:u1|right_data[2]  ; auto_wah:u_auto_wah_R|svf_lp[33] ; AUD_BCLK     ; CLOCK_50    ; 1.000        ; -0.535     ; 23.893     ;
; -23.437 ; serial_to_parallel:u1|left_data[2]   ; auto_wah:u_auto_wah_L|svf_lp[34] ; AUD_BCLK     ; CLOCK_50    ; 1.000        ; -0.051     ; 24.374     ;
; -23.434 ; serial_to_parallel:u1|right_data[0]  ; auto_wah:u_auto_wah_R|svf_lp[32] ; AUD_BCLK     ; CLOCK_50    ; 1.000        ; -0.535     ; 23.887     ;
; -23.433 ; serial_to_parallel:u1|left_data[0]   ; auto_wah:u_auto_wah_L|svf_lp[32] ; AUD_BCLK     ; CLOCK_50    ; 1.000        ; -0.051     ; 24.370     ;
; -23.421 ; serial_to_parallel:u1|right_data[2]  ; auto_wah:u_auto_wah_R|svf_lp[34] ; AUD_BCLK     ; CLOCK_50    ; 1.000        ; -0.535     ; 23.874     ;
; -23.403 ; serial_to_parallel:u1|right_data[1]  ; auto_wah:u_auto_wah_R|svf_lp[31] ; AUD_BCLK     ; CLOCK_50    ; 1.000        ; -0.535     ; 23.856     ;
; -23.386 ; serial_to_parallel:u1|right_data[3]  ; auto_wah:u_auto_wah_R|svf_lp[33] ; AUD_BCLK     ; CLOCK_50    ; 1.000        ; -0.535     ; 23.839     ;
; -23.384 ; serial_to_parallel:u1|right_data[1]  ; auto_wah:u_auto_wah_R|svf_lp[32] ; AUD_BCLK     ; CLOCK_50    ; 1.000        ; -0.535     ; 23.837     ;
; -23.383 ; serial_to_parallel:u1|left_data[3]   ; auto_wah:u_auto_wah_L|svf_lp[34] ; AUD_BCLK     ; CLOCK_50    ; 1.000        ; -0.051     ; 24.320     ;
; -23.383 ; serial_to_parallel:u1|left_data[1]   ; auto_wah:u_auto_wah_L|svf_lp[32] ; AUD_BCLK     ; CLOCK_50    ; 1.000        ; -0.051     ; 24.320     ;
; -23.381 ; serial_to_parallel:u1|right_data[5]  ; auto_wah:u_auto_wah_R|svf_lp[35] ; AUD_BCLK     ; CLOCK_50    ; 1.000        ; -0.535     ; 23.834     ;
; -23.378 ; serial_to_parallel:u1|left_data[4]   ; auto_wah:u_auto_wah_L|svf_lp[35] ; AUD_BCLK     ; CLOCK_50    ; 1.000        ; -0.051     ; 24.315     ;
; -23.378 ; serial_to_parallel:u1|left_data[2]   ; auto_wah:u_auto_wah_L|svf_lp[33] ; AUD_BCLK     ; CLOCK_50    ; 1.000        ; -0.051     ; 24.315     ;
; -23.374 ; serial_to_parallel:u1|left_data[0]   ; auto_wah:u_auto_wah_L|svf_lp[31] ; AUD_BCLK     ; CLOCK_50    ; 1.000        ; -0.051     ; 24.311     ;
; -23.367 ; serial_to_parallel:u1|right_data[3]  ; auto_wah:u_auto_wah_R|svf_lp[34] ; AUD_BCLK     ; CLOCK_50    ; 1.000        ; -0.535     ; 23.820     ;
; -23.324 ; serial_to_parallel:u1|left_data[3]   ; auto_wah:u_auto_wah_L|svf_lp[33] ; AUD_BCLK     ; CLOCK_50    ; 1.000        ; -0.051     ; 24.261     ;
; -23.324 ; serial_to_parallel:u1|left_data[1]   ; auto_wah:u_auto_wah_L|svf_lp[31] ; AUD_BCLK     ; CLOCK_50    ; 1.000        ; -0.051     ; 24.261     ;
; -23.321 ; serial_to_parallel:u1|right_data[0]  ; auto_wah:u_auto_wah_R|svf_lp[29] ; AUD_BCLK     ; CLOCK_50    ; 1.000        ; -0.535     ; 23.774     ;
; -23.319 ; serial_to_parallel:u1|left_data[5]   ; auto_wah:u_auto_wah_L|svf_lp[35] ; AUD_BCLK     ; CLOCK_50    ; 1.000        ; -0.051     ; 24.256     ;
; -23.308 ; serial_to_parallel:u1|right_data[4]  ; auto_wah:u_auto_wah_R|svf_lp[33] ; AUD_BCLK     ; CLOCK_50    ; 1.000        ; -0.535     ; 23.761     ;
; -23.308 ; serial_to_parallel:u1|right_data[2]  ; auto_wah:u_auto_wah_R|svf_lp[31] ; AUD_BCLK     ; CLOCK_50    ; 1.000        ; -0.535     ; 23.761     ;
; -23.307 ; serial_to_parallel:u1|right_data[6]  ; auto_wah:u_auto_wah_R|svf_lp[35] ; AUD_BCLK     ; CLOCK_50    ; 1.000        ; -0.535     ; 23.760     ;
; -23.305 ; serial_to_parallel:u1|left_data[4]   ; auto_wah:u_auto_wah_L|svf_lp[34] ; AUD_BCLK     ; CLOCK_50    ; 1.000        ; -0.051     ; 24.242     ;
; -23.305 ; serial_to_parallel:u1|left_data[2]   ; auto_wah:u_auto_wah_L|svf_lp[32] ; AUD_BCLK     ; CLOCK_50    ; 1.000        ; -0.051     ; 24.242     ;
; -23.302 ; serial_to_parallel:u1|right_data[0]  ; auto_wah:u_auto_wah_R|svf_lp[30] ; AUD_BCLK     ; CLOCK_50    ; 1.000        ; -0.535     ; 23.755     ;
; -23.301 ; serial_to_parallel:u1|left_data[0]   ; auto_wah:u_auto_wah_L|svf_lp[30] ; AUD_BCLK     ; CLOCK_50    ; 1.000        ; -0.051     ; 24.238     ;
; -23.289 ; serial_to_parallel:u1|right_data[4]  ; auto_wah:u_auto_wah_R|svf_lp[34] ; AUD_BCLK     ; CLOCK_50    ; 1.000        ; -0.535     ; 23.742     ;
; -23.289 ; serial_to_parallel:u1|right_data[2]  ; auto_wah:u_auto_wah_R|svf_lp[32] ; AUD_BCLK     ; CLOCK_50    ; 1.000        ; -0.535     ; 23.742     ;
; -23.271 ; serial_to_parallel:u1|right_data[1]  ; auto_wah:u_auto_wah_R|svf_lp[29] ; AUD_BCLK     ; CLOCK_50    ; 1.000        ; -0.535     ; 23.724     ;
; -23.254 ; serial_to_parallel:u1|right_data[3]  ; auto_wah:u_auto_wah_R|svf_lp[31] ; AUD_BCLK     ; CLOCK_50    ; 1.000        ; -0.535     ; 23.707     ;
; -23.252 ; serial_to_parallel:u1|right_data[1]  ; auto_wah:u_auto_wah_R|svf_lp[30] ; AUD_BCLK     ; CLOCK_50    ; 1.000        ; -0.535     ; 23.705     ;
; -23.251 ; serial_to_parallel:u1|left_data[3]   ; auto_wah:u_auto_wah_L|svf_lp[32] ; AUD_BCLK     ; CLOCK_50    ; 1.000        ; -0.051     ; 24.188     ;
; -23.251 ; serial_to_parallel:u1|left_data[1]   ; auto_wah:u_auto_wah_L|svf_lp[30] ; AUD_BCLK     ; CLOCK_50    ; 1.000        ; -0.051     ; 24.188     ;
; -23.249 ; serial_to_parallel:u1|right_data[7]  ; auto_wah:u_auto_wah_R|svf_lp[35] ; AUD_BCLK     ; CLOCK_50    ; 1.000        ; -0.535     ; 23.702     ;
; -23.249 ; serial_to_parallel:u1|right_data[5]  ; auto_wah:u_auto_wah_R|svf_lp[33] ; AUD_BCLK     ; CLOCK_50    ; 1.000        ; -0.535     ; 23.702     ;
; -23.246 ; serial_to_parallel:u1|left_data[5]   ; auto_wah:u_auto_wah_L|svf_lp[34] ; AUD_BCLK     ; CLOCK_50    ; 1.000        ; -0.051     ; 24.183     ;
; -23.246 ; serial_to_parallel:u1|left_data[4]   ; auto_wah:u_auto_wah_L|svf_lp[33] ; AUD_BCLK     ; CLOCK_50    ; 1.000        ; -0.051     ; 24.183     ;
; -23.246 ; serial_to_parallel:u1|left_data[2]   ; auto_wah:u_auto_wah_L|svf_lp[31] ; AUD_BCLK     ; CLOCK_50    ; 1.000        ; -0.051     ; 24.183     ;
; -23.242 ; serial_to_parallel:u1|left_data[0]   ; auto_wah:u_auto_wah_L|svf_lp[29] ; AUD_BCLK     ; CLOCK_50    ; 1.000        ; -0.051     ; 24.179     ;
; -23.235 ; serial_to_parallel:u1|right_data[3]  ; auto_wah:u_auto_wah_R|svf_lp[32] ; AUD_BCLK     ; CLOCK_50    ; 1.000        ; -0.535     ; 23.688     ;
; -23.230 ; serial_to_parallel:u1|right_data[5]  ; auto_wah:u_auto_wah_R|svf_lp[34] ; AUD_BCLK     ; CLOCK_50    ; 1.000        ; -0.535     ; 23.683     ;
; -23.213 ; serial_to_parallel:u1|left_data[6]   ; auto_wah:u_auto_wah_L|svf_lp[35] ; AUD_BCLK     ; CLOCK_50    ; 1.000        ; -0.051     ; 24.150     ;
; -23.192 ; serial_to_parallel:u1|left_data[3]   ; auto_wah:u_auto_wah_L|svf_lp[31] ; AUD_BCLK     ; CLOCK_50    ; 1.000        ; -0.051     ; 24.129     ;
; -23.192 ; serial_to_parallel:u1|left_data[1]   ; auto_wah:u_auto_wah_L|svf_lp[29] ; AUD_BCLK     ; CLOCK_50    ; 1.000        ; -0.051     ; 24.129     ;
; -23.189 ; serial_to_parallel:u1|right_data[0]  ; auto_wah:u_auto_wah_R|svf_lp[27] ; AUD_BCLK     ; CLOCK_50    ; 1.000        ; -0.535     ; 23.642     ;
; -23.187 ; serial_to_parallel:u1|left_data[5]   ; auto_wah:u_auto_wah_L|svf_lp[33] ; AUD_BCLK     ; CLOCK_50    ; 1.000        ; -0.051     ; 24.124     ;
; -23.176 ; serial_to_parallel:u1|right_data[4]  ; auto_wah:u_auto_wah_R|svf_lp[31] ; AUD_BCLK     ; CLOCK_50    ; 1.000        ; -0.535     ; 23.629     ;
; -23.176 ; serial_to_parallel:u1|right_data[2]  ; auto_wah:u_auto_wah_R|svf_lp[29] ; AUD_BCLK     ; CLOCK_50    ; 1.000        ; -0.535     ; 23.629     ;
; -23.175 ; serial_to_parallel:u1|right_data[6]  ; auto_wah:u_auto_wah_R|svf_lp[33] ; AUD_BCLK     ; CLOCK_50    ; 1.000        ; -0.535     ; 23.628     ;
; -23.173 ; serial_to_parallel:u1|left_data[4]   ; auto_wah:u_auto_wah_L|svf_lp[32] ; AUD_BCLK     ; CLOCK_50    ; 1.000        ; -0.051     ; 24.110     ;
; -23.173 ; serial_to_parallel:u1|left_data[2]   ; auto_wah:u_auto_wah_L|svf_lp[30] ; AUD_BCLK     ; CLOCK_50    ; 1.000        ; -0.051     ; 24.110     ;
; -23.170 ; serial_to_parallel:u1|right_data[0]  ; auto_wah:u_auto_wah_R|svf_lp[28] ; AUD_BCLK     ; CLOCK_50    ; 1.000        ; -0.535     ; 23.623     ;
; -23.169 ; serial_to_parallel:u1|left_data[0]   ; auto_wah:u_auto_wah_L|svf_lp[28] ; AUD_BCLK     ; CLOCK_50    ; 1.000        ; -0.051     ; 24.106     ;
; -23.157 ; serial_to_parallel:u1|right_data[4]  ; auto_wah:u_auto_wah_R|svf_lp[32] ; AUD_BCLK     ; CLOCK_50    ; 1.000        ; -0.535     ; 23.610     ;
; -23.157 ; serial_to_parallel:u1|right_data[2]  ; auto_wah:u_auto_wah_R|svf_lp[30] ; AUD_BCLK     ; CLOCK_50    ; 1.000        ; -0.535     ; 23.610     ;
; -23.156 ; serial_to_parallel:u1|right_data[6]  ; auto_wah:u_auto_wah_R|svf_lp[34] ; AUD_BCLK     ; CLOCK_50    ; 1.000        ; -0.535     ; 23.609     ;
; -23.153 ; serial_to_parallel:u1|right_data[8]  ; auto_wah:u_auto_wah_R|svf_lp[35] ; AUD_BCLK     ; CLOCK_50    ; 1.000        ; -0.535     ; 23.606     ;
; -23.140 ; serial_to_parallel:u1|left_data[6]   ; auto_wah:u_auto_wah_L|svf_lp[34] ; AUD_BCLK     ; CLOCK_50    ; 1.000        ; -0.051     ; 24.077     ;
; -23.139 ; serial_to_parallel:u1|right_data[1]  ; auto_wah:u_auto_wah_R|svf_lp[27] ; AUD_BCLK     ; CLOCK_50    ; 1.000        ; -0.535     ; 23.592     ;
; -23.122 ; serial_to_parallel:u1|right_data[3]  ; auto_wah:u_auto_wah_R|svf_lp[29] ; AUD_BCLK     ; CLOCK_50    ; 1.000        ; -0.535     ; 23.575     ;
; -23.120 ; serial_to_parallel:u1|right_data[1]  ; auto_wah:u_auto_wah_R|svf_lp[28] ; AUD_BCLK     ; CLOCK_50    ; 1.000        ; -0.535     ; 23.573     ;
; -23.119 ; serial_to_parallel:u1|left_data[3]   ; auto_wah:u_auto_wah_L|svf_lp[30] ; AUD_BCLK     ; CLOCK_50    ; 1.000        ; -0.051     ; 24.056     ;
; -23.119 ; serial_to_parallel:u1|left_data[1]   ; auto_wah:u_auto_wah_L|svf_lp[28] ; AUD_BCLK     ; CLOCK_50    ; 1.000        ; -0.051     ; 24.056     ;
; -23.117 ; serial_to_parallel:u1|right_data[7]  ; auto_wah:u_auto_wah_R|svf_lp[33] ; AUD_BCLK     ; CLOCK_50    ; 1.000        ; -0.535     ; 23.570     ;
; -23.117 ; serial_to_parallel:u1|right_data[5]  ; auto_wah:u_auto_wah_R|svf_lp[31] ; AUD_BCLK     ; CLOCK_50    ; 1.000        ; -0.535     ; 23.570     ;
; -23.114 ; serial_to_parallel:u1|left_data[5]   ; auto_wah:u_auto_wah_L|svf_lp[32] ; AUD_BCLK     ; CLOCK_50    ; 1.000        ; -0.051     ; 24.051     ;
; -23.114 ; serial_to_parallel:u1|left_data[4]   ; auto_wah:u_auto_wah_L|svf_lp[31] ; AUD_BCLK     ; CLOCK_50    ; 1.000        ; -0.051     ; 24.051     ;
; -23.114 ; serial_to_parallel:u1|left_data[2]   ; auto_wah:u_auto_wah_L|svf_lp[29] ; AUD_BCLK     ; CLOCK_50    ; 1.000        ; -0.051     ; 24.051     ;
; -23.110 ; serial_to_parallel:u1|left_data[0]   ; auto_wah:u_auto_wah_L|svf_lp[27] ; AUD_BCLK     ; CLOCK_50    ; 1.000        ; -0.051     ; 24.047     ;
; -23.103 ; serial_to_parallel:u1|right_data[3]  ; auto_wah:u_auto_wah_R|svf_lp[30] ; AUD_BCLK     ; CLOCK_50    ; 1.000        ; -0.535     ; 23.556     ;
; -23.098 ; serial_to_parallel:u1|right_data[7]  ; auto_wah:u_auto_wah_R|svf_lp[34] ; AUD_BCLK     ; CLOCK_50    ; 1.000        ; -0.535     ; 23.551     ;
; -23.098 ; serial_to_parallel:u1|right_data[5]  ; auto_wah:u_auto_wah_R|svf_lp[32] ; AUD_BCLK     ; CLOCK_50    ; 1.000        ; -0.535     ; 23.551     ;
; -23.093 ; serial_to_parallel:u1|left_data[10]  ; auto_wah:u_auto_wah_L|svf_lp[35] ; AUD_BCLK     ; CLOCK_50    ; 1.000        ; -0.173     ; 23.908     ;
; -23.081 ; serial_to_parallel:u1|left_data[6]   ; auto_wah:u_auto_wah_L|svf_lp[33] ; AUD_BCLK     ; CLOCK_50    ; 1.000        ; -0.051     ; 24.018     ;
; -23.080 ; serial_to_parallel:u1|left_data[8]   ; auto_wah:u_auto_wah_L|svf_lp[35] ; AUD_BCLK     ; CLOCK_50    ; 1.000        ; -0.051     ; 24.017     ;
; -23.070 ; serial_to_parallel:u1|right_data[10] ; auto_wah:u_auto_wah_R|svf_lp[35] ; AUD_BCLK     ; CLOCK_50    ; 1.000        ; -0.558     ; 23.500     ;
; -23.060 ; serial_to_parallel:u1|left_data[3]   ; auto_wah:u_auto_wah_L|svf_lp[29] ; AUD_BCLK     ; CLOCK_50    ; 1.000        ; -0.051     ; 23.997     ;
; -23.060 ; serial_to_parallel:u1|left_data[1]   ; auto_wah:u_auto_wah_L|svf_lp[27] ; AUD_BCLK     ; CLOCK_50    ; 1.000        ; -0.051     ; 23.997     ;
; -23.055 ; serial_to_parallel:u1|left_data[5]   ; auto_wah:u_auto_wah_L|svf_lp[31] ; AUD_BCLK     ; CLOCK_50    ; 1.000        ; -0.051     ; 23.992     ;
; -23.044 ; serial_to_parallel:u1|right_data[4]  ; auto_wah:u_auto_wah_R|svf_lp[29] ; AUD_BCLK     ; CLOCK_50    ; 1.000        ; -0.535     ; 23.497     ;
; -23.044 ; serial_to_parallel:u1|right_data[2]  ; auto_wah:u_auto_wah_R|svf_lp[27] ; AUD_BCLK     ; CLOCK_50    ; 1.000        ; -0.535     ; 23.497     ;
; -23.043 ; serial_to_parallel:u1|right_data[6]  ; auto_wah:u_auto_wah_R|svf_lp[31] ; AUD_BCLK     ; CLOCK_50    ; 1.000        ; -0.535     ; 23.496     ;
+---------+--------------------------------------+----------------------------------+--------------+-------------+--------------+------------+------------+


+----------------------------------------------------------------------------------------------------------------------------------------------------------------------------------------------------------------------------------------------------+
; Slow 1200mV 85C Model Setup: 'PLL_inst|altpll_component|auto_generated|pll1|clk[0]'                                                                                                                                                                ;
+--------+-----------------------------------------------------------+--------------------------------------+----------------------------------------+------------------------------------------------------+--------------+------------+------------+
; Slack  ; From Node                                                 ; To Node                              ; Launch Clock                           ; Latch Clock                                          ; Relationship ; Clock Skew ; Data Delay ;
+--------+-----------------------------------------------------------+--------------------------------------+----------------------------------------+------------------------------------------------------+--------------+------------+------------+
; -8.854 ; digital_distortion:digital_distortion_L|counter_vector[0] ; delay:delay_inst_L|counter[12]       ; config_CODEC:u_CODEC_config|counter[9] ; PLL_inst|altpll_component|auto_generated|pll1|clk[0] ; 1.000        ; -4.318     ; 5.484      ;
; -8.854 ; digital_distortion:digital_distortion_L|counter_vector[0] ; delay:delay_inst_L|counter[2]        ; config_CODEC:u_CODEC_config|counter[9] ; PLL_inst|altpll_component|auto_generated|pll1|clk[0] ; 1.000        ; -4.318     ; 5.484      ;
; -8.854 ; digital_distortion:digital_distortion_L|counter_vector[0] ; delay:delay_inst_L|counter[0]        ; config_CODEC:u_CODEC_config|counter[9] ; PLL_inst|altpll_component|auto_generated|pll1|clk[0] ; 1.000        ; -4.318     ; 5.484      ;
; -8.854 ; digital_distortion:digital_distortion_L|counter_vector[0] ; delay:delay_inst_L|counter[1]        ; config_CODEC:u_CODEC_config|counter[9] ; PLL_inst|altpll_component|auto_generated|pll1|clk[0] ; 1.000        ; -4.318     ; 5.484      ;
; -8.854 ; digital_distortion:digital_distortion_L|counter_vector[0] ; delay:delay_inst_L|counter[3]        ; config_CODEC:u_CODEC_config|counter[9] ; PLL_inst|altpll_component|auto_generated|pll1|clk[0] ; 1.000        ; -4.318     ; 5.484      ;
; -8.854 ; digital_distortion:digital_distortion_L|counter_vector[0] ; delay:delay_inst_L|counter[4]        ; config_CODEC:u_CODEC_config|counter[9] ; PLL_inst|altpll_component|auto_generated|pll1|clk[0] ; 1.000        ; -4.318     ; 5.484      ;
; -8.854 ; digital_distortion:digital_distortion_L|counter_vector[0] ; delay:delay_inst_L|counter[5]        ; config_CODEC:u_CODEC_config|counter[9] ; PLL_inst|altpll_component|auto_generated|pll1|clk[0] ; 1.000        ; -4.318     ; 5.484      ;
; -8.854 ; digital_distortion:digital_distortion_L|counter_vector[0] ; delay:delay_inst_L|counter[6]        ; config_CODEC:u_CODEC_config|counter[9] ; PLL_inst|altpll_component|auto_generated|pll1|clk[0] ; 1.000        ; -4.318     ; 5.484      ;
; -8.854 ; digital_distortion:digital_distortion_L|counter_vector[0] ; delay:delay_inst_L|counter[7]        ; config_CODEC:u_CODEC_config|counter[9] ; PLL_inst|altpll_component|auto_generated|pll1|clk[0] ; 1.000        ; -4.318     ; 5.484      ;
; -8.854 ; digital_distortion:digital_distortion_L|counter_vector[0] ; delay:delay_inst_L|counter[8]        ; config_CODEC:u_CODEC_config|counter[9] ; PLL_inst|altpll_component|auto_generated|pll1|clk[0] ; 1.000        ; -4.318     ; 5.484      ;
; -8.854 ; digital_distortion:digital_distortion_L|counter_vector[0] ; delay:delay_inst_L|counter[9]        ; config_CODEC:u_CODEC_config|counter[9] ; PLL_inst|altpll_component|auto_generated|pll1|clk[0] ; 1.000        ; -4.318     ; 5.484      ;
; -8.854 ; digital_distortion:digital_distortion_L|counter_vector[0] ; delay:delay_inst_L|counter[10]       ; config_CODEC:u_CODEC_config|counter[9] ; PLL_inst|altpll_component|auto_generated|pll1|clk[0] ; 1.000        ; -4.318     ; 5.484      ;
; -8.854 ; digital_distortion:digital_distortion_L|counter_vector[0] ; delay:delay_inst_L|counter[11]       ; config_CODEC:u_CODEC_config|counter[9] ; PLL_inst|altpll_component|auto_generated|pll1|clk[0] ; 1.000        ; -4.318     ; 5.484      ;
; -8.854 ; digital_distortion:digital_distortion_L|counter_vector[0] ; delay:delay_inst_L|counter[13]       ; config_CODEC:u_CODEC_config|counter[9] ; PLL_inst|altpll_component|auto_generated|pll1|clk[0] ; 1.000        ; -4.318     ; 5.484      ;
; -8.854 ; digital_distortion:digital_distortion_L|counter_vector[0] ; delay:delay_inst_L|counter[14]       ; config_CODEC:u_CODEC_config|counter[9] ; PLL_inst|altpll_component|auto_generated|pll1|clk[0] ; 1.000        ; -4.318     ; 5.484      ;
; -8.854 ; digital_distortion:digital_distortion_L|counter_vector[0] ; delay:delay_inst_L|counter[15]       ; config_CODEC:u_CODEC_config|counter[9] ; PLL_inst|altpll_component|auto_generated|pll1|clk[0] ; 1.000        ; -4.318     ; 5.484      ;
; -8.706 ; digital_distortion:digital_distortion_L|counter_vector[2] ; delay:delay_inst_L|counter[12]       ; config_CODEC:u_CODEC_config|counter[9] ; PLL_inst|altpll_component|auto_generated|pll1|clk[0] ; 1.000        ; -4.318     ; 5.336      ;
; -8.706 ; digital_distortion:digital_distortion_L|counter_vector[2] ; delay:delay_inst_L|counter[2]        ; config_CODEC:u_CODEC_config|counter[9] ; PLL_inst|altpll_component|auto_generated|pll1|clk[0] ; 1.000        ; -4.318     ; 5.336      ;
; -8.706 ; digital_distortion:digital_distortion_L|counter_vector[2] ; delay:delay_inst_L|counter[0]        ; config_CODEC:u_CODEC_config|counter[9] ; PLL_inst|altpll_component|auto_generated|pll1|clk[0] ; 1.000        ; -4.318     ; 5.336      ;
; -8.706 ; digital_distortion:digital_distortion_L|counter_vector[2] ; delay:delay_inst_L|counter[1]        ; config_CODEC:u_CODEC_config|counter[9] ; PLL_inst|altpll_component|auto_generated|pll1|clk[0] ; 1.000        ; -4.318     ; 5.336      ;
; -8.706 ; digital_distortion:digital_distortion_L|counter_vector[2] ; delay:delay_inst_L|counter[3]        ; config_CODEC:u_CODEC_config|counter[9] ; PLL_inst|altpll_component|auto_generated|pll1|clk[0] ; 1.000        ; -4.318     ; 5.336      ;
; -8.706 ; digital_distortion:digital_distortion_L|counter_vector[2] ; delay:delay_inst_L|counter[4]        ; config_CODEC:u_CODEC_config|counter[9] ; PLL_inst|altpll_component|auto_generated|pll1|clk[0] ; 1.000        ; -4.318     ; 5.336      ;
; -8.706 ; digital_distortion:digital_distortion_L|counter_vector[2] ; delay:delay_inst_L|counter[5]        ; config_CODEC:u_CODEC_config|counter[9] ; PLL_inst|altpll_component|auto_generated|pll1|clk[0] ; 1.000        ; -4.318     ; 5.336      ;
; -8.706 ; digital_distortion:digital_distortion_L|counter_vector[2] ; delay:delay_inst_L|counter[6]        ; config_CODEC:u_CODEC_config|counter[9] ; PLL_inst|altpll_component|auto_generated|pll1|clk[0] ; 1.000        ; -4.318     ; 5.336      ;
; -8.706 ; digital_distortion:digital_distortion_L|counter_vector[2] ; delay:delay_inst_L|counter[7]        ; config_CODEC:u_CODEC_config|counter[9] ; PLL_inst|altpll_component|auto_generated|pll1|clk[0] ; 1.000        ; -4.318     ; 5.336      ;
; -8.706 ; digital_distortion:digital_distortion_L|counter_vector[2] ; delay:delay_inst_L|counter[8]        ; config_CODEC:u_CODEC_config|counter[9] ; PLL_inst|altpll_component|auto_generated|pll1|clk[0] ; 1.000        ; -4.318     ; 5.336      ;
; -8.706 ; digital_distortion:digital_distortion_L|counter_vector[2] ; delay:delay_inst_L|counter[9]        ; config_CODEC:u_CODEC_config|counter[9] ; PLL_inst|altpll_component|auto_generated|pll1|clk[0] ; 1.000        ; -4.318     ; 5.336      ;
; -8.706 ; digital_distortion:digital_distortion_L|counter_vector[2] ; delay:delay_inst_L|counter[10]       ; config_CODEC:u_CODEC_config|counter[9] ; PLL_inst|altpll_component|auto_generated|pll1|clk[0] ; 1.000        ; -4.318     ; 5.336      ;
; -8.706 ; digital_distortion:digital_distortion_L|counter_vector[2] ; delay:delay_inst_L|counter[11]       ; config_CODEC:u_CODEC_config|counter[9] ; PLL_inst|altpll_component|auto_generated|pll1|clk[0] ; 1.000        ; -4.318     ; 5.336      ;
; -8.706 ; digital_distortion:digital_distortion_L|counter_vector[2] ; delay:delay_inst_L|counter[13]       ; config_CODEC:u_CODEC_config|counter[9] ; PLL_inst|altpll_component|auto_generated|pll1|clk[0] ; 1.000        ; -4.318     ; 5.336      ;
; -8.706 ; digital_distortion:digital_distortion_L|counter_vector[2] ; delay:delay_inst_L|counter[14]       ; config_CODEC:u_CODEC_config|counter[9] ; PLL_inst|altpll_component|auto_generated|pll1|clk[0] ; 1.000        ; -4.318     ; 5.336      ;
; -8.706 ; digital_distortion:digital_distortion_L|counter_vector[2] ; delay:delay_inst_L|counter[15]       ; config_CODEC:u_CODEC_config|counter[9] ; PLL_inst|altpll_component|auto_generated|pll1|clk[0] ; 1.000        ; -4.318     ; 5.336      ;
; -8.667 ; digital_distortion:digital_distortion_L|counter_vector[4] ; delay:delay_inst_L|counter[12]       ; config_CODEC:u_CODEC_config|counter[9] ; PLL_inst|altpll_component|auto_generated|pll1|clk[0] ; 1.000        ; -4.318     ; 5.297      ;
; -8.667 ; digital_distortion:digital_distortion_L|counter_vector[4] ; delay:delay_inst_L|counter[2]        ; config_CODEC:u_CODEC_config|counter[9] ; PLL_inst|altpll_component|auto_generated|pll1|clk[0] ; 1.000        ; -4.318     ; 5.297      ;
; -8.667 ; digital_distortion:digital_distortion_L|counter_vector[4] ; delay:delay_inst_L|counter[0]        ; config_CODEC:u_CODEC_config|counter[9] ; PLL_inst|altpll_component|auto_generated|pll1|clk[0] ; 1.000        ; -4.318     ; 5.297      ;
; -8.667 ; digital_distortion:digital_distortion_L|counter_vector[4] ; delay:delay_inst_L|counter[1]        ; config_CODEC:u_CODEC_config|counter[9] ; PLL_inst|altpll_component|auto_generated|pll1|clk[0] ; 1.000        ; -4.318     ; 5.297      ;
; -8.667 ; digital_distortion:digital_distortion_L|counter_vector[4] ; delay:delay_inst_L|counter[3]        ; config_CODEC:u_CODEC_config|counter[9] ; PLL_inst|altpll_component|auto_generated|pll1|clk[0] ; 1.000        ; -4.318     ; 5.297      ;
; -8.667 ; digital_distortion:digital_distortion_L|counter_vector[4] ; delay:delay_inst_L|counter[4]        ; config_CODEC:u_CODEC_config|counter[9] ; PLL_inst|altpll_component|auto_generated|pll1|clk[0] ; 1.000        ; -4.318     ; 5.297      ;
; -8.667 ; digital_distortion:digital_distortion_L|counter_vector[4] ; delay:delay_inst_L|counter[5]        ; config_CODEC:u_CODEC_config|counter[9] ; PLL_inst|altpll_component|auto_generated|pll1|clk[0] ; 1.000        ; -4.318     ; 5.297      ;
; -8.667 ; digital_distortion:digital_distortion_L|counter_vector[4] ; delay:delay_inst_L|counter[6]        ; config_CODEC:u_CODEC_config|counter[9] ; PLL_inst|altpll_component|auto_generated|pll1|clk[0] ; 1.000        ; -4.318     ; 5.297      ;
; -8.667 ; digital_distortion:digital_distortion_L|counter_vector[4] ; delay:delay_inst_L|counter[7]        ; config_CODEC:u_CODEC_config|counter[9] ; PLL_inst|altpll_component|auto_generated|pll1|clk[0] ; 1.000        ; -4.318     ; 5.297      ;
; -8.667 ; digital_distortion:digital_distortion_L|counter_vector[4] ; delay:delay_inst_L|counter[8]        ; config_CODEC:u_CODEC_config|counter[9] ; PLL_inst|altpll_component|auto_generated|pll1|clk[0] ; 1.000        ; -4.318     ; 5.297      ;
; -8.667 ; digital_distortion:digital_distortion_L|counter_vector[4] ; delay:delay_inst_L|counter[9]        ; config_CODEC:u_CODEC_config|counter[9] ; PLL_inst|altpll_component|auto_generated|pll1|clk[0] ; 1.000        ; -4.318     ; 5.297      ;
; -8.667 ; digital_distortion:digital_distortion_L|counter_vector[4] ; delay:delay_inst_L|counter[10]       ; config_CODEC:u_CODEC_config|counter[9] ; PLL_inst|altpll_component|auto_generated|pll1|clk[0] ; 1.000        ; -4.318     ; 5.297      ;
; -8.667 ; digital_distortion:digital_distortion_L|counter_vector[4] ; delay:delay_inst_L|counter[11]       ; config_CODEC:u_CODEC_config|counter[9] ; PLL_inst|altpll_component|auto_generated|pll1|clk[0] ; 1.000        ; -4.318     ; 5.297      ;
; -8.667 ; digital_distortion:digital_distortion_L|counter_vector[4] ; delay:delay_inst_L|counter[13]       ; config_CODEC:u_CODEC_config|counter[9] ; PLL_inst|altpll_component|auto_generated|pll1|clk[0] ; 1.000        ; -4.318     ; 5.297      ;
; -8.667 ; digital_distortion:digital_distortion_L|counter_vector[4] ; delay:delay_inst_L|counter[14]       ; config_CODEC:u_CODEC_config|counter[9] ; PLL_inst|altpll_component|auto_generated|pll1|clk[0] ; 1.000        ; -4.318     ; 5.297      ;
; -8.667 ; digital_distortion:digital_distortion_L|counter_vector[4] ; delay:delay_inst_L|counter[15]       ; config_CODEC:u_CODEC_config|counter[9] ; PLL_inst|altpll_component|auto_generated|pll1|clk[0] ; 1.000        ; -4.318     ; 5.297      ;
; -8.610 ; digital_distortion:digital_distortion_L|counter_vector[3] ; delay:delay_inst_L|counter[12]       ; config_CODEC:u_CODEC_config|counter[9] ; PLL_inst|altpll_component|auto_generated|pll1|clk[0] ; 1.000        ; -4.318     ; 5.240      ;
; -8.610 ; digital_distortion:digital_distortion_L|counter_vector[3] ; delay:delay_inst_L|counter[2]        ; config_CODEC:u_CODEC_config|counter[9] ; PLL_inst|altpll_component|auto_generated|pll1|clk[0] ; 1.000        ; -4.318     ; 5.240      ;
; -8.610 ; digital_distortion:digital_distortion_L|counter_vector[3] ; delay:delay_inst_L|counter[0]        ; config_CODEC:u_CODEC_config|counter[9] ; PLL_inst|altpll_component|auto_generated|pll1|clk[0] ; 1.000        ; -4.318     ; 5.240      ;
; -8.610 ; digital_distortion:digital_distortion_L|counter_vector[3] ; delay:delay_inst_L|counter[1]        ; config_CODEC:u_CODEC_config|counter[9] ; PLL_inst|altpll_component|auto_generated|pll1|clk[0] ; 1.000        ; -4.318     ; 5.240      ;
; -8.610 ; digital_distortion:digital_distortion_L|counter_vector[3] ; delay:delay_inst_L|counter[3]        ; config_CODEC:u_CODEC_config|counter[9] ; PLL_inst|altpll_component|auto_generated|pll1|clk[0] ; 1.000        ; -4.318     ; 5.240      ;
; -8.610 ; digital_distortion:digital_distortion_L|counter_vector[3] ; delay:delay_inst_L|counter[4]        ; config_CODEC:u_CODEC_config|counter[9] ; PLL_inst|altpll_component|auto_generated|pll1|clk[0] ; 1.000        ; -4.318     ; 5.240      ;
; -8.610 ; digital_distortion:digital_distortion_L|counter_vector[3] ; delay:delay_inst_L|counter[5]        ; config_CODEC:u_CODEC_config|counter[9] ; PLL_inst|altpll_component|auto_generated|pll1|clk[0] ; 1.000        ; -4.318     ; 5.240      ;
; -8.610 ; digital_distortion:digital_distortion_L|counter_vector[3] ; delay:delay_inst_L|counter[6]        ; config_CODEC:u_CODEC_config|counter[9] ; PLL_inst|altpll_component|auto_generated|pll1|clk[0] ; 1.000        ; -4.318     ; 5.240      ;
; -8.610 ; digital_distortion:digital_distortion_L|counter_vector[3] ; delay:delay_inst_L|counter[7]        ; config_CODEC:u_CODEC_config|counter[9] ; PLL_inst|altpll_component|auto_generated|pll1|clk[0] ; 1.000        ; -4.318     ; 5.240      ;
; -8.610 ; digital_distortion:digital_distortion_L|counter_vector[3] ; delay:delay_inst_L|counter[8]        ; config_CODEC:u_CODEC_config|counter[9] ; PLL_inst|altpll_component|auto_generated|pll1|clk[0] ; 1.000        ; -4.318     ; 5.240      ;
; -8.610 ; digital_distortion:digital_distortion_L|counter_vector[3] ; delay:delay_inst_L|counter[9]        ; config_CODEC:u_CODEC_config|counter[9] ; PLL_inst|altpll_component|auto_generated|pll1|clk[0] ; 1.000        ; -4.318     ; 5.240      ;
; -8.610 ; digital_distortion:digital_distortion_L|counter_vector[3] ; delay:delay_inst_L|counter[10]       ; config_CODEC:u_CODEC_config|counter[9] ; PLL_inst|altpll_component|auto_generated|pll1|clk[0] ; 1.000        ; -4.318     ; 5.240      ;
; -8.610 ; digital_distortion:digital_distortion_L|counter_vector[3] ; delay:delay_inst_L|counter[11]       ; config_CODEC:u_CODEC_config|counter[9] ; PLL_inst|altpll_component|auto_generated|pll1|clk[0] ; 1.000        ; -4.318     ; 5.240      ;
; -8.610 ; digital_distortion:digital_distortion_L|counter_vector[3] ; delay:delay_inst_L|counter[13]       ; config_CODEC:u_CODEC_config|counter[9] ; PLL_inst|altpll_component|auto_generated|pll1|clk[0] ; 1.000        ; -4.318     ; 5.240      ;
; -8.610 ; digital_distortion:digital_distortion_L|counter_vector[3] ; delay:delay_inst_L|counter[14]       ; config_CODEC:u_CODEC_config|counter[9] ; PLL_inst|altpll_component|auto_generated|pll1|clk[0] ; 1.000        ; -4.318     ; 5.240      ;
; -8.610 ; digital_distortion:digital_distortion_L|counter_vector[3] ; delay:delay_inst_L|counter[15]       ; config_CODEC:u_CODEC_config|counter[9] ; PLL_inst|altpll_component|auto_generated|pll1|clk[0] ; 1.000        ; -4.318     ; 5.240      ;
; -8.544 ; digital_distortion:digital_distortion_L|counter_vector[1] ; delay:delay_inst_L|counter[12]       ; config_CODEC:u_CODEC_config|counter[9] ; PLL_inst|altpll_component|auto_generated|pll1|clk[0] ; 1.000        ; -4.318     ; 5.174      ;
; -8.544 ; digital_distortion:digital_distortion_L|counter_vector[1] ; delay:delay_inst_L|counter[2]        ; config_CODEC:u_CODEC_config|counter[9] ; PLL_inst|altpll_component|auto_generated|pll1|clk[0] ; 1.000        ; -4.318     ; 5.174      ;
; -8.544 ; digital_distortion:digital_distortion_L|counter_vector[1] ; delay:delay_inst_L|counter[0]        ; config_CODEC:u_CODEC_config|counter[9] ; PLL_inst|altpll_component|auto_generated|pll1|clk[0] ; 1.000        ; -4.318     ; 5.174      ;
; -8.544 ; digital_distortion:digital_distortion_L|counter_vector[1] ; delay:delay_inst_L|counter[1]        ; config_CODEC:u_CODEC_config|counter[9] ; PLL_inst|altpll_component|auto_generated|pll1|clk[0] ; 1.000        ; -4.318     ; 5.174      ;
; -8.544 ; digital_distortion:digital_distortion_L|counter_vector[1] ; delay:delay_inst_L|counter[3]        ; config_CODEC:u_CODEC_config|counter[9] ; PLL_inst|altpll_component|auto_generated|pll1|clk[0] ; 1.000        ; -4.318     ; 5.174      ;
; -8.544 ; digital_distortion:digital_distortion_L|counter_vector[1] ; delay:delay_inst_L|counter[4]        ; config_CODEC:u_CODEC_config|counter[9] ; PLL_inst|altpll_component|auto_generated|pll1|clk[0] ; 1.000        ; -4.318     ; 5.174      ;
; -8.544 ; digital_distortion:digital_distortion_L|counter_vector[1] ; delay:delay_inst_L|counter[5]        ; config_CODEC:u_CODEC_config|counter[9] ; PLL_inst|altpll_component|auto_generated|pll1|clk[0] ; 1.000        ; -4.318     ; 5.174      ;
; -8.544 ; digital_distortion:digital_distortion_L|counter_vector[1] ; delay:delay_inst_L|counter[6]        ; config_CODEC:u_CODEC_config|counter[9] ; PLL_inst|altpll_component|auto_generated|pll1|clk[0] ; 1.000        ; -4.318     ; 5.174      ;
; -8.544 ; digital_distortion:digital_distortion_L|counter_vector[1] ; delay:delay_inst_L|counter[7]        ; config_CODEC:u_CODEC_config|counter[9] ; PLL_inst|altpll_component|auto_generated|pll1|clk[0] ; 1.000        ; -4.318     ; 5.174      ;
; -8.544 ; digital_distortion:digital_distortion_L|counter_vector[1] ; delay:delay_inst_L|counter[8]        ; config_CODEC:u_CODEC_config|counter[9] ; PLL_inst|altpll_component|auto_generated|pll1|clk[0] ; 1.000        ; -4.318     ; 5.174      ;
; -8.544 ; digital_distortion:digital_distortion_L|counter_vector[1] ; delay:delay_inst_L|counter[9]        ; config_CODEC:u_CODEC_config|counter[9] ; PLL_inst|altpll_component|auto_generated|pll1|clk[0] ; 1.000        ; -4.318     ; 5.174      ;
; -8.544 ; digital_distortion:digital_distortion_L|counter_vector[1] ; delay:delay_inst_L|counter[10]       ; config_CODEC:u_CODEC_config|counter[9] ; PLL_inst|altpll_component|auto_generated|pll1|clk[0] ; 1.000        ; -4.318     ; 5.174      ;
; -8.544 ; digital_distortion:digital_distortion_L|counter_vector[1] ; delay:delay_inst_L|counter[11]       ; config_CODEC:u_CODEC_config|counter[9] ; PLL_inst|altpll_component|auto_generated|pll1|clk[0] ; 1.000        ; -4.318     ; 5.174      ;
; -8.544 ; digital_distortion:digital_distortion_L|counter_vector[1] ; delay:delay_inst_L|counter[13]       ; config_CODEC:u_CODEC_config|counter[9] ; PLL_inst|altpll_component|auto_generated|pll1|clk[0] ; 1.000        ; -4.318     ; 5.174      ;
; -8.544 ; digital_distortion:digital_distortion_L|counter_vector[1] ; delay:delay_inst_L|counter[14]       ; config_CODEC:u_CODEC_config|counter[9] ; PLL_inst|altpll_component|auto_generated|pll1|clk[0] ; 1.000        ; -4.318     ; 5.174      ;
; -8.544 ; digital_distortion:digital_distortion_L|counter_vector[1] ; delay:delay_inst_L|counter[15]       ; config_CODEC:u_CODEC_config|counter[9] ; PLL_inst|altpll_component|auto_generated|pll1|clk[0] ; 1.000        ; -4.318     ; 5.174      ;
; -6.211 ; serial_to_parallel:u1|left_data[6]                        ; delay:delay_inst_L|sortie_calc_s[13] ; AUD_BCLK                               ; PLL_inst|altpll_component|auto_generated|pll1|clk[0] ; 1.000        ; -3.623     ; 3.526      ;
; -6.079 ; serial_to_parallel:u1|left_data[6]                        ; delay:delay_inst_L|sortie_calc_s[11] ; AUD_BCLK                               ; PLL_inst|altpll_component|auto_generated|pll1|clk[0] ; 1.000        ; -3.623     ; 3.394      ;
; -6.071 ; serial_to_parallel:u1|left_data[7]                        ; delay:delay_inst_L|sortie_calc_s[12] ; AUD_BCLK                               ; PLL_inst|altpll_component|auto_generated|pll1|clk[0] ; 1.000        ; -3.623     ; 3.386      ;
; -6.064 ; serial_to_parallel:u1|right_data[3]                       ; delay:delay_inst_R|sortie_calc_s[10] ; AUD_BCLK                               ; PLL_inst|altpll_component|auto_generated|pll1|clk[0] ; 1.000        ; -4.135     ; 2.867      ;
; -6.060 ; serial_to_parallel:u1|left_data[6]                        ; delay:delay_inst_L|sortie_calc_s[12] ; AUD_BCLK                               ; PLL_inst|altpll_component|auto_generated|pll1|clk[0] ; 1.000        ; -3.623     ; 3.375      ;
; -6.052 ; serial_to_parallel:u1|left_data[7]                        ; delay:delay_inst_L|sortie_calc_s[13] ; AUD_BCLK                               ; PLL_inst|altpll_component|auto_generated|pll1|clk[0] ; 1.000        ; -3.623     ; 3.367      ;
; -6.002 ; serial_to_parallel:u1|right_data[8]                       ; delay:delay_inst_R|sortie_calc_s[9]  ; AUD_BCLK                               ; PLL_inst|altpll_component|auto_generated|pll1|clk[0] ; 1.000        ; -4.135     ; 2.805      ;
; -5.989 ; serial_to_parallel:u1|right_data[8]                       ; delay:delay_inst_R|sortie_calc_s[10] ; AUD_BCLK                               ; PLL_inst|altpll_component|auto_generated|pll1|clk[0] ; 1.000        ; -4.135     ; 2.792      ;
; -5.988 ; serial_to_parallel:u1|right_data[1]                       ; delay:delay_inst_R|sortie_calc_s[10] ; AUD_BCLK                               ; PLL_inst|altpll_component|auto_generated|pll1|clk[0] ; 1.000        ; -4.135     ; 2.791      ;
; -5.981 ; serial_to_parallel:u1|right_data[8]                       ; delay:delay_inst_R|sortie_calc_s[15] ; AUD_BCLK                               ; PLL_inst|altpll_component|auto_generated|pll1|clk[0] ; 1.000        ; -3.718     ; 3.201      ;
; -5.979 ; serial_to_parallel:u1|right_data[6]                       ; delay:delay_inst_R|sortie_calc_s[9]  ; AUD_BCLK                               ; PLL_inst|altpll_component|auto_generated|pll1|clk[0] ; 1.000        ; -4.135     ; 2.782      ;
; -5.978 ; serial_to_parallel:u1|right_data[2]                       ; delay:delay_inst_R|sortie_calc_s[9]  ; AUD_BCLK                               ; PLL_inst|altpll_component|auto_generated|pll1|clk[0] ; 1.000        ; -4.135     ; 2.781      ;
; -5.960 ; serial_to_parallel:u1|right_data[2]                       ; delay:delay_inst_R|sortie_calc_s[10] ; AUD_BCLK                               ; PLL_inst|altpll_component|auto_generated|pll1|clk[0] ; 1.000        ; -4.135     ; 2.763      ;
; -5.960 ; serial_to_parallel:u1|right_data[6]                       ; delay:delay_inst_R|sortie_calc_s[10] ; AUD_BCLK                               ; PLL_inst|altpll_component|auto_generated|pll1|clk[0] ; 1.000        ; -4.135     ; 2.763      ;
; -5.958 ; serial_to_parallel:u1|right_data[6]                       ; delay:delay_inst_R|sortie_calc_s[15] ; AUD_BCLK                               ; PLL_inst|altpll_component|auto_generated|pll1|clk[0] ; 1.000        ; -3.718     ; 3.178      ;
; -5.957 ; serial_to_parallel:u1|right_data[2]                       ; delay:delay_inst_R|sortie_calc_s[15] ; AUD_BCLK                               ; PLL_inst|altpll_component|auto_generated|pll1|clk[0] ; 1.000        ; -3.718     ; 3.177      ;
; -5.940 ; serial_to_parallel:u1|left_data[9]                        ; delay:delay_inst_L|sortie_calc_s[12] ; AUD_BCLK                               ; PLL_inst|altpll_component|auto_generated|pll1|clk[0] ; 1.000        ; -3.623     ; 3.255      ;
; -5.930 ; serial_to_parallel:u1|left_data[6]                        ; delay:delay_inst_L|sortie_calc_s[15] ; AUD_BCLK                               ; PLL_inst|altpll_component|auto_generated|pll1|clk[0] ; 1.000        ; -3.210     ; 3.658      ;
; -5.923 ; serial_to_parallel:u1|right_data[12]                      ; delay:delay_inst_R|sortie_calc_s[15] ; AUD_BCLK                               ; PLL_inst|altpll_component|auto_generated|pll1|clk[0] ; 1.000        ; -3.741     ; 3.120      ;
; -5.921 ; serial_to_parallel:u1|left_data[9]                        ; delay:delay_inst_L|sortie_calc_s[13] ; AUD_BCLK                               ; PLL_inst|altpll_component|auto_generated|pll1|clk[0] ; 1.000        ; -3.623     ; 3.236      ;
+--------+-----------------------------------------------------------+--------------------------------------+----------------------------------------+------------------------------------------------------+--------------+------------+------------+


+--------------------------------------------------------------------------------------------------------------------------------------------------------+
; Slow 1200mV 85C Model Setup: 'AUD_BCLK'                                                                                                                ;
+--------+----------------------------------+--------------------------------------+--------------+-------------+--------------+------------+------------+
; Slack  ; From Node                        ; To Node                              ; Launch Clock ; Latch Clock ; Relationship ; Clock Skew ; Data Delay ;
+--------+----------------------------------+--------------------------------------+--------------+-------------+--------------+------------+------------+
; -3.776 ; serial_to_parallel:u1|counter[1] ; serial_to_parallel:u1|left_data[0]   ; AUD_BCLK     ; AUD_BCLK    ; 0.500        ; -0.819     ; 3.475      ;
; -3.776 ; serial_to_parallel:u1|counter[1] ; serial_to_parallel:u1|left_data[1]   ; AUD_BCLK     ; AUD_BCLK    ; 0.500        ; -0.819     ; 3.475      ;
; -3.776 ; serial_to_parallel:u1|counter[1] ; serial_to_parallel:u1|left_data[2]   ; AUD_BCLK     ; AUD_BCLK    ; 0.500        ; -0.819     ; 3.475      ;
; -3.776 ; serial_to_parallel:u1|counter[1] ; serial_to_parallel:u1|left_data[3]   ; AUD_BCLK     ; AUD_BCLK    ; 0.500        ; -0.819     ; 3.475      ;
; -3.776 ; serial_to_parallel:u1|counter[1] ; serial_to_parallel:u1|left_data[4]   ; AUD_BCLK     ; AUD_BCLK    ; 0.500        ; -0.819     ; 3.475      ;
; -3.776 ; serial_to_parallel:u1|counter[1] ; serial_to_parallel:u1|left_data[5]   ; AUD_BCLK     ; AUD_BCLK    ; 0.500        ; -0.819     ; 3.475      ;
; -3.776 ; serial_to_parallel:u1|counter[1] ; serial_to_parallel:u1|left_data[6]   ; AUD_BCLK     ; AUD_BCLK    ; 0.500        ; -0.819     ; 3.475      ;
; -3.776 ; serial_to_parallel:u1|counter[1] ; serial_to_parallel:u1|left_data[7]   ; AUD_BCLK     ; AUD_BCLK    ; 0.500        ; -0.819     ; 3.475      ;
; -3.776 ; serial_to_parallel:u1|counter[1] ; serial_to_parallel:u1|left_data[8]   ; AUD_BCLK     ; AUD_BCLK    ; 0.500        ; -0.819     ; 3.475      ;
; -3.776 ; serial_to_parallel:u1|counter[1] ; serial_to_parallel:u1|left_data[9]   ; AUD_BCLK     ; AUD_BCLK    ; 0.500        ; -0.819     ; 3.475      ;
; -3.745 ; serial_to_parallel:u1|counter[2] ; serial_to_parallel:u1|left_data[0]   ; AUD_BCLK     ; AUD_BCLK    ; 0.500        ; -0.819     ; 3.444      ;
; -3.745 ; serial_to_parallel:u1|counter[2] ; serial_to_parallel:u1|left_data[1]   ; AUD_BCLK     ; AUD_BCLK    ; 0.500        ; -0.819     ; 3.444      ;
; -3.745 ; serial_to_parallel:u1|counter[2] ; serial_to_parallel:u1|left_data[2]   ; AUD_BCLK     ; AUD_BCLK    ; 0.500        ; -0.819     ; 3.444      ;
; -3.745 ; serial_to_parallel:u1|counter[2] ; serial_to_parallel:u1|left_data[3]   ; AUD_BCLK     ; AUD_BCLK    ; 0.500        ; -0.819     ; 3.444      ;
; -3.745 ; serial_to_parallel:u1|counter[2] ; serial_to_parallel:u1|left_data[4]   ; AUD_BCLK     ; AUD_BCLK    ; 0.500        ; -0.819     ; 3.444      ;
; -3.745 ; serial_to_parallel:u1|counter[2] ; serial_to_parallel:u1|left_data[5]   ; AUD_BCLK     ; AUD_BCLK    ; 0.500        ; -0.819     ; 3.444      ;
; -3.745 ; serial_to_parallel:u1|counter[2] ; serial_to_parallel:u1|left_data[6]   ; AUD_BCLK     ; AUD_BCLK    ; 0.500        ; -0.819     ; 3.444      ;
; -3.745 ; serial_to_parallel:u1|counter[2] ; serial_to_parallel:u1|left_data[7]   ; AUD_BCLK     ; AUD_BCLK    ; 0.500        ; -0.819     ; 3.444      ;
; -3.745 ; serial_to_parallel:u1|counter[2] ; serial_to_parallel:u1|left_data[8]   ; AUD_BCLK     ; AUD_BCLK    ; 0.500        ; -0.819     ; 3.444      ;
; -3.745 ; serial_to_parallel:u1|counter[2] ; serial_to_parallel:u1|left_data[9]   ; AUD_BCLK     ; AUD_BCLK    ; 0.500        ; -0.819     ; 3.444      ;
; -3.669 ; serial_to_parallel:u1|counter[1] ; serial_to_parallel:u1|left_data[15]  ; AUD_BCLK     ; AUD_BCLK    ; 0.500        ; -0.702     ; 3.485      ;
; -3.669 ; serial_to_parallel:u1|counter[1] ; serial_to_parallel:u1|left_data[10]  ; AUD_BCLK     ; AUD_BCLK    ; 0.500        ; -0.702     ; 3.485      ;
; -3.669 ; serial_to_parallel:u1|counter[1] ; serial_to_parallel:u1|left_data[11]  ; AUD_BCLK     ; AUD_BCLK    ; 0.500        ; -0.702     ; 3.485      ;
; -3.669 ; serial_to_parallel:u1|counter[1] ; serial_to_parallel:u1|left_data[12]  ; AUD_BCLK     ; AUD_BCLK    ; 0.500        ; -0.702     ; 3.485      ;
; -3.669 ; serial_to_parallel:u1|counter[1] ; serial_to_parallel:u1|left_data[13]  ; AUD_BCLK     ; AUD_BCLK    ; 0.500        ; -0.702     ; 3.485      ;
; -3.669 ; serial_to_parallel:u1|counter[1] ; serial_to_parallel:u1|left_data[14]  ; AUD_BCLK     ; AUD_BCLK    ; 0.500        ; -0.702     ; 3.485      ;
; -3.638 ; serial_to_parallel:u1|counter[2] ; serial_to_parallel:u1|left_data[15]  ; AUD_BCLK     ; AUD_BCLK    ; 0.500        ; -0.702     ; 3.454      ;
; -3.638 ; serial_to_parallel:u1|counter[2] ; serial_to_parallel:u1|left_data[10]  ; AUD_BCLK     ; AUD_BCLK    ; 0.500        ; -0.702     ; 3.454      ;
; -3.638 ; serial_to_parallel:u1|counter[2] ; serial_to_parallel:u1|left_data[11]  ; AUD_BCLK     ; AUD_BCLK    ; 0.500        ; -0.702     ; 3.454      ;
; -3.638 ; serial_to_parallel:u1|counter[2] ; serial_to_parallel:u1|left_data[12]  ; AUD_BCLK     ; AUD_BCLK    ; 0.500        ; -0.702     ; 3.454      ;
; -3.638 ; serial_to_parallel:u1|counter[2] ; serial_to_parallel:u1|left_data[13]  ; AUD_BCLK     ; AUD_BCLK    ; 0.500        ; -0.702     ; 3.454      ;
; -3.638 ; serial_to_parallel:u1|counter[2] ; serial_to_parallel:u1|left_data[14]  ; AUD_BCLK     ; AUD_BCLK    ; 0.500        ; -0.702     ; 3.454      ;
; -3.565 ; serial_to_parallel:u1|counter[0] ; serial_to_parallel:u1|left_data[0]   ; AUD_BCLK     ; AUD_BCLK    ; 0.500        ; -0.819     ; 3.264      ;
; -3.565 ; serial_to_parallel:u1|counter[0] ; serial_to_parallel:u1|left_data[1]   ; AUD_BCLK     ; AUD_BCLK    ; 0.500        ; -0.819     ; 3.264      ;
; -3.565 ; serial_to_parallel:u1|counter[0] ; serial_to_parallel:u1|left_data[2]   ; AUD_BCLK     ; AUD_BCLK    ; 0.500        ; -0.819     ; 3.264      ;
; -3.565 ; serial_to_parallel:u1|counter[0] ; serial_to_parallel:u1|left_data[3]   ; AUD_BCLK     ; AUD_BCLK    ; 0.500        ; -0.819     ; 3.264      ;
; -3.565 ; serial_to_parallel:u1|counter[0] ; serial_to_parallel:u1|left_data[4]   ; AUD_BCLK     ; AUD_BCLK    ; 0.500        ; -0.819     ; 3.264      ;
; -3.565 ; serial_to_parallel:u1|counter[0] ; serial_to_parallel:u1|left_data[5]   ; AUD_BCLK     ; AUD_BCLK    ; 0.500        ; -0.819     ; 3.264      ;
; -3.565 ; serial_to_parallel:u1|counter[0] ; serial_to_parallel:u1|left_data[6]   ; AUD_BCLK     ; AUD_BCLK    ; 0.500        ; -0.819     ; 3.264      ;
; -3.565 ; serial_to_parallel:u1|counter[0] ; serial_to_parallel:u1|left_data[7]   ; AUD_BCLK     ; AUD_BCLK    ; 0.500        ; -0.819     ; 3.264      ;
; -3.565 ; serial_to_parallel:u1|counter[0] ; serial_to_parallel:u1|left_data[8]   ; AUD_BCLK     ; AUD_BCLK    ; 0.500        ; -0.819     ; 3.264      ;
; -3.565 ; serial_to_parallel:u1|counter[0] ; serial_to_parallel:u1|left_data[9]   ; AUD_BCLK     ; AUD_BCLK    ; 0.500        ; -0.819     ; 3.264      ;
; -3.525 ; serial_to_parallel:u1|counter[1] ; serial_to_parallel:u1|right_data[15] ; AUD_BCLK     ; AUD_BCLK    ; 0.500        ; -0.292     ; 3.751      ;
; -3.525 ; serial_to_parallel:u1|counter[1] ; serial_to_parallel:u1|right_data[10] ; AUD_BCLK     ; AUD_BCLK    ; 0.500        ; -0.292     ; 3.751      ;
; -3.525 ; serial_to_parallel:u1|counter[1] ; serial_to_parallel:u1|right_data[11] ; AUD_BCLK     ; AUD_BCLK    ; 0.500        ; -0.292     ; 3.751      ;
; -3.525 ; serial_to_parallel:u1|counter[1] ; serial_to_parallel:u1|right_data[12] ; AUD_BCLK     ; AUD_BCLK    ; 0.500        ; -0.292     ; 3.751      ;
; -3.525 ; serial_to_parallel:u1|counter[1] ; serial_to_parallel:u1|right_data[13] ; AUD_BCLK     ; AUD_BCLK    ; 0.500        ; -0.292     ; 3.751      ;
; -3.525 ; serial_to_parallel:u1|counter[1] ; serial_to_parallel:u1|right_data[14] ; AUD_BCLK     ; AUD_BCLK    ; 0.500        ; -0.292     ; 3.751      ;
; -3.494 ; serial_to_parallel:u1|counter[2] ; serial_to_parallel:u1|right_data[15] ; AUD_BCLK     ; AUD_BCLK    ; 0.500        ; -0.292     ; 3.720      ;
; -3.494 ; serial_to_parallel:u1|counter[2] ; serial_to_parallel:u1|right_data[10] ; AUD_BCLK     ; AUD_BCLK    ; 0.500        ; -0.292     ; 3.720      ;
; -3.494 ; serial_to_parallel:u1|counter[2] ; serial_to_parallel:u1|right_data[11] ; AUD_BCLK     ; AUD_BCLK    ; 0.500        ; -0.292     ; 3.720      ;
; -3.494 ; serial_to_parallel:u1|counter[2] ; serial_to_parallel:u1|right_data[12] ; AUD_BCLK     ; AUD_BCLK    ; 0.500        ; -0.292     ; 3.720      ;
; -3.494 ; serial_to_parallel:u1|counter[2] ; serial_to_parallel:u1|right_data[13] ; AUD_BCLK     ; AUD_BCLK    ; 0.500        ; -0.292     ; 3.720      ;
; -3.494 ; serial_to_parallel:u1|counter[2] ; serial_to_parallel:u1|right_data[14] ; AUD_BCLK     ; AUD_BCLK    ; 0.500        ; -0.292     ; 3.720      ;
; -3.458 ; serial_to_parallel:u1|counter[0] ; serial_to_parallel:u1|left_data[15]  ; AUD_BCLK     ; AUD_BCLK    ; 0.500        ; -0.702     ; 3.274      ;
; -3.458 ; serial_to_parallel:u1|counter[0] ; serial_to_parallel:u1|left_data[10]  ; AUD_BCLK     ; AUD_BCLK    ; 0.500        ; -0.702     ; 3.274      ;
; -3.458 ; serial_to_parallel:u1|counter[0] ; serial_to_parallel:u1|left_data[11]  ; AUD_BCLK     ; AUD_BCLK    ; 0.500        ; -0.702     ; 3.274      ;
; -3.458 ; serial_to_parallel:u1|counter[0] ; serial_to_parallel:u1|left_data[12]  ; AUD_BCLK     ; AUD_BCLK    ; 0.500        ; -0.702     ; 3.274      ;
; -3.458 ; serial_to_parallel:u1|counter[0] ; serial_to_parallel:u1|left_data[13]  ; AUD_BCLK     ; AUD_BCLK    ; 0.500        ; -0.702     ; 3.274      ;
; -3.458 ; serial_to_parallel:u1|counter[0] ; serial_to_parallel:u1|left_data[14]  ; AUD_BCLK     ; AUD_BCLK    ; 0.500        ; -0.702     ; 3.274      ;
; -3.447 ; serial_to_parallel:u1|counter[3] ; serial_to_parallel:u1|left_data[0]   ; AUD_BCLK     ; AUD_BCLK    ; 0.500        ; -0.819     ; 3.146      ;
; -3.447 ; serial_to_parallel:u1|counter[3] ; serial_to_parallel:u1|left_data[1]   ; AUD_BCLK     ; AUD_BCLK    ; 0.500        ; -0.819     ; 3.146      ;
; -3.447 ; serial_to_parallel:u1|counter[3] ; serial_to_parallel:u1|left_data[2]   ; AUD_BCLK     ; AUD_BCLK    ; 0.500        ; -0.819     ; 3.146      ;
; -3.447 ; serial_to_parallel:u1|counter[3] ; serial_to_parallel:u1|left_data[3]   ; AUD_BCLK     ; AUD_BCLK    ; 0.500        ; -0.819     ; 3.146      ;
; -3.447 ; serial_to_parallel:u1|counter[3] ; serial_to_parallel:u1|left_data[4]   ; AUD_BCLK     ; AUD_BCLK    ; 0.500        ; -0.819     ; 3.146      ;
; -3.447 ; serial_to_parallel:u1|counter[3] ; serial_to_parallel:u1|left_data[5]   ; AUD_BCLK     ; AUD_BCLK    ; 0.500        ; -0.819     ; 3.146      ;
; -3.447 ; serial_to_parallel:u1|counter[3] ; serial_to_parallel:u1|left_data[6]   ; AUD_BCLK     ; AUD_BCLK    ; 0.500        ; -0.819     ; 3.146      ;
; -3.447 ; serial_to_parallel:u1|counter[3] ; serial_to_parallel:u1|left_data[7]   ; AUD_BCLK     ; AUD_BCLK    ; 0.500        ; -0.819     ; 3.146      ;
; -3.447 ; serial_to_parallel:u1|counter[3] ; serial_to_parallel:u1|left_data[8]   ; AUD_BCLK     ; AUD_BCLK    ; 0.500        ; -0.819     ; 3.146      ;
; -3.447 ; serial_to_parallel:u1|counter[3] ; serial_to_parallel:u1|left_data[9]   ; AUD_BCLK     ; AUD_BCLK    ; 0.500        ; -0.819     ; 3.146      ;
; -3.357 ; serial_to_parallel:u1|counter[4] ; serial_to_parallel:u1|left_data[0]   ; AUD_BCLK     ; AUD_BCLK    ; 0.500        ; -0.819     ; 3.056      ;
; -3.357 ; serial_to_parallel:u1|counter[4] ; serial_to_parallel:u1|left_data[1]   ; AUD_BCLK     ; AUD_BCLK    ; 0.500        ; -0.819     ; 3.056      ;
; -3.357 ; serial_to_parallel:u1|counter[4] ; serial_to_parallel:u1|left_data[2]   ; AUD_BCLK     ; AUD_BCLK    ; 0.500        ; -0.819     ; 3.056      ;
; -3.357 ; serial_to_parallel:u1|counter[4] ; serial_to_parallel:u1|left_data[3]   ; AUD_BCLK     ; AUD_BCLK    ; 0.500        ; -0.819     ; 3.056      ;
; -3.357 ; serial_to_parallel:u1|counter[4] ; serial_to_parallel:u1|left_data[4]   ; AUD_BCLK     ; AUD_BCLK    ; 0.500        ; -0.819     ; 3.056      ;
; -3.357 ; serial_to_parallel:u1|counter[4] ; serial_to_parallel:u1|left_data[5]   ; AUD_BCLK     ; AUD_BCLK    ; 0.500        ; -0.819     ; 3.056      ;
; -3.357 ; serial_to_parallel:u1|counter[4] ; serial_to_parallel:u1|left_data[6]   ; AUD_BCLK     ; AUD_BCLK    ; 0.500        ; -0.819     ; 3.056      ;
; -3.357 ; serial_to_parallel:u1|counter[4] ; serial_to_parallel:u1|left_data[7]   ; AUD_BCLK     ; AUD_BCLK    ; 0.500        ; -0.819     ; 3.056      ;
; -3.357 ; serial_to_parallel:u1|counter[4] ; serial_to_parallel:u1|left_data[8]   ; AUD_BCLK     ; AUD_BCLK    ; 0.500        ; -0.819     ; 3.056      ;
; -3.357 ; serial_to_parallel:u1|counter[4] ; serial_to_parallel:u1|left_data[9]   ; AUD_BCLK     ; AUD_BCLK    ; 0.500        ; -0.819     ; 3.056      ;
; -3.340 ; serial_to_parallel:u1|counter[3] ; serial_to_parallel:u1|left_data[15]  ; AUD_BCLK     ; AUD_BCLK    ; 0.500        ; -0.702     ; 3.156      ;
; -3.340 ; serial_to_parallel:u1|counter[3] ; serial_to_parallel:u1|left_data[10]  ; AUD_BCLK     ; AUD_BCLK    ; 0.500        ; -0.702     ; 3.156      ;
; -3.340 ; serial_to_parallel:u1|counter[3] ; serial_to_parallel:u1|left_data[11]  ; AUD_BCLK     ; AUD_BCLK    ; 0.500        ; -0.702     ; 3.156      ;
; -3.340 ; serial_to_parallel:u1|counter[3] ; serial_to_parallel:u1|left_data[12]  ; AUD_BCLK     ; AUD_BCLK    ; 0.500        ; -0.702     ; 3.156      ;
; -3.340 ; serial_to_parallel:u1|counter[3] ; serial_to_parallel:u1|left_data[13]  ; AUD_BCLK     ; AUD_BCLK    ; 0.500        ; -0.702     ; 3.156      ;
; -3.340 ; serial_to_parallel:u1|counter[3] ; serial_to_parallel:u1|left_data[14]  ; AUD_BCLK     ; AUD_BCLK    ; 0.500        ; -0.702     ; 3.156      ;
; -3.314 ; serial_to_parallel:u1|counter[0] ; serial_to_parallel:u1|right_data[15] ; AUD_BCLK     ; AUD_BCLK    ; 0.500        ; -0.292     ; 3.540      ;
; -3.314 ; serial_to_parallel:u1|counter[0] ; serial_to_parallel:u1|right_data[10] ; AUD_BCLK     ; AUD_BCLK    ; 0.500        ; -0.292     ; 3.540      ;
; -3.314 ; serial_to_parallel:u1|counter[0] ; serial_to_parallel:u1|right_data[11] ; AUD_BCLK     ; AUD_BCLK    ; 0.500        ; -0.292     ; 3.540      ;
; -3.314 ; serial_to_parallel:u1|counter[0] ; serial_to_parallel:u1|right_data[12] ; AUD_BCLK     ; AUD_BCLK    ; 0.500        ; -0.292     ; 3.540      ;
; -3.314 ; serial_to_parallel:u1|counter[0] ; serial_to_parallel:u1|right_data[13] ; AUD_BCLK     ; AUD_BCLK    ; 0.500        ; -0.292     ; 3.540      ;
; -3.314 ; serial_to_parallel:u1|counter[0] ; serial_to_parallel:u1|right_data[14] ; AUD_BCLK     ; AUD_BCLK    ; 0.500        ; -0.292     ; 3.540      ;
; -3.256 ; serial_to_parallel:u1|counter[4] ; serial_to_parallel:u1|left_data[15]  ; AUD_BCLK     ; AUD_BCLK    ; 0.500        ; -0.702     ; 3.072      ;
; -3.256 ; serial_to_parallel:u1|counter[4] ; serial_to_parallel:u1|left_data[10]  ; AUD_BCLK     ; AUD_BCLK    ; 0.500        ; -0.702     ; 3.072      ;
; -3.256 ; serial_to_parallel:u1|counter[4] ; serial_to_parallel:u1|left_data[11]  ; AUD_BCLK     ; AUD_BCLK    ; 0.500        ; -0.702     ; 3.072      ;
; -3.256 ; serial_to_parallel:u1|counter[4] ; serial_to_parallel:u1|left_data[12]  ; AUD_BCLK     ; AUD_BCLK    ; 0.500        ; -0.702     ; 3.072      ;
; -3.256 ; serial_to_parallel:u1|counter[4] ; serial_to_parallel:u1|left_data[13]  ; AUD_BCLK     ; AUD_BCLK    ; 0.500        ; -0.702     ; 3.072      ;
; -3.256 ; serial_to_parallel:u1|counter[4] ; serial_to_parallel:u1|left_data[14]  ; AUD_BCLK     ; AUD_BCLK    ; 0.500        ; -0.702     ; 3.072      ;
; -3.211 ; serial_to_parallel:u1|counter[1] ; serial_to_parallel:u1|right_data[0]  ; AUD_BCLK     ; AUD_BCLK    ; 0.500        ; -0.314     ; 3.415      ;
; -3.211 ; serial_to_parallel:u1|counter[1] ; serial_to_parallel:u1|right_data[1]  ; AUD_BCLK     ; AUD_BCLK    ; 0.500        ; -0.314     ; 3.415      ;
+--------+----------------------------------+--------------------------------------+--------------+-------------+--------------+------------+------------+


+-----------------------------------------------------------------------------------------------------------------------------------------------------------------------------------------------------------+
; Slow 1200mV 85C Model Setup: 'I2C_driver:u_I2C_Config|SENT'                                                                                                                                               ;
+--------+----------------------------------------+----------------------------------------+----------------------------------------+------------------------------+--------------+------------+------------+
; Slack  ; From Node                              ; To Node                                ; Launch Clock                           ; Latch Clock                  ; Relationship ; Clock Skew ; Data Delay ;
+--------+----------------------------------------+----------------------------------------+----------------------------------------+------------------------------+--------------+------------+------------+
; -1.927 ; config_CODEC:u_CODEC_config|address[1] ; config_CODEC:u_CODEC_config|address[0] ; I2C_driver:u_I2C_Config|SENT           ; I2C_driver:u_I2C_Config|SENT ; 1.000        ; -0.080     ; 2.845      ;
; -1.870 ; config_CODEC:u_CODEC_config|address[0] ; config_CODEC:u_CODEC_config|DATA[1]    ; I2C_driver:u_I2C_Config|SENT           ; I2C_driver:u_I2C_Config|SENT ; 1.000        ; -0.080     ; 2.788      ;
; -1.782 ; config_CODEC:u_CODEC_config|address[3] ; config_CODEC:u_CODEC_config|address[0] ; I2C_driver:u_I2C_Config|SENT           ; I2C_driver:u_I2C_Config|SENT ; 1.000        ; -0.080     ; 2.700      ;
; -1.699 ; config_CODEC:u_CODEC_config|address[4] ; config_CODEC:u_CODEC_config|DATA[1]    ; I2C_driver:u_I2C_Config|SENT           ; I2C_driver:u_I2C_Config|SENT ; 1.000        ; -0.079     ; 2.618      ;
; -1.591 ; config_CODEC:u_CODEC_config|address[2] ; config_CODEC:u_CODEC_config|address[0] ; I2C_driver:u_I2C_Config|SENT           ; I2C_driver:u_I2C_Config|SENT ; 1.000        ; -0.080     ; 2.509      ;
; -1.552 ; config_CODEC:u_CODEC_config|address[1] ; config_CODEC:u_CODEC_config|DATA[11]   ; I2C_driver:u_I2C_Config|SENT           ; I2C_driver:u_I2C_Config|SENT ; 1.000        ; -0.079     ; 2.471      ;
; -1.534 ; config_CODEC:u_CODEC_config|address[2] ; config_CODEC:u_CODEC_config|DATA[1]    ; I2C_driver:u_I2C_Config|SENT           ; I2C_driver:u_I2C_Config|SENT ; 1.000        ; -0.079     ; 2.453      ;
; -1.525 ; config_CODEC:u_CODEC_config|address[1] ; config_CODEC:u_CODEC_config|DATA[3]    ; I2C_driver:u_I2C_Config|SENT           ; I2C_driver:u_I2C_Config|SENT ; 1.000        ; -0.079     ; 2.444      ;
; -1.521 ; config_CODEC:u_CODEC_config|address[1] ; config_CODEC:u_CODEC_config|DATA[1]    ; I2C_driver:u_I2C_Config|SENT           ; I2C_driver:u_I2C_Config|SENT ; 1.000        ; -0.079     ; 2.440      ;
; -1.518 ; config_CODEC:u_CODEC_config|address[4] ; config_CODEC:u_CODEC_config|address[0] ; I2C_driver:u_I2C_Config|SENT           ; I2C_driver:u_I2C_Config|SENT ; 1.000        ; -0.080     ; 2.436      ;
; -1.495 ; config_CODEC:u_CODEC_config|address[3] ; config_CODEC:u_CODEC_config|DATA[3]    ; I2C_driver:u_I2C_Config|SENT           ; I2C_driver:u_I2C_Config|SENT ; 1.000        ; -0.079     ; 2.414      ;
; -1.492 ; config_CODEC:u_CODEC_config|address[3] ; config_CODEC:u_CODEC_config|DATA[4]    ; I2C_driver:u_I2C_Config|SENT           ; I2C_driver:u_I2C_Config|SENT ; 1.000        ; -0.080     ; 2.410      ;
; -1.491 ; config_CODEC:u_CODEC_config|address[3] ; config_CODEC:u_CODEC_config|DATA[1]    ; I2C_driver:u_I2C_Config|SENT           ; I2C_driver:u_I2C_Config|SENT ; 1.000        ; -0.079     ; 2.410      ;
; -1.407 ; config_CODEC:u_CODEC_config|address[1] ; config_CODEC:u_CODEC_config|DATA[10]   ; I2C_driver:u_I2C_Config|SENT           ; I2C_driver:u_I2C_Config|SENT ; 1.000        ; -0.079     ; 2.326      ;
; -1.396 ; config_CODEC:u_CODEC_config|address[3] ; config_CODEC:u_CODEC_config|DATA[11]   ; I2C_driver:u_I2C_Config|SENT           ; I2C_driver:u_I2C_Config|SENT ; 1.000        ; -0.079     ; 2.315      ;
; -1.384 ; config_CODEC:u_CODEC_config|address[3] ; config_CODEC:u_CODEC_config|DATA[9]    ; I2C_driver:u_I2C_Config|SENT           ; I2C_driver:u_I2C_Config|SENT ; 1.000        ; -0.079     ; 2.303      ;
; -1.372 ; config_CODEC:u_CODEC_config|address[2] ; config_CODEC:u_CODEC_config|DATA[3]    ; I2C_driver:u_I2C_Config|SENT           ; I2C_driver:u_I2C_Config|SENT ; 1.000        ; -0.079     ; 2.291      ;
; -1.358 ; config_CODEC:u_CODEC_config|address[1] ; config_CODEC:u_CODEC_config|DATA[9]    ; I2C_driver:u_I2C_Config|SENT           ; I2C_driver:u_I2C_Config|SENT ; 1.000        ; -0.079     ; 2.277      ;
; -1.351 ; config_CODEC:u_CODEC_config|address[1] ; config_CODEC:u_CODEC_config|DATA[4]    ; I2C_driver:u_I2C_Config|SENT           ; I2C_driver:u_I2C_Config|SENT ; 1.000        ; -0.080     ; 2.269      ;
; -1.337 ; config_CODEC:u_CODEC_config|address[3] ; config_CODEC:u_CODEC_config|DATA[2]    ; I2C_driver:u_I2C_Config|SENT           ; I2C_driver:u_I2C_Config|SENT ; 1.000        ; -0.080     ; 2.255      ;
; -1.336 ; config_CODEC:u_CODEC_config|address[3] ; config_CODEC:u_CODEC_config|DATA[0]    ; I2C_driver:u_I2C_Config|SENT           ; I2C_driver:u_I2C_Config|SENT ; 1.000        ; -0.080     ; 2.254      ;
; -1.325 ; config_CODEC:u_CODEC_config|address[1] ; config_CODEC:u_CODEC_config|address[4] ; I2C_driver:u_I2C_Config|SENT           ; I2C_driver:u_I2C_Config|SENT ; 1.000        ; -0.081     ; 2.242      ;
; -1.325 ; config_CODEC:u_CODEC_config|address[1] ; config_CODEC:u_CODEC_config|address[2] ; I2C_driver:u_I2C_Config|SENT           ; I2C_driver:u_I2C_Config|SENT ; 1.000        ; -0.081     ; 2.242      ;
; -1.325 ; config_CODEC:u_CODEC_config|address[1] ; config_CODEC:u_CODEC_config|address[1] ; I2C_driver:u_I2C_Config|SENT           ; I2C_driver:u_I2C_Config|SENT ; 1.000        ; -0.081     ; 2.242      ;
; -1.325 ; config_CODEC:u_CODEC_config|address[1] ; config_CODEC:u_CODEC_config|address[3] ; I2C_driver:u_I2C_Config|SENT           ; I2C_driver:u_I2C_Config|SENT ; 1.000        ; -0.081     ; 2.242      ;
; -1.320 ; config_CODEC:u_CODEC_config|address[1] ; config_CODEC:u_CODEC_config|DATA[0]    ; I2C_driver:u_I2C_Config|SENT           ; I2C_driver:u_I2C_Config|SENT ; 1.000        ; -0.080     ; 2.238      ;
; -1.312 ; config_CODEC:u_CODEC_config|address[2] ; config_CODEC:u_CODEC_config|DATA[12]   ; I2C_driver:u_I2C_Config|SENT           ; I2C_driver:u_I2C_Config|SENT ; 1.000        ; -0.079     ; 2.231      ;
; -1.291 ; config_CODEC:u_CODEC_config|address[2] ; config_CODEC:u_CODEC_config|DATA[9]    ; I2C_driver:u_I2C_Config|SENT           ; I2C_driver:u_I2C_Config|SENT ; 1.000        ; -0.079     ; 2.210      ;
; -1.279 ; config_CODEC:u_CODEC_config|address[2] ; config_CODEC:u_CODEC_config|DATA[4]    ; I2C_driver:u_I2C_Config|SENT           ; I2C_driver:u_I2C_Config|SENT ; 1.000        ; -0.080     ; 2.197      ;
; -1.263 ; config_CODEC:u_CODEC_config|address[3] ; config_CODEC:u_CODEC_config|DATA[12]   ; I2C_driver:u_I2C_Config|SENT           ; I2C_driver:u_I2C_Config|SENT ; 1.000        ; -0.079     ; 2.182      ;
; -1.234 ; config_CODEC:u_CODEC_config|address[4] ; config_CODEC:u_CODEC_config|DATA[3]    ; I2C_driver:u_I2C_Config|SENT           ; I2C_driver:u_I2C_Config|SENT ; 1.000        ; -0.079     ; 2.153      ;
; -1.217 ; config_CODEC:u_CODEC_config|address[2] ; config_CODEC:u_CODEC_config|DATA[11]   ; I2C_driver:u_I2C_Config|SENT           ; I2C_driver:u_I2C_Config|SENT ; 1.000        ; -0.079     ; 2.136      ;
; -1.216 ; config_CODEC:u_CODEC_config|address[0] ; config_CODEC:u_CODEC_config|DATA[11]   ; I2C_driver:u_I2C_Config|SENT           ; I2C_driver:u_I2C_Config|SENT ; 1.000        ; -0.080     ; 2.134      ;
; -1.207 ; config_CODEC:u_CODEC_config|address[1] ; config_CODEC:u_CODEC_config|DATA[12]   ; I2C_driver:u_I2C_Config|SENT           ; I2C_driver:u_I2C_Config|SENT ; 1.000        ; -0.079     ; 2.126      ;
; -1.197 ; config_CODEC:u_CODEC_config|address[0] ; config_CODEC:u_CODEC_config|DATA[9]    ; I2C_driver:u_I2C_Config|SENT           ; I2C_driver:u_I2C_Config|SENT ; 1.000        ; -0.080     ; 2.115      ;
; -1.180 ; config_CODEC:u_CODEC_config|address[3] ; config_CODEC:u_CODEC_config|address[4] ; I2C_driver:u_I2C_Config|SENT           ; I2C_driver:u_I2C_Config|SENT ; 1.000        ; -0.081     ; 2.097      ;
; -1.180 ; config_CODEC:u_CODEC_config|address[3] ; config_CODEC:u_CODEC_config|address[2] ; I2C_driver:u_I2C_Config|SENT           ; I2C_driver:u_I2C_Config|SENT ; 1.000        ; -0.081     ; 2.097      ;
; -1.180 ; config_CODEC:u_CODEC_config|address[3] ; config_CODEC:u_CODEC_config|address[1] ; I2C_driver:u_I2C_Config|SENT           ; I2C_driver:u_I2C_Config|SENT ; 1.000        ; -0.081     ; 2.097      ;
; -1.180 ; config_CODEC:u_CODEC_config|address[3] ; config_CODEC:u_CODEC_config|address[3] ; I2C_driver:u_I2C_Config|SENT           ; I2C_driver:u_I2C_Config|SENT ; 1.000        ; -0.081     ; 2.097      ;
; -1.164 ; config_CODEC:u_CODEC_config|address[2] ; config_CODEC:u_CODEC_config|DATA[0]    ; I2C_driver:u_I2C_Config|SENT           ; I2C_driver:u_I2C_Config|SENT ; 1.000        ; -0.080     ; 2.082      ;
; -1.147 ; config_CODEC:u_CODEC_config|address[4] ; config_CODEC:u_CODEC_config|DATA[4]    ; I2C_driver:u_I2C_Config|SENT           ; I2C_driver:u_I2C_Config|SENT ; 1.000        ; -0.080     ; 2.065      ;
; -1.135 ; config_CODEC:u_CODEC_config|address[0] ; config_CODEC:u_CODEC_config|DATA[12]   ; I2C_driver:u_I2C_Config|SENT           ; I2C_driver:u_I2C_Config|SENT ; 1.000        ; -0.080     ; 2.053      ;
; -1.098 ; config_CODEC:u_CODEC_config|address[0] ; config_CODEC:u_CODEC_config|address[4] ; I2C_driver:u_I2C_Config|SENT           ; I2C_driver:u_I2C_Config|SENT ; 1.000        ; -0.082     ; 2.014      ;
; -1.090 ; config_CODEC:u_CODEC_config|address[4] ; config_CODEC:u_CODEC_config|DATA[0]    ; I2C_driver:u_I2C_Config|SENT           ; I2C_driver:u_I2C_Config|SENT ; 1.000        ; -0.080     ; 2.008      ;
; -1.015 ; config_CODEC:u_CODEC_config|address[2] ; config_CODEC:u_CODEC_config|DATA[10]   ; I2C_driver:u_I2C_Config|SENT           ; I2C_driver:u_I2C_Config|SENT ; 1.000        ; -0.079     ; 1.934      ;
; -0.992 ; config_CODEC:u_CODEC_config|address[4] ; config_CODEC:u_CODEC_config|DATA[2]    ; I2C_driver:u_I2C_Config|SENT           ; I2C_driver:u_I2C_Config|SENT ; 1.000        ; -0.080     ; 1.910      ;
; -0.989 ; config_CODEC:u_CODEC_config|address[2] ; config_CODEC:u_CODEC_config|address[4] ; I2C_driver:u_I2C_Config|SENT           ; I2C_driver:u_I2C_Config|SENT ; 1.000        ; -0.081     ; 1.906      ;
; -0.989 ; config_CODEC:u_CODEC_config|address[2] ; config_CODEC:u_CODEC_config|address[2] ; I2C_driver:u_I2C_Config|SENT           ; I2C_driver:u_I2C_Config|SENT ; 1.000        ; -0.081     ; 1.906      ;
; -0.989 ; config_CODEC:u_CODEC_config|address[2] ; config_CODEC:u_CODEC_config|address[1] ; I2C_driver:u_I2C_Config|SENT           ; I2C_driver:u_I2C_Config|SENT ; 1.000        ; -0.081     ; 1.906      ;
; -0.989 ; config_CODEC:u_CODEC_config|address[2] ; config_CODEC:u_CODEC_config|address[3] ; I2C_driver:u_I2C_Config|SENT           ; I2C_driver:u_I2C_Config|SENT ; 1.000        ; -0.081     ; 1.906      ;
; -0.976 ; config_CODEC:u_CODEC_config|address[0] ; config_CODEC:u_CODEC_config|address[3] ; I2C_driver:u_I2C_Config|SENT           ; I2C_driver:u_I2C_Config|SENT ; 1.000        ; -0.082     ; 1.892      ;
; -0.966 ; config_CODEC:u_CODEC_config|address[0] ; config_CODEC:u_CODEC_config|address[2] ; I2C_driver:u_I2C_Config|SENT           ; I2C_driver:u_I2C_Config|SENT ; 1.000        ; -0.082     ; 1.882      ;
; -0.926 ; config_CODEC:u_CODEC_config|address[0] ; config_CODEC:u_CODEC_config|DATA[4]    ; I2C_driver:u_I2C_Config|SENT           ; I2C_driver:u_I2C_Config|SENT ; 1.000        ; -0.081     ; 1.843      ;
; -0.916 ; config_CODEC:u_CODEC_config|address[4] ; config_CODEC:u_CODEC_config|address[4] ; I2C_driver:u_I2C_Config|SENT           ; I2C_driver:u_I2C_Config|SENT ; 1.000        ; -0.081     ; 1.833      ;
; -0.916 ; config_CODEC:u_CODEC_config|address[4] ; config_CODEC:u_CODEC_config|address[2] ; I2C_driver:u_I2C_Config|SENT           ; I2C_driver:u_I2C_Config|SENT ; 1.000        ; -0.081     ; 1.833      ;
; -0.916 ; config_CODEC:u_CODEC_config|address[4] ; config_CODEC:u_CODEC_config|address[1] ; I2C_driver:u_I2C_Config|SENT           ; I2C_driver:u_I2C_Config|SENT ; 1.000        ; -0.081     ; 1.833      ;
; -0.916 ; config_CODEC:u_CODEC_config|address[4] ; config_CODEC:u_CODEC_config|address[3] ; I2C_driver:u_I2C_Config|SENT           ; I2C_driver:u_I2C_Config|SENT ; 1.000        ; -0.081     ; 1.833      ;
; -0.840 ; config_CODEC:u_CODEC_config|address[0] ; config_CODEC:u_CODEC_config|DATA[0]    ; I2C_driver:u_I2C_Config|SENT           ; I2C_driver:u_I2C_Config|SENT ; 1.000        ; -0.081     ; 1.757      ;
; -0.809 ; config_CODEC:u_CODEC_config|address[4] ; config_CODEC:u_CODEC_config|DATA[9]    ; I2C_driver:u_I2C_Config|SENT           ; I2C_driver:u_I2C_Config|SENT ; 1.000        ; -0.079     ; 1.728      ;
; -0.805 ; config_CODEC:u_CODEC_config|address[4] ; config_CODEC:u_CODEC_config|DATA[12]   ; I2C_driver:u_I2C_Config|SENT           ; I2C_driver:u_I2C_Config|SENT ; 1.000        ; -0.079     ; 1.724      ;
; -0.772 ; config_CODEC:u_CODEC_config|address[4] ; config_CODEC:u_CODEC_config|DATA[10]   ; I2C_driver:u_I2C_Config|SENT           ; I2C_driver:u_I2C_Config|SENT ; 1.000        ; -0.079     ; 1.691      ;
; -0.770 ; config_CODEC:u_CODEC_config|address[4] ; config_CODEC:u_CODEC_config|DATA[11]   ; I2C_driver:u_I2C_Config|SENT           ; I2C_driver:u_I2C_Config|SENT ; 1.000        ; -0.079     ; 1.689      ;
; -0.654 ; config_CODEC:u_CODEC_config|address[2] ; config_CODEC:u_CODEC_config|DATA[6]    ; I2C_driver:u_I2C_Config|SENT           ; I2C_driver:u_I2C_Config|SENT ; 1.000        ; 0.299      ; 1.951      ;
; -0.646 ; config_CODEC:u_CODEC_config|address[1] ; config_CODEC:u_CODEC_config|DATA[5]    ; I2C_driver:u_I2C_Config|SENT           ; I2C_driver:u_I2C_Config|SENT ; 1.000        ; 0.299      ; 1.943      ;
; -0.637 ; config_CODEC:u_CODEC_config|address[1] ; config_CODEC:u_CODEC_config|DATA[6]    ; I2C_driver:u_I2C_Config|SENT           ; I2C_driver:u_I2C_Config|SENT ; 1.000        ; 0.299      ; 1.934      ;
; -0.631 ; config_CODEC:u_CODEC_config|address[3] ; config_CODEC:u_CODEC_config|DATA[5]    ; I2C_driver:u_I2C_Config|SENT           ; I2C_driver:u_I2C_Config|SENT ; 1.000        ; 0.299      ; 1.928      ;
; -0.617 ; config_CODEC:u_CODEC_config|vol[3]     ; config_CODEC:u_CODEC_config|DATA[3]    ; config_CODEC:u_CODEC_config|counter[9] ; I2C_driver:u_I2C_Config|SENT ; 1.000        ; -0.285     ; 1.330      ;
; -0.610 ; config_CODEC:u_CODEC_config|address[1] ; config_CODEC:u_CODEC_config|DATA[2]    ; I2C_driver:u_I2C_Config|SENT           ; I2C_driver:u_I2C_Config|SENT ; 1.000        ; -0.080     ; 1.528      ;
; -0.603 ; config_CODEC:u_CODEC_config|address[3] ; config_CODEC:u_CODEC_config|DATA[10]   ; I2C_driver:u_I2C_Config|SENT           ; I2C_driver:u_I2C_Config|SENT ; 1.000        ; -0.079     ; 1.522      ;
; -0.600 ; config_CODEC:u_CODEC_config|vol[1]     ; config_CODEC:u_CODEC_config|DATA[1]    ; config_CODEC:u_CODEC_config|counter[9] ; I2C_driver:u_I2C_Config|SENT ; 1.000        ; -0.285     ; 1.313      ;
; -0.498 ; config_CODEC:u_CODEC_config|address[3] ; config_CODEC:u_CODEC_config|DATA[6]    ; I2C_driver:u_I2C_Config|SENT           ; I2C_driver:u_I2C_Config|SENT ; 1.000        ; 0.299      ; 1.795      ;
; -0.493 ; config_CODEC:u_CODEC_config|address[2] ; config_CODEC:u_CODEC_config|DATA[5]    ; I2C_driver:u_I2C_Config|SENT           ; I2C_driver:u_I2C_Config|SENT ; 1.000        ; 0.299      ; 1.790      ;
; -0.465 ; config_CODEC:u_CODEC_config|address[0] ; config_CODEC:u_CODEC_config|address[1] ; I2C_driver:u_I2C_Config|SENT           ; I2C_driver:u_I2C_Config|SENT ; 1.000        ; -0.082     ; 1.381      ;
; -0.451 ; config_CODEC:u_CODEC_config|address[2] ; config_CODEC:u_CODEC_config|DATA[2]    ; I2C_driver:u_I2C_Config|SENT           ; I2C_driver:u_I2C_Config|SENT ; 1.000        ; -0.080     ; 1.369      ;
; -0.392 ; config_CODEC:u_CODEC_config|address[0] ; config_CODEC:u_CODEC_config|DATA[6]    ; I2C_driver:u_I2C_Config|SENT           ; I2C_driver:u_I2C_Config|SENT ; 1.000        ; 0.298      ; 1.688      ;
; -0.385 ; config_CODEC:u_CODEC_config|address[4] ; config_CODEC:u_CODEC_config|DATA[5]    ; I2C_driver:u_I2C_Config|SENT           ; I2C_driver:u_I2C_Config|SENT ; 1.000        ; 0.299      ; 1.682      ;
; -0.259 ; config_CODEC:u_CODEC_config|address[4] ; config_CODEC:u_CODEC_config|DATA[6]    ; I2C_driver:u_I2C_Config|SENT           ; I2C_driver:u_I2C_Config|SENT ; 1.000        ; 0.299      ; 1.556      ;
; -0.155 ; config_CODEC:u_CODEC_config|vol[2]     ; config_CODEC:u_CODEC_config|DATA[2]    ; config_CODEC:u_CODEC_config|counter[9] ; I2C_driver:u_I2C_Config|SENT ; 1.000        ; -0.286     ; 0.867      ;
; -0.146 ; config_CODEC:u_CODEC_config|vol[4]     ; config_CODEC:u_CODEC_config|DATA[4]    ; config_CODEC:u_CODEC_config|counter[9] ; I2C_driver:u_I2C_Config|SENT ; 1.000        ; -0.286     ; 0.858      ;
; -0.121 ; config_CODEC:u_CODEC_config|vol[0]     ; config_CODEC:u_CODEC_config|DATA[0]    ; config_CODEC:u_CODEC_config|counter[9] ; I2C_driver:u_I2C_Config|SENT ; 1.000        ; -0.286     ; 0.833      ;
; 0.152  ; config_CODEC:u_CODEC_config|address[0] ; config_CODEC:u_CODEC_config|address[0] ; I2C_driver:u_I2C_Config|SENT           ; I2C_driver:u_I2C_Config|SENT ; 1.000        ; -0.081     ; 0.765      ;
+--------+----------------------------------------+----------------------------------------+----------------------------------------+------------------------------+--------------+------------+------------+


+----------------------------------------------------------------------------------------------------------------------------------------------------------------------------------------------------------------------------------------------------------------------------------+
; Slow 1200mV 85C Model Hold: 'CLOCK_50'                                                                                                                                                                                                                                           ;
+-------+---------------------------------------------------------+------------------------------------------------------------------------------------------------------------------------------------------+--------------+-------------+--------------+------------+------------+
; Slack ; From Node                                               ; To Node                                                                                                                                  ; Launch Clock ; Latch Clock ; Relationship ; Clock Skew ; Data Delay ;
+-------+---------------------------------------------------------+------------------------------------------------------------------------------------------------------------------------------------------+--------------+-------------+--------------+------------+------------+
; 0.266 ; octaver:octaver_L|addr_a[0]                             ; octaver:octaver_R|RAM_Octaver:RAM_inst|altsyncram:altsyncram_component|altsyncram_1pp3:auto_generated|ram_block1a4~porta_address_reg0    ; CLOCK_50     ; CLOCK_50    ; 0.000        ; 0.453      ; 0.941      ;
; 0.333 ; chorus:chorus_inst_R|ram_data[4]                        ; chorus:chorus_inst_R|RAM_chorus:RAM_INST|altsyncram:altsyncram_component|altsyncram_n5o3:auto_generated|ram_block1a4~porta_datain_reg0   ; CLOCK_50     ; CLOCK_50    ; 0.000        ; 0.447      ; 1.002      ;
; 0.333 ; chorus:chorus_inst_L|ram_write_adr[10]                  ; chorus:chorus_inst_L|RAM_chorus:RAM_INST|altsyncram:altsyncram_component|altsyncram_n5o3:auto_generated|ram_block1a15~porta_address_reg0 ; CLOCK_50     ; CLOCK_50    ; 0.000        ; 0.434      ; 0.989      ;
; 0.335 ; chorus:chorus_inst_R|ram_data[9]                        ; chorus:chorus_inst_R|RAM_chorus:RAM_INST|altsyncram:altsyncram_component|altsyncram_n5o3:auto_generated|ram_block1a9~porta_datain_reg0   ; CLOCK_50     ; CLOCK_50    ; 0.000        ; 0.441      ; 0.998      ;
; 0.336 ; chorus:chorus_inst_R|ram_data[15]                       ; chorus:chorus_inst_R|RAM_chorus:RAM_INST|altsyncram:altsyncram_component|altsyncram_n5o3:auto_generated|ram_block1a15~porta_datain_reg0  ; CLOCK_50     ; CLOCK_50    ; 0.000        ; 0.442      ; 1.000      ;
; 0.346 ; chorus:chorus_inst_R|ram_data[14]                       ; chorus:chorus_inst_R|RAM_chorus:RAM_INST|altsyncram:altsyncram_component|altsyncram_n5o3:auto_generated|ram_block1a14~porta_datain_reg0  ; CLOCK_50     ; CLOCK_50    ; 0.000        ; 0.446      ; 1.014      ;
; 0.349 ; chorus:chorus_inst_R|ram_data[11]                       ; chorus:chorus_inst_R|RAM_chorus:RAM_INST|altsyncram:altsyncram_component|altsyncram_n5o3:auto_generated|ram_block1a11~porta_datain_reg0  ; CLOCK_50     ; CLOCK_50    ; 0.000        ; 0.442      ; 1.013      ;
; 0.354 ; chorus:chorus_inst_R|ram_data[6]                        ; chorus:chorus_inst_R|RAM_chorus:RAM_INST|altsyncram:altsyncram_component|altsyncram_n5o3:auto_generated|ram_block1a6~porta_datain_reg0   ; CLOCK_50     ; CLOCK_50    ; 0.000        ; 0.442      ; 1.018      ;
; 0.357 ; chorus:chorus_inst_L|ram_data[14]                       ; chorus:chorus_inst_L|RAM_chorus:RAM_INST|altsyncram:altsyncram_component|altsyncram_n5o3:auto_generated|ram_block1a14~porta_datain_reg0  ; CLOCK_50     ; CLOCK_50    ; 0.000        ; 0.446      ; 1.025      ;
; 0.360 ; chorus:chorus_inst_R|ram_data[12]                       ; chorus:chorus_inst_R|RAM_chorus:RAM_INST|altsyncram:altsyncram_component|altsyncram_n5o3:auto_generated|ram_block1a12~porta_datain_reg0  ; CLOCK_50     ; CLOCK_50    ; 0.000        ; 0.450      ; 1.032      ;
; 0.379 ; chorus:chorus_inst_L|ram_write_adr[2]                   ; chorus:chorus_inst_R|RAM_chorus:RAM_INST|altsyncram:altsyncram_component|altsyncram_n5o3:auto_generated|ram_block1a12~porta_address_reg0 ; CLOCK_50     ; CLOCK_50    ; 0.000        ; 0.441      ; 1.042      ;
; 0.380 ; chorus:chorus_inst_L|ram_data[11]                       ; chorus:chorus_inst_L|RAM_chorus:RAM_INST|altsyncram:altsyncram_component|altsyncram_n5o3:auto_generated|ram_block1a11~porta_datain_reg0  ; CLOCK_50     ; CLOCK_50    ; 0.000        ; 0.446      ; 1.048      ;
; 0.381 ; chorus:chorus_inst_L|ram_data[7]                        ; chorus:chorus_inst_L|RAM_chorus:RAM_INST|altsyncram:altsyncram_component|altsyncram_n5o3:auto_generated|ram_block1a7~porta_datain_reg0   ; CLOCK_50     ; CLOCK_50    ; 0.000        ; 0.430      ; 1.033      ;
; 0.382 ; chorus:chorus_inst_R|ram_data[10]                       ; chorus:chorus_inst_R|RAM_chorus:RAM_INST|altsyncram:altsyncram_component|altsyncram_n5o3:auto_generated|ram_block1a10~porta_datain_reg0  ; CLOCK_50     ; CLOCK_50    ; 0.000        ; 0.446      ; 1.050      ;
; 0.383 ; chorus:chorus_inst_L|read_state[0]                      ; chorus:chorus_inst_L|read_state[0]                                                                                                       ; CLOCK_50     ; CLOCK_50    ; 0.000        ; 0.100      ; 0.669      ;
; 0.383 ; chorus:chorus_inst_L|read_state[2]                      ; chorus:chorus_inst_L|read_state[2]                                                                                                       ; CLOCK_50     ; CLOCK_50    ; 0.000        ; 0.100      ; 0.669      ;
; 0.383 ; chorus:chorus_inst_R|ram_data[8]                        ; chorus:chorus_inst_R|RAM_chorus:RAM_INST|altsyncram:altsyncram_component|altsyncram_n5o3:auto_generated|ram_block1a8~porta_datain_reg0   ; CLOCK_50     ; CLOCK_50    ; 0.000        ; 0.446      ; 1.051      ;
; 0.386 ; chorus:chorus_inst_R|ram_data[2]                        ; chorus:chorus_inst_R|RAM_chorus:RAM_INST|altsyncram:altsyncram_component|altsyncram_n5o3:auto_generated|ram_block1a2~porta_datain_reg0   ; CLOCK_50     ; CLOCK_50    ; 0.000        ; 0.440      ; 1.048      ;
; 0.386 ; chorus:chorus_inst_L|phase_acc[0]                       ; chorus:chorus_inst_L|phase_acc[0]                                                                                                        ; CLOCK_50     ; CLOCK_50    ; 0.000        ; 0.097      ; 0.669      ;
; 0.388 ; chorus:chorus_inst_L|ram_data[8]                        ; chorus:chorus_inst_L|RAM_chorus:RAM_INST|altsyncram:altsyncram_component|altsyncram_n5o3:auto_generated|ram_block1a8~porta_datain_reg0   ; CLOCK_50     ; CLOCK_50    ; 0.000        ; 0.447      ; 1.057      ;
; 0.388 ; chorus:chorus_inst_L|ram_write_adr[12]                  ; chorus:chorus_inst_L|RAM_chorus:RAM_INST|altsyncram:altsyncram_component|altsyncram_n5o3:auto_generated|ram_block1a15~porta_address_reg0 ; CLOCK_50     ; CLOCK_50    ; 0.000        ; 0.441      ; 1.051      ;
; 0.390 ; chorus:chorus_inst_R|ram_data[7]                        ; chorus:chorus_inst_R|RAM_chorus:RAM_INST|altsyncram:altsyncram_component|altsyncram_n5o3:auto_generated|ram_block1a7~porta_datain_reg0   ; CLOCK_50     ; CLOCK_50    ; 0.000        ; 0.442      ; 1.054      ;
; 0.401 ; chorus:chorus_inst_L|ram_data[4]                        ; chorus:chorus_inst_L|RAM_chorus:RAM_INST|altsyncram:altsyncram_component|altsyncram_n5o3:auto_generated|ram_block1a4~porta_datain_reg0   ; CLOCK_50     ; CLOCK_50    ; 0.000        ; 0.437      ; 1.060      ;
; 0.402 ; chorus:chorus_inst_L|read_state[1]                      ; chorus:chorus_inst_L|read_state[1]                                                                                                       ; CLOCK_50     ; CLOCK_50    ; 0.000        ; 0.081      ; 0.669      ;
; 0.404 ; chorus:chorus_inst_R|ram_data[3]                        ; chorus:chorus_inst_R|RAM_chorus:RAM_INST|altsyncram:altsyncram_component|altsyncram_n5o3:auto_generated|ram_block1a3~porta_datain_reg0   ; CLOCK_50     ; CLOCK_50    ; 0.000        ; 0.452      ; 1.078      ;
; 0.404 ; octaver:octaver_L|dsp_state[2]                          ; octaver:octaver_L|dsp_state[2]                                                                                                           ; CLOCK_50     ; CLOCK_50    ; 0.000        ; 0.079      ; 0.669      ;
; 0.404 ; octaver:octaver_L|dsp_state[1]                          ; octaver:octaver_L|dsp_state[1]                                                                                                           ; CLOCK_50     ; CLOCK_50    ; 0.000        ; 0.079      ; 0.669      ;
; 0.404 ; chorus:chorus_inst_L|ram_write_adr[8]                   ; chorus:chorus_inst_R|RAM_chorus:RAM_INST|altsyncram:altsyncram_component|altsyncram_n5o3:auto_generated|ram_block1a12~porta_address_reg0 ; CLOCK_50     ; CLOCK_50    ; 0.000        ; 0.442      ; 1.068      ;
; 0.406 ; chorus:chorus_inst_L|ram_data[6]                        ; chorus:chorus_inst_L|RAM_chorus:RAM_INST|altsyncram:altsyncram_component|altsyncram_n5o3:auto_generated|ram_block1a6~porta_datain_reg0   ; CLOCK_50     ; CLOCK_50    ; 0.000        ; 0.465      ; 1.093      ;
; 0.407 ; config_CODEC:u_CODEC_config|counter[0]                  ; config_CODEC:u_CODEC_config|counter[0]                                                                                                   ; CLOCK_50     ; CLOCK_50    ; 0.000        ; 0.081      ; 0.674      ;
; 0.408 ; chorus:chorus_inst_L|lfo_counter[19]                    ; chorus:chorus_inst_L|lfo_counter[19]                                                                                                     ; CLOCK_50     ; CLOCK_50    ; 0.000        ; 0.100      ; 0.694      ;
; 0.423 ; chorus:chorus_inst_L|read_state[2]                      ; chorus:chorus_inst_L|read_state[0]                                                                                                       ; CLOCK_50     ; CLOCK_50    ; 0.000        ; 0.100      ; 0.709      ;
; 0.423 ; chorus:chorus_inst_L|phase_acc[7]                       ; chorus:chorus_inst_L|phase_acc[7]                                                                                                        ; CLOCK_50     ; CLOCK_50    ; 0.000        ; 0.099      ; 0.708      ;
; 0.424 ; auto_wah:u_auto_wah_R|svf_lp[35]                        ; auto_wah:u_auto_wah_R|svf_lp[35]                                                                                                         ; CLOCK_50     ; CLOCK_50    ; 0.000        ; 0.099      ; 0.709      ;
; 0.424 ; chorus:chorus_inst_L|ram_data[2]                        ; chorus:chorus_inst_L|RAM_chorus:RAM_INST|altsyncram:altsyncram_component|altsyncram_n5o3:auto_generated|ram_block1a2~porta_datain_reg0   ; CLOCK_50     ; CLOCK_50    ; 0.000        ; 0.435      ; 1.081      ;
; 0.435 ; key_detect:u_switch_trigger|bitRegister0[1]             ; key_detect:u_switch_trigger|bitRegister0[2]                                                                                              ; CLOCK_50     ; CLOCK_50    ; 0.000        ; 0.081      ; 0.702      ;
; 0.436 ; key_detect:u_switch_trigger|bitRegister1[1]             ; key_detect:u_switch_trigger|bitRegister1[2]                                                                                              ; CLOCK_50     ; CLOCK_50    ; 0.000        ; 0.081      ; 0.703      ;
; 0.436 ; key_detect:u_switch_trigger|bitRegister1[0]             ; key_detect:u_switch_trigger|bitRegister1[1]                                                                                              ; CLOCK_50     ; CLOCK_50    ; 0.000        ; 0.081      ; 0.703      ;
; 0.436 ; key_detect:u_switch_trigger|bitRegister0[0]             ; key_detect:u_switch_trigger|bitRegister0[1]                                                                                              ; CLOCK_50     ; CLOCK_50    ; 0.000        ; 0.081      ; 0.703      ;
; 0.437 ; digital_distortion:digital_distortion_L|bitRegister0[2] ; digital_distortion:digital_distortion_L|bitRegister0[3]                                                                                  ; CLOCK_50     ; CLOCK_50    ; 0.000        ; 0.081      ; 0.704      ;
; 0.442 ; octaver:octaver_L|rd_ptr2[10]                           ; octaver:octaver_L|addr_b[10]                                                                                                             ; CLOCK_50     ; CLOCK_50    ; 0.000        ; 0.079      ; 0.707      ;
; 0.443 ; octaver:octaver_L|rd_ptr1[10]                           ; octaver:octaver_L|rd_ptr1[10]                                                                                                            ; CLOCK_50     ; CLOCK_50    ; 0.000        ; 0.079      ; 0.708      ;
; 0.451 ; octaver:octaver_L|dsp_state[1]                          ; octaver:octaver_L|dsp_state[2]                                                                                                           ; CLOCK_50     ; CLOCK_50    ; 0.000        ; 0.079      ; 0.716      ;
; 0.452 ; digital_distortion:digital_distortion_L|bitRegister1[0] ; digital_distortion:digital_distortion_L|bitRegister1[1]                                                                                  ; CLOCK_50     ; CLOCK_50    ; 0.000        ; 0.081      ; 0.719      ;
; 0.453 ; digital_distortion:digital_distortion_L|bitRegister1[1] ; digital_distortion:digital_distortion_L|bitRegister1[2]                                                                                  ; CLOCK_50     ; CLOCK_50    ; 0.000        ; 0.081      ; 0.720      ;
; 0.545 ; digital_distortion:digital_distortion_L|bitRegister1[0] ; digital_distortion:digital_distortion_L|increase_counter                                                                                 ; CLOCK_50     ; CLOCK_50    ; 0.000        ; 0.479      ; 1.210      ;
; 0.557 ; auto_wah:u_auto_wah_R|svf_lp[18]                        ; auto_wah:u_auto_wah_R|svf_lp[19]                                                                                                         ; CLOCK_50     ; CLOCK_50    ; 0.000        ; 0.512      ; 1.255      ;
; 0.573 ; octaver:octaver_L|addr_a[0]                             ; octaver:octaver_L|RAM_Octaver:RAM_inst|altsyncram:altsyncram_component|altsyncram_1pp3:auto_generated|ram_block1a8~porta_address_reg0    ; CLOCK_50     ; CLOCK_50    ; 0.000        ; 0.453      ; 1.248      ;
; 0.576 ; chorus:chorus_inst_L|ram_write_adr[6]                   ; chorus:chorus_inst_L|RAM_chorus:RAM_INST|altsyncram:altsyncram_component|altsyncram_n5o3:auto_generated|ram_block1a8~porta_address_reg0  ; CLOCK_50     ; CLOCK_50    ; 0.000        ; 0.435      ; 1.233      ;
; 0.590 ; chorus:chorus_inst_L|read_state[0]                      ; chorus:chorus_inst_L|read_state[2]                                                                                                       ; CLOCK_50     ; CLOCK_50    ; 0.000        ; 0.100      ; 0.876      ;
; 0.591 ; octaver:octaver_L|addr_b[3]                             ; octaver:octaver_L|RAM_Octaver:RAM_inst|altsyncram:altsyncram_component|altsyncram_1pp3:auto_generated|ram_block1a8~portb_address_reg0    ; CLOCK_50     ; CLOCK_50    ; 0.000        ; 0.453      ; 1.266      ;
; 0.599 ; digital_distortion:digital_distortion_L|bitRegister0[1] ; digital_distortion:digital_distortion_L|bitRegister0[2]                                                                                  ; CLOCK_50     ; CLOCK_50    ; 0.000        ; 0.081      ; 0.866      ;
; 0.603 ; chorus:chorus_inst_L|ram_data[15]                       ; chorus:chorus_inst_L|RAM_chorus:RAM_INST|altsyncram:altsyncram_component|altsyncram_n5o3:auto_generated|ram_block1a15~porta_datain_reg0  ; CLOCK_50     ; CLOCK_50    ; 0.000        ; 0.447      ; 1.272      ;
; 0.607 ; key_detect:u_switch_trigger|bitRegister0[2]             ; key_detect:u_switch_trigger|bitRegister0[3]                                                                                              ; CLOCK_50     ; CLOCK_50    ; 0.000        ; 0.081      ; 0.874      ;
; 0.609 ; key_detect:u_switch_trigger|bitRegister1[2]             ; key_detect:u_switch_trigger|bitRegister1[3]                                                                                              ; CLOCK_50     ; CLOCK_50    ; 0.000        ; 0.081      ; 0.876      ;
; 0.610 ; digital_distortion:digital_distortion_L|bitRegister0[0] ; digital_distortion:digital_distortion_L|bitRegister0[1]                                                                                  ; CLOCK_50     ; CLOCK_50    ; 0.000        ; 0.081      ; 0.877      ;
; 0.611 ; octaver:octaver_L|dsp_state[2]                          ; octaver:octaver_L|dsp_state[1]                                                                                                           ; CLOCK_50     ; CLOCK_50    ; 0.000        ; 0.079      ; 0.876      ;
; 0.618 ; chorus:chorus_inst_L|lfo_counter[1]                     ; chorus:chorus_inst_L|lfo_counter[1]                                                                                                      ; CLOCK_50     ; CLOCK_50    ; 0.000        ; 0.098      ; 0.902      ;
; 0.621 ; auto_wah:u_auto_wah_L|svf_bp[1]                         ; auto_wah:u_auto_wah_L|svf_bp[1]                                                                                                          ; CLOCK_50     ; CLOCK_50    ; 0.000        ; 0.097      ; 0.904      ;
; 0.621 ; octaver:octaver_L|addr_a[1]                             ; octaver:octaver_R|RAM_Octaver:RAM_inst|altsyncram:altsyncram_component|altsyncram_1pp3:auto_generated|ram_block1a4~porta_address_reg0    ; CLOCK_50     ; CLOCK_50    ; 0.000        ; 0.457      ; 1.300      ;
; 0.622 ; chorus:chorus_inst_L|phase_acc[0]                       ; chorus:chorus_inst_L|phase_acc[1]                                                                                                        ; CLOCK_50     ; CLOCK_50    ; 0.000        ; 0.134      ; 0.942      ;
; 0.625 ; chorus:chorus_inst_L|lfo_counter[16]                    ; chorus:chorus_inst_L|lfo_counter[16]                                                                                                     ; CLOCK_50     ; CLOCK_50    ; 0.000        ; 0.100      ; 0.911      ;
; 0.625 ; octaver:octaver_L|addr_a[8]                             ; octaver:octaver_R|RAM_Octaver:RAM_inst|altsyncram:altsyncram_component|altsyncram_1pp3:auto_generated|ram_block1a4~porta_address_reg0    ; CLOCK_50     ; CLOCK_50    ; 0.000        ; 0.457      ; 1.304      ;
; 0.626 ; chorus:chorus_inst_L|lfo_counter[17]                    ; chorus:chorus_inst_L|lfo_counter[17]                                                                                                     ; CLOCK_50     ; CLOCK_50    ; 0.000        ; 0.100      ; 0.912      ;
; 0.626 ; chorus:chorus_inst_L|ram_write_adr[7]                   ; chorus:chorus_inst_R|RAM_chorus:RAM_INST|altsyncram:altsyncram_component|altsyncram_n5o3:auto_generated|ram_block1a12~porta_address_reg0 ; CLOCK_50     ; CLOCK_50    ; 0.000        ; 0.430      ; 1.278      ;
; 0.628 ; chorus:chorus_inst_L|lfo_counter[13]                    ; chorus:chorus_inst_L|lfo_counter[13]                                                                                                     ; CLOCK_50     ; CLOCK_50    ; 0.000        ; 0.100      ; 0.914      ;
; 0.629 ; chorus:chorus_inst_L|lfo_counter[18]                    ; chorus:chorus_inst_L|lfo_counter[18]                                                                                                     ; CLOCK_50     ; CLOCK_50    ; 0.000        ; 0.100      ; 0.915      ;
; 0.630 ; chorus:chorus_inst_L|lfo_counter[11]                    ; chorus:chorus_inst_L|lfo_counter[11]                                                                                                     ; CLOCK_50     ; CLOCK_50    ; 0.000        ; 0.100      ; 0.916      ;
; 0.630 ; chorus:chorus_inst_L|lfo_counter[15]                    ; chorus:chorus_inst_L|lfo_counter[15]                                                                                                     ; CLOCK_50     ; CLOCK_50    ; 0.000        ; 0.100      ; 0.916      ;
; 0.632 ; chorus:chorus_inst_L|lfo_counter[10]                    ; chorus:chorus_inst_L|lfo_counter[10]                                                                                                     ; CLOCK_50     ; CLOCK_50    ; 0.000        ; 0.100      ; 0.918      ;
; 0.632 ; config_CODEC:u_CODEC_config|counter[2]                  ; config_CODEC:u_CODEC_config|counter[2]                                                                                                   ; CLOCK_50     ; CLOCK_50    ; 0.000        ; 0.081      ; 0.899      ;
; 0.634 ; chorus:chorus_inst_L|lfo_counter[12]                    ; chorus:chorus_inst_L|lfo_counter[12]                                                                                                     ; CLOCK_50     ; CLOCK_50    ; 0.000        ; 0.100      ; 0.920      ;
; 0.634 ; auto_wah:u_auto_wah_R|svf_bp[0]                         ; auto_wah:u_auto_wah_R|svf_bp[0]                                                                                                          ; CLOCK_50     ; CLOCK_50    ; 0.000        ; 0.098      ; 0.918      ;
; 0.634 ; config_CODEC:u_CODEC_config|counter[3]                  ; config_CODEC:u_CODEC_config|counter[3]                                                                                                   ; CLOCK_50     ; CLOCK_50    ; 0.000        ; 0.081      ; 0.901      ;
; 0.635 ; chorus:chorus_inst_L|lfo_counter[14]                    ; chorus:chorus_inst_L|lfo_counter[14]                                                                                                     ; CLOCK_50     ; CLOCK_50    ; 0.000        ; 0.100      ; 0.921      ;
; 0.635 ; config_CODEC:u_CODEC_config|counter[6]                  ; config_CODEC:u_CODEC_config|counter[6]                                                                                                   ; CLOCK_50     ; CLOCK_50    ; 0.000        ; 0.081      ; 0.902      ;
; 0.635 ; config_CODEC:u_CODEC_config|counter[4]                  ; config_CODEC:u_CODEC_config|counter[4]                                                                                                   ; CLOCK_50     ; CLOCK_50    ; 0.000        ; 0.081      ; 0.902      ;
; 0.637 ; chorus:chorus_inst_L|lfo_counter[7]                     ; chorus:chorus_inst_L|lfo_counter[7]                                                                                                      ; CLOCK_50     ; CLOCK_50    ; 0.000        ; 0.098      ; 0.921      ;
; 0.637 ; chorus:chorus_inst_L|phase_acc[6]                       ; chorus:chorus_inst_L|phase_acc[6]                                                                                                        ; CLOCK_50     ; CLOCK_50    ; 0.000        ; 0.099      ; 0.922      ;
; 0.638 ; chorus:chorus_inst_L|phase_acc[4]                       ; chorus:chorus_inst_L|phase_acc[4]                                                                                                        ; CLOCK_50     ; CLOCK_50    ; 0.000        ; 0.099      ; 0.923      ;
; 0.638 ; config_CODEC:u_CODEC_config|counter[7]                  ; config_CODEC:u_CODEC_config|counter[7]                                                                                                   ; CLOCK_50     ; CLOCK_50    ; 0.000        ; 0.081      ; 0.905      ;
; 0.638 ; config_CODEC:u_CODEC_config|counter[5]                  ; config_CODEC:u_CODEC_config|counter[5]                                                                                                   ; CLOCK_50     ; CLOCK_50    ; 0.000        ; 0.081      ; 0.905      ;
; 0.639 ; auto_wah:u_auto_wah_L|svf_lp[23]                        ; auto_wah:u_auto_wah_L|svf_lp[23]                                                                                                         ; CLOCK_50     ; CLOCK_50    ; 0.000        ; 0.098      ; 0.923      ;
; 0.639 ; auto_wah:u_auto_wah_L|svf_lp[25]                        ; auto_wah:u_auto_wah_L|svf_lp[25]                                                                                                         ; CLOCK_50     ; CLOCK_50    ; 0.000        ; 0.098      ; 0.923      ;
; 0.639 ; auto_wah:u_auto_wah_L|svf_lp[32]                        ; auto_wah:u_auto_wah_L|svf_lp[32]                                                                                                         ; CLOCK_50     ; CLOCK_50    ; 0.000        ; 0.098      ; 0.923      ;
; 0.639 ; auto_wah:u_auto_wah_R|svf_lp[28]                        ; auto_wah:u_auto_wah_R|svf_lp[28]                                                                                                         ; CLOCK_50     ; CLOCK_50    ; 0.000        ; 0.099      ; 0.924      ;
; 0.639 ; auto_wah:u_auto_wah_R|svf_lp[29]                        ; auto_wah:u_auto_wah_R|svf_lp[29]                                                                                                         ; CLOCK_50     ; CLOCK_50    ; 0.000        ; 0.099      ; 0.924      ;
; 0.639 ; auto_wah:u_auto_wah_R|env_acc[30]                       ; auto_wah:u_auto_wah_R|envelope[14]                                                                                                       ; CLOCK_50     ; CLOCK_50    ; 0.000        ; 0.080      ; 0.905      ;
; 0.639 ; digital_distortion:digital_distortion_L|counter50k[4]   ; digital_distortion:digital_distortion_L|counter50k[4]                                                                                    ; CLOCK_50     ; CLOCK_50    ; 0.000        ; 0.081      ; 0.906      ;
; 0.640 ; chorus:chorus_inst_L|lfo_counter[3]                     ; chorus:chorus_inst_L|lfo_counter[3]                                                                                                      ; CLOCK_50     ; CLOCK_50    ; 0.000        ; 0.098      ; 0.924      ;
; 0.640 ; auto_wah:u_auto_wah_L|svf_lp[28]                        ; auto_wah:u_auto_wah_L|svf_lp[28]                                                                                                         ; CLOCK_50     ; CLOCK_50    ; 0.000        ; 0.098      ; 0.924      ;
; 0.640 ; chorus:chorus_inst_L|phase_acc[2]                       ; chorus:chorus_inst_L|phase_acc[2]                                                                                                        ; CLOCK_50     ; CLOCK_50    ; 0.000        ; 0.099      ; 0.925      ;
; 0.640 ; auto_wah:u_auto_wah_R|svf_lp[23]                        ; auto_wah:u_auto_wah_R|svf_lp[23]                                                                                                         ; CLOCK_50     ; CLOCK_50    ; 0.000        ; 0.097      ; 0.923      ;
; 0.640 ; auto_wah:u_auto_wah_R|svf_lp[25]                        ; auto_wah:u_auto_wah_R|svf_lp[25]                                                                                                         ; CLOCK_50     ; CLOCK_50    ; 0.000        ; 0.097      ; 0.923      ;
; 0.641 ; auto_wah:u_auto_wah_L|svf_lp[30]                        ; auto_wah:u_auto_wah_L|svf_lp[30]                                                                                                         ; CLOCK_50     ; CLOCK_50    ; 0.000        ; 0.098      ; 0.925      ;
; 0.641 ; auto_wah:u_auto_wah_L|svf_lp[31]                        ; auto_wah:u_auto_wah_L|svf_lp[31]                                                                                                         ; CLOCK_50     ; CLOCK_50    ; 0.000        ; 0.098      ; 0.925      ;
; 0.641 ; auto_wah:u_auto_wah_R|svf_lp[21]                        ; auto_wah:u_auto_wah_R|svf_lp[21]                                                                                                         ; CLOCK_50     ; CLOCK_50    ; 0.000        ; 0.097      ; 0.924      ;
; 0.641 ; auto_wah:u_auto_wah_R|svf_lp[24]                        ; auto_wah:u_auto_wah_R|svf_lp[24]                                                                                                         ; CLOCK_50     ; CLOCK_50    ; 0.000        ; 0.097      ; 0.924      ;
; 0.641 ; auto_wah:u_auto_wah_R|svf_lp[34]                        ; auto_wah:u_auto_wah_R|svf_lp[34]                                                                                                         ; CLOCK_50     ; CLOCK_50    ; 0.000        ; 0.099      ; 0.926      ;
; 0.641 ; cnt[9]                                                  ; cnt[9]                                                                                                                                   ; CLOCK_50     ; CLOCK_50    ; 0.000        ; 0.081      ; 0.908      ;
+-------+---------------------------------------------------------+------------------------------------------------------------------------------------------------------------------------------------------+--------------+-------------+--------------+------------+------------+


+----------------------------------------------------------------------------------------------------------------------------------------------------------------------------------------------------------------------------------------------------------------------------------------------------------------------------------------------------------------------------------------------------------------------+
; Slow 1200mV 85C Model Hold: 'PLL_inst|altpll_component|auto_generated|pll1|clk[0]'                                                                                                                                                                                                                                                                                                                                   ;
+-------+---------------------------------------------------------------------------------------------------------------------+---------------------------------------------------------------------------------------------------------------------------------+------------------------------------------------------+------------------------------------------------------+--------------+------------+------------+
; Slack ; From Node                                                                                                           ; To Node                                                                                                                         ; Launch Clock                                         ; Latch Clock                                          ; Relationship ; Clock Skew ; Data Delay ;
+-------+---------------------------------------------------------------------------------------------------------------------+---------------------------------------------------------------------------------------------------------------------------------+------------------------------------------------------+------------------------------------------------------+--------------+------------+------------+
; 0.304 ; delay:delay_inst_L|ram_write_adr[0]                                                                                 ; delay:delay_inst_R|RAM:RAM_inst|altsyncram:altsyncram_component|altsyncram_79o3:auto_generated|ram_block1a43~porta_address_reg0 ; PLL_inst|altpll_component|auto_generated|pll1|clk[0] ; PLL_inst|altpll_component|auto_generated|pll1|clk[0] ; 0.000        ; 0.433      ; 0.959      ;
; 0.355 ; delay:delay_inst_L|ram_data[12]                                                                                     ; delay:delay_inst_L|RAM:RAM_inst|altsyncram:altsyncram_component|altsyncram_79o3:auto_generated|ram_block1a44~porta_datain_reg0  ; PLL_inst|altpll_component|auto_generated|pll1|clk[0] ; PLL_inst|altpll_component|auto_generated|pll1|clk[0] ; 0.000        ; 0.440      ; 1.017      ;
; 0.370 ; delay:delay_inst_L|ram_data[4]                                                                                      ; delay:delay_inst_L|RAM:RAM_inst|altsyncram:altsyncram_component|altsyncram_79o3:auto_generated|ram_block1a4~porta_datain_reg0   ; PLL_inst|altpll_component|auto_generated|pll1|clk[0] ; PLL_inst|altpll_component|auto_generated|pll1|clk[0] ; 0.000        ; 0.458      ; 1.050      ;
; 0.370 ; delay:delay_inst_L|ram_write_adr[1]                                                                                 ; delay:delay_inst_R|RAM:RAM_inst|altsyncram:altsyncram_component|altsyncram_79o3:auto_generated|ram_block1a21~porta_address_reg0 ; PLL_inst|altpll_component|auto_generated|pll1|clk[0] ; PLL_inst|altpll_component|auto_generated|pll1|clk[0] ; 0.000        ; 0.444      ; 1.036      ;
; 0.372 ; delay:delay_inst_L|ram_data[11]                                                                                     ; delay:delay_inst_L|RAM:RAM_inst|altsyncram:altsyncram_component|altsyncram_79o3:auto_generated|ram_block1a27~porta_datain_reg0  ; PLL_inst|altpll_component|auto_generated|pll1|clk[0] ; PLL_inst|altpll_component|auto_generated|pll1|clk[0] ; 0.000        ; 0.441      ; 1.035      ;
; 0.372 ; delay:delay_inst_R|ram_data[9]                                                                                      ; delay:delay_inst_R|RAM:RAM_inst|altsyncram:altsyncram_component|altsyncram_79o3:auto_generated|ram_block1a57~porta_datain_reg0  ; PLL_inst|altpll_component|auto_generated|pll1|clk[0] ; PLL_inst|altpll_component|auto_generated|pll1|clk[0] ; 0.000        ; 0.450      ; 1.044      ;
; 0.379 ; delay:delay_inst_L|ram_read_adr[6]                                                                                  ; delay:delay_inst_R|RAM:RAM_inst|altsyncram:altsyncram_component|altsyncram_79o3:auto_generated|ram_block1a59~portb_address_reg0 ; PLL_inst|altpll_component|auto_generated|pll1|clk[0] ; PLL_inst|altpll_component|auto_generated|pll1|clk[0] ; 0.000        ; 0.375      ; 0.976      ;
; 0.390 ; delay:delay_inst_L|ram_data[15]                                                                                     ; delay:delay_inst_L|RAM:RAM_inst|altsyncram:altsyncram_component|altsyncram_79o3:auto_generated|ram_block1a47~porta_datain_reg0  ; PLL_inst|altpll_component|auto_generated|pll1|clk[0] ; PLL_inst|altpll_component|auto_generated|pll1|clk[0] ; 0.000        ; 0.447      ; 1.059      ;
; 0.391 ; delay:delay_inst_L|ram_write_adr[4]                                                                                 ; delay:delay_inst_R|RAM:RAM_inst|altsyncram:altsyncram_component|altsyncram_79o3:auto_generated|ram_block1a21~porta_address_reg0 ; PLL_inst|altpll_component|auto_generated|pll1|clk[0] ; PLL_inst|altpll_component|auto_generated|pll1|clk[0] ; 0.000        ; 0.444      ; 1.057      ;
; 0.399 ; delay:delay_inst_L|ram_write_adr[2]                                                                                 ; delay:delay_inst_R|RAM:RAM_inst|altsyncram:altsyncram_component|altsyncram_79o3:auto_generated|ram_block1a21~porta_address_reg0 ; PLL_inst|altpll_component|auto_generated|pll1|clk[0] ; PLL_inst|altpll_component|auto_generated|pll1|clk[0] ; 0.000        ; 0.444      ; 1.065      ;
; 0.421 ; config_CODEC:u_CODEC_config|counter[9]                                                                              ; delay:delay_inst_L|clock_48kHz_sample[0]                                                                                        ; config_CODEC:u_CODEC_config|counter[9]               ; PLL_inst|altpll_component|auto_generated|pll1|clk[0] ; 0.000        ; 0.275      ; 1.214      ;
; 0.429 ; delay:delay_inst_R|produit_brut_s[30]                                                                               ; delay:delay_inst_R|amorti_s[14]                                                                                                 ; PLL_inst|altpll_component|auto_generated|pll1|clk[0] ; PLL_inst|altpll_component|auto_generated|pll1|clk[0] ; 0.000        ; 0.081      ; 0.696      ;
; 0.430 ; delay:delay_inst_L|produit_brut_s[26]                                                                               ; delay:delay_inst_L|amorti_s[10]                                                                                                 ; PLL_inst|altpll_component|auto_generated|pll1|clk[0] ; PLL_inst|altpll_component|auto_generated|pll1|clk[0] ; 0.000        ; 0.081      ; 0.697      ;
; 0.430 ; delay:delay_inst_R|produit_brut_s[18]                                                                               ; delay:delay_inst_R|amorti_s[2]                                                                                                  ; PLL_inst|altpll_component|auto_generated|pll1|clk[0] ; PLL_inst|altpll_component|auto_generated|pll1|clk[0] ; 0.000        ; 0.081      ; 0.697      ;
; 0.430 ; delay:delay_inst_R|produit_brut_s[25]                                                                               ; delay:delay_inst_R|amorti_s[9]                                                                                                  ; PLL_inst|altpll_component|auto_generated|pll1|clk[0] ; PLL_inst|altpll_component|auto_generated|pll1|clk[0] ; 0.000        ; 0.081      ; 0.697      ;
; 0.431 ; delay:delay_inst_L|produit_brut_s[25]                                                                               ; delay:delay_inst_L|amorti_s[9]                                                                                                  ; PLL_inst|altpll_component|auto_generated|pll1|clk[0] ; PLL_inst|altpll_component|auto_generated|pll1|clk[0] ; 0.000        ; 0.081      ; 0.698      ;
; 0.431 ; delay:delay_inst_L|RAM:RAM_inst|altsyncram:altsyncram_component|altsyncram_79o3:auto_generated|address_reg_b[0]     ; delay:delay_inst_L|RAM:RAM_inst|altsyncram:altsyncram_component|altsyncram_79o3:auto_generated|out_address_reg_b[0]             ; PLL_inst|altpll_component|auto_generated|pll1|clk[0] ; PLL_inst|altpll_component|auto_generated|pll1|clk[0] ; 0.000        ; 0.081      ; 0.698      ;
; 0.431 ; delay:delay_inst_L|ram_read_adr[5]                                                                                  ; delay:delay_inst_R|RAM:RAM_inst|altsyncram:altsyncram_component|altsyncram_79o3:auto_generated|ram_block1a21~portb_address_reg0 ; PLL_inst|altpll_component|auto_generated|pll1|clk[0] ; PLL_inst|altpll_component|auto_generated|pll1|clk[0] ; 0.000        ; 0.375      ; 1.028      ;
; 0.438 ; delay:delay_inst_L|ram_read_adr[8]                                                                                  ; delay:delay_inst_R|RAM:RAM_inst|altsyncram:altsyncram_component|altsyncram_79o3:auto_generated|ram_block1a59~portb_address_reg0 ; PLL_inst|altpll_component|auto_generated|pll1|clk[0] ; PLL_inst|altpll_component|auto_generated|pll1|clk[0] ; 0.000        ; 0.374      ; 1.034      ;
; 0.447 ; delay:delay_inst_L|RAM:RAM_inst|altsyncram:altsyncram_component|altsyncram_79o3:auto_generated|out_address_reg_b[1] ; delay:delay_inst_L|echantillon_retard[8]                                                                                        ; PLL_inst|altpll_component|auto_generated|pll1|clk[0] ; PLL_inst|altpll_component|auto_generated|pll1|clk[0] ; 0.000        ; 0.081      ; 0.714      ;
; 0.450 ; delay:delay_inst_L|ram_read_adr[9]                                                                                  ; delay:delay_inst_L|ram_write_adr[9]                                                                                             ; PLL_inst|altpll_component|auto_generated|pll1|clk[0] ; PLL_inst|altpll_component|auto_generated|pll1|clk[0] ; 0.000        ; 0.081      ; 0.717      ;
; 0.452 ; delay:delay_inst_L|ram_read_adr[1]                                                                                  ; delay:delay_inst_L|ram_write_adr[1]                                                                                             ; PLL_inst|altpll_component|auto_generated|pll1|clk[0] ; PLL_inst|altpll_component|auto_generated|pll1|clk[0] ; 0.000        ; 0.081      ; 0.719      ;
; 0.457 ; delay:delay_inst_L|ram_read_adr[13]                                                                                 ; delay:delay_inst_L|RAM:RAM_inst|altsyncram:altsyncram_component|altsyncram_79o3:auto_generated|address_reg_b[0]                 ; PLL_inst|altpll_component|auto_generated|pll1|clk[0] ; PLL_inst|altpll_component|auto_generated|pll1|clk[0] ; 0.000        ; 0.081      ; 0.724      ;
; 0.458 ; delay:delay_inst_L|ram_read_adr[13]                                                                                 ; delay:delay_inst_L|ram_write_adr[13]                                                                                            ; PLL_inst|altpll_component|auto_generated|pll1|clk[0] ; PLL_inst|altpll_component|auto_generated|pll1|clk[0] ; 0.000        ; 0.081      ; 0.725      ;
; 0.473 ; delay:delay_inst_L|ram_read_adr[5]                                                                                  ; delay:delay_inst_L|ram_write_adr[5]                                                                                             ; PLL_inst|altpll_component|auto_generated|pll1|clk[0] ; PLL_inst|altpll_component|auto_generated|pll1|clk[0] ; 0.000        ; 0.081      ; 0.740      ;
; 0.588 ; delay:delay_inst_R|produit_brut_s[24]                                                                               ; delay:delay_inst_R|amorti_s[8]                                                                                                  ; PLL_inst|altpll_component|auto_generated|pll1|clk[0] ; PLL_inst|altpll_component|auto_generated|pll1|clk[0] ; 0.000        ; 0.080      ; 0.854      ;
; 0.590 ; delay:delay_inst_R|produit_brut_s[29]                                                                               ; delay:delay_inst_R|amorti_s[13]                                                                                                 ; PLL_inst|altpll_component|auto_generated|pll1|clk[0] ; PLL_inst|altpll_component|auto_generated|pll1|clk[0] ; 0.000        ; 0.080      ; 0.856      ;
; 0.597 ; delay:delay_inst_L|ram_write_adr[0]                                                                                 ; delay:delay_inst_R|RAM:RAM_inst|altsyncram:altsyncram_component|altsyncram_79o3:auto_generated|ram_block1a14~porta_address_reg0 ; PLL_inst|altpll_component|auto_generated|pll1|clk[0] ; PLL_inst|altpll_component|auto_generated|pll1|clk[0] ; 0.000        ; 0.431      ; 1.250      ;
; 0.598 ; delay:delay_inst_L|ram_read_adr[9]                                                                                  ; delay:delay_inst_L|RAM:RAM_inst|altsyncram:altsyncram_component|altsyncram_79o3:auto_generated|ram_block1a47~portb_address_reg0 ; PLL_inst|altpll_component|auto_generated|pll1|clk[0] ; PLL_inst|altpll_component|auto_generated|pll1|clk[0] ; 0.000        ; 0.379      ; 1.199      ;
; 0.601 ; delay:delay_inst_L|produit_brut_s[24]                                                                               ; delay:delay_inst_L|amorti_s[8]                                                                                                  ; PLL_inst|altpll_component|auto_generated|pll1|clk[0] ; PLL_inst|altpll_component|auto_generated|pll1|clk[0] ; 0.000        ; 0.081      ; 0.868      ;
; 0.602 ; delay:delay_inst_L|produit_brut_s[22]                                                                               ; delay:delay_inst_L|amorti_s[6]                                                                                                  ; PLL_inst|altpll_component|auto_generated|pll1|clk[0] ; PLL_inst|altpll_component|auto_generated|pll1|clk[0] ; 0.000        ; 0.081      ; 0.869      ;
; 0.602 ; delay:delay_inst_L|RAM:RAM_inst|altsyncram:altsyncram_component|altsyncram_79o3:auto_generated|address_reg_b[1]     ; delay:delay_inst_L|RAM:RAM_inst|altsyncram:altsyncram_component|altsyncram_79o3:auto_generated|out_address_reg_b[1]             ; PLL_inst|altpll_component|auto_generated|pll1|clk[0] ; PLL_inst|altpll_component|auto_generated|pll1|clk[0] ; 0.000        ; 0.081      ; 0.869      ;
; 0.621 ; delay:delay_inst_L|ram_read_adr[6]                                                                                  ; delay:delay_inst_L|ram_write_adr[6]                                                                                             ; PLL_inst|altpll_component|auto_generated|pll1|clk[0] ; PLL_inst|altpll_component|auto_generated|pll1|clk[0] ; 0.000        ; 0.081      ; 0.888      ;
; 0.622 ; delay:delay_inst_L|ram_read_adr[0]                                                                                  ; delay:delay_inst_L|ram_write_adr[0]                                                                                             ; PLL_inst|altpll_component|auto_generated|pll1|clk[0] ; PLL_inst|altpll_component|auto_generated|pll1|clk[0] ; 0.000        ; 0.081      ; 0.889      ;
; 0.624 ; delay:delay_inst_R|amorti_s[3]                                                                                      ; delay:delay_inst_R|sortie_calc_s[3]                                                                                             ; PLL_inst|altpll_component|auto_generated|pll1|clk[0] ; PLL_inst|altpll_component|auto_generated|pll1|clk[0] ; 0.000        ; 0.514      ; 1.324      ;
; 0.627 ; delay:delay_inst_L|ram_write_adr[0]                                                                                 ; delay:delay_inst_R|RAM:RAM_inst|altsyncram:altsyncram_component|altsyncram_79o3:auto_generated|ram_block1a57~porta_address_reg0 ; PLL_inst|altpll_component|auto_generated|pll1|clk[0] ; PLL_inst|altpll_component|auto_generated|pll1|clk[0] ; 0.000        ; 0.434      ; 1.283      ;
; 0.631 ; delay:delay_inst_L|ram_read_adr[14]                                                                                 ; delay:delay_inst_L|RAM:RAM_inst|altsyncram:altsyncram_component|altsyncram_79o3:auto_generated|address_reg_b[1]                 ; PLL_inst|altpll_component|auto_generated|pll1|clk[0] ; PLL_inst|altpll_component|auto_generated|pll1|clk[0] ; 0.000        ; 0.081      ; 0.898      ;
; 0.631 ; delay:delay_inst_L|ram_read_adr[14]                                                                                 ; delay:delay_inst_L|ram_write_adr[14]                                                                                            ; PLL_inst|altpll_component|auto_generated|pll1|clk[0] ; PLL_inst|altpll_component|auto_generated|pll1|clk[0] ; 0.000        ; 0.081      ; 0.898      ;
; 0.635 ; delay:delay_inst_L|ram_write_adr[12]                                                                                ; delay:delay_inst_R|RAM:RAM_inst|altsyncram:altsyncram_component|altsyncram_79o3:auto_generated|ram_block1a57~porta_address_reg0 ; PLL_inst|altpll_component|auto_generated|pll1|clk[0] ; PLL_inst|altpll_component|auto_generated|pll1|clk[0] ; 0.000        ; 0.444      ; 1.301      ;
; 0.637 ; delay:delay_inst_L|counter[13]                                                                                      ; delay:delay_inst_L|counter[13]                                                                                                  ; PLL_inst|altpll_component|auto_generated|pll1|clk[0] ; PLL_inst|altpll_component|auto_generated|pll1|clk[0] ; 0.000        ; 0.099      ; 0.922      ;
; 0.637 ; delay:delay_inst_L|counter[3]                                                                                       ; delay:delay_inst_L|counter[3]                                                                                                   ; PLL_inst|altpll_component|auto_generated|pll1|clk[0] ; PLL_inst|altpll_component|auto_generated|pll1|clk[0] ; 0.000        ; 0.099      ; 0.922      ;
; 0.637 ; delay:delay_inst_L|counter[5]                                                                                       ; delay:delay_inst_L|counter[5]                                                                                                   ; PLL_inst|altpll_component|auto_generated|pll1|clk[0] ; PLL_inst|altpll_component|auto_generated|pll1|clk[0] ; 0.000        ; 0.099      ; 0.922      ;
; 0.638 ; delay:delay_inst_L|counter[1]                                                                                       ; delay:delay_inst_L|counter[1]                                                                                                   ; PLL_inst|altpll_component|auto_generated|pll1|clk[0] ; PLL_inst|altpll_component|auto_generated|pll1|clk[0] ; 0.000        ; 0.099      ; 0.923      ;
; 0.638 ; delay:delay_inst_L|counter[11]                                                                                      ; delay:delay_inst_L|counter[11]                                                                                                  ; PLL_inst|altpll_component|auto_generated|pll1|clk[0] ; PLL_inst|altpll_component|auto_generated|pll1|clk[0] ; 0.000        ; 0.099      ; 0.923      ;
; 0.639 ; delay:delay_inst_L|counter[15]                                                                                      ; delay:delay_inst_L|counter[15]                                                                                                  ; PLL_inst|altpll_component|auto_generated|pll1|clk[0] ; PLL_inst|altpll_component|auto_generated|pll1|clk[0] ; 0.000        ; 0.099      ; 0.924      ;
; 0.640 ; delay:delay_inst_L|ram_write_adr[6]                                                                                 ; delay:delay_inst_L|RAM:RAM_inst|altsyncram:altsyncram_component|altsyncram_79o3:auto_generated|ram_block1a30~porta_address_reg0 ; PLL_inst|altpll_component|auto_generated|pll1|clk[0] ; PLL_inst|altpll_component|auto_generated|pll1|clk[0] ; 0.000        ; 0.482      ; 1.344      ;
; 0.640 ; delay:delay_inst_L|ram_write_adr[1]                                                                                 ; delay:delay_inst_R|RAM:RAM_inst|altsyncram:altsyncram_component|altsyncram_79o3:auto_generated|ram_block1a57~porta_address_reg0 ; PLL_inst|altpll_component|auto_generated|pll1|clk[0] ; PLL_inst|altpll_component|auto_generated|pll1|clk[0] ; 0.000        ; 0.444      ; 1.306      ;
; 0.640 ; delay:delay_inst_L|counter[7]                                                                                       ; delay:delay_inst_L|counter[7]                                                                                                   ; PLL_inst|altpll_component|auto_generated|pll1|clk[0] ; PLL_inst|altpll_component|auto_generated|pll1|clk[0] ; 0.000        ; 0.099      ; 0.925      ;
; 0.641 ; delay:delay_inst_R|ram_data[5]                                                                                      ; delay:delay_inst_R|RAM:RAM_inst|altsyncram:altsyncram_component|altsyncram_79o3:auto_generated|ram_block1a21~porta_datain_reg0  ; PLL_inst|altpll_component|auto_generated|pll1|clk[0] ; PLL_inst|altpll_component|auto_generated|pll1|clk[0] ; 0.000        ; 0.451      ; 1.314      ;
; 0.642 ; delay:delay_inst_L|counter[2]                                                                                       ; delay:delay_inst_L|counter[2]                                                                                                   ; PLL_inst|altpll_component|auto_generated|pll1|clk[0] ; PLL_inst|altpll_component|auto_generated|pll1|clk[0] ; 0.000        ; 0.099      ; 0.927      ;
; 0.642 ; delay:delay_inst_L|counter[4]                                                                                       ; delay:delay_inst_L|counter[4]                                                                                                   ; PLL_inst|altpll_component|auto_generated|pll1|clk[0] ; PLL_inst|altpll_component|auto_generated|pll1|clk[0] ; 0.000        ; 0.099      ; 0.927      ;
; 0.643 ; delay:delay_inst_L|counter[14]                                                                                      ; delay:delay_inst_L|counter[14]                                                                                                  ; PLL_inst|altpll_component|auto_generated|pll1|clk[0] ; PLL_inst|altpll_component|auto_generated|pll1|clk[0] ; 0.000        ; 0.099      ; 0.928      ;
; 0.643 ; delay:delay_inst_L|counter[12]                                                                                      ; delay:delay_inst_L|counter[12]                                                                                                  ; PLL_inst|altpll_component|auto_generated|pll1|clk[0] ; PLL_inst|altpll_component|auto_generated|pll1|clk[0] ; 0.000        ; 0.099      ; 0.928      ;
; 0.643 ; delay:delay_inst_L|counter[8]                                                                                       ; delay:delay_inst_L|counter[8]                                                                                                   ; PLL_inst|altpll_component|auto_generated|pll1|clk[0] ; PLL_inst|altpll_component|auto_generated|pll1|clk[0] ; 0.000        ; 0.099      ; 0.928      ;
; 0.643 ; delay:delay_inst_L|counter[10]                                                                                      ; delay:delay_inst_L|counter[10]                                                                                                  ; PLL_inst|altpll_component|auto_generated|pll1|clk[0] ; PLL_inst|altpll_component|auto_generated|pll1|clk[0] ; 0.000        ; 0.099      ; 0.928      ;
; 0.647 ; delay:delay_inst_L|ram_write_adr[0]                                                                                 ; delay:delay_inst_L|RAM:RAM_inst|altsyncram:altsyncram_component|altsyncram_79o3:auto_generated|ram_block1a6~porta_address_reg0  ; PLL_inst|altpll_component|auto_generated|pll1|clk[0] ; PLL_inst|altpll_component|auto_generated|pll1|clk[0] ; 0.000        ; 0.429      ; 1.298      ;
; 0.647 ; delay:delay_inst_L|ram_write_adr[0]                                                                                 ; delay:delay_inst_R|RAM:RAM_inst|altsyncram:altsyncram_component|altsyncram_79o3:auto_generated|ram_block1a21~porta_address_reg0 ; PLL_inst|altpll_component|auto_generated|pll1|clk[0] ; PLL_inst|altpll_component|auto_generated|pll1|clk[0] ; 0.000        ; 0.434      ; 1.303      ;
; 0.659 ; delay:delay_inst_L|ram_data[7]                                                                                      ; delay:delay_inst_L|RAM:RAM_inst|altsyncram:altsyncram_component|altsyncram_79o3:auto_generated|ram_block1a7~porta_datain_reg0   ; PLL_inst|altpll_component|auto_generated|pll1|clk[0] ; PLL_inst|altpll_component|auto_generated|pll1|clk[0] ; 0.000        ; 0.423      ; 1.304      ;
; 0.662 ; delay:delay_inst_L|counter[6]                                                                                       ; delay:delay_inst_L|counter[6]                                                                                                   ; PLL_inst|altpll_component|auto_generated|pll1|clk[0] ; PLL_inst|altpll_component|auto_generated|pll1|clk[0] ; 0.000        ; 0.099      ; 0.947      ;
; 0.663 ; delay:delay_inst_L|counter[9]                                                                                       ; delay:delay_inst_L|counter[9]                                                                                                   ; PLL_inst|altpll_component|auto_generated|pll1|clk[0] ; PLL_inst|altpll_component|auto_generated|pll1|clk[0] ; 0.000        ; 0.099      ; 0.948      ;
; 0.664 ; delay:delay_inst_L|counter[0]                                                                                       ; delay:delay_inst_L|counter[0]                                                                                                   ; PLL_inst|altpll_component|auto_generated|pll1|clk[0] ; PLL_inst|altpll_component|auto_generated|pll1|clk[0] ; 0.000        ; 0.099      ; 0.949      ;
; 0.669 ; delay:delay_inst_L|ram_write_adr[2]                                                                                 ; delay:delay_inst_L|RAM:RAM_inst|altsyncram:altsyncram_component|altsyncram_79o3:auto_generated|ram_block1a30~porta_address_reg0 ; PLL_inst|altpll_component|auto_generated|pll1|clk[0] ; PLL_inst|altpll_component|auto_generated|pll1|clk[0] ; 0.000        ; 0.482      ; 1.373      ;
; 0.671 ; delay:delay_inst_L|ram_data[5]                                                                                      ; delay:delay_inst_L|RAM:RAM_inst|altsyncram:altsyncram_component|altsyncram_79o3:auto_generated|ram_block1a5~porta_datain_reg0   ; PLL_inst|altpll_component|auto_generated|pll1|clk[0] ; PLL_inst|altpll_component|auto_generated|pll1|clk[0] ; 0.000        ; 0.441      ; 1.334      ;
; 0.671 ; delay:delay_inst_L|ram_write_adr[5]                                                                                 ; delay:delay_inst_L|RAM:RAM_inst|altsyncram:altsyncram_component|altsyncram_79o3:auto_generated|ram_block1a30~porta_address_reg0 ; PLL_inst|altpll_component|auto_generated|pll1|clk[0] ; PLL_inst|altpll_component|auto_generated|pll1|clk[0] ; 0.000        ; 0.482      ; 1.375      ;
; 0.672 ; delay:delay_inst_L|ram_data[12]                                                                                     ; delay:delay_inst_L|RAM:RAM_inst|altsyncram:altsyncram_component|altsyncram_79o3:auto_generated|ram_block1a12~porta_datain_reg0  ; PLL_inst|altpll_component|auto_generated|pll1|clk[0] ; PLL_inst|altpll_component|auto_generated|pll1|clk[0] ; 0.000        ; 0.445      ; 1.339      ;
; 0.676 ; delay:delay_inst_L|ram_write_adr[0]                                                                                 ; delay:delay_inst_R|RAM:RAM_inst|altsyncram:altsyncram_component|altsyncram_79o3:auto_generated|ram_block1a59~porta_address_reg0 ; PLL_inst|altpll_component|auto_generated|pll1|clk[0] ; PLL_inst|altpll_component|auto_generated|pll1|clk[0] ; 0.000        ; 0.434      ; 1.332      ;
; 0.677 ; delay:delay_inst_L|ram_write_adr[7]                                                                                 ; delay:delay_inst_L|RAM:RAM_inst|altsyncram:altsyncram_component|altsyncram_79o3:auto_generated|ram_block1a56~porta_address_reg0 ; PLL_inst|altpll_component|auto_generated|pll1|clk[0] ; PLL_inst|altpll_component|auto_generated|pll1|clk[0] ; 0.000        ; 0.480      ; 1.379      ;
; 0.679 ; delay:delay_inst_L|ram_write_adr[7]                                                                                 ; delay:delay_inst_L|RAM:RAM_inst|altsyncram:altsyncram_component|altsyncram_79o3:auto_generated|ram_block1a30~porta_address_reg0 ; PLL_inst|altpll_component|auto_generated|pll1|clk[0] ; PLL_inst|altpll_component|auto_generated|pll1|clk[0] ; 0.000        ; 0.482      ; 1.383      ;
; 0.683 ; delay:delay_inst_L|ram_write_adr[1]                                                                                 ; delay:delay_inst_L|RAM:RAM_inst|altsyncram:altsyncram_component|altsyncram_79o3:auto_generated|ram_block1a30~porta_address_reg0 ; PLL_inst|altpll_component|auto_generated|pll1|clk[0] ; PLL_inst|altpll_component|auto_generated|pll1|clk[0] ; 0.000        ; 0.482      ; 1.387      ;
; 0.685 ; delay:delay_inst_L|ram_write_adr[5]                                                                                 ; delay:delay_inst_R|RAM:RAM_inst|altsyncram:altsyncram_component|altsyncram_79o3:auto_generated|ram_block1a59~porta_address_reg0 ; PLL_inst|altpll_component|auto_generated|pll1|clk[0] ; PLL_inst|altpll_component|auto_generated|pll1|clk[0] ; 0.000        ; 0.444      ; 1.351      ;
; 0.686 ; delay:delay_inst_L|ram_write_adr[6]                                                                                 ; delay:delay_inst_R|RAM:RAM_inst|altsyncram:altsyncram_component|altsyncram_79o3:auto_generated|ram_block1a14~porta_address_reg0 ; PLL_inst|altpll_component|auto_generated|pll1|clk[0] ; PLL_inst|altpll_component|auto_generated|pll1|clk[0] ; 0.000        ; 0.441      ; 1.349      ;
; 0.687 ; delay:delay_inst_L|ram_write_adr[5]                                                                                 ; delay:delay_inst_R|RAM:RAM_inst|altsyncram:altsyncram_component|altsyncram_79o3:auto_generated|ram_block1a57~porta_address_reg0 ; PLL_inst|altpll_component|auto_generated|pll1|clk[0] ; PLL_inst|altpll_component|auto_generated|pll1|clk[0] ; 0.000        ; 0.444      ; 1.353      ;
; 0.694 ; delay:delay_inst_L|ram_write_adr[0]                                                                                 ; delay:delay_inst_L|RAM:RAM_inst|altsyncram:altsyncram_component|altsyncram_79o3:auto_generated|ram_block1a10~porta_address_reg0 ; PLL_inst|altpll_component|auto_generated|pll1|clk[0] ; PLL_inst|altpll_component|auto_generated|pll1|clk[0] ; 0.000        ; 0.427      ; 1.343      ;
; 0.695 ; delay:delay_inst_L|ram_write_adr[2]                                                                                 ; delay:delay_inst_L|RAM:RAM_inst|altsyncram:altsyncram_component|altsyncram_79o3:auto_generated|ram_block1a56~porta_address_reg0 ; PLL_inst|altpll_component|auto_generated|pll1|clk[0] ; PLL_inst|altpll_component|auto_generated|pll1|clk[0] ; 0.000        ; 0.480      ; 1.397      ;
; 0.697 ; delay:delay_inst_L|ram_write_adr[4]                                                                                 ; delay:delay_inst_L|RAM:RAM_inst|altsyncram:altsyncram_component|altsyncram_79o3:auto_generated|ram_block1a30~porta_address_reg0 ; PLL_inst|altpll_component|auto_generated|pll1|clk[0] ; PLL_inst|altpll_component|auto_generated|pll1|clk[0] ; 0.000        ; 0.482      ; 1.401      ;
; 0.698 ; delay:delay_inst_L|ram_read_adr[0]                                                                                  ; delay:delay_inst_R|RAM:RAM_inst|altsyncram:altsyncram_component|altsyncram_79o3:auto_generated|ram_block1a59~portb_address_reg0 ; PLL_inst|altpll_component|auto_generated|pll1|clk[0] ; PLL_inst|altpll_component|auto_generated|pll1|clk[0] ; 0.000        ; 0.365      ; 1.285      ;
; 0.699 ; delay:delay_inst_R|ram_data[11]                                                                                     ; delay:delay_inst_R|RAM:RAM_inst|altsyncram:altsyncram_component|altsyncram_79o3:auto_generated|ram_block1a59~porta_datain_reg0  ; PLL_inst|altpll_component|auto_generated|pll1|clk[0] ; PLL_inst|altpll_component|auto_generated|pll1|clk[0] ; 0.000        ; 0.442      ; 1.363      ;
; 0.700 ; delay:delay_inst_L|ram_write_adr[4]                                                                                 ; delay:delay_inst_L|RAM:RAM_inst|altsyncram:altsyncram_component|altsyncram_79o3:auto_generated|ram_block1a56~porta_address_reg0 ; PLL_inst|altpll_component|auto_generated|pll1|clk[0] ; PLL_inst|altpll_component|auto_generated|pll1|clk[0] ; 0.000        ; 0.480      ; 1.402      ;
; 0.704 ; delay:delay_inst_L|ram_write_adr[1]                                                                                 ; delay:delay_inst_R|RAM:RAM_inst|altsyncram:altsyncram_component|altsyncram_79o3:auto_generated|ram_block1a43~porta_address_reg0 ; PLL_inst|altpll_component|auto_generated|pll1|clk[0] ; PLL_inst|altpll_component|auto_generated|pll1|clk[0] ; 0.000        ; 0.443      ; 1.369      ;
; 0.704 ; delay:delay_inst_L|ram_write_adr[4]                                                                                 ; delay:delay_inst_R|RAM:RAM_inst|altsyncram:altsyncram_component|altsyncram_79o3:auto_generated|ram_block1a43~porta_address_reg0 ; PLL_inst|altpll_component|auto_generated|pll1|clk[0] ; PLL_inst|altpll_component|auto_generated|pll1|clk[0] ; 0.000        ; 0.443      ; 1.369      ;
; 0.706 ; delay:delay_inst_L|ram_data[4]                                                                                      ; delay:delay_inst_L|RAM:RAM_inst|altsyncram:altsyncram_component|altsyncram_79o3:auto_generated|ram_block1a52~porta_datain_reg0  ; PLL_inst|altpll_component|auto_generated|pll1|clk[0] ; PLL_inst|altpll_component|auto_generated|pll1|clk[0] ; 0.000        ; 0.439      ; 1.367      ;
; 0.707 ; delay:delay_inst_L|amorti_s[15]                                                                                     ; delay:delay_inst_L|sortie_calc_s[15]                                                                                            ; PLL_inst|altpll_component|auto_generated|pll1|clk[0] ; PLL_inst|altpll_component|auto_generated|pll1|clk[0] ; 0.000        ; 0.505      ; 1.398      ;
; 0.707 ; delay:delay_inst_L|ram_write_adr[6]                                                                                 ; delay:delay_inst_R|RAM:RAM_inst|altsyncram:altsyncram_component|altsyncram_79o3:auto_generated|ram_block1a43~porta_address_reg0 ; PLL_inst|altpll_component|auto_generated|pll1|clk[0] ; PLL_inst|altpll_component|auto_generated|pll1|clk[0] ; 0.000        ; 0.443      ; 1.372      ;
; 0.707 ; delay:delay_inst_L|ram_read_adr[6]                                                                                  ; delay:delay_inst_R|RAM:RAM_inst|altsyncram:altsyncram_component|altsyncram_79o3:auto_generated|ram_block1a43~portb_address_reg0 ; PLL_inst|altpll_component|auto_generated|pll1|clk[0] ; PLL_inst|altpll_component|auto_generated|pll1|clk[0] ; 0.000        ; 0.374      ; 1.303      ;
; 0.710 ; delay:delay_inst_L|ram_read_adr[6]                                                                                  ; delay:delay_inst_R|RAM:RAM_inst|altsyncram:altsyncram_component|altsyncram_79o3:auto_generated|ram_block1a14~portb_address_reg0 ; PLL_inst|altpll_component|auto_generated|pll1|clk[0] ; PLL_inst|altpll_component|auto_generated|pll1|clk[0] ; 0.000        ; 0.372      ; 1.304      ;
; 0.713 ; delay:delay_inst_L|ram_read_adr[8]                                                                                  ; delay:delay_inst_L|RAM:RAM_inst|altsyncram:altsyncram_component|altsyncram_79o3:auto_generated|ram_block1a30~portb_address_reg0 ; PLL_inst|altpll_component|auto_generated|pll1|clk[0] ; PLL_inst|altpll_component|auto_generated|pll1|clk[0] ; 0.000        ; 0.412      ; 1.347      ;
; 0.715 ; delay:delay_inst_L|ram_data[12]                                                                                     ; delay:delay_inst_L|RAM:RAM_inst|altsyncram:altsyncram_component|altsyncram_79o3:auto_generated|ram_block1a60~porta_datain_reg0  ; PLL_inst|altpll_component|auto_generated|pll1|clk[0] ; PLL_inst|altpll_component|auto_generated|pll1|clk[0] ; 0.000        ; 0.413      ; 1.350      ;
; 0.716 ; delay:delay_inst_L|ram_write_adr[12]                                                                                ; delay:delay_inst_R|RAM:RAM_inst|altsyncram:altsyncram_component|altsyncram_79o3:auto_generated|ram_block1a14~porta_address_reg0 ; PLL_inst|altpll_component|auto_generated|pll1|clk[0] ; PLL_inst|altpll_component|auto_generated|pll1|clk[0] ; 0.000        ; 0.441      ; 1.379      ;
; 0.719 ; delay:delay_inst_L|ram_write_adr[6]                                                                                 ; delay:delay_inst_L|RAM:RAM_inst|altsyncram:altsyncram_component|altsyncram_79o3:auto_generated|ram_block1a6~porta_address_reg0  ; PLL_inst|altpll_component|auto_generated|pll1|clk[0] ; PLL_inst|altpll_component|auto_generated|pll1|clk[0] ; 0.000        ; 0.439      ; 1.380      ;
; 0.719 ; delay:delay_inst_L|ram_write_adr[5]                                                                                 ; delay:delay_inst_R|RAM:RAM_inst|altsyncram:altsyncram_component|altsyncram_79o3:auto_generated|ram_block1a21~porta_address_reg0 ; PLL_inst|altpll_component|auto_generated|pll1|clk[0] ; PLL_inst|altpll_component|auto_generated|pll1|clk[0] ; 0.000        ; 0.444      ; 1.385      ;
; 0.720 ; delay:delay_inst_L|ram_write_adr[4]                                                                                 ; delay:delay_inst_R|RAM:RAM_inst|altsyncram:altsyncram_component|altsyncram_79o3:auto_generated|ram_block1a57~porta_address_reg0 ; PLL_inst|altpll_component|auto_generated|pll1|clk[0] ; PLL_inst|altpll_component|auto_generated|pll1|clk[0] ; 0.000        ; 0.444      ; 1.386      ;
; 0.721 ; delay:delay_inst_R|ram_data[11]                                                                                     ; delay:delay_inst_R|RAM:RAM_inst|altsyncram:altsyncram_component|altsyncram_79o3:auto_generated|ram_block1a43~porta_datain_reg0  ; PLL_inst|altpll_component|auto_generated|pll1|clk[0] ; PLL_inst|altpll_component|auto_generated|pll1|clk[0] ; 0.000        ; 0.441      ; 1.384      ;
; 0.721 ; delay:delay_inst_L|ram_write_adr[1]                                                                                 ; delay:delay_inst_R|RAM:RAM_inst|altsyncram:altsyncram_component|altsyncram_79o3:auto_generated|ram_block1a59~porta_address_reg0 ; PLL_inst|altpll_component|auto_generated|pll1|clk[0] ; PLL_inst|altpll_component|auto_generated|pll1|clk[0] ; 0.000        ; 0.444      ; 1.387      ;
; 0.722 ; delay:delay_inst_L|ram_read_adr[8]                                                                                  ; delay:delay_inst_L|RAM:RAM_inst|altsyncram:altsyncram_component|altsyncram_79o3:auto_generated|ram_block1a56~portb_address_reg0 ; PLL_inst|altpll_component|auto_generated|pll1|clk[0] ; PLL_inst|altpll_component|auto_generated|pll1|clk[0] ; 0.000        ; 0.410      ; 1.354      ;
; 0.727 ; delay:delay_inst_L|ram_write_adr[4]                                                                                 ; delay:delay_inst_R|RAM:RAM_inst|altsyncram:altsyncram_component|altsyncram_79o3:auto_generated|ram_block1a59~porta_address_reg0 ; PLL_inst|altpll_component|auto_generated|pll1|clk[0] ; PLL_inst|altpll_component|auto_generated|pll1|clk[0] ; 0.000        ; 0.444      ; 1.393      ;
; 0.727 ; delay:delay_inst_L|ram_read_adr[12]                                                                                 ; delay:delay_inst_L|RAM:RAM_inst|altsyncram:altsyncram_component|altsyncram_79o3:auto_generated|ram_block1a30~portb_address_reg0 ; PLL_inst|altpll_component|auto_generated|pll1|clk[0] ; PLL_inst|altpll_component|auto_generated|pll1|clk[0] ; 0.000        ; 0.412      ; 1.361      ;
; 0.730 ; delay:delay_inst_L|ram_write_adr[2]                                                                                 ; delay:delay_inst_R|RAM:RAM_inst|altsyncram:altsyncram_component|altsyncram_79o3:auto_generated|ram_block1a59~porta_address_reg0 ; PLL_inst|altpll_component|auto_generated|pll1|clk[0] ; PLL_inst|altpll_component|auto_generated|pll1|clk[0] ; 0.000        ; 0.444      ; 1.396      ;
; 0.730 ; delay:delay_inst_L|ram_read_adr[6]                                                                                  ; delay:delay_inst_R|RAM:RAM_inst|altsyncram:altsyncram_component|altsyncram_79o3:auto_generated|ram_block1a57~portb_address_reg0 ; PLL_inst|altpll_component|auto_generated|pll1|clk[0] ; PLL_inst|altpll_component|auto_generated|pll1|clk[0] ; 0.000        ; 0.375      ; 1.327      ;
; 0.731 ; delay:delay_inst_L|ram_write_adr[2]                                                                                 ; delay:delay_inst_R|RAM:RAM_inst|altsyncram:altsyncram_component|altsyncram_79o3:auto_generated|ram_block1a43~porta_address_reg0 ; PLL_inst|altpll_component|auto_generated|pll1|clk[0] ; PLL_inst|altpll_component|auto_generated|pll1|clk[0] ; 0.000        ; 0.443      ; 1.396      ;
; 0.736 ; delay:delay_inst_L|ram_read_adr[12]                                                                                 ; delay:delay_inst_L|RAM:RAM_inst|altsyncram:altsyncram_component|altsyncram_79o3:auto_generated|ram_block1a56~portb_address_reg0 ; PLL_inst|altpll_component|auto_generated|pll1|clk[0] ; PLL_inst|altpll_component|auto_generated|pll1|clk[0] ; 0.000        ; 0.410      ; 1.368      ;
+-------+---------------------------------------------------------------------------------------------------------------------+---------------------------------------------------------------------------------------------------------------------------------+------------------------------------------------------+------------------------------------------------------+--------------+------------+------------+


+------------------------------------------------------------------------------------------------------------------------------------------------------------------------------------------------------------------------------------------------------------------------------------------------------------------------------------+
; Slow 1200mV 85C Model Hold: 'config_CODEC:u_CODEC_config|counter[9]'                                                                                                                                                                                                                                                               ;
+-------+---------------------------------------------------------------+---------------------------------------------------------------------------------------------------------------------------------+----------------------------------------+----------------------------------------+--------------+------------+------------+
; Slack ; From Node                                                     ; To Node                                                                                                                         ; Launch Clock                           ; Latch Clock                            ; Relationship ; Clock Skew ; Data Delay ;
+-------+---------------------------------------------------------------+---------------------------------------------------------------------------------------------------------------------------------+----------------------------------------+----------------------------------------+--------------+------------+------------+
; 0.357 ; tremolo:tremolo_inst_L|phase_acc[14]                          ; tremolo:tremolo_inst_L|SinusLUT:sinus_inst|altsyncram:Mux6_rtl_0|altsyncram_lc21:auto_generated|ram_block1a0~porta_address_reg0 ; config_CODEC:u_CODEC_config|counter[9] ; config_CODEC:u_CODEC_config|counter[9] ; 0.000        ; 0.442      ; 1.021      ;
; 0.357 ; tremolo:tremolo_inst_L|phase_acc[15]                          ; tremolo:tremolo_inst_L|SinusLUT:sinus_inst|altsyncram:Mux6_rtl_0|altsyncram_lc21:auto_generated|ram_block1a0~porta_address_reg0 ; config_CODEC:u_CODEC_config|counter[9] ; config_CODEC:u_CODEC_config|counter[9] ; 0.000        ; 0.442      ; 1.021      ;
; 0.360 ; tremolo:tremolo_inst_L|phase_acc[11]                          ; tremolo:tremolo_inst_L|SinusLUT:sinus_inst|altsyncram:Mux6_rtl_0|altsyncram_lc21:auto_generated|ram_block1a0~porta_address_reg0 ; config_CODEC:u_CODEC_config|counter[9] ; config_CODEC:u_CODEC_config|counter[9] ; 0.000        ; 0.442      ; 1.024      ;
; 0.373 ; tremolo:tremolo_inst_L|phase_acc[8]                           ; tremolo:tremolo_inst_L|SinusLUT:sinus_inst|altsyncram:Mux6_rtl_0|altsyncram_lc21:auto_generated|ram_block1a0~porta_address_reg0 ; config_CODEC:u_CODEC_config|counter[9] ; config_CODEC:u_CODEC_config|counter[9] ; 0.000        ; 0.442      ; 1.037      ;
; 0.385 ; tremolo:tremolo_inst_L|phase_acc[12]                          ; tremolo:tremolo_inst_L|SinusLUT:sinus_inst|altsyncram:Mux6_rtl_0|altsyncram_lc21:auto_generated|ram_block1a0~porta_address_reg0 ; config_CODEC:u_CODEC_config|counter[9] ; config_CODEC:u_CODEC_config|counter[9] ; 0.000        ; 0.442      ; 1.049      ;
; 0.412 ; tremolo:tremolo_inst_L|phase_acc[13]                          ; tremolo:tremolo_inst_L|SinusLUT:sinus_inst|altsyncram:Mux6_rtl_0|altsyncram_lc21:auto_generated|ram_block1a0~porta_address_reg0 ; config_CODEC:u_CODEC_config|counter[9] ; config_CODEC:u_CODEC_config|counter[9] ; 0.000        ; 0.442      ; 1.076      ;
; 0.427 ; tremolo:tremolo_inst_R|release_counter[13]                    ; tremolo:tremolo_inst_R|release_counter[13]                                                                                      ; config_CODEC:u_CODEC_config|counter[9] ; config_CODEC:u_CODEC_config|counter[9] ; 0.000        ; 0.080      ; 0.693      ;
; 0.427 ; digital_distortion:digital_distortion_L|counter[4]            ; digital_distortion:digital_distortion_L|counter[4]                                                                              ; config_CODEC:u_CODEC_config|counter[9] ; config_CODEC:u_CODEC_config|counter[9] ; 0.000        ; 0.081      ; 0.694      ;
; 0.429 ; digital_distortion:digital_distortion_R|sortie_bitcrushed[6]  ; digital_distortion:digital_distortion_R|audio_out[6]                                                                            ; config_CODEC:u_CODEC_config|counter[9] ; config_CODEC:u_CODEC_config|counter[9] ; 0.000        ; 0.080      ; 0.695      ;
; 0.430 ; tremolo:tremolo_inst_L|release_counter[10]                    ; tremolo:tremolo_inst_L|gate_open                                                                                                ; config_CODEC:u_CODEC_config|counter[9] ; config_CODEC:u_CODEC_config|counter[9] ; 0.000        ; 0.081      ; 0.697      ;
; 0.431 ; digital_distortion:digital_distortion_R|sortie_bitcrushed[8]  ; digital_distortion:digital_distortion_R|audio_out[8]                                                                            ; config_CODEC:u_CODEC_config|counter[9] ; config_CODEC:u_CODEC_config|counter[9] ; 0.000        ; 0.080      ; 0.697      ;
; 0.449 ; digital_distortion:digital_distortion_L|max_counter[4]        ; digital_distortion:digital_distortion_L|max_counter[4]                                                                          ; config_CODEC:u_CODEC_config|counter[9] ; config_CODEC:u_CODEC_config|counter[9] ; 0.000        ; 0.081      ; 0.716      ;
; 0.453 ; FIR_filter_37_tap:u_fir_filter_R|input_sample[16][14]         ; FIR_filter_37_tap:u_fir_filter_R|input_sample[17][14]                                                                           ; config_CODEC:u_CODEC_config|counter[9] ; config_CODEC:u_CODEC_config|counter[9] ; 0.000        ; 0.079      ; 0.718      ;
; 0.458 ; digital_distortion:digital_distortion_L|echantillon[10]       ; digital_distortion:digital_distortion_L|sortie_bitcrushed[10]                                                                   ; config_CODEC:u_CODEC_config|counter[9] ; config_CODEC:u_CODEC_config|counter[9] ; 0.000        ; 0.080      ; 0.724      ;
; 0.461 ; FIR_filter_37_tap:u_fir_filter_L|input_sample[18][11]         ; FIR_filter_37_tap:u_fir_filter_L|input_sample[19][11]                                                                           ; config_CODEC:u_CODEC_config|counter[9] ; config_CODEC:u_CODEC_config|counter[9] ; 0.000        ; 0.079      ; 0.726      ;
; 0.490 ; FIR_filter_37_tap:u_fir_filter_L|input_sample[18][9]          ; FIR_filter_37_tap:u_fir_filter_L|input_sample[19][9]                                                                            ; config_CODEC:u_CODEC_config|counter[9] ; config_CODEC:u_CODEC_config|counter[9] ; 0.000        ; 0.079      ; 0.755      ;
; 0.513 ; FIR_filter_37_tap:u_fir_filter_L|input_sample[18][8]          ; FIR_filter_37_tap:u_fir_filter_L|input_sample[19][8]                                                                            ; config_CODEC:u_CODEC_config|counter[9] ; config_CODEC:u_CODEC_config|counter[9] ; 0.000        ; 0.079      ; 0.778      ;
; 0.553 ; tremolo:tremolo_inst_R|release_counter[10]                    ; tremolo:tremolo_inst_R|gate_open                                                                                                ; config_CODEC:u_CODEC_config|counter[9] ; config_CODEC:u_CODEC_config|counter[9] ; 0.000        ; 0.080      ; 0.819      ;
; 0.580 ; digital_distortion:digital_distortion_R|echantillon[10]       ; digital_distortion:digital_distortion_R|sortie_bitcrushed[10]                                                                   ; config_CODEC:u_CODEC_config|counter[9] ; config_CODEC:u_CODEC_config|counter[9] ; 0.000        ; 0.081      ; 0.847      ;
; 0.596 ; FIR_filter_37_tap:u_fir_filter_R|input_sample[26][8]          ; FIR_filter_37_tap:u_fir_filter_R|input_sample[27][8]                                                                            ; config_CODEC:u_CODEC_config|counter[9] ; config_CODEC:u_CODEC_config|counter[9] ; 0.000        ; 0.079      ; 0.861      ;
; 0.598 ; I2C_driver:u_I2C_Config|I2C_counter[5]                        ; I2C_driver:u_I2C_Config|SCLK                                                                                                    ; config_CODEC:u_CODEC_config|counter[9] ; config_CODEC:u_CODEC_config|counter[9] ; 0.000        ; 0.082      ; 0.866      ;
; 0.599 ; digital_distortion:digital_distortion_R|sortie_bitcrushed[12] ; digital_distortion:digital_distortion_R|audio_out[12]                                                                           ; config_CODEC:u_CODEC_config|counter[9] ; config_CODEC:u_CODEC_config|counter[9] ; 0.000        ; 0.081      ; 0.866      ;
; 0.599 ; digital_distortion:digital_distortion_R|sortie_bitcrushed[13] ; digital_distortion:digital_distortion_R|audio_out[13]                                                                           ; config_CODEC:u_CODEC_config|counter[9] ; config_CODEC:u_CODEC_config|counter[9] ; 0.000        ; 0.081      ; 0.866      ;
; 0.600 ; digital_distortion:digital_distortion_L|sortie_bitcrushed[6]  ; digital_distortion:digital_distortion_L|audio_out[6]                                                                            ; config_CODEC:u_CODEC_config|counter[9] ; config_CODEC:u_CODEC_config|counter[9] ; 0.000        ; 0.080      ; 0.866      ;
; 0.600 ; digital_distortion:digital_distortion_L|sortie_bitcrushed[7]  ; digital_distortion:digital_distortion_L|audio_out[7]                                                                            ; config_CODEC:u_CODEC_config|counter[9] ; config_CODEC:u_CODEC_config|counter[9] ; 0.000        ; 0.080      ; 0.866      ;
; 0.600 ; FIR_filter_37_tap:u_fir_filter_L|input_sample[11][9]          ; FIR_filter_37_tap:u_fir_filter_L|input_sample[12][9]                                                                            ; config_CODEC:u_CODEC_config|counter[9] ; config_CODEC:u_CODEC_config|counter[9] ; 0.000        ; 0.081      ; 0.867      ;
; 0.601 ; digital_distortion:digital_distortion_R|sortie_bitcrushed[7]  ; digital_distortion:digital_distortion_R|audio_out[7]                                                                            ; config_CODEC:u_CODEC_config|counter[9] ; config_CODEC:u_CODEC_config|counter[9] ; 0.000        ; 0.080      ; 0.867      ;
; 0.602 ; digital_distortion:digital_distortion_L|sortie_bitcrushed[8]  ; digital_distortion:digital_distortion_L|audio_out[8]                                                                            ; config_CODEC:u_CODEC_config|counter[9] ; config_CODEC:u_CODEC_config|counter[9] ; 0.000        ; 0.080      ; 0.868      ;
; 0.602 ; digital_distortion:digital_distortion_L|sortie_bitcrushed[10] ; digital_distortion:digital_distortion_L|audio_out[10]                                                                           ; config_CODEC:u_CODEC_config|counter[9] ; config_CODEC:u_CODEC_config|counter[9] ; 0.000        ; 0.080      ; 0.868      ;
; 0.602 ; digital_distortion:digital_distortion_L|sortie_bitcrushed[11] ; digital_distortion:digital_distortion_L|audio_out[11]                                                                           ; config_CODEC:u_CODEC_config|counter[9] ; config_CODEC:u_CODEC_config|counter[9] ; 0.000        ; 0.080      ; 0.868      ;
; 0.603 ; FIR_filter_37_tap:u_fir_filter_L|input_sample[13][9]          ; FIR_filter_37_tap:u_fir_filter_L|input_sample[14][9]                                                                            ; config_CODEC:u_CODEC_config|counter[9] ; config_CODEC:u_CODEC_config|counter[9] ; 0.000        ; 0.078      ; 0.867      ;
; 0.603 ; FIR_filter_37_tap:u_fir_filter_L|input_sample[28][2]          ; FIR_filter_37_tap:u_fir_filter_L|input_sample[29][2]                                                                            ; config_CODEC:u_CODEC_config|counter[9] ; config_CODEC:u_CODEC_config|counter[9] ; 0.000        ; 0.082      ; 0.871      ;
; 0.603 ; FIR_filter_37_tap:u_fir_filter_R|input_sample[25][9]          ; FIR_filter_37_tap:u_fir_filter_R|input_sample[26][9]                                                                            ; config_CODEC:u_CODEC_config|counter[9] ; config_CODEC:u_CODEC_config|counter[9] ; 0.000        ; 0.078      ; 0.867      ;
; 0.604 ; FIR_filter_37_tap:u_fir_filter_L|input_sample[24][8]          ; FIR_filter_37_tap:u_fir_filter_L|input_sample[25][8]                                                                            ; config_CODEC:u_CODEC_config|counter[9] ; config_CODEC:u_CODEC_config|counter[9] ; 0.000        ; 0.080      ; 0.870      ;
; 0.605 ; FIR_filter_37_tap:u_fir_filter_L|input_sample[24][1]          ; FIR_filter_37_tap:u_fir_filter_L|input_sample[25][1]                                                                            ; config_CODEC:u_CODEC_config|counter[9] ; config_CODEC:u_CODEC_config|counter[9] ; 0.000        ; 0.080      ; 0.871      ;
; 0.605 ; FIR_filter_37_tap:u_fir_filter_R|input_sample[26][10]         ; FIR_filter_37_tap:u_fir_filter_R|input_sample[27][10]                                                                           ; config_CODEC:u_CODEC_config|counter[9] ; config_CODEC:u_CODEC_config|counter[9] ; 0.000        ; 0.079      ; 0.870      ;
; 0.606 ; FIR_filter_37_tap:u_fir_filter_L|input_sample[22][9]          ; FIR_filter_37_tap:u_fir_filter_L|input_sample[23][9]                                                                            ; config_CODEC:u_CODEC_config|counter[9] ; config_CODEC:u_CODEC_config|counter[9] ; 0.000        ; 0.079      ; 0.871      ;
; 0.606 ; FIR_filter_37_tap:u_fir_filter_L|input_sample[22][1]          ; FIR_filter_37_tap:u_fir_filter_L|input_sample[23][1]                                                                            ; config_CODEC:u_CODEC_config|counter[9] ; config_CODEC:u_CODEC_config|counter[9] ; 0.000        ; 0.079      ; 0.871      ;
; 0.606 ; FIR_filter_37_tap:u_fir_filter_L|input_sample[26][8]          ; FIR_filter_37_tap:u_fir_filter_L|input_sample[27][8]                                                                            ; config_CODEC:u_CODEC_config|counter[9] ; config_CODEC:u_CODEC_config|counter[9] ; 0.000        ; 0.079      ; 0.871      ;
; 0.606 ; FIR_filter_37_tap:u_fir_filter_R|input_sample[13][11]         ; FIR_filter_37_tap:u_fir_filter_R|input_sample[14][11]                                                                           ; config_CODEC:u_CODEC_config|counter[9] ; config_CODEC:u_CODEC_config|counter[9] ; 0.000        ; 0.078      ; 0.870      ;
; 0.606 ; FIR_filter_37_tap:u_fir_filter_R|input_sample[17][1]          ; FIR_filter_37_tap:u_fir_filter_R|input_sample[18][1]                                                                            ; config_CODEC:u_CODEC_config|counter[9] ; config_CODEC:u_CODEC_config|counter[9] ; 0.000        ; 0.080      ; 0.872      ;
; 0.608 ; FIR_filter_37_tap:u_fir_filter_L|input_sample[17][7]          ; FIR_filter_37_tap:u_fir_filter_L|input_sample[18][7]                                                                            ; config_CODEC:u_CODEC_config|counter[9] ; config_CODEC:u_CODEC_config|counter[9] ; 0.000        ; 0.079      ; 0.873      ;
; 0.608 ; FIR_filter_37_tap:u_fir_filter_L|input_sample[17][5]          ; FIR_filter_37_tap:u_fir_filter_L|input_sample[18][5]                                                                            ; config_CODEC:u_CODEC_config|counter[9] ; config_CODEC:u_CODEC_config|counter[9] ; 0.000        ; 0.079      ; 0.873      ;
; 0.608 ; FIR_filter_37_tap:u_fir_filter_R|input_sample[17][2]          ; FIR_filter_37_tap:u_fir_filter_R|input_sample[18][2]                                                                            ; config_CODEC:u_CODEC_config|counter[9] ; config_CODEC:u_CODEC_config|counter[9] ; 0.000        ; 0.080      ; 0.874      ;
; 0.609 ; FIR_filter_37_tap:u_fir_filter_R|input_sample[26][9]          ; FIR_filter_37_tap:u_fir_filter_R|input_sample[27][9]                                                                            ; config_CODEC:u_CODEC_config|counter[9] ; config_CODEC:u_CODEC_config|counter[9] ; 0.000        ; 0.079      ; 0.874      ;
; 0.609 ; FIR_filter_37_tap:u_fir_filter_R|input_sample[26][3]          ; FIR_filter_37_tap:u_fir_filter_R|input_sample[27][3]                                                                            ; config_CODEC:u_CODEC_config|counter[9] ; config_CODEC:u_CODEC_config|counter[9] ; 0.000        ; 0.079      ; 0.874      ;
; 0.610 ; FIR_filter_37_tap:u_fir_filter_L|input_sample[26][3]          ; FIR_filter_37_tap:u_fir_filter_L|input_sample[27][3]                                                                            ; config_CODEC:u_CODEC_config|counter[9] ; config_CODEC:u_CODEC_config|counter[9] ; 0.000        ; 0.079      ; 0.875      ;
; 0.614 ; FIR_filter_37_tap:u_fir_filter_L|input_sample[24][9]          ; FIR_filter_37_tap:u_fir_filter_L|input_sample[25][9]                                                                            ; config_CODEC:u_CODEC_config|counter[9] ; config_CODEC:u_CODEC_config|counter[9] ; 0.000        ; 0.080      ; 0.880      ;
; 0.615 ; FIR_filter_37_tap:u_fir_filter_R|input_sample[25][2]          ; FIR_filter_37_tap:u_fir_filter_R|input_sample[26][2]                                                                            ; config_CODEC:u_CODEC_config|counter[9] ; config_CODEC:u_CODEC_config|counter[9] ; 0.000        ; 0.079      ; 0.880      ;
; 0.616 ; FIR_filter_37_tap:u_fir_filter_R|input_sample[17][15]         ; FIR_filter_37_tap:u_fir_filter_R|input_sample[18][15]                                                                           ; config_CODEC:u_CODEC_config|counter[9] ; config_CODEC:u_CODEC_config|counter[9] ; 0.000        ; 0.079      ; 0.881      ;
; 0.618 ; FIR_filter_37_tap:u_fir_filter_L|input_sample[2][3]           ; FIR_filter_37_tap:u_fir_filter_L|input_sample[3][3]                                                                             ; config_CODEC:u_CODEC_config|counter[9] ; config_CODEC:u_CODEC_config|counter[9] ; 0.000        ; 0.081      ; 0.885      ;
; 0.618 ; FIR_filter_37_tap:u_fir_filter_R|input_sample[2][3]           ; FIR_filter_37_tap:u_fir_filter_R|input_sample[3][3]                                                                             ; config_CODEC:u_CODEC_config|counter[9] ; config_CODEC:u_CODEC_config|counter[9] ; 0.000        ; 0.081      ; 0.885      ;
; 0.619 ; FIR_filter_37_tap:u_fir_filter_L|input_sample[11][1]          ; FIR_filter_37_tap:u_fir_filter_L|input_sample[12][1]                                                                            ; config_CODEC:u_CODEC_config|counter[9] ; config_CODEC:u_CODEC_config|counter[9] ; 0.000        ; 0.081      ; 0.886      ;
; 0.619 ; FIR_filter_37_tap:u_fir_filter_R|input_sample[25][8]          ; FIR_filter_37_tap:u_fir_filter_R|input_sample[26][8]                                                                            ; config_CODEC:u_CODEC_config|counter[9] ; config_CODEC:u_CODEC_config|counter[9] ; 0.000        ; 0.078      ; 0.883      ;
; 0.621 ; FIR_filter_37_tap:u_fir_filter_L|input_sample[11][2]          ; FIR_filter_37_tap:u_fir_filter_L|input_sample[12][2]                                                                            ; config_CODEC:u_CODEC_config|counter[9] ; config_CODEC:u_CODEC_config|counter[9] ; 0.000        ; 0.081      ; 0.888      ;
; 0.621 ; FIR_filter_37_tap:u_fir_filter_R|input_sample[13][0]          ; FIR_filter_37_tap:u_fir_filter_R|input_sample[14][0]                                                                            ; config_CODEC:u_CODEC_config|counter[9] ; config_CODEC:u_CODEC_config|counter[9] ; 0.000        ; 0.078      ; 0.885      ;
; 0.622 ; FIR_filter_37_tap:u_fir_filter_L|input_sample[16][6]          ; FIR_filter_37_tap:u_fir_filter_L|input_sample[17][6]                                                                            ; config_CODEC:u_CODEC_config|counter[9] ; config_CODEC:u_CODEC_config|counter[9] ; 0.000        ; 0.078      ; 0.886      ;
; 0.622 ; FIR_filter_37_tap:u_fir_filter_L|input_sample[13][1]          ; FIR_filter_37_tap:u_fir_filter_L|input_sample[14][1]                                                                            ; config_CODEC:u_CODEC_config|counter[9] ; config_CODEC:u_CODEC_config|counter[9] ; 0.000        ; 0.078      ; 0.886      ;
; 0.623 ; FIR_filter_37_tap:u_fir_filter_L|input_sample[13][2]          ; FIR_filter_37_tap:u_fir_filter_L|input_sample[14][2]                                                                            ; config_CODEC:u_CODEC_config|counter[9] ; config_CODEC:u_CODEC_config|counter[9] ; 0.000        ; 0.078      ; 0.887      ;
; 0.623 ; FIR_filter_37_tap:u_fir_filter_R|input_sample[16][6]          ; FIR_filter_37_tap:u_fir_filter_R|input_sample[17][6]                                                                            ; config_CODEC:u_CODEC_config|counter[9] ; config_CODEC:u_CODEC_config|counter[9] ; 0.000        ; 0.080      ; 0.889      ;
; 0.624 ; FIR_filter_37_tap:u_fir_filter_L|input_sample[16][0]          ; FIR_filter_37_tap:u_fir_filter_L|input_sample[17][0]                                                                            ; config_CODEC:u_CODEC_config|counter[9] ; config_CODEC:u_CODEC_config|counter[9] ; 0.000        ; 0.078      ; 0.888      ;
; 0.624 ; FIR_filter_37_tap:u_fir_filter_R|input_sample[17][8]          ; FIR_filter_37_tap:u_fir_filter_R|input_sample[18][8]                                                                            ; config_CODEC:u_CODEC_config|counter[9] ; config_CODEC:u_CODEC_config|counter[9] ; 0.000        ; 0.079      ; 0.889      ;
; 0.624 ; FIR_filter_37_tap:u_fir_filter_R|input_sample[14][0]          ; FIR_filter_37_tap:u_fir_filter_R|input_sample[15][0]                                                                            ; config_CODEC:u_CODEC_config|counter[9] ; config_CODEC:u_CODEC_config|counter[9] ; 0.000        ; 0.079      ; 0.889      ;
; 0.625 ; FIR_filter_37_tap:u_fir_filter_L|input_sample[17][10]         ; FIR_filter_37_tap:u_fir_filter_L|input_sample[18][10]                                                                           ; config_CODEC:u_CODEC_config|counter[9] ; config_CODEC:u_CODEC_config|counter[9] ; 0.000        ; 0.079      ; 0.890      ;
; 0.625 ; FIR_filter_37_tap:u_fir_filter_L|input_sample[16][8]          ; FIR_filter_37_tap:u_fir_filter_L|input_sample[17][8]                                                                            ; config_CODEC:u_CODEC_config|counter[9] ; config_CODEC:u_CODEC_config|counter[9] ; 0.000        ; 0.079      ; 0.890      ;
; 0.625 ; FIR_filter_37_tap:u_fir_filter_R|input_sample[9][11]          ; FIR_filter_37_tap:u_fir_filter_R|input_sample[10][11]                                                                           ; config_CODEC:u_CODEC_config|counter[9] ; config_CODEC:u_CODEC_config|counter[9] ; 0.000        ; 0.097      ; 0.908      ;
; 0.627 ; FIR_filter_37_tap:u_fir_filter_L|input_sample[7][8]           ; FIR_filter_37_tap:u_fir_filter_L|input_sample[8][8]                                                                             ; config_CODEC:u_CODEC_config|counter[9] ; config_CODEC:u_CODEC_config|counter[9] ; 0.000        ; 0.079      ; 0.892      ;
; 0.629 ; digital_distortion:digital_distortion_L|max_counter[2]        ; digital_distortion:digital_distortion_L|counter_vector[2]                                                                       ; config_CODEC:u_CODEC_config|counter[9] ; config_CODEC:u_CODEC_config|counter[9] ; 0.000        ; 0.081      ; 0.896      ;
; 0.630 ; FIR_filter_37_tap:u_fir_filter_L|input_sample[28][1]          ; FIR_filter_37_tap:u_fir_filter_L|input_sample[29][1]                                                                            ; config_CODEC:u_CODEC_config|counter[9] ; config_CODEC:u_CODEC_config|counter[9] ; 0.000        ; 0.082      ; 0.898      ;
; 0.631 ; FIR_filter_37_tap:u_fir_filter_L|input_sample[17][15]         ; FIR_filter_37_tap:u_fir_filter_L|input_sample[18][15]                                                                           ; config_CODEC:u_CODEC_config|counter[9] ; config_CODEC:u_CODEC_config|counter[9] ; 0.000        ; 0.079      ; 0.896      ;
; 0.633 ; tremolo:tremolo_inst_L|release_counter[1]                     ; tremolo:tremolo_inst_L|release_counter[1]                                                                                       ; config_CODEC:u_CODEC_config|counter[9] ; config_CODEC:u_CODEC_config|counter[9] ; 0.000        ; 0.081      ; 0.900      ;
; 0.633 ; FIR_filter_37_tap:u_fir_filter_L|input_sample[26][0]          ; FIR_filter_37_tap:u_fir_filter_L|input_sample[27][0]                                                                            ; config_CODEC:u_CODEC_config|counter[9] ; config_CODEC:u_CODEC_config|counter[9] ; 0.000        ; 0.079      ; 0.898      ;
; 0.633 ; FIR_filter_37_tap:u_fir_filter_R|input_sample[26][2]          ; FIR_filter_37_tap:u_fir_filter_R|input_sample[27][2]                                                                            ; config_CODEC:u_CODEC_config|counter[9] ; config_CODEC:u_CODEC_config|counter[9] ; 0.000        ; 0.079      ; 0.898      ;
; 0.633 ; FIR_filter_37_tap:u_fir_filter_R|input_sample[13][1]          ; FIR_filter_37_tap:u_fir_filter_R|input_sample[14][1]                                                                            ; config_CODEC:u_CODEC_config|counter[9] ; config_CODEC:u_CODEC_config|counter[9] ; 0.000        ; 0.078      ; 0.897      ;
; 0.634 ; FIR_filter_37_tap:u_fir_filter_L|input_sample[24][11]         ; FIR_filter_37_tap:u_fir_filter_L|input_sample[25][11]                                                                           ; config_CODEC:u_CODEC_config|counter[9] ; config_CODEC:u_CODEC_config|counter[9] ; 0.000        ; 0.080      ; 0.900      ;
; 0.634 ; FIR_filter_37_tap:u_fir_filter_L|input_sample[2][2]           ; FIR_filter_37_tap:u_fir_filter_L|input_sample[3][2]                                                                             ; config_CODEC:u_CODEC_config|counter[9] ; config_CODEC:u_CODEC_config|counter[9] ; 0.000        ; 0.081      ; 0.901      ;
; 0.634 ; FIR_filter_37_tap:u_fir_filter_R|input_sample[13][9]          ; FIR_filter_37_tap:u_fir_filter_R|input_sample[14][9]                                                                            ; config_CODEC:u_CODEC_config|counter[9] ; config_CODEC:u_CODEC_config|counter[9] ; 0.000        ; 0.078      ; 0.898      ;
; 0.634 ; FIR_filter_37_tap:u_fir_filter_R|input_sample[2][8]           ; FIR_filter_37_tap:u_fir_filter_R|input_sample[3][8]                                                                             ; config_CODEC:u_CODEC_config|counter[9] ; config_CODEC:u_CODEC_config|counter[9] ; 0.000        ; 0.080      ; 0.900      ;
; 0.634 ; FIR_filter_37_tap:u_fir_filter_R|input_sample[13][2]          ; FIR_filter_37_tap:u_fir_filter_R|input_sample[14][2]                                                                            ; config_CODEC:u_CODEC_config|counter[9] ; config_CODEC:u_CODEC_config|counter[9] ; 0.000        ; 0.078      ; 0.898      ;
; 0.634 ; FIR_filter_37_tap:u_fir_filter_R|input_sample[2][2]           ; FIR_filter_37_tap:u_fir_filter_R|input_sample[3][2]                                                                             ; config_CODEC:u_CODEC_config|counter[9] ; config_CODEC:u_CODEC_config|counter[9] ; 0.000        ; 0.081      ; 0.901      ;
; 0.635 ; FIR_filter_37_tap:u_fir_filter_L|input_sample[22][0]          ; FIR_filter_37_tap:u_fir_filter_L|input_sample[23][0]                                                                            ; config_CODEC:u_CODEC_config|counter[9] ; config_CODEC:u_CODEC_config|counter[9] ; 0.000        ; 0.079      ; 0.900      ;
; 0.635 ; FIR_filter_37_tap:u_fir_filter_L|input_sample[2][0]           ; FIR_filter_37_tap:u_fir_filter_L|input_sample[3][0]                                                                             ; config_CODEC:u_CODEC_config|counter[9] ; config_CODEC:u_CODEC_config|counter[9] ; 0.000        ; 0.081      ; 0.902      ;
; 0.635 ; tremolo:tremolo_inst_L|phase_acc[5]                           ; tremolo:tremolo_inst_L|phase_acc[5]                                                                                             ; config_CODEC:u_CODEC_config|counter[9] ; config_CODEC:u_CODEC_config|counter[9] ; 0.000        ; 0.080      ; 0.901      ;
; 0.635 ; FIR_filter_37_tap:u_fir_filter_R|input_sample[26][11]         ; FIR_filter_37_tap:u_fir_filter_R|input_sample[27][11]                                                                           ; config_CODEC:u_CODEC_config|counter[9] ; config_CODEC:u_CODEC_config|counter[9] ; 0.000        ; 0.079      ; 0.900      ;
; 0.635 ; FIR_filter_37_tap:u_fir_filter_R|input_sample[14][8]          ; FIR_filter_37_tap:u_fir_filter_R|input_sample[15][8]                                                                            ; config_CODEC:u_CODEC_config|counter[9] ; config_CODEC:u_CODEC_config|counter[9] ; 0.000        ; 0.079      ; 0.900      ;
; 0.636 ; tremolo:tremolo_inst_R|release_counter[1]                     ; tremolo:tremolo_inst_R|release_counter[1]                                                                                       ; config_CODEC:u_CODEC_config|counter[9] ; config_CODEC:u_CODEC_config|counter[9] ; 0.000        ; 0.080      ; 0.902      ;
; 0.636 ; tremolo:tremolo_inst_R|release_counter[2]                     ; tremolo:tremolo_inst_R|release_counter[2]                                                                                       ; config_CODEC:u_CODEC_config|counter[9] ; config_CODEC:u_CODEC_config|counter[9] ; 0.000        ; 0.080      ; 0.902      ;
; 0.636 ; tremolo:tremolo_inst_L|phase_acc[3]                           ; tremolo:tremolo_inst_L|phase_acc[3]                                                                                             ; config_CODEC:u_CODEC_config|counter[9] ; config_CODEC:u_CODEC_config|counter[9] ; 0.000        ; 0.080      ; 0.902      ;
; 0.636 ; tremolo:tremolo_inst_L|phase_acc[2]                           ; tremolo:tremolo_inst_L|phase_acc[2]                                                                                             ; config_CODEC:u_CODEC_config|counter[9] ; config_CODEC:u_CODEC_config|counter[9] ; 0.000        ; 0.080      ; 0.902      ;
; 0.637 ; FIR_filter_37_tap:u_fir_filter_L|input_sample[26][11]         ; FIR_filter_37_tap:u_fir_filter_L|input_sample[27][11]                                                                           ; config_CODEC:u_CODEC_config|counter[9] ; config_CODEC:u_CODEC_config|counter[9] ; 0.000        ; 0.079      ; 0.902      ;
; 0.637 ; tremolo:tremolo_inst_L|phase_acc[7]                           ; tremolo:tremolo_inst_L|phase_acc[7]                                                                                             ; config_CODEC:u_CODEC_config|counter[9] ; config_CODEC:u_CODEC_config|counter[9] ; 0.000        ; 0.080      ; 0.903      ;
; 0.637 ; tremolo:tremolo_inst_L|phase_acc[6]                           ; tremolo:tremolo_inst_L|phase_acc[6]                                                                                             ; config_CODEC:u_CODEC_config|counter[9] ; config_CODEC:u_CODEC_config|counter[9] ; 0.000        ; 0.080      ; 0.903      ;
; 0.637 ; FIR_filter_37_tap:u_fir_filter_R|input_sample[16][3]          ; FIR_filter_37_tap:u_fir_filter_R|input_sample[17][3]                                                                            ; config_CODEC:u_CODEC_config|counter[9] ; config_CODEC:u_CODEC_config|counter[9] ; 0.000        ; 0.079      ; 0.902      ;
; 0.637 ; FIR_filter_37_tap:u_fir_filter_R|input_sample[14][2]          ; FIR_filter_37_tap:u_fir_filter_R|input_sample[15][2]                                                                            ; config_CODEC:u_CODEC_config|counter[9] ; config_CODEC:u_CODEC_config|counter[9] ; 0.000        ; 0.079      ; 0.902      ;
; 0.638 ; tremolo:tremolo_inst_L|phase_acc[1]                           ; tremolo:tremolo_inst_L|phase_acc[1]                                                                                             ; config_CODEC:u_CODEC_config|counter[9] ; config_CODEC:u_CODEC_config|counter[9] ; 0.000        ; 0.080      ; 0.904      ;
; 0.638 ; digital_distortion:digital_distortion_R|echantillon[12]       ; digital_distortion:digital_distortion_R|sortie_bitcrushed[12]                                                                   ; config_CODEC:u_CODEC_config|counter[9] ; config_CODEC:u_CODEC_config|counter[9] ; 0.000        ; 0.082      ; 0.906      ;
; 0.638 ; FIR_filter_37_tap:u_fir_filter_R|input_sample[2][9]           ; FIR_filter_37_tap:u_fir_filter_R|input_sample[3][9]                                                                             ; config_CODEC:u_CODEC_config|counter[9] ; config_CODEC:u_CODEC_config|counter[9] ; 0.000        ; 0.080      ; 0.904      ;
; 0.639 ; FIR_filter_37_tap:u_fir_filter_L|input_sample[22][11]         ; FIR_filter_37_tap:u_fir_filter_L|input_sample[23][11]                                                                           ; config_CODEC:u_CODEC_config|counter[9] ; config_CODEC:u_CODEC_config|counter[9] ; 0.000        ; 0.079      ; 0.904      ;
; 0.639 ; tremolo:tremolo_inst_L|release_counter[2]                     ; tremolo:tremolo_inst_L|release_counter[2]                                                                                       ; config_CODEC:u_CODEC_config|counter[9] ; config_CODEC:u_CODEC_config|counter[9] ; 0.000        ; 0.081      ; 0.906      ;
; 0.639 ; FIR_filter_37_tap:u_fir_filter_R|input_sample[13][8]          ; FIR_filter_37_tap:u_fir_filter_R|input_sample[14][8]                                                                            ; config_CODEC:u_CODEC_config|counter[9] ; config_CODEC:u_CODEC_config|counter[9] ; 0.000        ; 0.078      ; 0.903      ;
+-------+---------------------------------------------------------------+---------------------------------------------------------------------------------------------------------------------------------+----------------------------------------+----------------------------------------+--------------+------------+------------+


+----------------------------------------------------------------------------------------------------------------------------------------------------------------------------------------------------------+
; Slow 1200mV 85C Model Hold: 'I2C_driver:u_I2C_Config|SENT'                                                                                                                                               ;
+-------+----------------------------------------+----------------------------------------+----------------------------------------+------------------------------+--------------+------------+------------+
; Slack ; From Node                              ; To Node                                ; Launch Clock                           ; Latch Clock                  ; Relationship ; Clock Skew ; Data Delay ;
+-------+----------------------------------------+----------------------------------------+----------------------------------------+------------------------------+--------------+------------+------------+
; 0.399 ; config_CODEC:u_CODEC_config|vol[0]     ; config_CODEC:u_CODEC_config|DATA[0]    ; config_CODEC:u_CODEC_config|counter[9] ; I2C_driver:u_I2C_Config|SENT ; 0.000        ; 0.111      ; 0.716      ;
; 0.402 ; config_CODEC:u_CODEC_config|address[0] ; config_CODEC:u_CODEC_config|address[0] ; I2C_driver:u_I2C_Config|SENT           ; I2C_driver:u_I2C_Config|SENT ; 0.000        ; 0.081      ; 0.669      ;
; 0.424 ; config_CODEC:u_CODEC_config|vol[4]     ; config_CODEC:u_CODEC_config|DATA[4]    ; config_CODEC:u_CODEC_config|counter[9] ; I2C_driver:u_I2C_Config|SENT ; 0.000        ; 0.111      ; 0.741      ;
; 0.432 ; config_CODEC:u_CODEC_config|vol[2]     ; config_CODEC:u_CODEC_config|DATA[2]    ; config_CODEC:u_CODEC_config|counter[9] ; I2C_driver:u_I2C_Config|SENT ; 0.000        ; 0.111      ; 0.749      ;
; 0.663 ; config_CODEC:u_CODEC_config|address[4] ; config_CODEC:u_CODEC_config|address[4] ; I2C_driver:u_I2C_Config|SENT           ; I2C_driver:u_I2C_Config|SENT ; 0.000        ; 0.081      ; 0.930      ;
; 0.682 ; config_CODEC:u_CODEC_config|address[1] ; config_CODEC:u_CODEC_config|address[1] ; I2C_driver:u_I2C_Config|SENT           ; I2C_driver:u_I2C_Config|SENT ; 0.000        ; 0.081      ; 0.949      ;
; 0.700 ; config_CODEC:u_CODEC_config|address[2] ; config_CODEC:u_CODEC_config|address[2] ; I2C_driver:u_I2C_Config|SENT           ; I2C_driver:u_I2C_Config|SENT ; 0.000        ; 0.081      ; 0.967      ;
; 0.704 ; config_CODEC:u_CODEC_config|address[3] ; config_CODEC:u_CODEC_config|address[3] ; I2C_driver:u_I2C_Config|SENT           ; I2C_driver:u_I2C_Config|SENT ; 0.000        ; 0.081      ; 0.971      ;
; 0.757 ; config_CODEC:u_CODEC_config|address[4] ; config_CODEC:u_CODEC_config|DATA[6]    ; I2C_driver:u_I2C_Config|SENT           ; I2C_driver:u_I2C_Config|SENT ; 0.000        ; 0.477      ; 1.420      ;
; 0.882 ; config_CODEC:u_CODEC_config|address[0] ; config_CODEC:u_CODEC_config|DATA[6]    ; I2C_driver:u_I2C_Config|SENT           ; I2C_driver:u_I2C_Config|SENT ; 0.000        ; 0.476      ; 1.544      ;
; 0.885 ; config_CODEC:u_CODEC_config|address[4] ; config_CODEC:u_CODEC_config|DATA[5]    ; I2C_driver:u_I2C_Config|SENT           ; I2C_driver:u_I2C_Config|SENT ; 0.000        ; 0.477      ; 1.548      ;
; 0.896 ; config_CODEC:u_CODEC_config|vol[1]     ; config_CODEC:u_CODEC_config|DATA[1]    ; config_CODEC:u_CODEC_config|counter[9] ; I2C_driver:u_I2C_Config|SENT ; 0.000        ; 0.112      ; 1.214      ;
; 0.907 ; config_CODEC:u_CODEC_config|vol[3]     ; config_CODEC:u_CODEC_config|DATA[3]    ; config_CODEC:u_CODEC_config|counter[9] ; I2C_driver:u_I2C_Config|SENT ; 0.000        ; 0.112      ; 1.225      ;
; 0.907 ; config_CODEC:u_CODEC_config|address[4] ; config_CODEC:u_CODEC_config|DATA[0]    ; I2C_driver:u_I2C_Config|SENT           ; I2C_driver:u_I2C_Config|SENT ; 0.000        ; 0.082      ; 1.175      ;
; 0.917 ; config_CODEC:u_CODEC_config|address[0] ; config_CODEC:u_CODEC_config|address[1] ; I2C_driver:u_I2C_Config|SENT           ; I2C_driver:u_I2C_Config|SENT ; 0.000        ; 0.080      ; 1.183      ;
; 0.937 ; config_CODEC:u_CODEC_config|address[2] ; config_CODEC:u_CODEC_config|DATA[2]    ; I2C_driver:u_I2C_Config|SENT           ; I2C_driver:u_I2C_Config|SENT ; 0.000        ; 0.082      ; 1.205      ;
; 0.993 ; config_CODEC:u_CODEC_config|address[3] ; config_CODEC:u_CODEC_config|DATA[6]    ; I2C_driver:u_I2C_Config|SENT           ; I2C_driver:u_I2C_Config|SENT ; 0.000        ; 0.477      ; 1.656      ;
; 0.995 ; config_CODEC:u_CODEC_config|address[1] ; config_CODEC:u_CODEC_config|address[2] ; I2C_driver:u_I2C_Config|SENT           ; I2C_driver:u_I2C_Config|SENT ; 0.000        ; 0.081      ; 1.262      ;
; 1.000 ; config_CODEC:u_CODEC_config|address[1] ; config_CODEC:u_CODEC_config|address[3] ; I2C_driver:u_I2C_Config|SENT           ; I2C_driver:u_I2C_Config|SENT ; 0.000        ; 0.081      ; 1.267      ;
; 1.011 ; config_CODEC:u_CODEC_config|address[2] ; config_CODEC:u_CODEC_config|DATA[5]    ; I2C_driver:u_I2C_Config|SENT           ; I2C_driver:u_I2C_Config|SENT ; 0.000        ; 0.477      ; 1.674      ;
; 1.018 ; config_CODEC:u_CODEC_config|address[2] ; config_CODEC:u_CODEC_config|address[3] ; I2C_driver:u_I2C_Config|SENT           ; I2C_driver:u_I2C_Config|SENT ; 0.000        ; 0.081      ; 1.285      ;
; 1.031 ; config_CODEC:u_CODEC_config|address[3] ; config_CODEC:u_CODEC_config|address[4] ; I2C_driver:u_I2C_Config|SENT           ; I2C_driver:u_I2C_Config|SENT ; 0.000        ; 0.081      ; 1.298      ;
; 1.098 ; config_CODEC:u_CODEC_config|address[2] ; config_CODEC:u_CODEC_config|DATA[6]    ; I2C_driver:u_I2C_Config|SENT           ; I2C_driver:u_I2C_Config|SENT ; 0.000        ; 0.477      ; 1.761      ;
; 1.118 ; config_CODEC:u_CODEC_config|address[1] ; config_CODEC:u_CODEC_config|DATA[6]    ; I2C_driver:u_I2C_Config|SENT           ; I2C_driver:u_I2C_Config|SENT ; 0.000        ; 0.477      ; 1.781      ;
; 1.121 ; config_CODEC:u_CODEC_config|address[1] ; config_CODEC:u_CODEC_config|address[4] ; I2C_driver:u_I2C_Config|SENT           ; I2C_driver:u_I2C_Config|SENT ; 0.000        ; 0.081      ; 1.388      ;
; 1.139 ; config_CODEC:u_CODEC_config|address[2] ; config_CODEC:u_CODEC_config|address[4] ; I2C_driver:u_I2C_Config|SENT           ; I2C_driver:u_I2C_Config|SENT ; 0.000        ; 0.081      ; 1.406      ;
; 1.150 ; config_CODEC:u_CODEC_config|address[1] ; config_CODEC:u_CODEC_config|DATA[2]    ; I2C_driver:u_I2C_Config|SENT           ; I2C_driver:u_I2C_Config|SENT ; 0.000        ; 0.082      ; 1.418      ;
; 1.157 ; config_CODEC:u_CODEC_config|address[3] ; config_CODEC:u_CODEC_config|DATA[10]   ; I2C_driver:u_I2C_Config|SENT           ; I2C_driver:u_I2C_Config|SENT ; 0.000        ; 0.083      ; 1.426      ;
; 1.158 ; config_CODEC:u_CODEC_config|address[3] ; config_CODEC:u_CODEC_config|DATA[5]    ; I2C_driver:u_I2C_Config|SENT           ; I2C_driver:u_I2C_Config|SENT ; 0.000        ; 0.477      ; 1.821      ;
; 1.168 ; config_CODEC:u_CODEC_config|address[1] ; config_CODEC:u_CODEC_config|DATA[5]    ; I2C_driver:u_I2C_Config|SENT           ; I2C_driver:u_I2C_Config|SENT ; 0.000        ; 0.477      ; 1.831      ;
; 1.227 ; config_CODEC:u_CODEC_config|address[0] ; config_CODEC:u_CODEC_config|address[2] ; I2C_driver:u_I2C_Config|SENT           ; I2C_driver:u_I2C_Config|SENT ; 0.000        ; 0.080      ; 1.493      ;
; 1.232 ; config_CODEC:u_CODEC_config|address[0] ; config_CODEC:u_CODEC_config|address[3] ; I2C_driver:u_I2C_Config|SENT           ; I2C_driver:u_I2C_Config|SENT ; 0.000        ; 0.080      ; 1.498      ;
; 1.255 ; config_CODEC:u_CODEC_config|address[0] ; config_CODEC:u_CODEC_config|DATA[0]    ; I2C_driver:u_I2C_Config|SENT           ; I2C_driver:u_I2C_Config|SENT ; 0.000        ; 0.081      ; 1.522      ;
; 1.313 ; config_CODEC:u_CODEC_config|address[4] ; config_CODEC:u_CODEC_config|DATA[11]   ; I2C_driver:u_I2C_Config|SENT           ; I2C_driver:u_I2C_Config|SENT ; 0.000        ; 0.083      ; 1.582      ;
; 1.315 ; config_CODEC:u_CODEC_config|address[4] ; config_CODEC:u_CODEC_config|DATA[10]   ; I2C_driver:u_I2C_Config|SENT           ; I2C_driver:u_I2C_Config|SENT ; 0.000        ; 0.083      ; 1.584      ;
; 1.324 ; config_CODEC:u_CODEC_config|address[4] ; config_CODEC:u_CODEC_config|DATA[12]   ; I2C_driver:u_I2C_Config|SENT           ; I2C_driver:u_I2C_Config|SENT ; 0.000        ; 0.083      ; 1.593      ;
; 1.327 ; config_CODEC:u_CODEC_config|address[4] ; config_CODEC:u_CODEC_config|DATA[9]    ; I2C_driver:u_I2C_Config|SENT           ; I2C_driver:u_I2C_Config|SENT ; 0.000        ; 0.083      ; 1.596      ;
; 1.353 ; config_CODEC:u_CODEC_config|address[0] ; config_CODEC:u_CODEC_config|address[4] ; I2C_driver:u_I2C_Config|SENT           ; I2C_driver:u_I2C_Config|SENT ; 0.000        ; 0.080      ; 1.619      ;
; 1.418 ; config_CODEC:u_CODEC_config|address[0] ; config_CODEC:u_CODEC_config|DATA[4]    ; I2C_driver:u_I2C_Config|SENT           ; I2C_driver:u_I2C_Config|SENT ; 0.000        ; 0.081      ; 1.685      ;
; 1.459 ; config_CODEC:u_CODEC_config|address[3] ; config_CODEC:u_CODEC_config|DATA[0]    ; I2C_driver:u_I2C_Config|SENT           ; I2C_driver:u_I2C_Config|SENT ; 0.000        ; 0.082      ; 1.727      ;
; 1.487 ; config_CODEC:u_CODEC_config|address[4] ; config_CODEC:u_CODEC_config|DATA[2]    ; I2C_driver:u_I2C_Config|SENT           ; I2C_driver:u_I2C_Config|SENT ; 0.000        ; 0.082      ; 1.755      ;
; 1.504 ; config_CODEC:u_CODEC_config|address[2] ; config_CODEC:u_CODEC_config|DATA[0]    ; I2C_driver:u_I2C_Config|SENT           ; I2C_driver:u_I2C_Config|SENT ; 0.000        ; 0.082      ; 1.772      ;
; 1.522 ; config_CODEC:u_CODEC_config|address[2] ; config_CODEC:u_CODEC_config|DATA[10]   ; I2C_driver:u_I2C_Config|SENT           ; I2C_driver:u_I2C_Config|SENT ; 0.000        ; 0.083      ; 1.791      ;
; 1.535 ; config_CODEC:u_CODEC_config|address[4] ; config_CODEC:u_CODEC_config|address[2] ; I2C_driver:u_I2C_Config|SENT           ; I2C_driver:u_I2C_Config|SENT ; 0.000        ; 0.081      ; 1.802      ;
; 1.535 ; config_CODEC:u_CODEC_config|address[4] ; config_CODEC:u_CODEC_config|address[1] ; I2C_driver:u_I2C_Config|SENT           ; I2C_driver:u_I2C_Config|SENT ; 0.000        ; 0.081      ; 1.802      ;
; 1.535 ; config_CODEC:u_CODEC_config|address[4] ; config_CODEC:u_CODEC_config|address[3] ; I2C_driver:u_I2C_Config|SENT           ; I2C_driver:u_I2C_Config|SENT ; 0.000        ; 0.081      ; 1.802      ;
; 1.568 ; config_CODEC:u_CODEC_config|address[4] ; config_CODEC:u_CODEC_config|DATA[4]    ; I2C_driver:u_I2C_Config|SENT           ; I2C_driver:u_I2C_Config|SENT ; 0.000        ; 0.082      ; 1.836      ;
; 1.586 ; config_CODEC:u_CODEC_config|address[1] ; config_CODEC:u_CODEC_config|DATA[0]    ; I2C_driver:u_I2C_Config|SENT           ; I2C_driver:u_I2C_Config|SENT ; 0.000        ; 0.082      ; 1.854      ;
; 1.586 ; config_CODEC:u_CODEC_config|address[2] ; config_CODEC:u_CODEC_config|DATA[4]    ; I2C_driver:u_I2C_Config|SENT           ; I2C_driver:u_I2C_Config|SENT ; 0.000        ; 0.082      ; 1.854      ;
; 1.613 ; config_CODEC:u_CODEC_config|address[2] ; config_CODEC:u_CODEC_config|address[1] ; I2C_driver:u_I2C_Config|SENT           ; I2C_driver:u_I2C_Config|SENT ; 0.000        ; 0.081      ; 1.880      ;
; 1.647 ; config_CODEC:u_CODEC_config|address[1] ; config_CODEC:u_CODEC_config|DATA[4]    ; I2C_driver:u_I2C_Config|SENT           ; I2C_driver:u_I2C_Config|SENT ; 0.000        ; 0.082      ; 1.915      ;
; 1.682 ; config_CODEC:u_CODEC_config|address[0] ; config_CODEC:u_CODEC_config|DATA[12]   ; I2C_driver:u_I2C_Config|SENT           ; I2C_driver:u_I2C_Config|SENT ; 0.000        ; 0.082      ; 1.950      ;
; 1.699 ; config_CODEC:u_CODEC_config|address[3] ; config_CODEC:u_CODEC_config|address[2] ; I2C_driver:u_I2C_Config|SENT           ; I2C_driver:u_I2C_Config|SENT ; 0.000        ; 0.081      ; 1.966      ;
; 1.699 ; config_CODEC:u_CODEC_config|address[3] ; config_CODEC:u_CODEC_config|address[1] ; I2C_driver:u_I2C_Config|SENT           ; I2C_driver:u_I2C_Config|SENT ; 0.000        ; 0.081      ; 1.966      ;
; 1.707 ; config_CODEC:u_CODEC_config|address[4] ; config_CODEC:u_CODEC_config|DATA[3]    ; I2C_driver:u_I2C_Config|SENT           ; I2C_driver:u_I2C_Config|SENT ; 0.000        ; 0.083      ; 1.976      ;
; 1.710 ; config_CODEC:u_CODEC_config|address[1] ; config_CODEC:u_CODEC_config|DATA[12]   ; I2C_driver:u_I2C_Config|SENT           ; I2C_driver:u_I2C_Config|SENT ; 0.000        ; 0.083      ; 1.979      ;
; 1.713 ; config_CODEC:u_CODEC_config|address[2] ; config_CODEC:u_CODEC_config|DATA[11]   ; I2C_driver:u_I2C_Config|SENT           ; I2C_driver:u_I2C_Config|SENT ; 0.000        ; 0.083      ; 1.982      ;
; 1.718 ; config_CODEC:u_CODEC_config|address[2] ; config_CODEC:u_CODEC_config|DATA[12]   ; I2C_driver:u_I2C_Config|SENT           ; I2C_driver:u_I2C_Config|SENT ; 0.000        ; 0.083      ; 1.987      ;
; 1.726 ; config_CODEC:u_CODEC_config|address[4] ; config_CODEC:u_CODEC_config|DATA[1]    ; I2C_driver:u_I2C_Config|SENT           ; I2C_driver:u_I2C_Config|SENT ; 0.000        ; 0.083      ; 1.995      ;
; 1.749 ; config_CODEC:u_CODEC_config|address[0] ; config_CODEC:u_CODEC_config|DATA[9]    ; I2C_driver:u_I2C_Config|SENT           ; I2C_driver:u_I2C_Config|SENT ; 0.000        ; 0.082      ; 2.017      ;
; 1.765 ; config_CODEC:u_CODEC_config|address[0] ; config_CODEC:u_CODEC_config|DATA[11]   ; I2C_driver:u_I2C_Config|SENT           ; I2C_driver:u_I2C_Config|SENT ; 0.000        ; 0.082      ; 2.033      ;
; 1.792 ; config_CODEC:u_CODEC_config|address[3] ; config_CODEC:u_CODEC_config|DATA[2]    ; I2C_driver:u_I2C_Config|SENT           ; I2C_driver:u_I2C_Config|SENT ; 0.000        ; 0.082      ; 2.060      ;
; 1.804 ; config_CODEC:u_CODEC_config|address[2] ; config_CODEC:u_CODEC_config|DATA[9]    ; I2C_driver:u_I2C_Config|SENT           ; I2C_driver:u_I2C_Config|SENT ; 0.000        ; 0.083      ; 2.073      ;
; 1.806 ; config_CODEC:u_CODEC_config|address[3] ; config_CODEC:u_CODEC_config|DATA[12]   ; I2C_driver:u_I2C_Config|SENT           ; I2C_driver:u_I2C_Config|SENT ; 0.000        ; 0.083      ; 2.075      ;
; 1.806 ; config_CODEC:u_CODEC_config|address[3] ; config_CODEC:u_CODEC_config|DATA[9]    ; I2C_driver:u_I2C_Config|SENT           ; I2C_driver:u_I2C_Config|SENT ; 0.000        ; 0.083      ; 2.075      ;
; 1.817 ; config_CODEC:u_CODEC_config|address[3] ; config_CODEC:u_CODEC_config|DATA[11]   ; I2C_driver:u_I2C_Config|SENT           ; I2C_driver:u_I2C_Config|SENT ; 0.000        ; 0.083      ; 2.086      ;
; 1.819 ; config_CODEC:u_CODEC_config|address[1] ; config_CODEC:u_CODEC_config|DATA[9]    ; I2C_driver:u_I2C_Config|SENT           ; I2C_driver:u_I2C_Config|SENT ; 0.000        ; 0.083      ; 2.088      ;
; 1.824 ; config_CODEC:u_CODEC_config|address[2] ; config_CODEC:u_CODEC_config|DATA[1]    ; I2C_driver:u_I2C_Config|SENT           ; I2C_driver:u_I2C_Config|SENT ; 0.000        ; 0.083      ; 2.093      ;
; 1.828 ; config_CODEC:u_CODEC_config|address[2] ; config_CODEC:u_CODEC_config|DATA[3]    ; I2C_driver:u_I2C_Config|SENT           ; I2C_driver:u_I2C_Config|SENT ; 0.000        ; 0.083      ; 2.097      ;
; 1.840 ; config_CODEC:u_CODEC_config|address[1] ; config_CODEC:u_CODEC_config|DATA[1]    ; I2C_driver:u_I2C_Config|SENT           ; I2C_driver:u_I2C_Config|SENT ; 0.000        ; 0.083      ; 2.109      ;
; 1.841 ; config_CODEC:u_CODEC_config|address[3] ; config_CODEC:u_CODEC_config|DATA[4]    ; I2C_driver:u_I2C_Config|SENT           ; I2C_driver:u_I2C_Config|SENT ; 0.000        ; 0.082      ; 2.109      ;
; 1.877 ; config_CODEC:u_CODEC_config|address[1] ; config_CODEC:u_CODEC_config|DATA[10]   ; I2C_driver:u_I2C_Config|SENT           ; I2C_driver:u_I2C_Config|SENT ; 0.000        ; 0.083      ; 2.146      ;
; 1.943 ; config_CODEC:u_CODEC_config|address[4] ; config_CODEC:u_CODEC_config|address[0] ; I2C_driver:u_I2C_Config|SENT           ; I2C_driver:u_I2C_Config|SENT ; 0.000        ; 0.082      ; 2.211      ;
; 1.971 ; config_CODEC:u_CODEC_config|address[3] ; config_CODEC:u_CODEC_config|DATA[1]    ; I2C_driver:u_I2C_Config|SENT           ; I2C_driver:u_I2C_Config|SENT ; 0.000        ; 0.083      ; 2.240      ;
; 1.980 ; config_CODEC:u_CODEC_config|address[3] ; config_CODEC:u_CODEC_config|DATA[3]    ; I2C_driver:u_I2C_Config|SENT           ; I2C_driver:u_I2C_Config|SENT ; 0.000        ; 0.083      ; 2.249      ;
; 1.982 ; config_CODEC:u_CODEC_config|address[1] ; config_CODEC:u_CODEC_config|DATA[11]   ; I2C_driver:u_I2C_Config|SENT           ; I2C_driver:u_I2C_Config|SENT ; 0.000        ; 0.083      ; 2.251      ;
; 1.985 ; config_CODEC:u_CODEC_config|address[1] ; config_CODEC:u_CODEC_config|DATA[3]    ; I2C_driver:u_I2C_Config|SENT           ; I2C_driver:u_I2C_Config|SENT ; 0.000        ; 0.083      ; 2.254      ;
; 2.021 ; config_CODEC:u_CODEC_config|address[2] ; config_CODEC:u_CODEC_config|address[0] ; I2C_driver:u_I2C_Config|SENT           ; I2C_driver:u_I2C_Config|SENT ; 0.000        ; 0.082      ; 2.289      ;
; 2.107 ; config_CODEC:u_CODEC_config|address[3] ; config_CODEC:u_CODEC_config|address[0] ; I2C_driver:u_I2C_Config|SENT           ; I2C_driver:u_I2C_Config|SENT ; 0.000        ; 0.082      ; 2.375      ;
; 2.343 ; config_CODEC:u_CODEC_config|address[1] ; config_CODEC:u_CODEC_config|address[0] ; I2C_driver:u_I2C_Config|SENT           ; I2C_driver:u_I2C_Config|SENT ; 0.000        ; 0.082      ; 2.611      ;
; 2.392 ; config_CODEC:u_CODEC_config|address[0] ; config_CODEC:u_CODEC_config|DATA[1]    ; I2C_driver:u_I2C_Config|SENT           ; I2C_driver:u_I2C_Config|SENT ; 0.000        ; 0.082      ; 2.660      ;
+-------+----------------------------------------+----------------------------------------+----------------------------------------+------------------------------+--------------+------------+------------+


+-----------------------------------------------------------------------------------------------------------------------------------------------------------------------------------------------+
; Slow 1200mV 85C Model Hold: 'AUD_BCLK'                                                                                                                                                        ;
+-------+-------------------------------------------+-------------------------------------------+----------------------------------------+-------------+--------------+------------+------------+
; Slack ; From Node                                 ; To Node                                   ; Launch Clock                           ; Latch Clock ; Relationship ; Clock Skew ; Data Delay ;
+-------+-------------------------------------------+-------------------------------------------+----------------------------------------+-------------+--------------+------------+------------+
; 0.440 ; parallel_to_serial:u2|right_shift_reg[0]  ; parallel_to_serial:u2|right_shift_reg[0]  ; AUD_BCLK                               ; AUD_BCLK    ; 0.000        ; 0.043      ; 0.669      ;
; 0.440 ; parallel_to_serial:u2|left_shift_reg[0]   ; parallel_to_serial:u2|left_shift_reg[0]   ; AUD_BCLK                               ; AUD_BCLK    ; 0.000        ; 0.043      ; 0.669      ;
; 0.458 ; parallel_to_serial:u2|right_shift_reg[3]  ; parallel_to_serial:u2|right_shift_reg[4]  ; AUD_BCLK                               ; AUD_BCLK    ; 0.000        ; 0.052      ; 0.696      ;
; 0.458 ; parallel_to_serial:u2|right_shift_reg[2]  ; parallel_to_serial:u2|right_shift_reg[3]  ; AUD_BCLK                               ; AUD_BCLK    ; 0.000        ; 0.052      ; 0.696      ;
; 0.461 ; parallel_to_serial:u2|left_shift_reg[3]   ; parallel_to_serial:u2|left_shift_reg[4]   ; AUD_BCLK                               ; AUD_BCLK    ; 0.000        ; 0.050      ; 0.697      ;
; 0.462 ; parallel_to_serial:u2|left_shift_reg[9]   ; parallel_to_serial:u2|left_shift_reg[10]  ; AUD_BCLK                               ; AUD_BCLK    ; 0.000        ; 0.048      ; 0.696      ;
; 0.463 ; parallel_to_serial:u2|left_shift_reg[12]  ; parallel_to_serial:u2|left_shift_reg[13]  ; AUD_BCLK                               ; AUD_BCLK    ; 0.000        ; 0.047      ; 0.696      ;
; 0.463 ; parallel_to_serial:u2|left_shift_reg[11]  ; parallel_to_serial:u2|left_shift_reg[12]  ; AUD_BCLK                               ; AUD_BCLK    ; 0.000        ; 0.047      ; 0.696      ;
; 0.481 ; serial_to_parallel:u1|left_shift_reg[5]   ; serial_to_parallel:u1|left_shift_reg[6]   ; AUD_BCLK                               ; AUD_BCLK    ; 0.000        ; 0.049      ; 0.716      ;
; 0.482 ; serial_to_parallel:u1|left_shift_reg[2]   ; serial_to_parallel:u1|left_shift_reg[3]   ; AUD_BCLK                               ; AUD_BCLK    ; 0.000        ; 0.049      ; 0.717      ;
; 0.483 ; serial_to_parallel:u1|left_shift_reg[14]  ; serial_to_parallel:u1|left_shift_reg[15]  ; AUD_BCLK                               ; AUD_BCLK    ; 0.000        ; 0.049      ; 0.718      ;
; 0.483 ; serial_to_parallel:u1|left_shift_reg[10]  ; serial_to_parallel:u1|left_shift_reg[11]  ; AUD_BCLK                               ; AUD_BCLK    ; 0.000        ; 0.049      ; 0.718      ;
; 0.483 ; serial_to_parallel:u1|left_shift_reg[8]   ; serial_to_parallel:u1|left_shift_reg[9]   ; AUD_BCLK                               ; AUD_BCLK    ; 0.000        ; 0.049      ; 0.718      ;
; 0.483 ; serial_to_parallel:u1|left_shift_reg[7]   ; serial_to_parallel:u1|left_shift_reg[8]   ; AUD_BCLK                               ; AUD_BCLK    ; 0.000        ; 0.049      ; 0.718      ;
; 0.483 ; serial_to_parallel:u1|left_shift_reg[3]   ; serial_to_parallel:u1|left_shift_reg[4]   ; AUD_BCLK                               ; AUD_BCLK    ; 0.000        ; 0.049      ; 0.718      ;
; 0.483 ; serial_to_parallel:u1|right_shift_reg[4]  ; serial_to_parallel:u1|right_shift_reg[5]  ; AUD_BCLK                               ; AUD_BCLK    ; 0.000        ; 0.048      ; 0.717      ;
; 0.483 ; serial_to_parallel:u1|right_shift_reg[1]  ; serial_to_parallel:u1|right_shift_reg[2]  ; AUD_BCLK                               ; AUD_BCLK    ; 0.000        ; 0.048      ; 0.717      ;
; 0.484 ; serial_to_parallel:u1|right_shift_reg[3]  ; serial_to_parallel:u1|right_shift_reg[4]  ; AUD_BCLK                               ; AUD_BCLK    ; 0.000        ; 0.048      ; 0.718      ;
; 0.485 ; serial_to_parallel:u1|right_shift_reg[5]  ; serial_to_parallel:u1|right_shift_reg[6]  ; AUD_BCLK                               ; AUD_BCLK    ; 0.000        ; 0.048      ; 0.719      ;
; 0.485 ; serial_to_parallel:u1|right_shift_reg[0]  ; serial_to_parallel:u1|right_shift_reg[1]  ; AUD_BCLK                               ; AUD_BCLK    ; 0.000        ; 0.048      ; 0.719      ;
; 0.500 ; parallel_to_serial:u2|DACLRC_sample[1]    ; parallel_to_serial:u2|DACLRC_sample[0]    ; AUD_BCLK                               ; AUD_BCLK    ; 0.000        ; 0.047      ; 0.733      ;
; 0.600 ; audio_out_R[11]                           ; parallel_to_serial:u2|right_shift_reg[11] ; config_CODEC:u_CODEC_config|counter[9] ; AUD_BCLK    ; -0.500       ; 0.586      ; 0.902      ;
; 0.601 ; audio_out_R[14]                           ; parallel_to_serial:u2|right_shift_reg[14] ; config_CODEC:u_CODEC_config|counter[9] ; AUD_BCLK    ; -0.500       ; 0.586      ; 0.903      ;
; 0.604 ; audio_out_R[10]                           ; parallel_to_serial:u2|right_shift_reg[10] ; config_CODEC:u_CODEC_config|counter[9] ; AUD_BCLK    ; -0.500       ; 0.586      ; 0.906      ;
; 0.604 ; audio_out_R[13]                           ; parallel_to_serial:u2|right_shift_reg[13] ; config_CODEC:u_CODEC_config|counter[9] ; AUD_BCLK    ; -0.500       ; 0.586      ; 0.906      ;
; 0.630 ; serial_to_parallel:u1|left_shift_reg[12]  ; serial_to_parallel:u1|left_shift_reg[13]  ; AUD_BCLK                               ; AUD_BCLK    ; 0.000        ; 0.049      ; 0.865      ;
; 0.631 ; serial_to_parallel:u1|right_shift_reg[7]  ; serial_to_parallel:u1|right_shift_reg[8]  ; AUD_BCLK                               ; AUD_BCLK    ; 0.000        ; 0.048      ; 0.865      ;
; 0.631 ; serial_to_parallel:u1|right_shift_reg[2]  ; serial_to_parallel:u1|right_shift_reg[3]  ; AUD_BCLK                               ; AUD_BCLK    ; 0.000        ; 0.048      ; 0.865      ;
; 0.640 ; serial_to_parallel:u1|right_shift_reg[14] ; serial_to_parallel:u1|right_shift_reg[15] ; AUD_BCLK                               ; AUD_BCLK    ; 0.000        ; 0.046      ; 0.872      ;
; 0.641 ; serial_to_parallel:u1|right_shift_reg[13] ; serial_to_parallel:u1|right_shift_reg[14] ; AUD_BCLK                               ; AUD_BCLK    ; 0.000        ; 0.046      ; 0.873      ;
; 0.653 ; serial_to_parallel:u1|left_shift_reg[13]  ; serial_to_parallel:u1|left_shift_reg[14]  ; AUD_BCLK                               ; AUD_BCLK    ; 0.000        ; 0.049      ; 0.888      ;
; 0.654 ; serial_to_parallel:u1|left_shift_reg[0]   ; serial_to_parallel:u1|left_shift_reg[1]   ; AUD_BCLK                               ; AUD_BCLK    ; 0.000        ; 0.049      ; 0.889      ;
; 0.655 ; serial_to_parallel:u1|left_shift_reg[6]   ; serial_to_parallel:u1|left_shift_reg[7]   ; AUD_BCLK                               ; AUD_BCLK    ; 0.000        ; 0.049      ; 0.890      ;
; 0.655 ; serial_to_parallel:u1|right_shift_reg[9]  ; serial_to_parallel:u1|right_shift_reg[10] ; AUD_BCLK                               ; AUD_BCLK    ; 0.000        ; 0.048      ; 0.889      ;
; 0.655 ; serial_to_parallel:u1|right_shift_reg[6]  ; serial_to_parallel:u1|right_shift_reg[7]  ; AUD_BCLK                               ; AUD_BCLK    ; 0.000        ; 0.048      ; 0.889      ;
; 0.657 ; serial_to_parallel:u1|left_shift_reg[4]   ; serial_to_parallel:u1|left_shift_reg[5]   ; AUD_BCLK                               ; AUD_BCLK    ; 0.000        ; 0.049      ; 0.892      ;
; 0.657 ; serial_to_parallel:u1|right_shift_reg[8]  ; serial_to_parallel:u1|right_shift_reg[9]  ; AUD_BCLK                               ; AUD_BCLK    ; 0.000        ; 0.048      ; 0.891      ;
; 0.658 ; audio_out_L[12]                           ; parallel_to_serial:u2|left_shift_reg[12]  ; config_CODEC:u_CODEC_config|counter[9] ; AUD_BCLK    ; -0.500       ; 0.529      ; 0.903      ;
; 0.663 ; audio_out_L[13]                           ; parallel_to_serial:u2|left_shift_reg[13]  ; config_CODEC:u_CODEC_config|counter[9] ; AUD_BCLK    ; -0.500       ; 0.529      ; 0.908      ;
; 0.664 ; audio_out_L[11]                           ; parallel_to_serial:u2|left_shift_reg[11]  ; config_CODEC:u_CODEC_config|counter[9] ; AUD_BCLK    ; -0.500       ; 0.529      ; 0.909      ;
; 0.668 ; parallel_to_serial:u2|right_shift_reg[6]  ; parallel_to_serial:u2|right_shift_reg[7]  ; AUD_BCLK                               ; AUD_BCLK    ; 0.000        ; 0.049      ; 0.903      ;
; 0.669 ; parallel_to_serial:u2|left_shift_reg[8]   ; parallel_to_serial:u2|left_shift_reg[9]   ; AUD_BCLK                               ; AUD_BCLK    ; 0.000        ; 0.048      ; 0.903      ;
; 0.671 ; parallel_to_serial:u2|right_shift_reg[7]  ; parallel_to_serial:u2|right_shift_reg[8]  ; AUD_BCLK                               ; AUD_BCLK    ; 0.000        ; 0.049      ; 0.906      ;
; 0.672 ; parallel_to_serial:u2|right_shift_reg[14] ; parallel_to_serial:u2|right_shift_reg[15] ; AUD_BCLK                               ; AUD_BCLK    ; 0.000        ; 0.048      ; 0.906      ;
; 0.675 ; parallel_to_serial:u2|right_shift_reg[13] ; parallel_to_serial:u2|right_shift_reg[14] ; AUD_BCLK                               ; AUD_BCLK    ; 0.000        ; 0.048      ; 0.909      ;
; 0.675 ; parallel_to_serial:u2|right_shift_reg[10] ; parallel_to_serial:u2|right_shift_reg[11] ; AUD_BCLK                               ; AUD_BCLK    ; 0.000        ; 0.048      ; 0.909      ;
; 0.681 ; parallel_to_serial:u2|counter[1]          ; parallel_to_serial:u2|counter[1]          ; AUD_BCLK                               ; AUD_BCLK    ; 0.000        ; 0.043      ; 0.910      ;
; 0.681 ; parallel_to_serial:u2|counter[2]          ; parallel_to_serial:u2|counter[2]          ; AUD_BCLK                               ; AUD_BCLK    ; 0.000        ; 0.043      ; 0.910      ;
; 0.696 ; parallel_to_serial:u2|counter[3]          ; parallel_to_serial:u2|counter[3]          ; AUD_BCLK                               ; AUD_BCLK    ; 0.000        ; 0.043      ; 0.925      ;
; 0.708 ; parallel_to_serial:u2|counter[0]          ; parallel_to_serial:u2|counter[0]          ; AUD_BCLK                               ; AUD_BCLK    ; 0.000        ; 0.043      ; 0.937      ;
; 0.714 ; audio_out_L[8]                            ; parallel_to_serial:u2|left_shift_reg[8]   ; config_CODEC:u_CODEC_config|counter[9] ; AUD_BCLK    ; -0.500       ; 0.479      ; 0.909      ;
; 0.714 ; audio_out_L[10]                           ; parallel_to_serial:u2|left_shift_reg[10]  ; config_CODEC:u_CODEC_config|counter[9] ; AUD_BCLK    ; -0.500       ; 0.479      ; 0.909      ;
; 0.721 ; serial_to_parallel:u1|counter[4]          ; serial_to_parallel:u1|counter[4]          ; AUD_BCLK                               ; AUD_BCLK    ; 0.000        ; 0.043      ; 0.950      ;
; 0.726 ; audio_out_L[5]                            ; parallel_to_serial:u2|left_shift_reg[5]   ; config_CODEC:u_CODEC_config|counter[9] ; AUD_BCLK    ; -0.500       ; 0.461      ; 0.903      ;
; 0.727 ; parallel_to_serial:u2|counter[4]          ; parallel_to_serial:u2|counter[4]          ; AUD_BCLK                               ; AUD_BCLK    ; 0.000        ; 0.043      ; 0.956      ;
; 0.731 ; audio_out_L[1]                            ; parallel_to_serial:u2|left_shift_reg[1]   ; config_CODEC:u_CODEC_config|counter[9] ; AUD_BCLK    ; -0.500       ; 0.461      ; 0.908      ;
; 0.803 ; serial_to_parallel:u1|right_shift_reg[10] ; serial_to_parallel:u1|right_shift_reg[11] ; AUD_BCLK                               ; AUD_BCLK    ; 0.000        ; 0.048      ; 1.037      ;
; 0.805 ; serial_to_parallel:u1|left_shift_reg[11]  ; serial_to_parallel:u1|left_shift_reg[12]  ; AUD_BCLK                               ; AUD_BCLK    ; 0.000        ; 0.049      ; 1.040      ;
; 0.813 ; serial_to_parallel:u1|right_shift_reg[12] ; serial_to_parallel:u1|right_shift_reg[13] ; AUD_BCLK                               ; AUD_BCLK    ; 0.000        ; 0.046      ; 1.045      ;
; 0.816 ; audio_out_R[12]                           ; parallel_to_serial:u2|right_shift_reg[12] ; config_CODEC:u_CODEC_config|counter[9] ; AUD_BCLK    ; -0.500       ; 0.664      ; 1.196      ;
; 0.821 ; audio_out_R[3]                            ; parallel_to_serial:u2|right_shift_reg[3]  ; config_CODEC:u_CODEC_config|counter[9] ; AUD_BCLK    ; -0.500       ; 0.534      ; 1.071      ;
; 0.823 ; serial_to_parallel:u1|left_shift_reg[9]   ; serial_to_parallel:u1|left_shift_reg[10]  ; AUD_BCLK                               ; AUD_BCLK    ; 0.000        ; 0.049      ; 1.058      ;
; 0.839 ; parallel_to_serial:u2|left_shift_reg[4]   ; parallel_to_serial:u2|left_shift_reg[5]   ; AUD_BCLK                               ; AUD_BCLK    ; 0.000        ; 0.131      ; 1.156      ;
; 0.844 ; parallel_to_serial:u2|right_shift_reg[1]  ; parallel_to_serial:u2|right_shift_reg[2]  ; AUD_BCLK                               ; AUD_BCLK    ; 0.000        ; 0.152      ; 1.182      ;
; 0.866 ; serial_to_parallel:u1|counter[2]          ; serial_to_parallel:u1|counter[2]          ; AUD_BCLK                               ; AUD_BCLK    ; 0.000        ; 0.043      ; 1.095      ;
; 0.872 ; serial_to_parallel:u1|counter[3]          ; serial_to_parallel:u1|counter[3]          ; AUD_BCLK                               ; AUD_BCLK    ; 0.000        ; 0.043      ; 1.101      ;
; 0.878 ; serial_to_parallel:u1|left_shift_reg[11]  ; serial_to_parallel:u1|left_data[11]       ; AUD_BCLK                               ; AUD_BCLK    ; 0.000        ; 0.130      ; 1.194      ;
; 0.886 ; serial_to_parallel:u1|counter[1]          ; serial_to_parallel:u1|counter[1]          ; AUD_BCLK                               ; AUD_BCLK    ; 0.000        ; 0.043      ; 1.115      ;
; 0.887 ; serial_to_parallel:u1|counter[0]          ; serial_to_parallel:u1|counter[0]          ; AUD_BCLK                               ; AUD_BCLK    ; 0.000        ; 0.043      ; 1.116      ;
; 0.896 ; audio_out_R[15]                           ; parallel_to_serial:u2|right_shift_reg[15] ; config_CODEC:u_CODEC_config|counter[9] ; AUD_BCLK    ; -0.500       ; 0.586      ; 1.198      ;
; 0.901 ; audio_out_R[7]                            ; parallel_to_serial:u2|right_shift_reg[7]  ; config_CODEC:u_CODEC_config|counter[9] ; AUD_BCLK    ; -0.500       ; 0.492      ; 1.109      ;
; 0.903 ; audio_out_R[6]                            ; parallel_to_serial:u2|right_shift_reg[6]  ; config_CODEC:u_CODEC_config|counter[9] ; AUD_BCLK    ; -0.500       ; 0.492      ; 1.111      ;
; 0.916 ; audio_out_L[9]                            ; parallel_to_serial:u2|left_shift_reg[9]   ; config_CODEC:u_CODEC_config|counter[9] ; AUD_BCLK    ; -0.500       ; 0.479      ; 1.111      ;
; 0.919 ; audio_out_R[9]                            ; parallel_to_serial:u2|right_shift_reg[9]  ; config_CODEC:u_CODEC_config|counter[9] ; AUD_BCLK    ; -0.500       ; 0.571      ; 1.206      ;
; 0.921 ; audio_out_R[0]                            ; parallel_to_serial:u2|right_shift_reg[0]  ; config_CODEC:u_CODEC_config|counter[9] ; AUD_BCLK    ; -0.500       ; 0.491      ; 1.128      ;
; 0.925 ; parallel_to_serial:u2|right_shift_reg[12] ; parallel_to_serial:u2|right_shift_reg[13] ; AUD_BCLK                               ; AUD_BCLK    ; 0.000        ; -0.004     ; 1.107      ;
; 0.935 ; audio_out_L[15]                           ; parallel_to_serial:u2|left_shift_reg[15]  ; config_CODEC:u_CODEC_config|counter[9] ; AUD_BCLK    ; -0.500       ; 0.594      ; 1.245      ;
; 0.941 ; audio_out_L[7]                            ; parallel_to_serial:u2|left_shift_reg[7]   ; config_CODEC:u_CODEC_config|counter[9] ; AUD_BCLK    ; -0.500       ; 0.521      ; 1.178      ;
; 0.942 ; serial_to_parallel:u1|right_shift_reg[13] ; serial_to_parallel:u1|right_data[13]      ; AUD_BCLK                               ; AUD_BCLK    ; 0.000        ; -0.253     ; 0.875      ;
; 0.943 ; serial_to_parallel:u1|right_shift_reg[14] ; serial_to_parallel:u1|right_data[14]      ; AUD_BCLK                               ; AUD_BCLK    ; 0.000        ; -0.253     ; 0.876      ;
; 0.945 ; parallel_to_serial:u2|right_shift_reg[8]  ; parallel_to_serial:u2|right_shift_reg[9]  ; AUD_BCLK                               ; AUD_BCLK    ; 0.000        ; 0.244      ; 1.375      ;
; 0.947 ; audio_out_R[8]                            ; parallel_to_serial:u2|right_shift_reg[8]  ; config_CODEC:u_CODEC_config|counter[9] ; AUD_BCLK    ; -0.500       ; 0.492      ; 1.155      ;
; 0.950 ; audio_out_L[0]                            ; parallel_to_serial:u2|left_shift_reg[0]   ; config_CODEC:u_CODEC_config|counter[9] ; AUD_BCLK    ; -0.500       ; 0.511      ; 1.177      ;
; 0.951 ; audio_out_L[6]                            ; parallel_to_serial:u2|left_shift_reg[6]   ; config_CODEC:u_CODEC_config|counter[9] ; AUD_BCLK    ; -0.500       ; 0.539      ; 1.206      ;
; 0.961 ; parallel_to_serial:u2|right_shift_reg[11] ; parallel_to_serial:u2|right_shift_reg[12] ; AUD_BCLK                               ; AUD_BCLK    ; 0.000        ; 0.149      ; 1.296      ;
; 0.963 ; audio_out_R[2]                            ; parallel_to_serial:u2|right_shift_reg[2]  ; config_CODEC:u_CODEC_config|counter[9] ; AUD_BCLK    ; -0.500       ; 0.534      ; 1.213      ;
; 0.972 ; serial_to_parallel:u1|right_shift_reg[10] ; serial_to_parallel:u1|right_data[10]      ; AUD_BCLK                               ; AUD_BCLK    ; 0.000        ; 0.271      ; 1.429      ;
; 0.976 ; audio_out_R[1]                            ; parallel_to_serial:u2|right_shift_reg[1]  ; config_CODEC:u_CODEC_config|counter[9] ; AUD_BCLK    ; -0.500       ; 0.520      ; 1.212      ;
; 0.977 ; audio_out_L[2]                            ; parallel_to_serial:u2|left_shift_reg[2]   ; config_CODEC:u_CODEC_config|counter[9] ; AUD_BCLK    ; -0.500       ; 0.533      ; 1.226      ;
; 0.980 ; audio_out_R[4]                            ; parallel_to_serial:u2|right_shift_reg[4]  ; config_CODEC:u_CODEC_config|counter[9] ; AUD_BCLK    ; -0.500       ; 0.532      ; 1.228      ;
; 0.994 ; parallel_to_serial:u2|counter[1]          ; parallel_to_serial:u2|counter[2]          ; AUD_BCLK                               ; AUD_BCLK    ; 0.000        ; 0.047      ; 1.227      ;
; 0.994 ; audio_out_R[5]                            ; parallel_to_serial:u2|right_shift_reg[5]  ; config_CODEC:u_CODEC_config|counter[9] ; AUD_BCLK    ; -0.500       ; 0.520      ; 1.230      ;
; 1.004 ; parallel_to_serial:u2|counter[2]          ; parallel_to_serial:u2|counter[3]          ; AUD_BCLK                               ; AUD_BCLK    ; 0.000        ; 0.047      ; 1.237      ;
; 1.008 ; parallel_to_serial:u2|counter[0]          ; parallel_to_serial:u2|counter[1]          ; AUD_BCLK                               ; AUD_BCLK    ; 0.000        ; 0.047      ; 1.241      ;
; 1.009 ; parallel_to_serial:u2|counter[2]          ; parallel_to_serial:u2|counter[4]          ; AUD_BCLK                               ; AUD_BCLK    ; 0.000        ; 0.047      ; 1.242      ;
; 1.009 ; parallel_to_serial:u2|counter[3]          ; parallel_to_serial:u2|counter[4]          ; AUD_BCLK                               ; AUD_BCLK    ; 0.000        ; 0.047      ; 1.242      ;
; 1.013 ; parallel_to_serial:u2|counter[0]          ; parallel_to_serial:u2|counter[2]          ; AUD_BCLK                               ; AUD_BCLK    ; 0.000        ; 0.047      ; 1.246      ;
; 1.022 ; audio_out_L[3]                            ; parallel_to_serial:u2|left_shift_reg[3]   ; config_CODEC:u_CODEC_config|counter[9] ; AUD_BCLK    ; -0.500       ; 0.497      ; 1.235      ;
; 1.035 ; audio_out_L[14]                           ; parallel_to_serial:u2|left_shift_reg[14]  ; config_CODEC:u_CODEC_config|counter[9] ; AUD_BCLK    ; -0.500       ; 0.459      ; 1.210      ;
; 1.042 ; serial_to_parallel:u1|left_shift_reg[1]   ; serial_to_parallel:u1|left_shift_reg[2]   ; AUD_BCLK                               ; AUD_BCLK    ; 0.000        ; 0.049      ; 1.277      ;
+-------+-------------------------------------------+-------------------------------------------+----------------------------------------+-------------+--------------+------------+------------+


+-----------------------------------------------------------------------------------------------------------------------------------------------------------------------------------+
; Slow 1200mV 85C Model Recovery: 'I2C_driver:u_I2C_Config|SENT'                                                                                                                    ;
+--------+------------------------------------------+----------------------------------------+--------------+------------------------------+--------------+------------+------------+
; Slack  ; From Node                                ; To Node                                ; Launch Clock ; Latch Clock                  ; Relationship ; Clock Skew ; Data Delay ;
+--------+------------------------------------------+----------------------------------------+--------------+------------------------------+--------------+------------+------------+
; -0.564 ; key_detect:u_switch_trigger|key1_pressed ; config_CODEC:u_CODEC_config|address[0] ; CLOCK_50     ; I2C_driver:u_I2C_Config|SENT ; 1.000        ; 1.176      ; 2.728      ;
; -0.518 ; key_detect:u_switch_trigger|key0_pressed ; config_CODEC:u_CODEC_config|address[0] ; CLOCK_50     ; I2C_driver:u_I2C_Config|SENT ; 1.000        ; 1.176      ; 2.682      ;
; -0.401 ; key_detect:u_switch_trigger|key1_pressed ; config_CODEC:u_CODEC_config|address[1] ; CLOCK_50     ; I2C_driver:u_I2C_Config|SENT ; 1.000        ; 1.175      ; 2.564      ;
; -0.401 ; key_detect:u_switch_trigger|key1_pressed ; config_CODEC:u_CODEC_config|address[2] ; CLOCK_50     ; I2C_driver:u_I2C_Config|SENT ; 1.000        ; 1.175      ; 2.564      ;
; -0.401 ; key_detect:u_switch_trigger|key1_pressed ; config_CODEC:u_CODEC_config|address[3] ; CLOCK_50     ; I2C_driver:u_I2C_Config|SENT ; 1.000        ; 1.175      ; 2.564      ;
; -0.401 ; key_detect:u_switch_trigger|key1_pressed ; config_CODEC:u_CODEC_config|address[4] ; CLOCK_50     ; I2C_driver:u_I2C_Config|SENT ; 1.000        ; 1.175      ; 2.564      ;
; -0.355 ; key_detect:u_switch_trigger|key0_pressed ; config_CODEC:u_CODEC_config|address[1] ; CLOCK_50     ; I2C_driver:u_I2C_Config|SENT ; 1.000        ; 1.175      ; 2.518      ;
; -0.355 ; key_detect:u_switch_trigger|key0_pressed ; config_CODEC:u_CODEC_config|address[2] ; CLOCK_50     ; I2C_driver:u_I2C_Config|SENT ; 1.000        ; 1.175      ; 2.518      ;
; -0.355 ; key_detect:u_switch_trigger|key0_pressed ; config_CODEC:u_CODEC_config|address[3] ; CLOCK_50     ; I2C_driver:u_I2C_Config|SENT ; 1.000        ; 1.175      ; 2.518      ;
; -0.355 ; key_detect:u_switch_trigger|key0_pressed ; config_CODEC:u_CODEC_config|address[4] ; CLOCK_50     ; I2C_driver:u_I2C_Config|SENT ; 1.000        ; 1.175      ; 2.518      ;
+--------+------------------------------------------+----------------------------------------+--------------+------------------------------+--------------+------------+------------+


+----------------------------------------------------------------------------------------------------------------------------------------------------------------------------------+
; Slow 1200mV 85C Model Removal: 'I2C_driver:u_I2C_Config|SENT'                                                                                                                    ;
+-------+------------------------------------------+----------------------------------------+--------------+------------------------------+--------------+------------+------------+
; Slack ; From Node                                ; To Node                                ; Launch Clock ; Latch Clock                  ; Relationship ; Clock Skew ; Data Delay ;
+-------+------------------------------------------+----------------------------------------+--------------+------------------------------+--------------+------------+------------+
; 0.624 ; key_detect:u_switch_trigger|key1_pressed ; config_CODEC:u_CODEC_config|address[1] ; CLOCK_50     ; I2C_driver:u_I2C_Config|SENT ; 0.000        ; 1.485      ; 2.325      ;
; 0.624 ; key_detect:u_switch_trigger|key1_pressed ; config_CODEC:u_CODEC_config|address[2] ; CLOCK_50     ; I2C_driver:u_I2C_Config|SENT ; 0.000        ; 1.485      ; 2.325      ;
; 0.624 ; key_detect:u_switch_trigger|key1_pressed ; config_CODEC:u_CODEC_config|address[3] ; CLOCK_50     ; I2C_driver:u_I2C_Config|SENT ; 0.000        ; 1.485      ; 2.325      ;
; 0.624 ; key_detect:u_switch_trigger|key1_pressed ; config_CODEC:u_CODEC_config|address[4] ; CLOCK_50     ; I2C_driver:u_I2C_Config|SENT ; 0.000        ; 1.485      ; 2.325      ;
; 0.661 ; key_detect:u_switch_trigger|key0_pressed ; config_CODEC:u_CODEC_config|address[1] ; CLOCK_50     ; I2C_driver:u_I2C_Config|SENT ; 0.000        ; 1.485      ; 2.362      ;
; 0.661 ; key_detect:u_switch_trigger|key0_pressed ; config_CODEC:u_CODEC_config|address[2] ; CLOCK_50     ; I2C_driver:u_I2C_Config|SENT ; 0.000        ; 1.485      ; 2.362      ;
; 0.661 ; key_detect:u_switch_trigger|key0_pressed ; config_CODEC:u_CODEC_config|address[3] ; CLOCK_50     ; I2C_driver:u_I2C_Config|SENT ; 0.000        ; 1.485      ; 2.362      ;
; 0.661 ; key_detect:u_switch_trigger|key0_pressed ; config_CODEC:u_CODEC_config|address[4] ; CLOCK_50     ; I2C_driver:u_I2C_Config|SENT ; 0.000        ; 1.485      ; 2.362      ;
; 0.750 ; key_detect:u_switch_trigger|key1_pressed ; config_CODEC:u_CODEC_config|address[0] ; CLOCK_50     ; I2C_driver:u_I2C_Config|SENT ; 0.000        ; 1.486      ; 2.452      ;
; 0.787 ; key_detect:u_switch_trigger|key0_pressed ; config_CODEC:u_CODEC_config|address[0] ; CLOCK_50     ; I2C_driver:u_I2C_Config|SENT ; 0.000        ; 1.486      ; 2.489      ;
+-------+------------------------------------------+----------------------------------------+--------------+------------------------------+--------------+------------+------------+


-----------------------------------------------
; Slow 1200mV 85C Model Metastability Summary ;
-----------------------------------------------
The design MTBF is not calculated because there are no specified synchronizers in the design.
Number of Synchronizer Chains Found: 28
Shortest Synchronizer Chain: 2 Registers
Fraction of Chains for which MTBFs Could Not be Calculated: 1.000
Worst Case Available Settling Time: 16.933 ns




+--------------------------------------------------------------------------------------------+
; Slow 1200mV 0C Model Fmax Summary                                                          ;
+------------+-----------------+------------------------------------------------------+------+
; Fmax       ; Restricted Fmax ; Clock Name                                           ; Note ;
+------------+-----------------+------------------------------------------------------+------+
; 37.85 MHz  ; 37.85 MHz       ; CLOCK_50                                             ;      ;
; 40.67 MHz  ; 40.67 MHz       ; config_CODEC:u_CODEC_config|counter[9]               ;      ;
; 130.17 MHz ; 130.17 MHz      ; AUD_BCLK                                             ;      ;
; 131.13 MHz ; 131.13 MHz      ; PLL_inst|altpll_component|auto_generated|pll1|clk[0] ;      ;
; 372.86 MHz ; 372.86 MHz      ; I2C_driver:u_I2C_Config|SENT                         ;      ;
+------------+-----------------+------------------------------------------------------+------+
This panel reports FMAX for every clock in the design, regardless of the user-specified clock periods.  FMAX is only computed for paths where the source and destination registers or ports are driven by the same clock.  Paths of different clocks, including generated clocks, are ignored.  For paths between a clock and its inversion, FMAX is computed as if the rising and falling edges are scaled along with FMAX, such that the duty cycle (in terms of a percentage) is maintained. Altera recommends that you always use clock constraints and other slack reports for sign-off analysis.


+--------------------------------------------------------------------------------+
; Slow 1200mV 0C Model Setup Summary                                             ;
+------------------------------------------------------+---------+---------------+
; Clock                                                ; Slack   ; End Point TNS ;
+------------------------------------------------------+---------+---------------+
; config_CODEC:u_CODEC_config|counter[9]               ; -23.590 ; -2173.459     ;
; CLOCK_50                                             ; -21.489 ; -4240.804     ;
; PLL_inst|altpll_component|auto_generated|pll1|clk[0] ; -7.843  ; -283.226      ;
; AUD_BCLK                                             ; -3.341  ; -265.918      ;
; I2C_driver:u_I2C_Config|SENT                         ; -1.682  ; -18.416       ;
+------------------------------------------------------+---------+---------------+


+------------------------------------------------------------------------------+
; Slow 1200mV 0C Model Hold Summary                                            ;
+------------------------------------------------------+-------+---------------+
; Clock                                                ; Slack ; End Point TNS ;
+------------------------------------------------------+-------+---------------+
; CLOCK_50                                             ; 0.271 ; 0.000         ;
; PLL_inst|altpll_component|auto_generated|pll1|clk[0] ; 0.305 ; 0.000         ;
; I2C_driver:u_I2C_Config|SENT                         ; 0.353 ; 0.000         ;
; config_CODEC:u_CODEC_config|counter[9]               ; 0.362 ; 0.000         ;
; AUD_BCLK                                             ; 0.387 ; 0.000         ;
+------------------------------------------------------+-------+---------------+


+-------------------------------------------------------+
; Slow 1200mV 0C Model Recovery Summary                 ;
+------------------------------+--------+---------------+
; Clock                        ; Slack  ; End Point TNS ;
+------------------------------+--------+---------------+
; I2C_driver:u_I2C_Config|SENT ; -0.423 ; -1.471        ;
+------------------------------+--------+---------------+


+------------------------------------------------------+
; Slow 1200mV 0C Model Removal Summary                 ;
+------------------------------+-------+---------------+
; Clock                        ; Slack ; End Point TNS ;
+------------------------------+-------+---------------+
; I2C_driver:u_I2C_Config|SENT ; 0.536 ; 0.000         ;
+------------------------------+-------+---------------+


+-------------------------------------------------------------------------------+
; Slow 1200mV 0C Model Minimum Pulse Width Summary                              ;
+------------------------------------------------------+--------+---------------+
; Clock                                                ; Slack  ; End Point TNS ;
+------------------------------------------------------+--------+---------------+
; config_CODEC:u_CODEC_config|counter[9]               ; -3.000 ; -1869.052     ;
; AUD_BCLK                                             ; -3.000 ; -144.350      ;
; I2C_driver:u_I2C_Config|SENT                         ; -1.285 ; -20.560       ;
; PLL_inst|altpll_component|auto_generated|pll1|clk[0] ; 4.694  ; 0.000         ;
; CLOCK_50                                             ; 9.439  ; 0.000         ;
+------------------------------------------------------+--------+---------------+


+-------------------------------------------------------------------------------------------------------------------------------------------------------------------------------------------------------------+
; Slow 1200mV 0C Model Setup: 'config_CODEC:u_CODEC_config|counter[9]'                                                                                                                                        ;
+---------+------------------------------------------------------+-----------------+----------------------------------------+----------------------------------------+--------------+------------+------------+
; Slack   ; From Node                                            ; To Node         ; Launch Clock                           ; Latch Clock                            ; Relationship ; Clock Skew ; Data Delay ;
+---------+------------------------------------------------------+-----------------+----------------------------------------+----------------------------------------+--------------+------------+------------+
; -23.590 ; FIR_filter_37_tap:u_fir_filter_R|input_sample[30][2] ; audio_out_R[10] ; config_CODEC:u_CODEC_config|counter[9] ; config_CODEC:u_CODEC_config|counter[9] ; 1.000        ; -0.049     ; 24.540     ;
; -23.506 ; FIR_filter_37_tap:u_fir_filter_R|input_sample[6][0]  ; audio_out_R[10] ; config_CODEC:u_CODEC_config|counter[9] ; config_CODEC:u_CODEC_config|counter[9] ; 1.000        ; -0.049     ; 24.456     ;
; -23.501 ; FIR_filter_37_tap:u_fir_filter_R|input_sample[30][0] ; audio_out_R[10] ; config_CODEC:u_CODEC_config|counter[9] ; config_CODEC:u_CODEC_config|counter[9] ; 1.000        ; -0.049     ; 24.451     ;
; -23.443 ; FIR_filter_37_tap:u_fir_filter_R|input_sample[0][1]  ; audio_out_R[10] ; config_CODEC:u_CODEC_config|counter[9] ; config_CODEC:u_CODEC_config|counter[9] ; 1.000        ; -0.036     ; 24.406     ;
; -23.427 ; FIR_filter_37_tap:u_fir_filter_R|input_sample[30][1] ; audio_out_R[10] ; config_CODEC:u_CODEC_config|counter[9] ; config_CODEC:u_CODEC_config|counter[9] ; 1.000        ; -0.049     ; 24.377     ;
; -23.425 ; FIR_filter_37_tap:u_fir_filter_R|input_sample[36][1] ; audio_out_R[10] ; config_CODEC:u_CODEC_config|counter[9] ; config_CODEC:u_CODEC_config|counter[9] ; 1.000        ; -0.036     ; 24.388     ;
; -23.423 ; FIR_filter_37_tap:u_fir_filter_R|input_sample[6][1]  ; audio_out_R[10] ; config_CODEC:u_CODEC_config|counter[9] ; config_CODEC:u_CODEC_config|counter[9] ; 1.000        ; -0.049     ; 24.373     ;
; -23.407 ; FIR_filter_37_tap:u_fir_filter_L|input_sample[1][3]  ; audio_out_L[1]  ; config_CODEC:u_CODEC_config|counter[9] ; config_CODEC:u_CODEC_config|counter[9] ; 1.000        ; -0.064     ; 24.342     ;
; -23.391 ; FIR_filter_37_tap:u_fir_filter_R|input_sample[30][2] ; audio_out_R[14] ; config_CODEC:u_CODEC_config|counter[9] ; config_CODEC:u_CODEC_config|counter[9] ; 1.000        ; -0.049     ; 24.341     ;
; -23.390 ; FIR_filter_37_tap:u_fir_filter_R|input_sample[6][2]  ; audio_out_R[10] ; config_CODEC:u_CODEC_config|counter[9] ; config_CODEC:u_CODEC_config|counter[9] ; 1.000        ; -0.049     ; 24.340     ;
; -23.387 ; FIR_filter_37_tap:u_fir_filter_R|input_sample[0][2]  ; audio_out_R[10] ; config_CODEC:u_CODEC_config|counter[9] ; config_CODEC:u_CODEC_config|counter[9] ; 1.000        ; -0.036     ; 24.350     ;
; -23.373 ; FIR_filter_37_tap:u_fir_filter_R|input_sample[0][0]  ; audio_out_R[10] ; config_CODEC:u_CODEC_config|counter[9] ; config_CODEC:u_CODEC_config|counter[9] ; 1.000        ; -0.036     ; 24.336     ;
; -23.369 ; FIR_filter_37_tap:u_fir_filter_L|input_sample[35][1] ; audio_out_L[1]  ; config_CODEC:u_CODEC_config|counter[9] ; config_CODEC:u_CODEC_config|counter[9] ; 1.000        ; -0.064     ; 24.304     ;
; -23.365 ; FIR_filter_37_tap:u_fir_filter_L|input_sample[1][1]  ; audio_out_L[1]  ; config_CODEC:u_CODEC_config|counter[9] ; config_CODEC:u_CODEC_config|counter[9] ; 1.000        ; -0.064     ; 24.300     ;
; -23.346 ; FIR_filter_37_tap:u_fir_filter_R|input_sample[36][0] ; audio_out_R[10] ; config_CODEC:u_CODEC_config|counter[9] ; config_CODEC:u_CODEC_config|counter[9] ; 1.000        ; -0.036     ; 24.309     ;
; -23.331 ; FIR_filter_37_tap:u_fir_filter_R|input_sample[0][3]  ; audio_out_R[10] ; config_CODEC:u_CODEC_config|counter[9] ; config_CODEC:u_CODEC_config|counter[9] ; 1.000        ; -0.036     ; 24.294     ;
; -23.324 ; FIR_filter_37_tap:u_fir_filter_R|input_sample[36][5] ; audio_out_R[10] ; config_CODEC:u_CODEC_config|counter[9] ; config_CODEC:u_CODEC_config|counter[9] ; 1.000        ; -0.036     ; 24.287     ;
; -23.315 ; FIR_filter_37_tap:u_fir_filter_R|input_sample[6][6]  ; audio_out_R[10] ; config_CODEC:u_CODEC_config|counter[9] ; config_CODEC:u_CODEC_config|counter[9] ; 1.000        ; -0.049     ; 24.265     ;
; -23.312 ; FIR_filter_37_tap:u_fir_filter_R|input_sample[30][3] ; audio_out_R[10] ; config_CODEC:u_CODEC_config|counter[9] ; config_CODEC:u_CODEC_config|counter[9] ; 1.000        ; -0.049     ; 24.262     ;
; -23.308 ; FIR_filter_37_tap:u_fir_filter_R|input_sample[6][3]  ; audio_out_R[10] ; config_CODEC:u_CODEC_config|counter[9] ; config_CODEC:u_CODEC_config|counter[9] ; 1.000        ; -0.049     ; 24.258     ;
; -23.307 ; FIR_filter_37_tap:u_fir_filter_R|input_sample[6][0]  ; audio_out_R[14] ; config_CODEC:u_CODEC_config|counter[9] ; config_CODEC:u_CODEC_config|counter[9] ; 1.000        ; -0.049     ; 24.257     ;
; -23.306 ; FIR_filter_37_tap:u_fir_filter_R|input_sample[35][2] ; audio_out_R[10] ; config_CODEC:u_CODEC_config|counter[9] ; config_CODEC:u_CODEC_config|counter[9] ; 1.000        ; -0.013     ; 24.292     ;
; -23.305 ; FIR_filter_37_tap:u_fir_filter_R|input_sample[36][3] ; audio_out_R[10] ; config_CODEC:u_CODEC_config|counter[9] ; config_CODEC:u_CODEC_config|counter[9] ; 1.000        ; -0.036     ; 24.268     ;
; -23.302 ; FIR_filter_37_tap:u_fir_filter_R|input_sample[30][0] ; audio_out_R[14] ; config_CODEC:u_CODEC_config|counter[9] ; config_CODEC:u_CODEC_config|counter[9] ; 1.000        ; -0.049     ; 24.252     ;
; -23.295 ; FIR_filter_37_tap:u_fir_filter_L|input_sample[1][0]  ; audio_out_L[1]  ; config_CODEC:u_CODEC_config|counter[9] ; config_CODEC:u_CODEC_config|counter[9] ; 1.000        ; -0.064     ; 24.230     ;
; -23.290 ; FIR_filter_37_tap:u_fir_filter_L|input_sample[35][0] ; audio_out_L[1]  ; config_CODEC:u_CODEC_config|counter[9] ; config_CODEC:u_CODEC_config|counter[9] ; 1.000        ; -0.064     ; 24.225     ;
; -23.280 ; FIR_filter_37_tap:u_fir_filter_R|input_sample[30][2] ; audio_out_R[9]  ; config_CODEC:u_CODEC_config|counter[9] ; config_CODEC:u_CODEC_config|counter[9] ; 1.000        ; -0.037     ; 24.242     ;
; -23.274 ; FIR_filter_37_tap:u_fir_filter_R|input_sample[30][4] ; audio_out_R[10] ; config_CODEC:u_CODEC_config|counter[9] ; config_CODEC:u_CODEC_config|counter[9] ; 1.000        ; -0.049     ; 24.224     ;
; -23.268 ; FIR_filter_37_tap:u_fir_filter_R|input_sample[6][4]  ; audio_out_R[10] ; config_CODEC:u_CODEC_config|counter[9] ; config_CODEC:u_CODEC_config|counter[9] ; 1.000        ; -0.049     ; 24.218     ;
; -23.258 ; FIR_filter_37_tap:u_fir_filter_R|input_sample[1][0]  ; audio_out_R[10] ; config_CODEC:u_CODEC_config|counter[9] ; config_CODEC:u_CODEC_config|counter[9] ; 1.000        ; -0.013     ; 24.244     ;
; -23.254 ; FIR_filter_37_tap:u_fir_filter_L|input_sample[35][3] ; audio_out_L[1]  ; config_CODEC:u_CODEC_config|counter[9] ; config_CODEC:u_CODEC_config|counter[9] ; 1.000        ; -0.064     ; 24.189     ;
; -23.254 ; FIR_filter_37_tap:u_fir_filter_R|input_sample[35][0] ; audio_out_R[10] ; config_CODEC:u_CODEC_config|counter[9] ; config_CODEC:u_CODEC_config|counter[9] ; 1.000        ; -0.013     ; 24.240     ;
; -23.251 ; FIR_filter_37_tap:u_fir_filter_R|input_sample[36][4] ; audio_out_R[10] ; config_CODEC:u_CODEC_config|counter[9] ; config_CODEC:u_CODEC_config|counter[9] ; 1.000        ; -0.036     ; 24.214     ;
; -23.244 ; FIR_filter_37_tap:u_fir_filter_R|input_sample[0][1]  ; audio_out_R[14] ; config_CODEC:u_CODEC_config|counter[9] ; config_CODEC:u_CODEC_config|counter[9] ; 1.000        ; -0.036     ; 24.207     ;
; -23.230 ; FIR_filter_37_tap:u_fir_filter_R|input_sample[36][2] ; audio_out_R[10] ; config_CODEC:u_CODEC_config|counter[9] ; config_CODEC:u_CODEC_config|counter[9] ; 1.000        ; -0.036     ; 24.193     ;
; -23.228 ; FIR_filter_37_tap:u_fir_filter_R|input_sample[30][1] ; audio_out_R[14] ; config_CODEC:u_CODEC_config|counter[9] ; config_CODEC:u_CODEC_config|counter[9] ; 1.000        ; -0.049     ; 24.178     ;
; -23.226 ; FIR_filter_37_tap:u_fir_filter_R|input_sample[36][1] ; audio_out_R[14] ; config_CODEC:u_CODEC_config|counter[9] ; config_CODEC:u_CODEC_config|counter[9] ; 1.000        ; -0.036     ; 24.189     ;
; -23.224 ; FIR_filter_37_tap:u_fir_filter_R|input_sample[6][1]  ; audio_out_R[14] ; config_CODEC:u_CODEC_config|counter[9] ; config_CODEC:u_CODEC_config|counter[9] ; 1.000        ; -0.049     ; 24.174     ;
; -23.213 ; FIR_filter_37_tap:u_fir_filter_R|input_sample[0][5]  ; audio_out_R[10] ; config_CODEC:u_CODEC_config|counter[9] ; config_CODEC:u_CODEC_config|counter[9] ; 1.000        ; -0.036     ; 24.176     ;
; -23.196 ; FIR_filter_37_tap:u_fir_filter_R|input_sample[6][0]  ; audio_out_R[9]  ; config_CODEC:u_CODEC_config|counter[9] ; config_CODEC:u_CODEC_config|counter[9] ; 1.000        ; -0.037     ; 24.158     ;
; -23.195 ; FIR_filter_37_tap:u_fir_filter_R|input_sample[6][5]  ; audio_out_R[10] ; config_CODEC:u_CODEC_config|counter[9] ; config_CODEC:u_CODEC_config|counter[9] ; 1.000        ; -0.049     ; 24.145     ;
; -23.191 ; FIR_filter_37_tap:u_fir_filter_R|input_sample[6][2]  ; audio_out_R[14] ; config_CODEC:u_CODEC_config|counter[9] ; config_CODEC:u_CODEC_config|counter[9] ; 1.000        ; -0.049     ; 24.141     ;
; -23.191 ; FIR_filter_37_tap:u_fir_filter_R|input_sample[30][0] ; audio_out_R[9]  ; config_CODEC:u_CODEC_config|counter[9] ; config_CODEC:u_CODEC_config|counter[9] ; 1.000        ; -0.037     ; 24.153     ;
; -23.190 ; FIR_filter_37_tap:u_fir_filter_R|input_sample[30][5] ; audio_out_R[10] ; config_CODEC:u_CODEC_config|counter[9] ; config_CODEC:u_CODEC_config|counter[9] ; 1.000        ; -0.049     ; 24.140     ;
; -23.188 ; FIR_filter_37_tap:u_fir_filter_R|input_sample[0][2]  ; audio_out_R[14] ; config_CODEC:u_CODEC_config|counter[9] ; config_CODEC:u_CODEC_config|counter[9] ; 1.000        ; -0.036     ; 24.151     ;
; -23.187 ; FIR_filter_37_tap:u_fir_filter_R|input_sample[8][1]  ; audio_out_R[10] ; config_CODEC:u_CODEC_config|counter[9] ; config_CODEC:u_CODEC_config|counter[9] ; 1.000        ; -0.038     ; 24.148     ;
; -23.183 ; FIR_filter_37_tap:u_fir_filter_R|input_sample[28][1] ; audio_out_R[10] ; config_CODEC:u_CODEC_config|counter[9] ; config_CODEC:u_CODEC_config|counter[9] ; 1.000        ; -0.038     ; 24.144     ;
; -23.179 ; FIR_filter_37_tap:u_fir_filter_L|input_sample[35][2] ; audio_out_L[1]  ; config_CODEC:u_CODEC_config|counter[9] ; config_CODEC:u_CODEC_config|counter[9] ; 1.000        ; -0.064     ; 24.114     ;
; -23.179 ; FIR_filter_37_tap:u_fir_filter_R|input_sample[35][1] ; audio_out_R[10] ; config_CODEC:u_CODEC_config|counter[9] ; config_CODEC:u_CODEC_config|counter[9] ; 1.000        ; -0.013     ; 24.165     ;
; -23.175 ; FIR_filter_37_tap:u_fir_filter_R|input_sample[1][1]  ; audio_out_R[10] ; config_CODEC:u_CODEC_config|counter[9] ; config_CODEC:u_CODEC_config|counter[9] ; 1.000        ; -0.013     ; 24.161     ;
; -23.174 ; FIR_filter_37_tap:u_fir_filter_L|input_sample[1][2]  ; audio_out_L[1]  ; config_CODEC:u_CODEC_config|counter[9] ; config_CODEC:u_CODEC_config|counter[9] ; 1.000        ; -0.064     ; 24.109     ;
; -23.174 ; FIR_filter_37_tap:u_fir_filter_R|input_sample[0][0]  ; audio_out_R[14] ; config_CODEC:u_CODEC_config|counter[9] ; config_CODEC:u_CODEC_config|counter[9] ; 1.000        ; -0.036     ; 24.137     ;
; -23.164 ; FIR_filter_37_tap:u_fir_filter_L|input_sample[0][1]  ; audio_out_L[1]  ; config_CODEC:u_CODEC_config|counter[9] ; config_CODEC:u_CODEC_config|counter[9] ; 1.000        ; -0.057     ; 24.106     ;
; -23.157 ; FIR_filter_37_tap:u_fir_filter_R|input_sample[30][6] ; audio_out_R[10] ; config_CODEC:u_CODEC_config|counter[9] ; config_CODEC:u_CODEC_config|counter[9] ; 1.000        ; -0.049     ; 24.107     ;
; -23.147 ; FIR_filter_37_tap:u_fir_filter_R|input_sample[36][0] ; audio_out_R[14] ; config_CODEC:u_CODEC_config|counter[9] ; config_CODEC:u_CODEC_config|counter[9] ; 1.000        ; -0.036     ; 24.110     ;
; -23.146 ; FIR_filter_37_tap:u_fir_filter_L|input_sample[36][1] ; audio_out_L[1]  ; config_CODEC:u_CODEC_config|counter[9] ; config_CODEC:u_CODEC_config|counter[9] ; 1.000        ; -0.057     ; 24.088     ;
; -23.143 ; FIR_filter_37_tap:u_fir_filter_R|input_sample[1][2]  ; audio_out_R[10] ; config_CODEC:u_CODEC_config|counter[9] ; config_CODEC:u_CODEC_config|counter[9] ; 1.000        ; -0.013     ; 24.129     ;
; -23.137 ; FIR_filter_37_tap:u_fir_filter_R|input_sample[36][6] ; audio_out_R[10] ; config_CODEC:u_CODEC_config|counter[9] ; config_CODEC:u_CODEC_config|counter[9] ; 1.000        ; -0.036     ; 24.100     ;
; -23.137 ; FIR_filter_37_tap:u_fir_filter_R|input_sample[0][4]  ; audio_out_R[10] ; config_CODEC:u_CODEC_config|counter[9] ; config_CODEC:u_CODEC_config|counter[9] ; 1.000        ; -0.036     ; 24.100     ;
; -23.136 ; FIR_filter_37_tap:u_fir_filter_L|input_sample[1][5]  ; audio_out_L[1]  ; config_CODEC:u_CODEC_config|counter[9] ; config_CODEC:u_CODEC_config|counter[9] ; 1.000        ; -0.064     ; 24.071     ;
; -23.133 ; FIR_filter_37_tap:u_fir_filter_R|input_sample[0][1]  ; audio_out_R[9]  ; config_CODEC:u_CODEC_config|counter[9] ; config_CODEC:u_CODEC_config|counter[9] ; 1.000        ; -0.024     ; 24.108     ;
; -23.132 ; FIR_filter_37_tap:u_fir_filter_L|input_sample[35][5] ; audio_out_L[1]  ; config_CODEC:u_CODEC_config|counter[9] ; config_CODEC:u_CODEC_config|counter[9] ; 1.000        ; -0.064     ; 24.067     ;
; -23.132 ; FIR_filter_37_tap:u_fir_filter_R|input_sample[0][3]  ; audio_out_R[14] ; config_CODEC:u_CODEC_config|counter[9] ; config_CODEC:u_CODEC_config|counter[9] ; 1.000        ; -0.036     ; 24.095     ;
; -23.125 ; FIR_filter_37_tap:u_fir_filter_R|input_sample[36][5] ; audio_out_R[14] ; config_CODEC:u_CODEC_config|counter[9] ; config_CODEC:u_CODEC_config|counter[9] ; 1.000        ; -0.036     ; 24.088     ;
; -23.117 ; FIR_filter_37_tap:u_fir_filter_R|input_sample[30][1] ; audio_out_R[9]  ; config_CODEC:u_CODEC_config|counter[9] ; config_CODEC:u_CODEC_config|counter[9] ; 1.000        ; -0.037     ; 24.079     ;
; -23.116 ; FIR_filter_37_tap:u_fir_filter_R|input_sample[6][6]  ; audio_out_R[14] ; config_CODEC:u_CODEC_config|counter[9] ; config_CODEC:u_CODEC_config|counter[9] ; 1.000        ; -0.049     ; 24.066     ;
; -23.115 ; FIR_filter_37_tap:u_fir_filter_R|input_sample[36][1] ; audio_out_R[9]  ; config_CODEC:u_CODEC_config|counter[9] ; config_CODEC:u_CODEC_config|counter[9] ; 1.000        ; -0.024     ; 24.090     ;
; -23.113 ; FIR_filter_37_tap:u_fir_filter_R|input_sample[30][3] ; audio_out_R[14] ; config_CODEC:u_CODEC_config|counter[9] ; config_CODEC:u_CODEC_config|counter[9] ; 1.000        ; -0.049     ; 24.063     ;
; -23.113 ; FIR_filter_37_tap:u_fir_filter_R|input_sample[8][0]  ; audio_out_R[10] ; config_CODEC:u_CODEC_config|counter[9] ; config_CODEC:u_CODEC_config|counter[9] ; 1.000        ; -0.038     ; 24.074     ;
; -23.113 ; FIR_filter_37_tap:u_fir_filter_R|input_sample[6][1]  ; audio_out_R[9]  ; config_CODEC:u_CODEC_config|counter[9] ; config_CODEC:u_CODEC_config|counter[9] ; 1.000        ; -0.037     ; 24.075     ;
; -23.109 ; FIR_filter_37_tap:u_fir_filter_R|input_sample[30][2] ; audio_out_R[15] ; config_CODEC:u_CODEC_config|counter[9] ; config_CODEC:u_CODEC_config|counter[9] ; 1.000        ; -0.049     ; 24.059     ;
; -23.109 ; FIR_filter_37_tap:u_fir_filter_R|input_sample[6][3]  ; audio_out_R[14] ; config_CODEC:u_CODEC_config|counter[9] ; config_CODEC:u_CODEC_config|counter[9] ; 1.000        ; -0.049     ; 24.059     ;
; -23.108 ; FIR_filter_37_tap:u_fir_filter_R|input_sample[28][0] ; audio_out_R[10] ; config_CODEC:u_CODEC_config|counter[9] ; config_CODEC:u_CODEC_config|counter[9] ; 1.000        ; -0.038     ; 24.069     ;
; -23.107 ; FIR_filter_37_tap:u_fir_filter_R|input_sample[35][2] ; audio_out_R[14] ; config_CODEC:u_CODEC_config|counter[9] ; config_CODEC:u_CODEC_config|counter[9] ; 1.000        ; -0.013     ; 24.093     ;
; -23.107 ; FIR_filter_37_tap:u_fir_filter_R|input_sample[28][2] ; audio_out_R[10] ; config_CODEC:u_CODEC_config|counter[9] ; config_CODEC:u_CODEC_config|counter[9] ; 1.000        ; -0.038     ; 24.068     ;
; -23.106 ; FIR_filter_37_tap:u_fir_filter_R|input_sample[36][3] ; audio_out_R[14] ; config_CODEC:u_CODEC_config|counter[9] ; config_CODEC:u_CODEC_config|counter[9] ; 1.000        ; -0.036     ; 24.069     ;
; -23.102 ; FIR_filter_37_tap:u_fir_filter_R|input_sample[0][7]  ; audio_out_R[10] ; config_CODEC:u_CODEC_config|counter[9] ; config_CODEC:u_CODEC_config|counter[9] ; 1.000        ; -0.036     ; 24.065     ;
; -23.097 ; FIR_filter_37_tap:u_fir_filter_R|input_sample[30][9] ; audio_out_R[10] ; config_CODEC:u_CODEC_config|counter[9] ; config_CODEC:u_CODEC_config|counter[9] ; 1.000        ; -0.057     ; 24.039     ;
; -23.094 ; FIR_filter_37_tap:u_fir_filter_L|input_sample[0][0]  ; audio_out_L[1]  ; config_CODEC:u_CODEC_config|counter[9] ; config_CODEC:u_CODEC_config|counter[9] ; 1.000        ; -0.057     ; 24.036     ;
; -23.092 ; FIR_filter_37_tap:u_fir_filter_R|input_sample[0][9]  ; audio_out_R[10] ; config_CODEC:u_CODEC_config|counter[9] ; config_CODEC:u_CODEC_config|counter[9] ; 1.000        ; -0.019     ; 24.072     ;
; -23.080 ; FIR_filter_37_tap:u_fir_filter_R|input_sample[6][2]  ; audio_out_R[9]  ; config_CODEC:u_CODEC_config|counter[9] ; config_CODEC:u_CODEC_config|counter[9] ; 1.000        ; -0.037     ; 24.042     ;
; -23.078 ; FIR_filter_37_tap:u_fir_filter_R|input_sample[6][7]  ; audio_out_R[10] ; config_CODEC:u_CODEC_config|counter[9] ; config_CODEC:u_CODEC_config|counter[9] ; 1.000        ; -0.049     ; 24.028     ;
; -23.078 ; FIR_filter_37_tap:u_fir_filter_L|input_sample[36][2] ; audio_out_L[1]  ; config_CODEC:u_CODEC_config|counter[9] ; config_CODEC:u_CODEC_config|counter[9] ; 1.000        ; -0.057     ; 24.020     ;
; -23.077 ; FIR_filter_37_tap:u_fir_filter_R|input_sample[0][2]  ; audio_out_R[9]  ; config_CODEC:u_CODEC_config|counter[9] ; config_CODEC:u_CODEC_config|counter[9] ; 1.000        ; -0.024     ; 24.052     ;
; -23.075 ; FIR_filter_37_tap:u_fir_filter_R|input_sample[30][4] ; audio_out_R[14] ; config_CODEC:u_CODEC_config|counter[9] ; config_CODEC:u_CODEC_config|counter[9] ; 1.000        ; -0.049     ; 24.025     ;
; -23.073 ; FIR_filter_37_tap:u_fir_filter_R|input_sample[30][7] ; audio_out_R[10] ; config_CODEC:u_CODEC_config|counter[9] ; config_CODEC:u_CODEC_config|counter[9] ; 1.000        ; -0.049     ; 24.023     ;
; -23.072 ; FIR_filter_37_tap:u_fir_filter_R|input_sample[36][7] ; audio_out_R[10] ; config_CODEC:u_CODEC_config|counter[9] ; config_CODEC:u_CODEC_config|counter[9] ; 1.000        ; -0.036     ; 24.035     ;
; -23.072 ; FIR_filter_37_tap:u_fir_filter_R|input_sample[28][3] ; audio_out_R[10] ; config_CODEC:u_CODEC_config|counter[9] ; config_CODEC:u_CODEC_config|counter[9] ; 1.000        ; -0.038     ; 24.033     ;
; -23.069 ; FIR_filter_37_tap:u_fir_filter_R|input_sample[6][4]  ; audio_out_R[14] ; config_CODEC:u_CODEC_config|counter[9] ; config_CODEC:u_CODEC_config|counter[9] ; 1.000        ; -0.049     ; 24.019     ;
; -23.068 ; FIR_filter_37_tap:u_fir_filter_R|input_sample[8][3]  ; audio_out_R[10] ; config_CODEC:u_CODEC_config|counter[9] ; config_CODEC:u_CODEC_config|counter[9] ; 1.000        ; -0.038     ; 24.029     ;
; -23.067 ; FIR_filter_37_tap:u_fir_filter_L|input_sample[36][0] ; audio_out_L[1]  ; config_CODEC:u_CODEC_config|counter[9] ; config_CODEC:u_CODEC_config|counter[9] ; 1.000        ; -0.057     ; 24.009     ;
; -23.066 ; FIR_filter_37_tap:u_fir_filter_L|input_sample[1][3]  ; audio_out_L[3]  ; config_CODEC:u_CODEC_config|counter[9] ; config_CODEC:u_CODEC_config|counter[9] ; 1.000        ; -0.065     ; 24.000     ;
; -23.065 ; FIR_filter_37_tap:u_fir_filter_L|input_sample[30][1] ; audio_out_L[1]  ; config_CODEC:u_CODEC_config|counter[9] ; config_CODEC:u_CODEC_config|counter[9] ; 1.000        ; -0.039     ; 24.025     ;
; -23.065 ; FIR_filter_37_tap:u_fir_filter_L|input_sample[35][6] ; audio_out_L[1]  ; config_CODEC:u_CODEC_config|counter[9] ; config_CODEC:u_CODEC_config|counter[9] ; 1.000        ; -0.064     ; 24.000     ;
; -23.065 ; FIR_filter_37_tap:u_fir_filter_R|input_sample[1][6]  ; audio_out_R[10] ; config_CODEC:u_CODEC_config|counter[9] ; config_CODEC:u_CODEC_config|counter[9] ; 1.000        ; -0.013     ; 24.051     ;
; -23.065 ; FIR_filter_37_tap:u_fir_filter_R|input_sample[35][3] ; audio_out_R[10] ; config_CODEC:u_CODEC_config|counter[9] ; config_CODEC:u_CODEC_config|counter[9] ; 1.000        ; -0.013     ; 24.051     ;
; -23.063 ; FIR_filter_37_tap:u_fir_filter_R|input_sample[0][0]  ; audio_out_R[9]  ; config_CODEC:u_CODEC_config|counter[9] ; config_CODEC:u_CODEC_config|counter[9] ; 1.000        ; -0.024     ; 24.038     ;
; -23.061 ; FIR_filter_37_tap:u_fir_filter_L|input_sample[1][4]  ; audio_out_L[1]  ; config_CODEC:u_CODEC_config|counter[9] ; config_CODEC:u_CODEC_config|counter[9] ; 1.000        ; -0.064     ; 23.996     ;
; -23.060 ; FIR_filter_37_tap:u_fir_filter_R|input_sample[1][3]  ; audio_out_R[10] ; config_CODEC:u_CODEC_config|counter[9] ; config_CODEC:u_CODEC_config|counter[9] ; 1.000        ; -0.013     ; 24.046     ;
; -23.059 ; FIR_filter_37_tap:u_fir_filter_R|input_sample[1][0]  ; audio_out_R[14] ; config_CODEC:u_CODEC_config|counter[9] ; config_CODEC:u_CODEC_config|counter[9] ; 1.000        ; -0.013     ; 24.045     ;
+---------+------------------------------------------------------+-----------------+----------------------------------------+----------------------------------------+--------------+------------+------------+


+---------------------------------------------------------------------------------------------------------------------------------------------------------+
; Slow 1200mV 0C Model Setup: 'CLOCK_50'                                                                                                                  ;
+---------+--------------------------------------+----------------------------------+--------------+-------------+--------------+------------+------------+
; Slack   ; From Node                            ; To Node                          ; Launch Clock ; Latch Clock ; Relationship ; Clock Skew ; Data Delay ;
+---------+--------------------------------------+----------------------------------+--------------+-------------+--------------+------------+------------+
; -21.489 ; serial_to_parallel:u1|right_data[0]  ; auto_wah:u_auto_wah_R|svf_lp[35] ; AUD_BCLK     ; CLOCK_50    ; 1.000        ; -0.599     ; 21.879     ;
; -21.457 ; serial_to_parallel:u1|right_data[1]  ; auto_wah:u_auto_wah_R|svf_lp[35] ; AUD_BCLK     ; CLOCK_50    ; 1.000        ; -0.599     ; 21.847     ;
; -21.373 ; serial_to_parallel:u1|right_data[0]  ; auto_wah:u_auto_wah_R|svf_lp[33] ; AUD_BCLK     ; CLOCK_50    ; 1.000        ; -0.599     ; 21.763     ;
; -21.365 ; serial_to_parallel:u1|right_data[2]  ; auto_wah:u_auto_wah_R|svf_lp[35] ; AUD_BCLK     ; CLOCK_50    ; 1.000        ; -0.599     ; 21.755     ;
; -21.344 ; serial_to_parallel:u1|right_data[0]  ; auto_wah:u_auto_wah_R|svf_lp[34] ; AUD_BCLK     ; CLOCK_50    ; 1.000        ; -0.599     ; 21.734     ;
; -21.343 ; serial_to_parallel:u1|left_data[0]   ; auto_wah:u_auto_wah_L|svf_lp[35] ; AUD_BCLK     ; CLOCK_50    ; 1.000        ; -0.149     ; 22.183     ;
; -21.341 ; serial_to_parallel:u1|right_data[1]  ; auto_wah:u_auto_wah_R|svf_lp[33] ; AUD_BCLK     ; CLOCK_50    ; 1.000        ; -0.599     ; 21.731     ;
; -21.328 ; serial_to_parallel:u1|right_data[3]  ; auto_wah:u_auto_wah_R|svf_lp[35] ; AUD_BCLK     ; CLOCK_50    ; 1.000        ; -0.599     ; 21.718     ;
; -21.312 ; serial_to_parallel:u1|right_data[1]  ; auto_wah:u_auto_wah_R|svf_lp[34] ; AUD_BCLK     ; CLOCK_50    ; 1.000        ; -0.599     ; 21.702     ;
; -21.311 ; serial_to_parallel:u1|left_data[1]   ; auto_wah:u_auto_wah_L|svf_lp[35] ; AUD_BCLK     ; CLOCK_50    ; 1.000        ; -0.149     ; 22.151     ;
; -21.257 ; serial_to_parallel:u1|right_data[0]  ; auto_wah:u_auto_wah_R|svf_lp[31] ; AUD_BCLK     ; CLOCK_50    ; 1.000        ; -0.599     ; 21.647     ;
; -21.249 ; serial_to_parallel:u1|right_data[2]  ; auto_wah:u_auto_wah_R|svf_lp[33] ; AUD_BCLK     ; CLOCK_50    ; 1.000        ; -0.599     ; 21.639     ;
; -21.248 ; serial_to_parallel:u1|right_data[4]  ; auto_wah:u_auto_wah_R|svf_lp[35] ; AUD_BCLK     ; CLOCK_50    ; 1.000        ; -0.599     ; 21.638     ;
; -21.231 ; serial_to_parallel:u1|left_data[2]   ; auto_wah:u_auto_wah_L|svf_lp[35] ; AUD_BCLK     ; CLOCK_50    ; 1.000        ; -0.149     ; 22.071     ;
; -21.228 ; serial_to_parallel:u1|right_data[0]  ; auto_wah:u_auto_wah_R|svf_lp[32] ; AUD_BCLK     ; CLOCK_50    ; 1.000        ; -0.599     ; 21.618     ;
; -21.227 ; serial_to_parallel:u1|left_data[0]   ; auto_wah:u_auto_wah_L|svf_lp[33] ; AUD_BCLK     ; CLOCK_50    ; 1.000        ; -0.149     ; 22.067     ;
; -21.225 ; serial_to_parallel:u1|right_data[1]  ; auto_wah:u_auto_wah_R|svf_lp[31] ; AUD_BCLK     ; CLOCK_50    ; 1.000        ; -0.599     ; 21.615     ;
; -21.220 ; serial_to_parallel:u1|right_data[2]  ; auto_wah:u_auto_wah_R|svf_lp[34] ; AUD_BCLK     ; CLOCK_50    ; 1.000        ; -0.599     ; 21.610     ;
; -21.218 ; serial_to_parallel:u1|left_data[0]   ; auto_wah:u_auto_wah_L|svf_lp[34] ; AUD_BCLK     ; CLOCK_50    ; 1.000        ; -0.149     ; 22.058     ;
; -21.212 ; serial_to_parallel:u1|right_data[3]  ; auto_wah:u_auto_wah_R|svf_lp[33] ; AUD_BCLK     ; CLOCK_50    ; 1.000        ; -0.599     ; 21.602     ;
; -21.207 ; serial_to_parallel:u1|right_data[5]  ; auto_wah:u_auto_wah_R|svf_lp[35] ; AUD_BCLK     ; CLOCK_50    ; 1.000        ; -0.599     ; 21.597     ;
; -21.196 ; serial_to_parallel:u1|right_data[1]  ; auto_wah:u_auto_wah_R|svf_lp[32] ; AUD_BCLK     ; CLOCK_50    ; 1.000        ; -0.599     ; 21.586     ;
; -21.195 ; serial_to_parallel:u1|left_data[3]   ; auto_wah:u_auto_wah_L|svf_lp[35] ; AUD_BCLK     ; CLOCK_50    ; 1.000        ; -0.149     ; 22.035     ;
; -21.195 ; serial_to_parallel:u1|left_data[1]   ; auto_wah:u_auto_wah_L|svf_lp[33] ; AUD_BCLK     ; CLOCK_50    ; 1.000        ; -0.149     ; 22.035     ;
; -21.186 ; serial_to_parallel:u1|left_data[1]   ; auto_wah:u_auto_wah_L|svf_lp[34] ; AUD_BCLK     ; CLOCK_50    ; 1.000        ; -0.149     ; 22.026     ;
; -21.183 ; serial_to_parallel:u1|right_data[3]  ; auto_wah:u_auto_wah_R|svf_lp[34] ; AUD_BCLK     ; CLOCK_50    ; 1.000        ; -0.599     ; 21.573     ;
; -21.141 ; serial_to_parallel:u1|right_data[0]  ; auto_wah:u_auto_wah_R|svf_lp[29] ; AUD_BCLK     ; CLOCK_50    ; 1.000        ; -0.599     ; 21.531     ;
; -21.133 ; serial_to_parallel:u1|right_data[2]  ; auto_wah:u_auto_wah_R|svf_lp[31] ; AUD_BCLK     ; CLOCK_50    ; 1.000        ; -0.599     ; 21.523     ;
; -21.132 ; serial_to_parallel:u1|right_data[6]  ; auto_wah:u_auto_wah_R|svf_lp[35] ; AUD_BCLK     ; CLOCK_50    ; 1.000        ; -0.599     ; 21.522     ;
; -21.132 ; serial_to_parallel:u1|right_data[4]  ; auto_wah:u_auto_wah_R|svf_lp[33] ; AUD_BCLK     ; CLOCK_50    ; 1.000        ; -0.599     ; 21.522     ;
; -21.115 ; serial_to_parallel:u1|left_data[4]   ; auto_wah:u_auto_wah_L|svf_lp[35] ; AUD_BCLK     ; CLOCK_50    ; 1.000        ; -0.149     ; 21.955     ;
; -21.115 ; serial_to_parallel:u1|left_data[2]   ; auto_wah:u_auto_wah_L|svf_lp[33] ; AUD_BCLK     ; CLOCK_50    ; 1.000        ; -0.149     ; 21.955     ;
; -21.112 ; serial_to_parallel:u1|right_data[0]  ; auto_wah:u_auto_wah_R|svf_lp[30] ; AUD_BCLK     ; CLOCK_50    ; 1.000        ; -0.599     ; 21.502     ;
; -21.111 ; serial_to_parallel:u1|left_data[0]   ; auto_wah:u_auto_wah_L|svf_lp[31] ; AUD_BCLK     ; CLOCK_50    ; 1.000        ; -0.149     ; 21.951     ;
; -21.109 ; serial_to_parallel:u1|right_data[1]  ; auto_wah:u_auto_wah_R|svf_lp[29] ; AUD_BCLK     ; CLOCK_50    ; 1.000        ; -0.599     ; 21.499     ;
; -21.106 ; serial_to_parallel:u1|left_data[2]   ; auto_wah:u_auto_wah_L|svf_lp[34] ; AUD_BCLK     ; CLOCK_50    ; 1.000        ; -0.149     ; 21.946     ;
; -21.104 ; serial_to_parallel:u1|right_data[2]  ; auto_wah:u_auto_wah_R|svf_lp[32] ; AUD_BCLK     ; CLOCK_50    ; 1.000        ; -0.599     ; 21.494     ;
; -21.103 ; serial_to_parallel:u1|right_data[4]  ; auto_wah:u_auto_wah_R|svf_lp[34] ; AUD_BCLK     ; CLOCK_50    ; 1.000        ; -0.599     ; 21.493     ;
; -21.099 ; serial_to_parallel:u1|left_data[0]   ; auto_wah:u_auto_wah_L|svf_lp[32] ; AUD_BCLK     ; CLOCK_50    ; 1.000        ; -0.149     ; 21.939     ;
; -21.096 ; serial_to_parallel:u1|right_data[3]  ; auto_wah:u_auto_wah_R|svf_lp[31] ; AUD_BCLK     ; CLOCK_50    ; 1.000        ; -0.599     ; 21.486     ;
; -21.091 ; serial_to_parallel:u1|right_data[7]  ; auto_wah:u_auto_wah_R|svf_lp[35] ; AUD_BCLK     ; CLOCK_50    ; 1.000        ; -0.599     ; 21.481     ;
; -21.091 ; serial_to_parallel:u1|right_data[5]  ; auto_wah:u_auto_wah_R|svf_lp[33] ; AUD_BCLK     ; CLOCK_50    ; 1.000        ; -0.599     ; 21.481     ;
; -21.080 ; serial_to_parallel:u1|right_data[1]  ; auto_wah:u_auto_wah_R|svf_lp[30] ; AUD_BCLK     ; CLOCK_50    ; 1.000        ; -0.599     ; 21.470     ;
; -21.079 ; serial_to_parallel:u1|left_data[3]   ; auto_wah:u_auto_wah_L|svf_lp[33] ; AUD_BCLK     ; CLOCK_50    ; 1.000        ; -0.149     ; 21.919     ;
; -21.079 ; serial_to_parallel:u1|left_data[1]   ; auto_wah:u_auto_wah_L|svf_lp[31] ; AUD_BCLK     ; CLOCK_50    ; 1.000        ; -0.149     ; 21.919     ;
; -21.074 ; serial_to_parallel:u1|left_data[5]   ; auto_wah:u_auto_wah_L|svf_lp[35] ; AUD_BCLK     ; CLOCK_50    ; 1.000        ; -0.149     ; 21.914     ;
; -21.070 ; serial_to_parallel:u1|left_data[3]   ; auto_wah:u_auto_wah_L|svf_lp[34] ; AUD_BCLK     ; CLOCK_50    ; 1.000        ; -0.149     ; 21.910     ;
; -21.067 ; serial_to_parallel:u1|right_data[3]  ; auto_wah:u_auto_wah_R|svf_lp[32] ; AUD_BCLK     ; CLOCK_50    ; 1.000        ; -0.599     ; 21.457     ;
; -21.067 ; serial_to_parallel:u1|left_data[1]   ; auto_wah:u_auto_wah_L|svf_lp[32] ; AUD_BCLK     ; CLOCK_50    ; 1.000        ; -0.149     ; 21.907     ;
; -21.062 ; serial_to_parallel:u1|right_data[5]  ; auto_wah:u_auto_wah_R|svf_lp[34] ; AUD_BCLK     ; CLOCK_50    ; 1.000        ; -0.599     ; 21.452     ;
; -21.025 ; serial_to_parallel:u1|right_data[0]  ; auto_wah:u_auto_wah_R|svf_lp[27] ; AUD_BCLK     ; CLOCK_50    ; 1.000        ; -0.599     ; 21.415     ;
; -21.017 ; serial_to_parallel:u1|right_data[2]  ; auto_wah:u_auto_wah_R|svf_lp[29] ; AUD_BCLK     ; CLOCK_50    ; 1.000        ; -0.599     ; 21.407     ;
; -21.016 ; serial_to_parallel:u1|right_data[6]  ; auto_wah:u_auto_wah_R|svf_lp[33] ; AUD_BCLK     ; CLOCK_50    ; 1.000        ; -0.599     ; 21.406     ;
; -21.016 ; serial_to_parallel:u1|right_data[4]  ; auto_wah:u_auto_wah_R|svf_lp[31] ; AUD_BCLK     ; CLOCK_50    ; 1.000        ; -0.599     ; 21.406     ;
; -20.999 ; serial_to_parallel:u1|left_data[4]   ; auto_wah:u_auto_wah_L|svf_lp[33] ; AUD_BCLK     ; CLOCK_50    ; 1.000        ; -0.149     ; 21.839     ;
; -20.999 ; serial_to_parallel:u1|left_data[2]   ; auto_wah:u_auto_wah_L|svf_lp[31] ; AUD_BCLK     ; CLOCK_50    ; 1.000        ; -0.149     ; 21.839     ;
; -20.996 ; serial_to_parallel:u1|right_data[0]  ; auto_wah:u_auto_wah_R|svf_lp[28] ; AUD_BCLK     ; CLOCK_50    ; 1.000        ; -0.599     ; 21.386     ;
; -20.995 ; serial_to_parallel:u1|left_data[0]   ; auto_wah:u_auto_wah_L|svf_lp[29] ; AUD_BCLK     ; CLOCK_50    ; 1.000        ; -0.149     ; 21.835     ;
; -20.993 ; serial_to_parallel:u1|right_data[1]  ; auto_wah:u_auto_wah_R|svf_lp[27] ; AUD_BCLK     ; CLOCK_50    ; 1.000        ; -0.599     ; 21.383     ;
; -20.990 ; serial_to_parallel:u1|left_data[4]   ; auto_wah:u_auto_wah_L|svf_lp[34] ; AUD_BCLK     ; CLOCK_50    ; 1.000        ; -0.149     ; 21.830     ;
; -20.988 ; serial_to_parallel:u1|right_data[2]  ; auto_wah:u_auto_wah_R|svf_lp[30] ; AUD_BCLK     ; CLOCK_50    ; 1.000        ; -0.599     ; 21.378     ;
; -20.987 ; serial_to_parallel:u1|right_data[6]  ; auto_wah:u_auto_wah_R|svf_lp[34] ; AUD_BCLK     ; CLOCK_50    ; 1.000        ; -0.599     ; 21.377     ;
; -20.987 ; serial_to_parallel:u1|right_data[4]  ; auto_wah:u_auto_wah_R|svf_lp[32] ; AUD_BCLK     ; CLOCK_50    ; 1.000        ; -0.599     ; 21.377     ;
; -20.987 ; serial_to_parallel:u1|left_data[2]   ; auto_wah:u_auto_wah_L|svf_lp[32] ; AUD_BCLK     ; CLOCK_50    ; 1.000        ; -0.149     ; 21.827     ;
; -20.983 ; serial_to_parallel:u1|left_data[0]   ; auto_wah:u_auto_wah_L|svf_lp[30] ; AUD_BCLK     ; CLOCK_50    ; 1.000        ; -0.149     ; 21.823     ;
; -20.980 ; serial_to_parallel:u1|right_data[3]  ; auto_wah:u_auto_wah_R|svf_lp[29] ; AUD_BCLK     ; CLOCK_50    ; 1.000        ; -0.599     ; 21.370     ;
; -20.975 ; serial_to_parallel:u1|right_data[7]  ; auto_wah:u_auto_wah_R|svf_lp[33] ; AUD_BCLK     ; CLOCK_50    ; 1.000        ; -0.599     ; 21.365     ;
; -20.975 ; serial_to_parallel:u1|right_data[5]  ; auto_wah:u_auto_wah_R|svf_lp[31] ; AUD_BCLK     ; CLOCK_50    ; 1.000        ; -0.599     ; 21.365     ;
; -20.966 ; serial_to_parallel:u1|right_data[8]  ; auto_wah:u_auto_wah_R|svf_lp[35] ; AUD_BCLK     ; CLOCK_50    ; 1.000        ; -0.599     ; 21.356     ;
; -20.964 ; serial_to_parallel:u1|right_data[1]  ; auto_wah:u_auto_wah_R|svf_lp[28] ; AUD_BCLK     ; CLOCK_50    ; 1.000        ; -0.599     ; 21.354     ;
; -20.963 ; serial_to_parallel:u1|left_data[3]   ; auto_wah:u_auto_wah_L|svf_lp[31] ; AUD_BCLK     ; CLOCK_50    ; 1.000        ; -0.149     ; 21.803     ;
; -20.963 ; serial_to_parallel:u1|left_data[1]   ; auto_wah:u_auto_wah_L|svf_lp[29] ; AUD_BCLK     ; CLOCK_50    ; 1.000        ; -0.149     ; 21.803     ;
; -20.958 ; serial_to_parallel:u1|left_data[5]   ; auto_wah:u_auto_wah_L|svf_lp[33] ; AUD_BCLK     ; CLOCK_50    ; 1.000        ; -0.149     ; 21.798     ;
; -20.951 ; serial_to_parallel:u1|left_data[3]   ; auto_wah:u_auto_wah_L|svf_lp[32] ; AUD_BCLK     ; CLOCK_50    ; 1.000        ; -0.149     ; 21.791     ;
; -20.951 ; serial_to_parallel:u1|right_data[3]  ; auto_wah:u_auto_wah_R|svf_lp[30] ; AUD_BCLK     ; CLOCK_50    ; 1.000        ; -0.599     ; 21.341     ;
; -20.951 ; serial_to_parallel:u1|left_data[1]   ; auto_wah:u_auto_wah_L|svf_lp[30] ; AUD_BCLK     ; CLOCK_50    ; 1.000        ; -0.149     ; 21.791     ;
; -20.949 ; serial_to_parallel:u1|left_data[5]   ; auto_wah:u_auto_wah_L|svf_lp[34] ; AUD_BCLK     ; CLOCK_50    ; 1.000        ; -0.149     ; 21.789     ;
; -20.946 ; serial_to_parallel:u1|right_data[7]  ; auto_wah:u_auto_wah_R|svf_lp[34] ; AUD_BCLK     ; CLOCK_50    ; 1.000        ; -0.599     ; 21.336     ;
; -20.946 ; serial_to_parallel:u1|right_data[5]  ; auto_wah:u_auto_wah_R|svf_lp[32] ; AUD_BCLK     ; CLOCK_50    ; 1.000        ; -0.599     ; 21.336     ;
; -20.912 ; serial_to_parallel:u1|left_data[6]   ; auto_wah:u_auto_wah_L|svf_lp[35] ; AUD_BCLK     ; CLOCK_50    ; 1.000        ; -0.149     ; 21.752     ;
; -20.901 ; serial_to_parallel:u1|right_data[2]  ; auto_wah:u_auto_wah_R|svf_lp[27] ; AUD_BCLK     ; CLOCK_50    ; 1.000        ; -0.599     ; 21.291     ;
; -20.900 ; serial_to_parallel:u1|right_data[6]  ; auto_wah:u_auto_wah_R|svf_lp[31] ; AUD_BCLK     ; CLOCK_50    ; 1.000        ; -0.599     ; 21.290     ;
; -20.900 ; serial_to_parallel:u1|right_data[4]  ; auto_wah:u_auto_wah_R|svf_lp[29] ; AUD_BCLK     ; CLOCK_50    ; 1.000        ; -0.599     ; 21.290     ;
; -20.896 ; serial_to_parallel:u1|right_data[10] ; auto_wah:u_auto_wah_R|svf_lp[35] ; AUD_BCLK     ; CLOCK_50    ; 1.000        ; -0.621     ; 21.264     ;
; -20.883 ; serial_to_parallel:u1|left_data[4]   ; auto_wah:u_auto_wah_L|svf_lp[31] ; AUD_BCLK     ; CLOCK_50    ; 1.000        ; -0.149     ; 21.723     ;
; -20.883 ; serial_to_parallel:u1|left_data[2]   ; auto_wah:u_auto_wah_L|svf_lp[29] ; AUD_BCLK     ; CLOCK_50    ; 1.000        ; -0.149     ; 21.723     ;
; -20.879 ; serial_to_parallel:u1|left_data[0]   ; auto_wah:u_auto_wah_L|svf_lp[27] ; AUD_BCLK     ; CLOCK_50    ; 1.000        ; -0.149     ; 21.719     ;
; -20.872 ; serial_to_parallel:u1|right_data[2]  ; auto_wah:u_auto_wah_R|svf_lp[28] ; AUD_BCLK     ; CLOCK_50    ; 1.000        ; -0.599     ; 21.262     ;
; -20.871 ; serial_to_parallel:u1|right_data[6]  ; auto_wah:u_auto_wah_R|svf_lp[32] ; AUD_BCLK     ; CLOCK_50    ; 1.000        ; -0.599     ; 21.261     ;
; -20.871 ; serial_to_parallel:u1|left_data[4]   ; auto_wah:u_auto_wah_L|svf_lp[32] ; AUD_BCLK     ; CLOCK_50    ; 1.000        ; -0.149     ; 21.711     ;
; -20.871 ; serial_to_parallel:u1|right_data[4]  ; auto_wah:u_auto_wah_R|svf_lp[30] ; AUD_BCLK     ; CLOCK_50    ; 1.000        ; -0.599     ; 21.261     ;
; -20.871 ; serial_to_parallel:u1|left_data[2]   ; auto_wah:u_auto_wah_L|svf_lp[30] ; AUD_BCLK     ; CLOCK_50    ; 1.000        ; -0.149     ; 21.711     ;
; -20.867 ; serial_to_parallel:u1|left_data[0]   ; auto_wah:u_auto_wah_L|svf_lp[28] ; AUD_BCLK     ; CLOCK_50    ; 1.000        ; -0.149     ; 21.707     ;
; -20.865 ; serial_to_parallel:u1|right_data[0]  ; auto_wah:u_auto_wah_R|svf_lp[26] ; AUD_BCLK     ; CLOCK_50    ; 1.000        ; -0.599     ; 21.255     ;
; -20.864 ; serial_to_parallel:u1|right_data[3]  ; auto_wah:u_auto_wah_R|svf_lp[27] ; AUD_BCLK     ; CLOCK_50    ; 1.000        ; -0.599     ; 21.254     ;
; -20.859 ; serial_to_parallel:u1|right_data[7]  ; auto_wah:u_auto_wah_R|svf_lp[31] ; AUD_BCLK     ; CLOCK_50    ; 1.000        ; -0.599     ; 21.249     ;
; -20.859 ; serial_to_parallel:u1|right_data[5]  ; auto_wah:u_auto_wah_R|svf_lp[29] ; AUD_BCLK     ; CLOCK_50    ; 1.000        ; -0.599     ; 21.249     ;
; -20.850 ; serial_to_parallel:u1|right_data[8]  ; auto_wah:u_auto_wah_R|svf_lp[33] ; AUD_BCLK     ; CLOCK_50    ; 1.000        ; -0.599     ; 21.240     ;
; -20.847 ; serial_to_parallel:u1|left_data[3]   ; auto_wah:u_auto_wah_L|svf_lp[29] ; AUD_BCLK     ; CLOCK_50    ; 1.000        ; -0.149     ; 21.687     ;
; -20.847 ; serial_to_parallel:u1|left_data[1]   ; auto_wah:u_auto_wah_L|svf_lp[27] ; AUD_BCLK     ; CLOCK_50    ; 1.000        ; -0.149     ; 21.687     ;
+---------+--------------------------------------+----------------------------------+--------------+-------------+--------------+------------+------------+


+----------------------------------------------------------------------------------------------------------------------------------------------------------------------------------------------------------------------------------------------------+
; Slow 1200mV 0C Model Setup: 'PLL_inst|altpll_component|auto_generated|pll1|clk[0]'                                                                                                                                                                 ;
+--------+-----------------------------------------------------------+--------------------------------------+----------------------------------------+------------------------------------------------------+--------------+------------+------------+
; Slack  ; From Node                                                 ; To Node                              ; Launch Clock                           ; Latch Clock                                          ; Relationship ; Clock Skew ; Data Delay ;
+--------+-----------------------------------------------------------+--------------------------------------+----------------------------------------+------------------------------------------------------+--------------+------------+------------+
; -7.843 ; digital_distortion:digital_distortion_L|counter_vector[0] ; delay:delay_inst_L|counter[12]       ; config_CODEC:u_CODEC_config|counter[9] ; PLL_inst|altpll_component|auto_generated|pll1|clk[0] ; 1.000        ; -3.825     ; 4.967      ;
; -7.843 ; digital_distortion:digital_distortion_L|counter_vector[0] ; delay:delay_inst_L|counter[2]        ; config_CODEC:u_CODEC_config|counter[9] ; PLL_inst|altpll_component|auto_generated|pll1|clk[0] ; 1.000        ; -3.825     ; 4.967      ;
; -7.843 ; digital_distortion:digital_distortion_L|counter_vector[0] ; delay:delay_inst_L|counter[0]        ; config_CODEC:u_CODEC_config|counter[9] ; PLL_inst|altpll_component|auto_generated|pll1|clk[0] ; 1.000        ; -3.825     ; 4.967      ;
; -7.843 ; digital_distortion:digital_distortion_L|counter_vector[0] ; delay:delay_inst_L|counter[1]        ; config_CODEC:u_CODEC_config|counter[9] ; PLL_inst|altpll_component|auto_generated|pll1|clk[0] ; 1.000        ; -3.825     ; 4.967      ;
; -7.843 ; digital_distortion:digital_distortion_L|counter_vector[0] ; delay:delay_inst_L|counter[3]        ; config_CODEC:u_CODEC_config|counter[9] ; PLL_inst|altpll_component|auto_generated|pll1|clk[0] ; 1.000        ; -3.825     ; 4.967      ;
; -7.843 ; digital_distortion:digital_distortion_L|counter_vector[0] ; delay:delay_inst_L|counter[4]        ; config_CODEC:u_CODEC_config|counter[9] ; PLL_inst|altpll_component|auto_generated|pll1|clk[0] ; 1.000        ; -3.825     ; 4.967      ;
; -7.843 ; digital_distortion:digital_distortion_L|counter_vector[0] ; delay:delay_inst_L|counter[5]        ; config_CODEC:u_CODEC_config|counter[9] ; PLL_inst|altpll_component|auto_generated|pll1|clk[0] ; 1.000        ; -3.825     ; 4.967      ;
; -7.843 ; digital_distortion:digital_distortion_L|counter_vector[0] ; delay:delay_inst_L|counter[6]        ; config_CODEC:u_CODEC_config|counter[9] ; PLL_inst|altpll_component|auto_generated|pll1|clk[0] ; 1.000        ; -3.825     ; 4.967      ;
; -7.843 ; digital_distortion:digital_distortion_L|counter_vector[0] ; delay:delay_inst_L|counter[7]        ; config_CODEC:u_CODEC_config|counter[9] ; PLL_inst|altpll_component|auto_generated|pll1|clk[0] ; 1.000        ; -3.825     ; 4.967      ;
; -7.843 ; digital_distortion:digital_distortion_L|counter_vector[0] ; delay:delay_inst_L|counter[8]        ; config_CODEC:u_CODEC_config|counter[9] ; PLL_inst|altpll_component|auto_generated|pll1|clk[0] ; 1.000        ; -3.825     ; 4.967      ;
; -7.843 ; digital_distortion:digital_distortion_L|counter_vector[0] ; delay:delay_inst_L|counter[9]        ; config_CODEC:u_CODEC_config|counter[9] ; PLL_inst|altpll_component|auto_generated|pll1|clk[0] ; 1.000        ; -3.825     ; 4.967      ;
; -7.843 ; digital_distortion:digital_distortion_L|counter_vector[0] ; delay:delay_inst_L|counter[10]       ; config_CODEC:u_CODEC_config|counter[9] ; PLL_inst|altpll_component|auto_generated|pll1|clk[0] ; 1.000        ; -3.825     ; 4.967      ;
; -7.843 ; digital_distortion:digital_distortion_L|counter_vector[0] ; delay:delay_inst_L|counter[11]       ; config_CODEC:u_CODEC_config|counter[9] ; PLL_inst|altpll_component|auto_generated|pll1|clk[0] ; 1.000        ; -3.825     ; 4.967      ;
; -7.843 ; digital_distortion:digital_distortion_L|counter_vector[0] ; delay:delay_inst_L|counter[13]       ; config_CODEC:u_CODEC_config|counter[9] ; PLL_inst|altpll_component|auto_generated|pll1|clk[0] ; 1.000        ; -3.825     ; 4.967      ;
; -7.843 ; digital_distortion:digital_distortion_L|counter_vector[0] ; delay:delay_inst_L|counter[14]       ; config_CODEC:u_CODEC_config|counter[9] ; PLL_inst|altpll_component|auto_generated|pll1|clk[0] ; 1.000        ; -3.825     ; 4.967      ;
; -7.843 ; digital_distortion:digital_distortion_L|counter_vector[0] ; delay:delay_inst_L|counter[15]       ; config_CODEC:u_CODEC_config|counter[9] ; PLL_inst|altpll_component|auto_generated|pll1|clk[0] ; 1.000        ; -3.825     ; 4.967      ;
; -7.753 ; digital_distortion:digital_distortion_L|counter_vector[2] ; delay:delay_inst_L|counter[12]       ; config_CODEC:u_CODEC_config|counter[9] ; PLL_inst|altpll_component|auto_generated|pll1|clk[0] ; 1.000        ; -3.825     ; 4.877      ;
; -7.753 ; digital_distortion:digital_distortion_L|counter_vector[2] ; delay:delay_inst_L|counter[2]        ; config_CODEC:u_CODEC_config|counter[9] ; PLL_inst|altpll_component|auto_generated|pll1|clk[0] ; 1.000        ; -3.825     ; 4.877      ;
; -7.753 ; digital_distortion:digital_distortion_L|counter_vector[2] ; delay:delay_inst_L|counter[0]        ; config_CODEC:u_CODEC_config|counter[9] ; PLL_inst|altpll_component|auto_generated|pll1|clk[0] ; 1.000        ; -3.825     ; 4.877      ;
; -7.753 ; digital_distortion:digital_distortion_L|counter_vector[2] ; delay:delay_inst_L|counter[1]        ; config_CODEC:u_CODEC_config|counter[9] ; PLL_inst|altpll_component|auto_generated|pll1|clk[0] ; 1.000        ; -3.825     ; 4.877      ;
; -7.753 ; digital_distortion:digital_distortion_L|counter_vector[2] ; delay:delay_inst_L|counter[3]        ; config_CODEC:u_CODEC_config|counter[9] ; PLL_inst|altpll_component|auto_generated|pll1|clk[0] ; 1.000        ; -3.825     ; 4.877      ;
; -7.753 ; digital_distortion:digital_distortion_L|counter_vector[2] ; delay:delay_inst_L|counter[4]        ; config_CODEC:u_CODEC_config|counter[9] ; PLL_inst|altpll_component|auto_generated|pll1|clk[0] ; 1.000        ; -3.825     ; 4.877      ;
; -7.753 ; digital_distortion:digital_distortion_L|counter_vector[2] ; delay:delay_inst_L|counter[5]        ; config_CODEC:u_CODEC_config|counter[9] ; PLL_inst|altpll_component|auto_generated|pll1|clk[0] ; 1.000        ; -3.825     ; 4.877      ;
; -7.753 ; digital_distortion:digital_distortion_L|counter_vector[2] ; delay:delay_inst_L|counter[6]        ; config_CODEC:u_CODEC_config|counter[9] ; PLL_inst|altpll_component|auto_generated|pll1|clk[0] ; 1.000        ; -3.825     ; 4.877      ;
; -7.753 ; digital_distortion:digital_distortion_L|counter_vector[2] ; delay:delay_inst_L|counter[7]        ; config_CODEC:u_CODEC_config|counter[9] ; PLL_inst|altpll_component|auto_generated|pll1|clk[0] ; 1.000        ; -3.825     ; 4.877      ;
; -7.753 ; digital_distortion:digital_distortion_L|counter_vector[2] ; delay:delay_inst_L|counter[8]        ; config_CODEC:u_CODEC_config|counter[9] ; PLL_inst|altpll_component|auto_generated|pll1|clk[0] ; 1.000        ; -3.825     ; 4.877      ;
; -7.753 ; digital_distortion:digital_distortion_L|counter_vector[2] ; delay:delay_inst_L|counter[9]        ; config_CODEC:u_CODEC_config|counter[9] ; PLL_inst|altpll_component|auto_generated|pll1|clk[0] ; 1.000        ; -3.825     ; 4.877      ;
; -7.753 ; digital_distortion:digital_distortion_L|counter_vector[2] ; delay:delay_inst_L|counter[10]       ; config_CODEC:u_CODEC_config|counter[9] ; PLL_inst|altpll_component|auto_generated|pll1|clk[0] ; 1.000        ; -3.825     ; 4.877      ;
; -7.753 ; digital_distortion:digital_distortion_L|counter_vector[2] ; delay:delay_inst_L|counter[11]       ; config_CODEC:u_CODEC_config|counter[9] ; PLL_inst|altpll_component|auto_generated|pll1|clk[0] ; 1.000        ; -3.825     ; 4.877      ;
; -7.753 ; digital_distortion:digital_distortion_L|counter_vector[2] ; delay:delay_inst_L|counter[13]       ; config_CODEC:u_CODEC_config|counter[9] ; PLL_inst|altpll_component|auto_generated|pll1|clk[0] ; 1.000        ; -3.825     ; 4.877      ;
; -7.753 ; digital_distortion:digital_distortion_L|counter_vector[2] ; delay:delay_inst_L|counter[14]       ; config_CODEC:u_CODEC_config|counter[9] ; PLL_inst|altpll_component|auto_generated|pll1|clk[0] ; 1.000        ; -3.825     ; 4.877      ;
; -7.753 ; digital_distortion:digital_distortion_L|counter_vector[2] ; delay:delay_inst_L|counter[15]       ; config_CODEC:u_CODEC_config|counter[9] ; PLL_inst|altpll_component|auto_generated|pll1|clk[0] ; 1.000        ; -3.825     ; 4.877      ;
; -7.667 ; digital_distortion:digital_distortion_L|counter_vector[4] ; delay:delay_inst_L|counter[12]       ; config_CODEC:u_CODEC_config|counter[9] ; PLL_inst|altpll_component|auto_generated|pll1|clk[0] ; 1.000        ; -3.825     ; 4.791      ;
; -7.667 ; digital_distortion:digital_distortion_L|counter_vector[4] ; delay:delay_inst_L|counter[2]        ; config_CODEC:u_CODEC_config|counter[9] ; PLL_inst|altpll_component|auto_generated|pll1|clk[0] ; 1.000        ; -3.825     ; 4.791      ;
; -7.667 ; digital_distortion:digital_distortion_L|counter_vector[4] ; delay:delay_inst_L|counter[0]        ; config_CODEC:u_CODEC_config|counter[9] ; PLL_inst|altpll_component|auto_generated|pll1|clk[0] ; 1.000        ; -3.825     ; 4.791      ;
; -7.667 ; digital_distortion:digital_distortion_L|counter_vector[4] ; delay:delay_inst_L|counter[1]        ; config_CODEC:u_CODEC_config|counter[9] ; PLL_inst|altpll_component|auto_generated|pll1|clk[0] ; 1.000        ; -3.825     ; 4.791      ;
; -7.667 ; digital_distortion:digital_distortion_L|counter_vector[4] ; delay:delay_inst_L|counter[3]        ; config_CODEC:u_CODEC_config|counter[9] ; PLL_inst|altpll_component|auto_generated|pll1|clk[0] ; 1.000        ; -3.825     ; 4.791      ;
; -7.667 ; digital_distortion:digital_distortion_L|counter_vector[4] ; delay:delay_inst_L|counter[4]        ; config_CODEC:u_CODEC_config|counter[9] ; PLL_inst|altpll_component|auto_generated|pll1|clk[0] ; 1.000        ; -3.825     ; 4.791      ;
; -7.667 ; digital_distortion:digital_distortion_L|counter_vector[4] ; delay:delay_inst_L|counter[5]        ; config_CODEC:u_CODEC_config|counter[9] ; PLL_inst|altpll_component|auto_generated|pll1|clk[0] ; 1.000        ; -3.825     ; 4.791      ;
; -7.667 ; digital_distortion:digital_distortion_L|counter_vector[4] ; delay:delay_inst_L|counter[6]        ; config_CODEC:u_CODEC_config|counter[9] ; PLL_inst|altpll_component|auto_generated|pll1|clk[0] ; 1.000        ; -3.825     ; 4.791      ;
; -7.667 ; digital_distortion:digital_distortion_L|counter_vector[4] ; delay:delay_inst_L|counter[7]        ; config_CODEC:u_CODEC_config|counter[9] ; PLL_inst|altpll_component|auto_generated|pll1|clk[0] ; 1.000        ; -3.825     ; 4.791      ;
; -7.667 ; digital_distortion:digital_distortion_L|counter_vector[4] ; delay:delay_inst_L|counter[8]        ; config_CODEC:u_CODEC_config|counter[9] ; PLL_inst|altpll_component|auto_generated|pll1|clk[0] ; 1.000        ; -3.825     ; 4.791      ;
; -7.667 ; digital_distortion:digital_distortion_L|counter_vector[4] ; delay:delay_inst_L|counter[9]        ; config_CODEC:u_CODEC_config|counter[9] ; PLL_inst|altpll_component|auto_generated|pll1|clk[0] ; 1.000        ; -3.825     ; 4.791      ;
; -7.667 ; digital_distortion:digital_distortion_L|counter_vector[4] ; delay:delay_inst_L|counter[10]       ; config_CODEC:u_CODEC_config|counter[9] ; PLL_inst|altpll_component|auto_generated|pll1|clk[0] ; 1.000        ; -3.825     ; 4.791      ;
; -7.667 ; digital_distortion:digital_distortion_L|counter_vector[4] ; delay:delay_inst_L|counter[11]       ; config_CODEC:u_CODEC_config|counter[9] ; PLL_inst|altpll_component|auto_generated|pll1|clk[0] ; 1.000        ; -3.825     ; 4.791      ;
; -7.667 ; digital_distortion:digital_distortion_L|counter_vector[4] ; delay:delay_inst_L|counter[13]       ; config_CODEC:u_CODEC_config|counter[9] ; PLL_inst|altpll_component|auto_generated|pll1|clk[0] ; 1.000        ; -3.825     ; 4.791      ;
; -7.667 ; digital_distortion:digital_distortion_L|counter_vector[4] ; delay:delay_inst_L|counter[14]       ; config_CODEC:u_CODEC_config|counter[9] ; PLL_inst|altpll_component|auto_generated|pll1|clk[0] ; 1.000        ; -3.825     ; 4.791      ;
; -7.667 ; digital_distortion:digital_distortion_L|counter_vector[4] ; delay:delay_inst_L|counter[15]       ; config_CODEC:u_CODEC_config|counter[9] ; PLL_inst|altpll_component|auto_generated|pll1|clk[0] ; 1.000        ; -3.825     ; 4.791      ;
; -7.610 ; digital_distortion:digital_distortion_L|counter_vector[3] ; delay:delay_inst_L|counter[12]       ; config_CODEC:u_CODEC_config|counter[9] ; PLL_inst|altpll_component|auto_generated|pll1|clk[0] ; 1.000        ; -3.825     ; 4.734      ;
; -7.610 ; digital_distortion:digital_distortion_L|counter_vector[3] ; delay:delay_inst_L|counter[2]        ; config_CODEC:u_CODEC_config|counter[9] ; PLL_inst|altpll_component|auto_generated|pll1|clk[0] ; 1.000        ; -3.825     ; 4.734      ;
; -7.610 ; digital_distortion:digital_distortion_L|counter_vector[3] ; delay:delay_inst_L|counter[0]        ; config_CODEC:u_CODEC_config|counter[9] ; PLL_inst|altpll_component|auto_generated|pll1|clk[0] ; 1.000        ; -3.825     ; 4.734      ;
; -7.610 ; digital_distortion:digital_distortion_L|counter_vector[3] ; delay:delay_inst_L|counter[1]        ; config_CODEC:u_CODEC_config|counter[9] ; PLL_inst|altpll_component|auto_generated|pll1|clk[0] ; 1.000        ; -3.825     ; 4.734      ;
; -7.610 ; digital_distortion:digital_distortion_L|counter_vector[3] ; delay:delay_inst_L|counter[3]        ; config_CODEC:u_CODEC_config|counter[9] ; PLL_inst|altpll_component|auto_generated|pll1|clk[0] ; 1.000        ; -3.825     ; 4.734      ;
; -7.610 ; digital_distortion:digital_distortion_L|counter_vector[3] ; delay:delay_inst_L|counter[4]        ; config_CODEC:u_CODEC_config|counter[9] ; PLL_inst|altpll_component|auto_generated|pll1|clk[0] ; 1.000        ; -3.825     ; 4.734      ;
; -7.610 ; digital_distortion:digital_distortion_L|counter_vector[3] ; delay:delay_inst_L|counter[5]        ; config_CODEC:u_CODEC_config|counter[9] ; PLL_inst|altpll_component|auto_generated|pll1|clk[0] ; 1.000        ; -3.825     ; 4.734      ;
; -7.610 ; digital_distortion:digital_distortion_L|counter_vector[3] ; delay:delay_inst_L|counter[6]        ; config_CODEC:u_CODEC_config|counter[9] ; PLL_inst|altpll_component|auto_generated|pll1|clk[0] ; 1.000        ; -3.825     ; 4.734      ;
; -7.610 ; digital_distortion:digital_distortion_L|counter_vector[3] ; delay:delay_inst_L|counter[7]        ; config_CODEC:u_CODEC_config|counter[9] ; PLL_inst|altpll_component|auto_generated|pll1|clk[0] ; 1.000        ; -3.825     ; 4.734      ;
; -7.610 ; digital_distortion:digital_distortion_L|counter_vector[3] ; delay:delay_inst_L|counter[8]        ; config_CODEC:u_CODEC_config|counter[9] ; PLL_inst|altpll_component|auto_generated|pll1|clk[0] ; 1.000        ; -3.825     ; 4.734      ;
; -7.610 ; digital_distortion:digital_distortion_L|counter_vector[3] ; delay:delay_inst_L|counter[9]        ; config_CODEC:u_CODEC_config|counter[9] ; PLL_inst|altpll_component|auto_generated|pll1|clk[0] ; 1.000        ; -3.825     ; 4.734      ;
; -7.610 ; digital_distortion:digital_distortion_L|counter_vector[3] ; delay:delay_inst_L|counter[10]       ; config_CODEC:u_CODEC_config|counter[9] ; PLL_inst|altpll_component|auto_generated|pll1|clk[0] ; 1.000        ; -3.825     ; 4.734      ;
; -7.610 ; digital_distortion:digital_distortion_L|counter_vector[3] ; delay:delay_inst_L|counter[11]       ; config_CODEC:u_CODEC_config|counter[9] ; PLL_inst|altpll_component|auto_generated|pll1|clk[0] ; 1.000        ; -3.825     ; 4.734      ;
; -7.610 ; digital_distortion:digital_distortion_L|counter_vector[3] ; delay:delay_inst_L|counter[13]       ; config_CODEC:u_CODEC_config|counter[9] ; PLL_inst|altpll_component|auto_generated|pll1|clk[0] ; 1.000        ; -3.825     ; 4.734      ;
; -7.610 ; digital_distortion:digital_distortion_L|counter_vector[3] ; delay:delay_inst_L|counter[14]       ; config_CODEC:u_CODEC_config|counter[9] ; PLL_inst|altpll_component|auto_generated|pll1|clk[0] ; 1.000        ; -3.825     ; 4.734      ;
; -7.610 ; digital_distortion:digital_distortion_L|counter_vector[3] ; delay:delay_inst_L|counter[15]       ; config_CODEC:u_CODEC_config|counter[9] ; PLL_inst|altpll_component|auto_generated|pll1|clk[0] ; 1.000        ; -3.825     ; 4.734      ;
; -7.565 ; digital_distortion:digital_distortion_L|counter_vector[1] ; delay:delay_inst_L|counter[12]       ; config_CODEC:u_CODEC_config|counter[9] ; PLL_inst|altpll_component|auto_generated|pll1|clk[0] ; 1.000        ; -3.825     ; 4.689      ;
; -7.565 ; digital_distortion:digital_distortion_L|counter_vector[1] ; delay:delay_inst_L|counter[2]        ; config_CODEC:u_CODEC_config|counter[9] ; PLL_inst|altpll_component|auto_generated|pll1|clk[0] ; 1.000        ; -3.825     ; 4.689      ;
; -7.565 ; digital_distortion:digital_distortion_L|counter_vector[1] ; delay:delay_inst_L|counter[0]        ; config_CODEC:u_CODEC_config|counter[9] ; PLL_inst|altpll_component|auto_generated|pll1|clk[0] ; 1.000        ; -3.825     ; 4.689      ;
; -7.565 ; digital_distortion:digital_distortion_L|counter_vector[1] ; delay:delay_inst_L|counter[1]        ; config_CODEC:u_CODEC_config|counter[9] ; PLL_inst|altpll_component|auto_generated|pll1|clk[0] ; 1.000        ; -3.825     ; 4.689      ;
; -7.565 ; digital_distortion:digital_distortion_L|counter_vector[1] ; delay:delay_inst_L|counter[3]        ; config_CODEC:u_CODEC_config|counter[9] ; PLL_inst|altpll_component|auto_generated|pll1|clk[0] ; 1.000        ; -3.825     ; 4.689      ;
; -7.565 ; digital_distortion:digital_distortion_L|counter_vector[1] ; delay:delay_inst_L|counter[4]        ; config_CODEC:u_CODEC_config|counter[9] ; PLL_inst|altpll_component|auto_generated|pll1|clk[0] ; 1.000        ; -3.825     ; 4.689      ;
; -7.565 ; digital_distortion:digital_distortion_L|counter_vector[1] ; delay:delay_inst_L|counter[5]        ; config_CODEC:u_CODEC_config|counter[9] ; PLL_inst|altpll_component|auto_generated|pll1|clk[0] ; 1.000        ; -3.825     ; 4.689      ;
; -7.565 ; digital_distortion:digital_distortion_L|counter_vector[1] ; delay:delay_inst_L|counter[6]        ; config_CODEC:u_CODEC_config|counter[9] ; PLL_inst|altpll_component|auto_generated|pll1|clk[0] ; 1.000        ; -3.825     ; 4.689      ;
; -7.565 ; digital_distortion:digital_distortion_L|counter_vector[1] ; delay:delay_inst_L|counter[7]        ; config_CODEC:u_CODEC_config|counter[9] ; PLL_inst|altpll_component|auto_generated|pll1|clk[0] ; 1.000        ; -3.825     ; 4.689      ;
; -7.565 ; digital_distortion:digital_distortion_L|counter_vector[1] ; delay:delay_inst_L|counter[8]        ; config_CODEC:u_CODEC_config|counter[9] ; PLL_inst|altpll_component|auto_generated|pll1|clk[0] ; 1.000        ; -3.825     ; 4.689      ;
; -7.565 ; digital_distortion:digital_distortion_L|counter_vector[1] ; delay:delay_inst_L|counter[9]        ; config_CODEC:u_CODEC_config|counter[9] ; PLL_inst|altpll_component|auto_generated|pll1|clk[0] ; 1.000        ; -3.825     ; 4.689      ;
; -7.565 ; digital_distortion:digital_distortion_L|counter_vector[1] ; delay:delay_inst_L|counter[10]       ; config_CODEC:u_CODEC_config|counter[9] ; PLL_inst|altpll_component|auto_generated|pll1|clk[0] ; 1.000        ; -3.825     ; 4.689      ;
; -7.565 ; digital_distortion:digital_distortion_L|counter_vector[1] ; delay:delay_inst_L|counter[11]       ; config_CODEC:u_CODEC_config|counter[9] ; PLL_inst|altpll_component|auto_generated|pll1|clk[0] ; 1.000        ; -3.825     ; 4.689      ;
; -7.565 ; digital_distortion:digital_distortion_L|counter_vector[1] ; delay:delay_inst_L|counter[13]       ; config_CODEC:u_CODEC_config|counter[9] ; PLL_inst|altpll_component|auto_generated|pll1|clk[0] ; 1.000        ; -3.825     ; 4.689      ;
; -7.565 ; digital_distortion:digital_distortion_L|counter_vector[1] ; delay:delay_inst_L|counter[14]       ; config_CODEC:u_CODEC_config|counter[9] ; PLL_inst|altpll_component|auto_generated|pll1|clk[0] ; 1.000        ; -3.825     ; 4.689      ;
; -7.565 ; digital_distortion:digital_distortion_L|counter_vector[1] ; delay:delay_inst_L|counter[15]       ; config_CODEC:u_CODEC_config|counter[9] ; PLL_inst|altpll_component|auto_generated|pll1|clk[0] ; 1.000        ; -3.825     ; 4.689      ;
; -5.589 ; serial_to_parallel:u1|left_data[6]                        ; delay:delay_inst_L|sortie_calc_s[13] ; AUD_BCLK                               ; PLL_inst|altpll_component|auto_generated|pll1|clk[0] ; 1.000        ; -3.290     ; 3.238      ;
; -5.473 ; serial_to_parallel:u1|left_data[6]                        ; delay:delay_inst_L|sortie_calc_s[11] ; AUD_BCLK                               ; PLL_inst|altpll_component|auto_generated|pll1|clk[0] ; 1.000        ; -3.290     ; 3.122      ;
; -5.444 ; serial_to_parallel:u1|left_data[6]                        ; delay:delay_inst_L|sortie_calc_s[12] ; AUD_BCLK                               ; PLL_inst|altpll_component|auto_generated|pll1|clk[0] ; 1.000        ; -3.290     ; 3.093      ;
; -5.405 ; serial_to_parallel:u1|right_data[8]                       ; delay:delay_inst_R|sortie_calc_s[9]  ; AUD_BCLK                               ; PLL_inst|altpll_component|auto_generated|pll1|clk[0] ; 1.000        ; -3.764     ; 2.580      ;
; -5.391 ; serial_to_parallel:u1|left_data[7]                        ; delay:delay_inst_L|sortie_calc_s[13] ; AUD_BCLK                               ; PLL_inst|altpll_component|auto_generated|pll1|clk[0] ; 1.000        ; -3.290     ; 3.040      ;
; -5.382 ; serial_to_parallel:u1|right_data[3]                       ; delay:delay_inst_R|sortie_calc_s[10] ; AUD_BCLK                               ; PLL_inst|altpll_component|auto_generated|pll1|clk[0] ; 1.000        ; -3.764     ; 2.557      ;
; -5.380 ; serial_to_parallel:u1|right_data[6]                       ; delay:delay_inst_R|sortie_calc_s[9]  ; AUD_BCLK                               ; PLL_inst|altpll_component|auto_generated|pll1|clk[0] ; 1.000        ; -3.764     ; 2.555      ;
; -5.376 ; serial_to_parallel:u1|right_data[8]                       ; delay:delay_inst_R|sortie_calc_s[10] ; AUD_BCLK                               ; PLL_inst|altpll_component|auto_generated|pll1|clk[0] ; 1.000        ; -3.764     ; 2.551      ;
; -5.375 ; serial_to_parallel:u1|left_data[7]                        ; delay:delay_inst_L|sortie_calc_s[12] ; AUD_BCLK                               ; PLL_inst|altpll_component|auto_generated|pll1|clk[0] ; 1.000        ; -3.290     ; 3.024      ;
; -5.371 ; serial_to_parallel:u1|right_data[8]                       ; delay:delay_inst_R|sortie_calc_s[15] ; AUD_BCLK                               ; PLL_inst|altpll_component|auto_generated|pll1|clk[0] ; 1.000        ; -3.382     ; 2.928      ;
; -5.364 ; serial_to_parallel:u1|right_data[2]                       ; delay:delay_inst_R|sortie_calc_s[9]  ; AUD_BCLK                               ; PLL_inst|altpll_component|auto_generated|pll1|clk[0] ; 1.000        ; -3.764     ; 2.539      ;
; -5.351 ; serial_to_parallel:u1|right_data[6]                       ; delay:delay_inst_R|sortie_calc_s[10] ; AUD_BCLK                               ; PLL_inst|altpll_component|auto_generated|pll1|clk[0] ; 1.000        ; -3.764     ; 2.526      ;
; -5.346 ; serial_to_parallel:u1|right_data[6]                       ; delay:delay_inst_R|sortie_calc_s[15] ; AUD_BCLK                               ; PLL_inst|altpll_component|auto_generated|pll1|clk[0] ; 1.000        ; -3.382     ; 2.903      ;
; -5.335 ; serial_to_parallel:u1|right_data[2]                       ; delay:delay_inst_R|sortie_calc_s[10] ; AUD_BCLK                               ; PLL_inst|altpll_component|auto_generated|pll1|clk[0] ; 1.000        ; -3.764     ; 2.510      ;
; -5.334 ; serial_to_parallel:u1|right_data[12]                      ; delay:delay_inst_R|sortie_calc_s[15] ; AUD_BCLK                               ; PLL_inst|altpll_component|auto_generated|pll1|clk[0] ; 1.000        ; -3.404     ; 2.869      ;
; -5.330 ; serial_to_parallel:u1|right_data[2]                       ; delay:delay_inst_R|sortie_calc_s[15] ; AUD_BCLK                               ; PLL_inst|altpll_component|auto_generated|pll1|clk[0] ; 1.000        ; -3.382     ; 2.887      ;
; -5.325 ; serial_to_parallel:u1|left_data[6]                        ; delay:delay_inst_L|sortie_calc_s[15] ; AUD_BCLK                               ; PLL_inst|altpll_component|auto_generated|pll1|clk[0] ; 1.000        ; -2.910     ; 3.354      ;
; -5.313 ; serial_to_parallel:u1|right_data[1]                       ; delay:delay_inst_R|sortie_calc_s[10] ; AUD_BCLK                               ; PLL_inst|altpll_component|auto_generated|pll1|clk[0] ; 1.000        ; -3.764     ; 2.488      ;
; -5.280 ; serial_to_parallel:u1|left_data[12]                       ; delay:delay_inst_L|sortie_calc_s[13] ; AUD_BCLK                               ; PLL_inst|altpll_component|auto_generated|pll1|clk[0] ; 1.000        ; -3.401     ; 2.818      ;
; -5.275 ; serial_to_parallel:u1|left_data[7]                        ; delay:delay_inst_L|sortie_calc_s[11] ; AUD_BCLK                               ; PLL_inst|altpll_component|auto_generated|pll1|clk[0] ; 1.000        ; -3.290     ; 2.924      ;
+--------+-----------------------------------------------------------+--------------------------------------+----------------------------------------+------------------------------------------------------+--------------+------------+------------+


+--------------------------------------------------------------------------------------------------------------------------------------------------------+
; Slow 1200mV 0C Model Setup: 'AUD_BCLK'                                                                                                                 ;
+--------+----------------------------------+--------------------------------------+--------------+-------------+--------------+------------+------------+
; Slack  ; From Node                        ; To Node                              ; Launch Clock ; Latch Clock ; Relationship ; Clock Skew ; Data Delay ;
+--------+----------------------------------+--------------------------------------+--------------+-------------+--------------+------------+------------+
; -3.341 ; serial_to_parallel:u1|counter[1] ; serial_to_parallel:u1|left_data[0]   ; AUD_BCLK     ; AUD_BCLK    ; 0.500        ; -0.651     ; 3.209      ;
; -3.341 ; serial_to_parallel:u1|counter[1] ; serial_to_parallel:u1|left_data[1]   ; AUD_BCLK     ; AUD_BCLK    ; 0.500        ; -0.651     ; 3.209      ;
; -3.341 ; serial_to_parallel:u1|counter[1] ; serial_to_parallel:u1|left_data[2]   ; AUD_BCLK     ; AUD_BCLK    ; 0.500        ; -0.651     ; 3.209      ;
; -3.341 ; serial_to_parallel:u1|counter[1] ; serial_to_parallel:u1|left_data[3]   ; AUD_BCLK     ; AUD_BCLK    ; 0.500        ; -0.651     ; 3.209      ;
; -3.341 ; serial_to_parallel:u1|counter[1] ; serial_to_parallel:u1|left_data[4]   ; AUD_BCLK     ; AUD_BCLK    ; 0.500        ; -0.651     ; 3.209      ;
; -3.341 ; serial_to_parallel:u1|counter[1] ; serial_to_parallel:u1|left_data[5]   ; AUD_BCLK     ; AUD_BCLK    ; 0.500        ; -0.651     ; 3.209      ;
; -3.341 ; serial_to_parallel:u1|counter[1] ; serial_to_parallel:u1|left_data[6]   ; AUD_BCLK     ; AUD_BCLK    ; 0.500        ; -0.651     ; 3.209      ;
; -3.341 ; serial_to_parallel:u1|counter[1] ; serial_to_parallel:u1|left_data[7]   ; AUD_BCLK     ; AUD_BCLK    ; 0.500        ; -0.651     ; 3.209      ;
; -3.341 ; serial_to_parallel:u1|counter[1] ; serial_to_parallel:u1|left_data[8]   ; AUD_BCLK     ; AUD_BCLK    ; 0.500        ; -0.651     ; 3.209      ;
; -3.341 ; serial_to_parallel:u1|counter[1] ; serial_to_parallel:u1|left_data[9]   ; AUD_BCLK     ; AUD_BCLK    ; 0.500        ; -0.651     ; 3.209      ;
; -3.317 ; serial_to_parallel:u1|counter[2] ; serial_to_parallel:u1|left_data[0]   ; AUD_BCLK     ; AUD_BCLK    ; 0.500        ; -0.651     ; 3.185      ;
; -3.317 ; serial_to_parallel:u1|counter[2] ; serial_to_parallel:u1|left_data[1]   ; AUD_BCLK     ; AUD_BCLK    ; 0.500        ; -0.651     ; 3.185      ;
; -3.317 ; serial_to_parallel:u1|counter[2] ; serial_to_parallel:u1|left_data[2]   ; AUD_BCLK     ; AUD_BCLK    ; 0.500        ; -0.651     ; 3.185      ;
; -3.317 ; serial_to_parallel:u1|counter[2] ; serial_to_parallel:u1|left_data[3]   ; AUD_BCLK     ; AUD_BCLK    ; 0.500        ; -0.651     ; 3.185      ;
; -3.317 ; serial_to_parallel:u1|counter[2] ; serial_to_parallel:u1|left_data[4]   ; AUD_BCLK     ; AUD_BCLK    ; 0.500        ; -0.651     ; 3.185      ;
; -3.317 ; serial_to_parallel:u1|counter[2] ; serial_to_parallel:u1|left_data[5]   ; AUD_BCLK     ; AUD_BCLK    ; 0.500        ; -0.651     ; 3.185      ;
; -3.317 ; serial_to_parallel:u1|counter[2] ; serial_to_parallel:u1|left_data[6]   ; AUD_BCLK     ; AUD_BCLK    ; 0.500        ; -0.651     ; 3.185      ;
; -3.317 ; serial_to_parallel:u1|counter[2] ; serial_to_parallel:u1|left_data[7]   ; AUD_BCLK     ; AUD_BCLK    ; 0.500        ; -0.651     ; 3.185      ;
; -3.317 ; serial_to_parallel:u1|counter[2] ; serial_to_parallel:u1|left_data[8]   ; AUD_BCLK     ; AUD_BCLK    ; 0.500        ; -0.651     ; 3.185      ;
; -3.317 ; serial_to_parallel:u1|counter[2] ; serial_to_parallel:u1|left_data[9]   ; AUD_BCLK     ; AUD_BCLK    ; 0.500        ; -0.651     ; 3.185      ;
; -3.244 ; serial_to_parallel:u1|counter[1] ; serial_to_parallel:u1|left_data[15]  ; AUD_BCLK     ; AUD_BCLK    ; 0.500        ; -0.544     ; 3.219      ;
; -3.244 ; serial_to_parallel:u1|counter[1] ; serial_to_parallel:u1|left_data[10]  ; AUD_BCLK     ; AUD_BCLK    ; 0.500        ; -0.544     ; 3.219      ;
; -3.244 ; serial_to_parallel:u1|counter[1] ; serial_to_parallel:u1|left_data[11]  ; AUD_BCLK     ; AUD_BCLK    ; 0.500        ; -0.544     ; 3.219      ;
; -3.244 ; serial_to_parallel:u1|counter[1] ; serial_to_parallel:u1|left_data[12]  ; AUD_BCLK     ; AUD_BCLK    ; 0.500        ; -0.544     ; 3.219      ;
; -3.244 ; serial_to_parallel:u1|counter[1] ; serial_to_parallel:u1|left_data[13]  ; AUD_BCLK     ; AUD_BCLK    ; 0.500        ; -0.544     ; 3.219      ;
; -3.244 ; serial_to_parallel:u1|counter[1] ; serial_to_parallel:u1|left_data[14]  ; AUD_BCLK     ; AUD_BCLK    ; 0.500        ; -0.544     ; 3.219      ;
; -3.220 ; serial_to_parallel:u1|counter[2] ; serial_to_parallel:u1|left_data[15]  ; AUD_BCLK     ; AUD_BCLK    ; 0.500        ; -0.544     ; 3.195      ;
; -3.220 ; serial_to_parallel:u1|counter[2] ; serial_to_parallel:u1|left_data[10]  ; AUD_BCLK     ; AUD_BCLK    ; 0.500        ; -0.544     ; 3.195      ;
; -3.220 ; serial_to_parallel:u1|counter[2] ; serial_to_parallel:u1|left_data[11]  ; AUD_BCLK     ; AUD_BCLK    ; 0.500        ; -0.544     ; 3.195      ;
; -3.220 ; serial_to_parallel:u1|counter[2] ; serial_to_parallel:u1|left_data[12]  ; AUD_BCLK     ; AUD_BCLK    ; 0.500        ; -0.544     ; 3.195      ;
; -3.220 ; serial_to_parallel:u1|counter[2] ; serial_to_parallel:u1|left_data[13]  ; AUD_BCLK     ; AUD_BCLK    ; 0.500        ; -0.544     ; 3.195      ;
; -3.220 ; serial_to_parallel:u1|counter[2] ; serial_to_parallel:u1|left_data[14]  ; AUD_BCLK     ; AUD_BCLK    ; 0.500        ; -0.544     ; 3.195      ;
; -3.163 ; serial_to_parallel:u1|counter[0] ; serial_to_parallel:u1|left_data[0]   ; AUD_BCLK     ; AUD_BCLK    ; 0.500        ; -0.651     ; 3.031      ;
; -3.163 ; serial_to_parallel:u1|counter[0] ; serial_to_parallel:u1|left_data[1]   ; AUD_BCLK     ; AUD_BCLK    ; 0.500        ; -0.651     ; 3.031      ;
; -3.163 ; serial_to_parallel:u1|counter[0] ; serial_to_parallel:u1|left_data[2]   ; AUD_BCLK     ; AUD_BCLK    ; 0.500        ; -0.651     ; 3.031      ;
; -3.163 ; serial_to_parallel:u1|counter[0] ; serial_to_parallel:u1|left_data[3]   ; AUD_BCLK     ; AUD_BCLK    ; 0.500        ; -0.651     ; 3.031      ;
; -3.163 ; serial_to_parallel:u1|counter[0] ; serial_to_parallel:u1|left_data[4]   ; AUD_BCLK     ; AUD_BCLK    ; 0.500        ; -0.651     ; 3.031      ;
; -3.163 ; serial_to_parallel:u1|counter[0] ; serial_to_parallel:u1|left_data[5]   ; AUD_BCLK     ; AUD_BCLK    ; 0.500        ; -0.651     ; 3.031      ;
; -3.163 ; serial_to_parallel:u1|counter[0] ; serial_to_parallel:u1|left_data[6]   ; AUD_BCLK     ; AUD_BCLK    ; 0.500        ; -0.651     ; 3.031      ;
; -3.163 ; serial_to_parallel:u1|counter[0] ; serial_to_parallel:u1|left_data[7]   ; AUD_BCLK     ; AUD_BCLK    ; 0.500        ; -0.651     ; 3.031      ;
; -3.163 ; serial_to_parallel:u1|counter[0] ; serial_to_parallel:u1|left_data[8]   ; AUD_BCLK     ; AUD_BCLK    ; 0.500        ; -0.651     ; 3.031      ;
; -3.163 ; serial_to_parallel:u1|counter[0] ; serial_to_parallel:u1|left_data[9]   ; AUD_BCLK     ; AUD_BCLK    ; 0.500        ; -0.651     ; 3.031      ;
; -3.097 ; serial_to_parallel:u1|counter[1] ; serial_to_parallel:u1|right_data[15] ; AUD_BCLK     ; AUD_BCLK    ; 0.500        ; -0.162     ; 3.454      ;
; -3.097 ; serial_to_parallel:u1|counter[1] ; serial_to_parallel:u1|right_data[10] ; AUD_BCLK     ; AUD_BCLK    ; 0.500        ; -0.162     ; 3.454      ;
; -3.097 ; serial_to_parallel:u1|counter[1] ; serial_to_parallel:u1|right_data[11] ; AUD_BCLK     ; AUD_BCLK    ; 0.500        ; -0.162     ; 3.454      ;
; -3.097 ; serial_to_parallel:u1|counter[1] ; serial_to_parallel:u1|right_data[12] ; AUD_BCLK     ; AUD_BCLK    ; 0.500        ; -0.162     ; 3.454      ;
; -3.097 ; serial_to_parallel:u1|counter[1] ; serial_to_parallel:u1|right_data[13] ; AUD_BCLK     ; AUD_BCLK    ; 0.500        ; -0.162     ; 3.454      ;
; -3.097 ; serial_to_parallel:u1|counter[1] ; serial_to_parallel:u1|right_data[14] ; AUD_BCLK     ; AUD_BCLK    ; 0.500        ; -0.162     ; 3.454      ;
; -3.073 ; serial_to_parallel:u1|counter[2] ; serial_to_parallel:u1|right_data[15] ; AUD_BCLK     ; AUD_BCLK    ; 0.500        ; -0.162     ; 3.430      ;
; -3.073 ; serial_to_parallel:u1|counter[2] ; serial_to_parallel:u1|right_data[10] ; AUD_BCLK     ; AUD_BCLK    ; 0.500        ; -0.162     ; 3.430      ;
; -3.073 ; serial_to_parallel:u1|counter[2] ; serial_to_parallel:u1|right_data[11] ; AUD_BCLK     ; AUD_BCLK    ; 0.500        ; -0.162     ; 3.430      ;
; -3.073 ; serial_to_parallel:u1|counter[2] ; serial_to_parallel:u1|right_data[12] ; AUD_BCLK     ; AUD_BCLK    ; 0.500        ; -0.162     ; 3.430      ;
; -3.073 ; serial_to_parallel:u1|counter[2] ; serial_to_parallel:u1|right_data[13] ; AUD_BCLK     ; AUD_BCLK    ; 0.500        ; -0.162     ; 3.430      ;
; -3.073 ; serial_to_parallel:u1|counter[2] ; serial_to_parallel:u1|right_data[14] ; AUD_BCLK     ; AUD_BCLK    ; 0.500        ; -0.162     ; 3.430      ;
; -3.066 ; serial_to_parallel:u1|counter[0] ; serial_to_parallel:u1|left_data[15]  ; AUD_BCLK     ; AUD_BCLK    ; 0.500        ; -0.544     ; 3.041      ;
; -3.066 ; serial_to_parallel:u1|counter[0] ; serial_to_parallel:u1|left_data[10]  ; AUD_BCLK     ; AUD_BCLK    ; 0.500        ; -0.544     ; 3.041      ;
; -3.066 ; serial_to_parallel:u1|counter[0] ; serial_to_parallel:u1|left_data[11]  ; AUD_BCLK     ; AUD_BCLK    ; 0.500        ; -0.544     ; 3.041      ;
; -3.066 ; serial_to_parallel:u1|counter[0] ; serial_to_parallel:u1|left_data[12]  ; AUD_BCLK     ; AUD_BCLK    ; 0.500        ; -0.544     ; 3.041      ;
; -3.066 ; serial_to_parallel:u1|counter[0] ; serial_to_parallel:u1|left_data[13]  ; AUD_BCLK     ; AUD_BCLK    ; 0.500        ; -0.544     ; 3.041      ;
; -3.066 ; serial_to_parallel:u1|counter[0] ; serial_to_parallel:u1|left_data[14]  ; AUD_BCLK     ; AUD_BCLK    ; 0.500        ; -0.544     ; 3.041      ;
; -3.052 ; serial_to_parallel:u1|counter[3] ; serial_to_parallel:u1|left_data[0]   ; AUD_BCLK     ; AUD_BCLK    ; 0.500        ; -0.651     ; 2.920      ;
; -3.052 ; serial_to_parallel:u1|counter[3] ; serial_to_parallel:u1|left_data[1]   ; AUD_BCLK     ; AUD_BCLK    ; 0.500        ; -0.651     ; 2.920      ;
; -3.052 ; serial_to_parallel:u1|counter[3] ; serial_to_parallel:u1|left_data[2]   ; AUD_BCLK     ; AUD_BCLK    ; 0.500        ; -0.651     ; 2.920      ;
; -3.052 ; serial_to_parallel:u1|counter[3] ; serial_to_parallel:u1|left_data[3]   ; AUD_BCLK     ; AUD_BCLK    ; 0.500        ; -0.651     ; 2.920      ;
; -3.052 ; serial_to_parallel:u1|counter[3] ; serial_to_parallel:u1|left_data[4]   ; AUD_BCLK     ; AUD_BCLK    ; 0.500        ; -0.651     ; 2.920      ;
; -3.052 ; serial_to_parallel:u1|counter[3] ; serial_to_parallel:u1|left_data[5]   ; AUD_BCLK     ; AUD_BCLK    ; 0.500        ; -0.651     ; 2.920      ;
; -3.052 ; serial_to_parallel:u1|counter[3] ; serial_to_parallel:u1|left_data[6]   ; AUD_BCLK     ; AUD_BCLK    ; 0.500        ; -0.651     ; 2.920      ;
; -3.052 ; serial_to_parallel:u1|counter[3] ; serial_to_parallel:u1|left_data[7]   ; AUD_BCLK     ; AUD_BCLK    ; 0.500        ; -0.651     ; 2.920      ;
; -3.052 ; serial_to_parallel:u1|counter[3] ; serial_to_parallel:u1|left_data[8]   ; AUD_BCLK     ; AUD_BCLK    ; 0.500        ; -0.651     ; 2.920      ;
; -3.052 ; serial_to_parallel:u1|counter[3] ; serial_to_parallel:u1|left_data[9]   ; AUD_BCLK     ; AUD_BCLK    ; 0.500        ; -0.651     ; 2.920      ;
; -2.955 ; serial_to_parallel:u1|counter[3] ; serial_to_parallel:u1|left_data[15]  ; AUD_BCLK     ; AUD_BCLK    ; 0.500        ; -0.544     ; 2.930      ;
; -2.955 ; serial_to_parallel:u1|counter[3] ; serial_to_parallel:u1|left_data[10]  ; AUD_BCLK     ; AUD_BCLK    ; 0.500        ; -0.544     ; 2.930      ;
; -2.955 ; serial_to_parallel:u1|counter[3] ; serial_to_parallel:u1|left_data[11]  ; AUD_BCLK     ; AUD_BCLK    ; 0.500        ; -0.544     ; 2.930      ;
; -2.955 ; serial_to_parallel:u1|counter[3] ; serial_to_parallel:u1|left_data[12]  ; AUD_BCLK     ; AUD_BCLK    ; 0.500        ; -0.544     ; 2.930      ;
; -2.955 ; serial_to_parallel:u1|counter[3] ; serial_to_parallel:u1|left_data[13]  ; AUD_BCLK     ; AUD_BCLK    ; 0.500        ; -0.544     ; 2.930      ;
; -2.955 ; serial_to_parallel:u1|counter[3] ; serial_to_parallel:u1|left_data[14]  ; AUD_BCLK     ; AUD_BCLK    ; 0.500        ; -0.544     ; 2.930      ;
; -2.919 ; serial_to_parallel:u1|counter[0] ; serial_to_parallel:u1|right_data[15] ; AUD_BCLK     ; AUD_BCLK    ; 0.500        ; -0.162     ; 3.276      ;
; -2.919 ; serial_to_parallel:u1|counter[0] ; serial_to_parallel:u1|right_data[10] ; AUD_BCLK     ; AUD_BCLK    ; 0.500        ; -0.162     ; 3.276      ;
; -2.919 ; serial_to_parallel:u1|counter[0] ; serial_to_parallel:u1|right_data[11] ; AUD_BCLK     ; AUD_BCLK    ; 0.500        ; -0.162     ; 3.276      ;
; -2.919 ; serial_to_parallel:u1|counter[0] ; serial_to_parallel:u1|right_data[12] ; AUD_BCLK     ; AUD_BCLK    ; 0.500        ; -0.162     ; 3.276      ;
; -2.919 ; serial_to_parallel:u1|counter[0] ; serial_to_parallel:u1|right_data[13] ; AUD_BCLK     ; AUD_BCLK    ; 0.500        ; -0.162     ; 3.276      ;
; -2.919 ; serial_to_parallel:u1|counter[0] ; serial_to_parallel:u1|right_data[14] ; AUD_BCLK     ; AUD_BCLK    ; 0.500        ; -0.162     ; 3.276      ;
; -2.896 ; serial_to_parallel:u1|counter[4] ; serial_to_parallel:u1|left_data[0]   ; AUD_BCLK     ; AUD_BCLK    ; 0.500        ; -0.651     ; 2.764      ;
; -2.896 ; serial_to_parallel:u1|counter[4] ; serial_to_parallel:u1|left_data[1]   ; AUD_BCLK     ; AUD_BCLK    ; 0.500        ; -0.651     ; 2.764      ;
; -2.896 ; serial_to_parallel:u1|counter[4] ; serial_to_parallel:u1|left_data[2]   ; AUD_BCLK     ; AUD_BCLK    ; 0.500        ; -0.651     ; 2.764      ;
; -2.896 ; serial_to_parallel:u1|counter[4] ; serial_to_parallel:u1|left_data[3]   ; AUD_BCLK     ; AUD_BCLK    ; 0.500        ; -0.651     ; 2.764      ;
; -2.896 ; serial_to_parallel:u1|counter[4] ; serial_to_parallel:u1|left_data[4]   ; AUD_BCLK     ; AUD_BCLK    ; 0.500        ; -0.651     ; 2.764      ;
; -2.896 ; serial_to_parallel:u1|counter[4] ; serial_to_parallel:u1|left_data[5]   ; AUD_BCLK     ; AUD_BCLK    ; 0.500        ; -0.651     ; 2.764      ;
; -2.896 ; serial_to_parallel:u1|counter[4] ; serial_to_parallel:u1|left_data[6]   ; AUD_BCLK     ; AUD_BCLK    ; 0.500        ; -0.651     ; 2.764      ;
; -2.896 ; serial_to_parallel:u1|counter[4] ; serial_to_parallel:u1|left_data[7]   ; AUD_BCLK     ; AUD_BCLK    ; 0.500        ; -0.651     ; 2.764      ;
; -2.896 ; serial_to_parallel:u1|counter[4] ; serial_to_parallel:u1|left_data[8]   ; AUD_BCLK     ; AUD_BCLK    ; 0.500        ; -0.651     ; 2.764      ;
; -2.896 ; serial_to_parallel:u1|counter[4] ; serial_to_parallel:u1|left_data[9]   ; AUD_BCLK     ; AUD_BCLK    ; 0.500        ; -0.651     ; 2.764      ;
; -2.808 ; serial_to_parallel:u1|counter[3] ; serial_to_parallel:u1|right_data[15] ; AUD_BCLK     ; AUD_BCLK    ; 0.500        ; -0.162     ; 3.165      ;
; -2.808 ; serial_to_parallel:u1|counter[3] ; serial_to_parallel:u1|right_data[10] ; AUD_BCLK     ; AUD_BCLK    ; 0.500        ; -0.162     ; 3.165      ;
; -2.808 ; serial_to_parallel:u1|counter[3] ; serial_to_parallel:u1|right_data[11] ; AUD_BCLK     ; AUD_BCLK    ; 0.500        ; -0.162     ; 3.165      ;
; -2.808 ; serial_to_parallel:u1|counter[3] ; serial_to_parallel:u1|right_data[12] ; AUD_BCLK     ; AUD_BCLK    ; 0.500        ; -0.162     ; 3.165      ;
; -2.808 ; serial_to_parallel:u1|counter[3] ; serial_to_parallel:u1|right_data[13] ; AUD_BCLK     ; AUD_BCLK    ; 0.500        ; -0.162     ; 3.165      ;
; -2.808 ; serial_to_parallel:u1|counter[3] ; serial_to_parallel:u1|right_data[14] ; AUD_BCLK     ; AUD_BCLK    ; 0.500        ; -0.162     ; 3.165      ;
; -2.805 ; serial_to_parallel:u1|counter[1] ; serial_to_parallel:u1|right_data[0]  ; AUD_BCLK     ; AUD_BCLK    ; 0.500        ; -0.184     ; 3.140      ;
; -2.805 ; serial_to_parallel:u1|counter[1] ; serial_to_parallel:u1|right_data[1]  ; AUD_BCLK     ; AUD_BCLK    ; 0.500        ; -0.184     ; 3.140      ;
+--------+----------------------------------+--------------------------------------+--------------+-------------+--------------+------------+------------+


+-----------------------------------------------------------------------------------------------------------------------------------------------------------------------------------------------------------+
; Slow 1200mV 0C Model Setup: 'I2C_driver:u_I2C_Config|SENT'                                                                                                                                                ;
+--------+----------------------------------------+----------------------------------------+----------------------------------------+------------------------------+--------------+------------+------------+
; Slack  ; From Node                              ; To Node                                ; Launch Clock                           ; Latch Clock                  ; Relationship ; Clock Skew ; Data Delay ;
+--------+----------------------------------------+----------------------------------------+----------------------------------------+------------------------------+--------------+------------+------------+
; -1.682 ; config_CODEC:u_CODEC_config|address[1] ; config_CODEC:u_CODEC_config|address[0] ; I2C_driver:u_I2C_Config|SENT           ; I2C_driver:u_I2C_Config|SENT ; 1.000        ; -0.072     ; 2.609      ;
; -1.675 ; config_CODEC:u_CODEC_config|address[0] ; config_CODEC:u_CODEC_config|DATA[1]    ; I2C_driver:u_I2C_Config|SENT           ; I2C_driver:u_I2C_Config|SENT ; 1.000        ; -0.072     ; 2.602      ;
; -1.553 ; config_CODEC:u_CODEC_config|address[3] ; config_CODEC:u_CODEC_config|address[0] ; I2C_driver:u_I2C_Config|SENT           ; I2C_driver:u_I2C_Config|SENT ; 1.000        ; -0.072     ; 2.480      ;
; -1.463 ; config_CODEC:u_CODEC_config|address[4] ; config_CODEC:u_CODEC_config|DATA[1]    ; I2C_driver:u_I2C_Config|SENT           ; I2C_driver:u_I2C_Config|SENT ; 1.000        ; -0.071     ; 2.391      ;
; -1.382 ; config_CODEC:u_CODEC_config|address[2] ; config_CODEC:u_CODEC_config|address[0] ; I2C_driver:u_I2C_Config|SENT           ; I2C_driver:u_I2C_Config|SENT ; 1.000        ; -0.072     ; 2.309      ;
; -1.370 ; config_CODEC:u_CODEC_config|address[2] ; config_CODEC:u_CODEC_config|DATA[1]    ; I2C_driver:u_I2C_Config|SENT           ; I2C_driver:u_I2C_Config|SENT ; 1.000        ; -0.071     ; 2.298      ;
; -1.328 ; config_CODEC:u_CODEC_config|address[4] ; config_CODEC:u_CODEC_config|address[0] ; I2C_driver:u_I2C_Config|SENT           ; I2C_driver:u_I2C_Config|SENT ; 1.000        ; -0.072     ; 2.255      ;
; -1.296 ; config_CODEC:u_CODEC_config|address[1] ; config_CODEC:u_CODEC_config|DATA[11]   ; I2C_driver:u_I2C_Config|SENT           ; I2C_driver:u_I2C_Config|SENT ; 1.000        ; -0.071     ; 2.224      ;
; -1.281 ; config_CODEC:u_CODEC_config|address[3] ; config_CODEC:u_CODEC_config|DATA[4]    ; I2C_driver:u_I2C_Config|SENT           ; I2C_driver:u_I2C_Config|SENT ; 1.000        ; -0.072     ; 2.208      ;
; -1.280 ; config_CODEC:u_CODEC_config|address[1] ; config_CODEC:u_CODEC_config|DATA[3]    ; I2C_driver:u_I2C_Config|SENT           ; I2C_driver:u_I2C_Config|SENT ; 1.000        ; -0.071     ; 2.208      ;
; -1.278 ; config_CODEC:u_CODEC_config|address[3] ; config_CODEC:u_CODEC_config|DATA[3]    ; I2C_driver:u_I2C_Config|SENT           ; I2C_driver:u_I2C_Config|SENT ; 1.000        ; -0.071     ; 2.206      ;
; -1.277 ; config_CODEC:u_CODEC_config|address[3] ; config_CODEC:u_CODEC_config|DATA[1]    ; I2C_driver:u_I2C_Config|SENT           ; I2C_driver:u_I2C_Config|SENT ; 1.000        ; -0.071     ; 2.205      ;
; -1.276 ; config_CODEC:u_CODEC_config|address[1] ; config_CODEC:u_CODEC_config|DATA[1]    ; I2C_driver:u_I2C_Config|SENT           ; I2C_driver:u_I2C_Config|SENT ; 1.000        ; -0.071     ; 2.204      ;
; -1.193 ; config_CODEC:u_CODEC_config|address[1] ; config_CODEC:u_CODEC_config|DATA[10]   ; I2C_driver:u_I2C_Config|SENT           ; I2C_driver:u_I2C_Config|SENT ; 1.000        ; -0.071     ; 2.121      ;
; -1.174 ; config_CODEC:u_CODEC_config|address[1] ; config_CODEC:u_CODEC_config|DATA[9]    ; I2C_driver:u_I2C_Config|SENT           ; I2C_driver:u_I2C_Config|SENT ; 1.000        ; -0.071     ; 2.102      ;
; -1.152 ; config_CODEC:u_CODEC_config|address[1] ; config_CODEC:u_CODEC_config|DATA[4]    ; I2C_driver:u_I2C_Config|SENT           ; I2C_driver:u_I2C_Config|SENT ; 1.000        ; -0.072     ; 2.079      ;
; -1.148 ; config_CODEC:u_CODEC_config|address[3] ; config_CODEC:u_CODEC_config|DATA[11]   ; I2C_driver:u_I2C_Config|SENT           ; I2C_driver:u_I2C_Config|SENT ; 1.000        ; -0.071     ; 2.076      ;
; -1.145 ; config_CODEC:u_CODEC_config|address[3] ; config_CODEC:u_CODEC_config|DATA[2]    ; I2C_driver:u_I2C_Config|SENT           ; I2C_driver:u_I2C_Config|SENT ; 1.000        ; -0.072     ; 2.072      ;
; -1.144 ; config_CODEC:u_CODEC_config|address[1] ; config_CODEC:u_CODEC_config|DATA[0]    ; I2C_driver:u_I2C_Config|SENT           ; I2C_driver:u_I2C_Config|SENT ; 1.000        ; -0.072     ; 2.071      ;
; -1.134 ; config_CODEC:u_CODEC_config|address[2] ; config_CODEC:u_CODEC_config|DATA[3]    ; I2C_driver:u_I2C_Config|SENT           ; I2C_driver:u_I2C_Config|SENT ; 1.000        ; -0.071     ; 2.062      ;
; -1.133 ; config_CODEC:u_CODEC_config|address[3] ; config_CODEC:u_CODEC_config|DATA[9]    ; I2C_driver:u_I2C_Config|SENT           ; I2C_driver:u_I2C_Config|SENT ; 1.000        ; -0.071     ; 2.061      ;
; -1.126 ; config_CODEC:u_CODEC_config|address[2] ; config_CODEC:u_CODEC_config|DATA[12]   ; I2C_driver:u_I2C_Config|SENT           ; I2C_driver:u_I2C_Config|SENT ; 1.000        ; -0.071     ; 2.054      ;
; -1.116 ; config_CODEC:u_CODEC_config|address[3] ; config_CODEC:u_CODEC_config|DATA[0]    ; I2C_driver:u_I2C_Config|SENT           ; I2C_driver:u_I2C_Config|SENT ; 1.000        ; -0.072     ; 2.043      ;
; -1.104 ; config_CODEC:u_CODEC_config|address[1] ; config_CODEC:u_CODEC_config|address[4] ; I2C_driver:u_I2C_Config|SENT           ; I2C_driver:u_I2C_Config|SENT ; 1.000        ; -0.073     ; 2.030      ;
; -1.104 ; config_CODEC:u_CODEC_config|address[1] ; config_CODEC:u_CODEC_config|address[2] ; I2C_driver:u_I2C_Config|SENT           ; I2C_driver:u_I2C_Config|SENT ; 1.000        ; -0.073     ; 2.030      ;
; -1.104 ; config_CODEC:u_CODEC_config|address[1] ; config_CODEC:u_CODEC_config|address[1] ; I2C_driver:u_I2C_Config|SENT           ; I2C_driver:u_I2C_Config|SENT ; 1.000        ; -0.073     ; 2.030      ;
; -1.104 ; config_CODEC:u_CODEC_config|address[1] ; config_CODEC:u_CODEC_config|address[3] ; I2C_driver:u_I2C_Config|SENT           ; I2C_driver:u_I2C_Config|SENT ; 1.000        ; -0.073     ; 2.030      ;
; -1.098 ; config_CODEC:u_CODEC_config|address[3] ; config_CODEC:u_CODEC_config|DATA[12]   ; I2C_driver:u_I2C_Config|SENT           ; I2C_driver:u_I2C_Config|SENT ; 1.000        ; -0.071     ; 2.026      ;
; -1.084 ; config_CODEC:u_CODEC_config|address[2] ; config_CODEC:u_CODEC_config|DATA[9]    ; I2C_driver:u_I2C_Config|SENT           ; I2C_driver:u_I2C_Config|SENT ; 1.000        ; -0.071     ; 2.012      ;
; -1.059 ; config_CODEC:u_CODEC_config|address[0] ; config_CODEC:u_CODEC_config|DATA[11]   ; I2C_driver:u_I2C_Config|SENT           ; I2C_driver:u_I2C_Config|SENT ; 1.000        ; -0.072     ; 1.986      ;
; -1.045 ; config_CODEC:u_CODEC_config|address[0] ; config_CODEC:u_CODEC_config|DATA[9]    ; I2C_driver:u_I2C_Config|SENT           ; I2C_driver:u_I2C_Config|SENT ; 1.000        ; -0.072     ; 1.972      ;
; -1.035 ; config_CODEC:u_CODEC_config|address[1] ; config_CODEC:u_CODEC_config|DATA[12]   ; I2C_driver:u_I2C_Config|SENT           ; I2C_driver:u_I2C_Config|SENT ; 1.000        ; -0.071     ; 1.963      ;
; -1.034 ; config_CODEC:u_CODEC_config|address[2] ; config_CODEC:u_CODEC_config|DATA[4]    ; I2C_driver:u_I2C_Config|SENT           ; I2C_driver:u_I2C_Config|SENT ; 1.000        ; -0.072     ; 1.961      ;
; -1.027 ; config_CODEC:u_CODEC_config|address[4] ; config_CODEC:u_CODEC_config|DATA[3]    ; I2C_driver:u_I2C_Config|SENT           ; I2C_driver:u_I2C_Config|SENT ; 1.000        ; -0.071     ; 1.955      ;
; -1.000 ; config_CODEC:u_CODEC_config|address[2] ; config_CODEC:u_CODEC_config|DATA[11]   ; I2C_driver:u_I2C_Config|SENT           ; I2C_driver:u_I2C_Config|SENT ; 1.000        ; -0.071     ; 1.928      ;
; -0.998 ; config_CODEC:u_CODEC_config|address[2] ; config_CODEC:u_CODEC_config|DATA[0]    ; I2C_driver:u_I2C_Config|SENT           ; I2C_driver:u_I2C_Config|SENT ; 1.000        ; -0.072     ; 1.925      ;
; -0.994 ; config_CODEC:u_CODEC_config|address[0] ; config_CODEC:u_CODEC_config|DATA[12]   ; I2C_driver:u_I2C_Config|SENT           ; I2C_driver:u_I2C_Config|SENT ; 1.000        ; -0.072     ; 1.921      ;
; -0.975 ; config_CODEC:u_CODEC_config|address[4] ; config_CODEC:u_CODEC_config|DATA[4]    ; I2C_driver:u_I2C_Config|SENT           ; I2C_driver:u_I2C_Config|SENT ; 1.000        ; -0.072     ; 1.902      ;
; -0.975 ; config_CODEC:u_CODEC_config|address[3] ; config_CODEC:u_CODEC_config|address[4] ; I2C_driver:u_I2C_Config|SENT           ; I2C_driver:u_I2C_Config|SENT ; 1.000        ; -0.073     ; 1.901      ;
; -0.975 ; config_CODEC:u_CODEC_config|address[3] ; config_CODEC:u_CODEC_config|address[2] ; I2C_driver:u_I2C_Config|SENT           ; I2C_driver:u_I2C_Config|SENT ; 1.000        ; -0.073     ; 1.901      ;
; -0.975 ; config_CODEC:u_CODEC_config|address[3] ; config_CODEC:u_CODEC_config|address[1] ; I2C_driver:u_I2C_Config|SENT           ; I2C_driver:u_I2C_Config|SENT ; 1.000        ; -0.073     ; 1.901      ;
; -0.975 ; config_CODEC:u_CODEC_config|address[3] ; config_CODEC:u_CODEC_config|address[3] ; I2C_driver:u_I2C_Config|SENT           ; I2C_driver:u_I2C_Config|SENT ; 1.000        ; -0.073     ; 1.901      ;
; -0.908 ; config_CODEC:u_CODEC_config|address[0] ; config_CODEC:u_CODEC_config|address[4] ; I2C_driver:u_I2C_Config|SENT           ; I2C_driver:u_I2C_Config|SENT ; 1.000        ; -0.074     ; 1.833      ;
; -0.891 ; config_CODEC:u_CODEC_config|address[4] ; config_CODEC:u_CODEC_config|DATA[0]    ; I2C_driver:u_I2C_Config|SENT           ; I2C_driver:u_I2C_Config|SENT ; 1.000        ; -0.072     ; 1.818      ;
; -0.851 ; config_CODEC:u_CODEC_config|address[2] ; config_CODEC:u_CODEC_config|DATA[10]   ; I2C_driver:u_I2C_Config|SENT           ; I2C_driver:u_I2C_Config|SENT ; 1.000        ; -0.071     ; 1.779      ;
; -0.839 ; config_CODEC:u_CODEC_config|address[4] ; config_CODEC:u_CODEC_config|DATA[2]    ; I2C_driver:u_I2C_Config|SENT           ; I2C_driver:u_I2C_Config|SENT ; 1.000        ; -0.072     ; 1.766      ;
; -0.804 ; config_CODEC:u_CODEC_config|address[2] ; config_CODEC:u_CODEC_config|address[4] ; I2C_driver:u_I2C_Config|SENT           ; I2C_driver:u_I2C_Config|SENT ; 1.000        ; -0.073     ; 1.730      ;
; -0.804 ; config_CODEC:u_CODEC_config|address[2] ; config_CODEC:u_CODEC_config|address[2] ; I2C_driver:u_I2C_Config|SENT           ; I2C_driver:u_I2C_Config|SENT ; 1.000        ; -0.073     ; 1.730      ;
; -0.804 ; config_CODEC:u_CODEC_config|address[2] ; config_CODEC:u_CODEC_config|address[1] ; I2C_driver:u_I2C_Config|SENT           ; I2C_driver:u_I2C_Config|SENT ; 1.000        ; -0.073     ; 1.730      ;
; -0.804 ; config_CODEC:u_CODEC_config|address[2] ; config_CODEC:u_CODEC_config|address[3] ; I2C_driver:u_I2C_Config|SENT           ; I2C_driver:u_I2C_Config|SENT ; 1.000        ; -0.073     ; 1.730      ;
; -0.792 ; config_CODEC:u_CODEC_config|address[0] ; config_CODEC:u_CODEC_config|address[2] ; I2C_driver:u_I2C_Config|SENT           ; I2C_driver:u_I2C_Config|SENT ; 1.000        ; -0.074     ; 1.717      ;
; -0.770 ; config_CODEC:u_CODEC_config|address[0] ; config_CODEC:u_CODEC_config|address[3] ; I2C_driver:u_I2C_Config|SENT           ; I2C_driver:u_I2C_Config|SENT ; 1.000        ; -0.074     ; 1.695      ;
; -0.756 ; config_CODEC:u_CODEC_config|address[0] ; config_CODEC:u_CODEC_config|DATA[4]    ; I2C_driver:u_I2C_Config|SENT           ; I2C_driver:u_I2C_Config|SENT ; 1.000        ; -0.073     ; 1.682      ;
; -0.750 ; config_CODEC:u_CODEC_config|address[4] ; config_CODEC:u_CODEC_config|address[4] ; I2C_driver:u_I2C_Config|SENT           ; I2C_driver:u_I2C_Config|SENT ; 1.000        ; -0.073     ; 1.676      ;
; -0.750 ; config_CODEC:u_CODEC_config|address[4] ; config_CODEC:u_CODEC_config|address[2] ; I2C_driver:u_I2C_Config|SENT           ; I2C_driver:u_I2C_Config|SENT ; 1.000        ; -0.073     ; 1.676      ;
; -0.750 ; config_CODEC:u_CODEC_config|address[4] ; config_CODEC:u_CODEC_config|address[1] ; I2C_driver:u_I2C_Config|SENT           ; I2C_driver:u_I2C_Config|SENT ; 1.000        ; -0.073     ; 1.676      ;
; -0.750 ; config_CODEC:u_CODEC_config|address[4] ; config_CODEC:u_CODEC_config|address[3] ; I2C_driver:u_I2C_Config|SENT           ; I2C_driver:u_I2C_Config|SENT ; 1.000        ; -0.073     ; 1.676      ;
; -0.650 ; config_CODEC:u_CODEC_config|address[0] ; config_CODEC:u_CODEC_config|DATA[0]    ; I2C_driver:u_I2C_Config|SENT           ; I2C_driver:u_I2C_Config|SENT ; 1.000        ; -0.073     ; 1.576      ;
; -0.623 ; config_CODEC:u_CODEC_config|address[4] ; config_CODEC:u_CODEC_config|DATA[9]    ; I2C_driver:u_I2C_Config|SENT           ; I2C_driver:u_I2C_Config|SENT ; 1.000        ; -0.071     ; 1.551      ;
; -0.619 ; config_CODEC:u_CODEC_config|address[4] ; config_CODEC:u_CODEC_config|DATA[12]   ; I2C_driver:u_I2C_Config|SENT           ; I2C_driver:u_I2C_Config|SENT ; 1.000        ; -0.071     ; 1.547      ;
; -0.610 ; config_CODEC:u_CODEC_config|address[4] ; config_CODEC:u_CODEC_config|DATA[10]   ; I2C_driver:u_I2C_Config|SENT           ; I2C_driver:u_I2C_Config|SENT ; 1.000        ; -0.071     ; 1.538      ;
; -0.608 ; config_CODEC:u_CODEC_config|address[4] ; config_CODEC:u_CODEC_config|DATA[11]   ; I2C_driver:u_I2C_Config|SENT           ; I2C_driver:u_I2C_Config|SENT ; 1.000        ; -0.071     ; 1.536      ;
; -0.504 ; config_CODEC:u_CODEC_config|address[1] ; config_CODEC:u_CODEC_config|DATA[6]    ; I2C_driver:u_I2C_Config|SENT           ; I2C_driver:u_I2C_Config|SENT ; 1.000        ; 0.272      ; 1.775      ;
; -0.503 ; config_CODEC:u_CODEC_config|address[2] ; config_CODEC:u_CODEC_config|DATA[6]    ; I2C_driver:u_I2C_Config|SENT           ; I2C_driver:u_I2C_Config|SENT ; 1.000        ; 0.272      ; 1.774      ;
; -0.500 ; config_CODEC:u_CODEC_config|address[1] ; config_CODEC:u_CODEC_config|DATA[5]    ; I2C_driver:u_I2C_Config|SENT           ; I2C_driver:u_I2C_Config|SENT ; 1.000        ; 0.272      ; 1.771      ;
; -0.491 ; config_CODEC:u_CODEC_config|address[3] ; config_CODEC:u_CODEC_config|DATA[5]    ; I2C_driver:u_I2C_Config|SENT           ; I2C_driver:u_I2C_Config|SENT ; 1.000        ; 0.272      ; 1.762      ;
; -0.465 ; config_CODEC:u_CODEC_config|address[3] ; config_CODEC:u_CODEC_config|DATA[10]   ; I2C_driver:u_I2C_Config|SENT           ; I2C_driver:u_I2C_Config|SENT ; 1.000        ; -0.071     ; 1.393      ;
; -0.462 ; config_CODEC:u_CODEC_config|vol[3]     ; config_CODEC:u_CODEC_config|DATA[3]    ; config_CODEC:u_CODEC_config|counter[9] ; I2C_driver:u_I2C_Config|SENT ; 1.000        ; -0.261     ; 1.200      ;
; -0.449 ; config_CODEC:u_CODEC_config|address[1] ; config_CODEC:u_CODEC_config|DATA[2]    ; I2C_driver:u_I2C_Config|SENT           ; I2C_driver:u_I2C_Config|SENT ; 1.000        ; -0.072     ; 1.376      ;
; -0.446 ; config_CODEC:u_CODEC_config|vol[1]     ; config_CODEC:u_CODEC_config|DATA[1]    ; config_CODEC:u_CODEC_config|counter[9] ; I2C_driver:u_I2C_Config|SENT ; 1.000        ; -0.261     ; 1.184      ;
; -0.369 ; config_CODEC:u_CODEC_config|address[3] ; config_CODEC:u_CODEC_config|DATA[6]    ; I2C_driver:u_I2C_Config|SENT           ; I2C_driver:u_I2C_Config|SENT ; 1.000        ; 0.272      ; 1.640      ;
; -0.354 ; config_CODEC:u_CODEC_config|address[2] ; config_CODEC:u_CODEC_config|DATA[5]    ; I2C_driver:u_I2C_Config|SENT           ; I2C_driver:u_I2C_Config|SENT ; 1.000        ; 0.272      ; 1.625      ;
; -0.309 ; config_CODEC:u_CODEC_config|address[0] ; config_CODEC:u_CODEC_config|address[1] ; I2C_driver:u_I2C_Config|SENT           ; I2C_driver:u_I2C_Config|SENT ; 1.000        ; -0.074     ; 1.234      ;
; -0.294 ; config_CODEC:u_CODEC_config|address[2] ; config_CODEC:u_CODEC_config|DATA[2]    ; I2C_driver:u_I2C_Config|SENT           ; I2C_driver:u_I2C_Config|SENT ; 1.000        ; -0.072     ; 1.221      ;
; -0.247 ; config_CODEC:u_CODEC_config|address[4] ; config_CODEC:u_CODEC_config|DATA[5]    ; I2C_driver:u_I2C_Config|SENT           ; I2C_driver:u_I2C_Config|SENT ; 1.000        ; 0.272      ; 1.518      ;
; -0.240 ; config_CODEC:u_CODEC_config|address[0] ; config_CODEC:u_CODEC_config|DATA[6]    ; I2C_driver:u_I2C_Config|SENT           ; I2C_driver:u_I2C_Config|SENT ; 1.000        ; 0.271      ; 1.510      ;
; -0.135 ; config_CODEC:u_CODEC_config|address[4] ; config_CODEC:u_CODEC_config|DATA[6]    ; I2C_driver:u_I2C_Config|SENT           ; I2C_driver:u_I2C_Config|SENT ; 1.000        ; 0.272      ; 1.406      ;
; -0.050 ; config_CODEC:u_CODEC_config|vol[2]     ; config_CODEC:u_CODEC_config|DATA[2]    ; config_CODEC:u_CODEC_config|counter[9] ; I2C_driver:u_I2C_Config|SENT ; 1.000        ; -0.262     ; 0.787      ;
; -0.042 ; config_CODEC:u_CODEC_config|vol[4]     ; config_CODEC:u_CODEC_config|DATA[4]    ; config_CODEC:u_CODEC_config|counter[9] ; I2C_driver:u_I2C_Config|SENT ; 1.000        ; -0.262     ; 0.779      ;
; -0.019 ; config_CODEC:u_CODEC_config|vol[0]     ; config_CODEC:u_CODEC_config|DATA[0]    ; config_CODEC:u_CODEC_config|counter[9] ; I2C_driver:u_I2C_Config|SENT ; 1.000        ; -0.262     ; 0.756      ;
; 0.243  ; config_CODEC:u_CODEC_config|address[0] ; config_CODEC:u_CODEC_config|address[0] ; I2C_driver:u_I2C_Config|SENT           ; I2C_driver:u_I2C_Config|SENT ; 1.000        ; -0.073     ; 0.683      ;
+--------+----------------------------------------+----------------------------------------+----------------------------------------+------------------------------+--------------+------------+------------+


+----------------------------------------------------------------------------------------------------------------------------------------------------------------------------------------------------------------------------------------------------------------------------------+
; Slow 1200mV 0C Model Hold: 'CLOCK_50'                                                                                                                                                                                                                                            ;
+-------+---------------------------------------------------------+------------------------------------------------------------------------------------------------------------------------------------------+--------------+-------------+--------------+------------+------------+
; Slack ; From Node                                               ; To Node                                                                                                                                  ; Launch Clock ; Latch Clock ; Relationship ; Clock Skew ; Data Delay ;
+-------+---------------------------------------------------------+------------------------------------------------------------------------------------------------------------------------------------------+--------------+-------------+--------------+------------+------------+
; 0.271 ; octaver:octaver_L|addr_a[0]                             ; octaver:octaver_R|RAM_Octaver:RAM_inst|altsyncram:altsyncram_component|altsyncram_1pp3:auto_generated|ram_block1a4~porta_address_reg0    ; CLOCK_50     ; CLOCK_50    ; 0.000        ; 0.407      ; 0.879      ;
; 0.336 ; chorus:chorus_inst_R|ram_data[4]                        ; chorus:chorus_inst_R|RAM_chorus:RAM_INST|altsyncram:altsyncram_component|altsyncram_n5o3:auto_generated|ram_block1a4~porta_datain_reg0   ; CLOCK_50     ; CLOCK_50    ; 0.000        ; 0.400      ; 0.937      ;
; 0.337 ; chorus:chorus_inst_L|read_state[0]                      ; chorus:chorus_inst_L|read_state[0]                                                                                                       ; CLOCK_50     ; CLOCK_50    ; 0.000        ; 0.089      ; 0.597      ;
; 0.337 ; chorus:chorus_inst_L|read_state[2]                      ; chorus:chorus_inst_L|read_state[2]                                                                                                       ; CLOCK_50     ; CLOCK_50    ; 0.000        ; 0.089      ; 0.597      ;
; 0.339 ; chorus:chorus_inst_L|phase_acc[0]                       ; chorus:chorus_inst_L|phase_acc[0]                                                                                                        ; CLOCK_50     ; CLOCK_50    ; 0.000        ; 0.087      ; 0.597      ;
; 0.341 ; chorus:chorus_inst_R|ram_data[15]                       ; chorus:chorus_inst_R|RAM_chorus:RAM_INST|altsyncram:altsyncram_component|altsyncram_n5o3:auto_generated|ram_block1a15~porta_datain_reg0  ; CLOCK_50     ; CLOCK_50    ; 0.000        ; 0.394      ; 0.936      ;
; 0.341 ; chorus:chorus_inst_R|ram_data[9]                        ; chorus:chorus_inst_R|RAM_chorus:RAM_INST|altsyncram:altsyncram_component|altsyncram_n5o3:auto_generated|ram_block1a9~porta_datain_reg0   ; CLOCK_50     ; CLOCK_50    ; 0.000        ; 0.393      ; 0.935      ;
; 0.343 ; chorus:chorus_inst_L|ram_write_adr[10]                  ; chorus:chorus_inst_L|RAM_chorus:RAM_INST|altsyncram:altsyncram_component|altsyncram_n5o3:auto_generated|ram_block1a15~porta_address_reg0 ; CLOCK_50     ; CLOCK_50    ; 0.000        ; 0.388      ; 0.932      ;
; 0.344 ; chorus:chorus_inst_R|ram_data[11]                       ; chorus:chorus_inst_R|RAM_chorus:RAM_INST|altsyncram:altsyncram_component|altsyncram_n5o3:auto_generated|ram_block1a11~porta_datain_reg0  ; CLOCK_50     ; CLOCK_50    ; 0.000        ; 0.394      ; 0.939      ;
; 0.344 ; chorus:chorus_inst_R|ram_data[14]                       ; chorus:chorus_inst_R|RAM_chorus:RAM_INST|altsyncram:altsyncram_component|altsyncram_n5o3:auto_generated|ram_block1a14~porta_datain_reg0  ; CLOCK_50     ; CLOCK_50    ; 0.000        ; 0.397      ; 0.942      ;
; 0.347 ; chorus:chorus_inst_R|ram_data[6]                        ; chorus:chorus_inst_R|RAM_chorus:RAM_INST|altsyncram:altsyncram_component|altsyncram_n5o3:auto_generated|ram_block1a6~porta_datain_reg0   ; CLOCK_50     ; CLOCK_50    ; 0.000        ; 0.395      ; 0.943      ;
; 0.352 ; chorus:chorus_inst_L|ram_data[14]                       ; chorus:chorus_inst_L|RAM_chorus:RAM_INST|altsyncram:altsyncram_component|altsyncram_n5o3:auto_generated|ram_block1a14~porta_datain_reg0  ; CLOCK_50     ; CLOCK_50    ; 0.000        ; 0.397      ; 0.950      ;
; 0.353 ; chorus:chorus_inst_L|read_state[1]                      ; chorus:chorus_inst_L|read_state[1]                                                                                                       ; CLOCK_50     ; CLOCK_50    ; 0.000        ; 0.073      ; 0.597      ;
; 0.355 ; octaver:octaver_L|dsp_state[2]                          ; octaver:octaver_L|dsp_state[2]                                                                                                           ; CLOCK_50     ; CLOCK_50    ; 0.000        ; 0.071      ; 0.597      ;
; 0.355 ; octaver:octaver_L|dsp_state[1]                          ; octaver:octaver_L|dsp_state[1]                                                                                                           ; CLOCK_50     ; CLOCK_50    ; 0.000        ; 0.071      ; 0.597      ;
; 0.362 ; chorus:chorus_inst_R|ram_data[12]                       ; chorus:chorus_inst_R|RAM_chorus:RAM_INST|altsyncram:altsyncram_component|altsyncram_n5o3:auto_generated|ram_block1a12~porta_datain_reg0  ; CLOCK_50     ; CLOCK_50    ; 0.000        ; 0.403      ; 0.966      ;
; 0.365 ; config_CODEC:u_CODEC_config|counter[0]                  ; config_CODEC:u_CODEC_config|counter[0]                                                                                                   ; CLOCK_50     ; CLOCK_50    ; 0.000        ; 0.072      ; 0.608      ;
; 0.369 ; chorus:chorus_inst_L|lfo_counter[19]                    ; chorus:chorus_inst_L|lfo_counter[19]                                                                                                     ; CLOCK_50     ; CLOCK_50    ; 0.000        ; 0.090      ; 0.630      ;
; 0.372 ; chorus:chorus_inst_L|ram_data[11]                       ; chorus:chorus_inst_L|RAM_chorus:RAM_INST|altsyncram:altsyncram_component|altsyncram_n5o3:auto_generated|ram_block1a11~porta_datain_reg0  ; CLOCK_50     ; CLOCK_50    ; 0.000        ; 0.397      ; 0.970      ;
; 0.373 ; chorus:chorus_inst_R|ram_data[8]                        ; chorus:chorus_inst_R|RAM_chorus:RAM_INST|altsyncram:altsyncram_component|altsyncram_n5o3:auto_generated|ram_block1a8~porta_datain_reg0   ; CLOCK_50     ; CLOCK_50    ; 0.000        ; 0.398      ; 0.972      ;
; 0.375 ; chorus:chorus_inst_R|ram_data[2]                        ; chorus:chorus_inst_R|RAM_chorus:RAM_INST|altsyncram:altsyncram_component|altsyncram_n5o3:auto_generated|ram_block1a2~porta_datain_reg0   ; CLOCK_50     ; CLOCK_50    ; 0.000        ; 0.393      ; 0.969      ;
; 0.376 ; chorus:chorus_inst_L|ram_write_adr[2]                   ; chorus:chorus_inst_R|RAM_chorus:RAM_INST|altsyncram:altsyncram_component|altsyncram_n5o3:auto_generated|ram_block1a12~porta_address_reg0 ; CLOCK_50     ; CLOCK_50    ; 0.000        ; 0.395      ; 0.972      ;
; 0.378 ; chorus:chorus_inst_L|ram_data[8]                        ; chorus:chorus_inst_L|RAM_chorus:RAM_INST|altsyncram:altsyncram_component|altsyncram_n5o3:auto_generated|ram_block1a8~porta_datain_reg0   ; CLOCK_50     ; CLOCK_50    ; 0.000        ; 0.400      ; 0.979      ;
; 0.381 ; chorus:chorus_inst_R|ram_data[7]                        ; chorus:chorus_inst_R|RAM_chorus:RAM_INST|altsyncram:altsyncram_component|altsyncram_n5o3:auto_generated|ram_block1a7~porta_datain_reg0   ; CLOCK_50     ; CLOCK_50    ; 0.000        ; 0.394      ; 0.976      ;
; 0.382 ; chorus:chorus_inst_L|phase_acc[7]                       ; chorus:chorus_inst_L|phase_acc[7]                                                                                                        ; CLOCK_50     ; CLOCK_50    ; 0.000        ; 0.089      ; 0.642      ;
; 0.383 ; chorus:chorus_inst_L|read_state[2]                      ; chorus:chorus_inst_L|read_state[0]                                                                                                       ; CLOCK_50     ; CLOCK_50    ; 0.000        ; 0.089      ; 0.643      ;
; 0.383 ; auto_wah:u_auto_wah_R|svf_lp[35]                        ; auto_wah:u_auto_wah_R|svf_lp[35]                                                                                                         ; CLOCK_50     ; CLOCK_50    ; 0.000        ; 0.089      ; 0.643      ;
; 0.384 ; chorus:chorus_inst_L|ram_data[7]                        ; chorus:chorus_inst_L|RAM_chorus:RAM_INST|altsyncram:altsyncram_component|altsyncram_n5o3:auto_generated|ram_block1a7~porta_datain_reg0   ; CLOCK_50     ; CLOCK_50    ; 0.000        ; 0.382      ; 0.967      ;
; 0.384 ; chorus:chorus_inst_R|ram_data[10]                       ; chorus:chorus_inst_R|RAM_chorus:RAM_INST|altsyncram:altsyncram_component|altsyncram_n5o3:auto_generated|ram_block1a10~porta_datain_reg0  ; CLOCK_50     ; CLOCK_50    ; 0.000        ; 0.397      ; 0.982      ;
; 0.384 ; chorus:chorus_inst_L|ram_write_adr[12]                  ; chorus:chorus_inst_L|RAM_chorus:RAM_INST|altsyncram:altsyncram_component|altsyncram_n5o3:auto_generated|ram_block1a15~porta_address_reg0 ; CLOCK_50     ; CLOCK_50    ; 0.000        ; 0.395      ; 0.980      ;
; 0.399 ; chorus:chorus_inst_L|ram_data[4]                        ; chorus:chorus_inst_L|RAM_chorus:RAM_INST|altsyncram:altsyncram_component|altsyncram_n5o3:auto_generated|ram_block1a4~porta_datain_reg0   ; CLOCK_50     ; CLOCK_50    ; 0.000        ; 0.392      ; 0.992      ;
; 0.399 ; chorus:chorus_inst_L|ram_write_adr[8]                   ; chorus:chorus_inst_R|RAM_chorus:RAM_INST|altsyncram:altsyncram_component|altsyncram_n5o3:auto_generated|ram_block1a12~porta_address_reg0 ; CLOCK_50     ; CLOCK_50    ; 0.000        ; 0.395      ; 0.995      ;
; 0.400 ; octaver:octaver_L|rd_ptr2[10]                           ; octaver:octaver_L|addr_b[10]                                                                                                             ; CLOCK_50     ; CLOCK_50    ; 0.000        ; 0.071      ; 0.642      ;
; 0.401 ; chorus:chorus_inst_R|ram_data[3]                        ; chorus:chorus_inst_R|RAM_chorus:RAM_INST|altsyncram:altsyncram_component|altsyncram_n5o3:auto_generated|ram_block1a3~porta_datain_reg0   ; CLOCK_50     ; CLOCK_50    ; 0.000        ; 0.404      ; 1.006      ;
; 0.401 ; octaver:octaver_L|rd_ptr1[10]                           ; octaver:octaver_L|rd_ptr1[10]                                                                                                            ; CLOCK_50     ; CLOCK_50    ; 0.000        ; 0.071      ; 0.643      ;
; 0.403 ; digital_distortion:digital_distortion_L|bitRegister0[2] ; digital_distortion:digital_distortion_L|bitRegister0[3]                                                                                  ; CLOCK_50     ; CLOCK_50    ; 0.000        ; 0.072      ; 0.646      ;
; 0.403 ; key_detect:u_switch_trigger|bitRegister1[1]             ; key_detect:u_switch_trigger|bitRegister1[2]                                                                                              ; CLOCK_50     ; CLOCK_50    ; 0.000        ; 0.072      ; 0.646      ;
; 0.403 ; key_detect:u_switch_trigger|bitRegister0[1]             ; key_detect:u_switch_trigger|bitRegister0[2]                                                                                              ; CLOCK_50     ; CLOCK_50    ; 0.000        ; 0.072      ; 0.646      ;
; 0.403 ; key_detect:u_switch_trigger|bitRegister0[0]             ; key_detect:u_switch_trigger|bitRegister0[1]                                                                                              ; CLOCK_50     ; CLOCK_50    ; 0.000        ; 0.072      ; 0.646      ;
; 0.404 ; key_detect:u_switch_trigger|bitRegister1[0]             ; key_detect:u_switch_trigger|bitRegister1[1]                                                                                              ; CLOCK_50     ; CLOCK_50    ; 0.000        ; 0.072      ; 0.647      ;
; 0.405 ; chorus:chorus_inst_L|ram_data[6]                        ; chorus:chorus_inst_L|RAM_chorus:RAM_INST|altsyncram:altsyncram_component|altsyncram_n5o3:auto_generated|ram_block1a6~porta_datain_reg0   ; CLOCK_50     ; CLOCK_50    ; 0.000        ; 0.417      ; 1.023      ;
; 0.408 ; octaver:octaver_L|dsp_state[1]                          ; octaver:octaver_L|dsp_state[2]                                                                                                           ; CLOCK_50     ; CLOCK_50    ; 0.000        ; 0.071      ; 0.650      ;
; 0.418 ; digital_distortion:digital_distortion_L|bitRegister1[0] ; digital_distortion:digital_distortion_L|bitRegister1[1]                                                                                  ; CLOCK_50     ; CLOCK_50    ; 0.000        ; 0.072      ; 0.661      ;
; 0.419 ; digital_distortion:digital_distortion_L|bitRegister1[1] ; digital_distortion:digital_distortion_L|bitRegister1[2]                                                                                  ; CLOCK_50     ; CLOCK_50    ; 0.000        ; 0.072      ; 0.662      ;
; 0.421 ; chorus:chorus_inst_L|ram_data[2]                        ; chorus:chorus_inst_L|RAM_chorus:RAM_INST|altsyncram:altsyncram_component|altsyncram_n5o3:auto_generated|ram_block1a2~porta_datain_reg0   ; CLOCK_50     ; CLOCK_50    ; 0.000        ; 0.388      ; 1.010      ;
; 0.496 ; auto_wah:u_auto_wah_R|svf_lp[18]                        ; auto_wah:u_auto_wah_R|svf_lp[19]                                                                                                         ; CLOCK_50     ; CLOCK_50    ; 0.000        ; 0.469      ; 1.136      ;
; 0.515 ; digital_distortion:digital_distortion_L|bitRegister1[0] ; digital_distortion:digital_distortion_L|increase_counter                                                                                 ; CLOCK_50     ; CLOCK_50    ; 0.000        ; 0.434      ; 1.120      ;
; 0.544 ; chorus:chorus_inst_L|ram_write_adr[6]                   ; chorus:chorus_inst_L|RAM_chorus:RAM_INST|altsyncram:altsyncram_component|altsyncram_n5o3:auto_generated|ram_block1a8~porta_address_reg0  ; CLOCK_50     ; CLOCK_50    ; 0.000        ; 0.388      ; 1.133      ;
; 0.547 ; digital_distortion:digital_distortion_L|bitRegister0[1] ; digital_distortion:digital_distortion_L|bitRegister0[2]                                                                                  ; CLOCK_50     ; CLOCK_50    ; 0.000        ; 0.072      ; 0.790      ;
; 0.549 ; octaver:octaver_L|addr_a[0]                             ; octaver:octaver_L|RAM_Octaver:RAM_inst|altsyncram:altsyncram_component|altsyncram_1pp3:auto_generated|ram_block1a8~porta_address_reg0    ; CLOCK_50     ; CLOCK_50    ; 0.000        ; 0.406      ; 1.156      ;
; 0.555 ; chorus:chorus_inst_L|read_state[0]                      ; chorus:chorus_inst_L|read_state[2]                                                                                                       ; CLOCK_50     ; CLOCK_50    ; 0.000        ; 0.089      ; 0.815      ;
; 0.555 ; key_detect:u_switch_trigger|bitRegister0[2]             ; key_detect:u_switch_trigger|bitRegister0[3]                                                                                              ; CLOCK_50     ; CLOCK_50    ; 0.000        ; 0.072      ; 0.798      ;
; 0.557 ; key_detect:u_switch_trigger|bitRegister1[2]             ; key_detect:u_switch_trigger|bitRegister1[3]                                                                                              ; CLOCK_50     ; CLOCK_50    ; 0.000        ; 0.072      ; 0.800      ;
; 0.558 ; digital_distortion:digital_distortion_L|bitRegister0[0] ; digital_distortion:digital_distortion_L|bitRegister0[1]                                                                                  ; CLOCK_50     ; CLOCK_50    ; 0.000        ; 0.072      ; 0.801      ;
; 0.562 ; octaver:octaver_L|addr_b[3]                             ; octaver:octaver_L|RAM_Octaver:RAM_inst|altsyncram:altsyncram_component|altsyncram_1pp3:auto_generated|ram_block1a8~portb_address_reg0    ; CLOCK_50     ; CLOCK_50    ; 0.000        ; 0.405      ; 1.168      ;
; 0.565 ; octaver:octaver_L|dsp_state[2]                          ; octaver:octaver_L|dsp_state[1]                                                                                                           ; CLOCK_50     ; CLOCK_50    ; 0.000        ; 0.071      ; 0.807      ;
; 0.566 ; chorus:chorus_inst_L|lfo_counter[1]                     ; chorus:chorus_inst_L|lfo_counter[1]                                                                                                      ; CLOCK_50     ; CLOCK_50    ; 0.000        ; 0.088      ; 0.825      ;
; 0.568 ; auto_wah:u_auto_wah_L|svf_bp[1]                         ; auto_wah:u_auto_wah_L|svf_bp[1]                                                                                                          ; CLOCK_50     ; CLOCK_50    ; 0.000        ; 0.087      ; 0.826      ;
; 0.569 ; chorus:chorus_inst_L|phase_acc[0]                       ; chorus:chorus_inst_L|phase_acc[1]                                                                                                        ; CLOCK_50     ; CLOCK_50    ; 0.000        ; 0.124      ; 0.864      ;
; 0.571 ; chorus:chorus_inst_L|lfo_counter[16]                    ; chorus:chorus_inst_L|lfo_counter[16]                                                                                                     ; CLOCK_50     ; CLOCK_50    ; 0.000        ; 0.090      ; 0.832      ;
; 0.573 ; chorus:chorus_inst_L|lfo_counter[13]                    ; chorus:chorus_inst_L|lfo_counter[13]                                                                                                     ; CLOCK_50     ; CLOCK_50    ; 0.000        ; 0.090      ; 0.834      ;
; 0.573 ; chorus:chorus_inst_L|lfo_counter[17]                    ; chorus:chorus_inst_L|lfo_counter[17]                                                                                                     ; CLOCK_50     ; CLOCK_50    ; 0.000        ; 0.090      ; 0.834      ;
; 0.575 ; chorus:chorus_inst_L|lfo_counter[18]                    ; chorus:chorus_inst_L|lfo_counter[18]                                                                                                     ; CLOCK_50     ; CLOCK_50    ; 0.000        ; 0.090      ; 0.836      ;
; 0.576 ; chorus:chorus_inst_L|lfo_counter[11]                    ; chorus:chorus_inst_L|lfo_counter[11]                                                                                                     ; CLOCK_50     ; CLOCK_50    ; 0.000        ; 0.090      ; 0.837      ;
; 0.577 ; chorus:chorus_inst_L|lfo_counter[10]                    ; chorus:chorus_inst_L|lfo_counter[10]                                                                                                     ; CLOCK_50     ; CLOCK_50    ; 0.000        ; 0.090      ; 0.838      ;
; 0.577 ; chorus:chorus_inst_L|lfo_counter[15]                    ; chorus:chorus_inst_L|lfo_counter[15]                                                                                                     ; CLOCK_50     ; CLOCK_50    ; 0.000        ; 0.090      ; 0.838      ;
; 0.578 ; config_CODEC:u_CODEC_config|counter[2]                  ; config_CODEC:u_CODEC_config|counter[2]                                                                                                   ; CLOCK_50     ; CLOCK_50    ; 0.000        ; 0.072      ; 0.821      ;
; 0.579 ; chorus:chorus_inst_L|lfo_counter[12]                    ; chorus:chorus_inst_L|lfo_counter[12]                                                                                                     ; CLOCK_50     ; CLOCK_50    ; 0.000        ; 0.090      ; 0.840      ;
; 0.580 ; chorus:chorus_inst_L|lfo_counter[14]                    ; chorus:chorus_inst_L|lfo_counter[14]                                                                                                     ; CLOCK_50     ; CLOCK_50    ; 0.000        ; 0.090      ; 0.841      ;
; 0.580 ; config_CODEC:u_CODEC_config|counter[3]                  ; config_CODEC:u_CODEC_config|counter[3]                                                                                                   ; CLOCK_50     ; CLOCK_50    ; 0.000        ; 0.072      ; 0.823      ;
; 0.582 ; chorus:chorus_inst_L|lfo_counter[7]                     ; chorus:chorus_inst_L|lfo_counter[7]                                                                                                      ; CLOCK_50     ; CLOCK_50    ; 0.000        ; 0.088      ; 0.841      ;
; 0.582 ; config_CODEC:u_CODEC_config|counter[6]                  ; config_CODEC:u_CODEC_config|counter[6]                                                                                                   ; CLOCK_50     ; CLOCK_50    ; 0.000        ; 0.072      ; 0.825      ;
; 0.582 ; config_CODEC:u_CODEC_config|counter[4]                  ; config_CODEC:u_CODEC_config|counter[4]                                                                                                   ; CLOCK_50     ; CLOCK_50    ; 0.000        ; 0.072      ; 0.825      ;
; 0.583 ; auto_wah:u_auto_wah_L|svf_lp[25]                        ; auto_wah:u_auto_wah_L|svf_lp[25]                                                                                                         ; CLOCK_50     ; CLOCK_50    ; 0.000        ; 0.088      ; 0.842      ;
; 0.583 ; chorus:chorus_inst_L|phase_acc[6]                       ; chorus:chorus_inst_L|phase_acc[6]                                                                                                        ; CLOCK_50     ; CLOCK_50    ; 0.000        ; 0.089      ; 0.843      ;
; 0.583 ; chorus:chorus_inst_L|phase_acc[4]                       ; chorus:chorus_inst_L|phase_acc[4]                                                                                                        ; CLOCK_50     ; CLOCK_50    ; 0.000        ; 0.089      ; 0.843      ;
; 0.583 ; auto_wah:u_auto_wah_R|svf_lp[25]                        ; auto_wah:u_auto_wah_R|svf_lp[25]                                                                                                         ; CLOCK_50     ; CLOCK_50    ; 0.000        ; 0.088      ; 0.842      ;
; 0.583 ; auto_wah:u_auto_wah_R|svf_lp[29]                        ; auto_wah:u_auto_wah_R|svf_lp[29]                                                                                                         ; CLOCK_50     ; CLOCK_50    ; 0.000        ; 0.089      ; 0.843      ;
; 0.583 ; auto_wah:u_auto_wah_R|svf_bp[0]                         ; auto_wah:u_auto_wah_R|svf_bp[0]                                                                                                          ; CLOCK_50     ; CLOCK_50    ; 0.000        ; 0.088      ; 0.842      ;
; 0.583 ; chorus:chorus_inst_L|ram_data[15]                       ; chorus:chorus_inst_L|RAM_chorus:RAM_INST|altsyncram:altsyncram_component|altsyncram_n5o3:auto_generated|ram_block1a15~porta_datain_reg0  ; CLOCK_50     ; CLOCK_50    ; 0.000        ; 0.400      ; 1.184      ;
; 0.584 ; auto_wah:u_auto_wah_L|svf_lp[23]                        ; auto_wah:u_auto_wah_L|svf_lp[23]                                                                                                         ; CLOCK_50     ; CLOCK_50    ; 0.000        ; 0.088      ; 0.843      ;
; 0.584 ; auto_wah:u_auto_wah_L|svf_lp[32]                        ; auto_wah:u_auto_wah_L|svf_lp[32]                                                                                                         ; CLOCK_50     ; CLOCK_50    ; 0.000        ; 0.088      ; 0.843      ;
; 0.584 ; auto_wah:u_auto_wah_R|svf_lp[21]                        ; auto_wah:u_auto_wah_R|svf_lp[21]                                                                                                         ; CLOCK_50     ; CLOCK_50    ; 0.000        ; 0.088      ; 0.843      ;
; 0.584 ; auto_wah:u_auto_wah_R|svf_lp[23]                        ; auto_wah:u_auto_wah_R|svf_lp[23]                                                                                                         ; CLOCK_50     ; CLOCK_50    ; 0.000        ; 0.088      ; 0.843      ;
; 0.584 ; cnt[8]                                                  ; cnt[8]                                                                                                                                   ; CLOCK_50     ; CLOCK_50    ; 0.000        ; 0.073      ; 0.828      ;
; 0.584 ; config_CODEC:u_CODEC_config|counter[7]                  ; config_CODEC:u_CODEC_config|counter[7]                                                                                                   ; CLOCK_50     ; CLOCK_50    ; 0.000        ; 0.072      ; 0.827      ;
; 0.584 ; config_CODEC:u_CODEC_config|counter[5]                  ; config_CODEC:u_CODEC_config|counter[5]                                                                                                   ; CLOCK_50     ; CLOCK_50    ; 0.000        ; 0.072      ; 0.827      ;
; 0.585 ; auto_wah:u_auto_wah_L|svf_lp[31]                        ; auto_wah:u_auto_wah_L|svf_lp[31]                                                                                                         ; CLOCK_50     ; CLOCK_50    ; 0.000        ; 0.088      ; 0.844      ;
; 0.585 ; auto_wah:u_auto_wah_R|svf_lp[28]                        ; auto_wah:u_auto_wah_R|svf_lp[28]                                                                                                         ; CLOCK_50     ; CLOCK_50    ; 0.000        ; 0.089      ; 0.845      ;
; 0.585 ; cnt[6]                                                  ; cnt[6]                                                                                                                                   ; CLOCK_50     ; CLOCK_50    ; 0.000        ; 0.073      ; 0.829      ;
; 0.585 ; digital_distortion:digital_distortion_L|counter50k[4]   ; digital_distortion:digital_distortion_L|counter50k[4]                                                                                    ; CLOCK_50     ; CLOCK_50    ; 0.000        ; 0.072      ; 0.828      ;
; 0.586 ; chorus:chorus_inst_L|lfo_counter[3]                     ; chorus:chorus_inst_L|lfo_counter[3]                                                                                                      ; CLOCK_50     ; CLOCK_50    ; 0.000        ; 0.088      ; 0.845      ;
; 0.586 ; auto_wah:u_auto_wah_L|svf_lp[28]                        ; auto_wah:u_auto_wah_L|svf_lp[28]                                                                                                         ; CLOCK_50     ; CLOCK_50    ; 0.000        ; 0.088      ; 0.845      ;
; 0.586 ; chorus:chorus_inst_L|phase_acc[2]                       ; chorus:chorus_inst_L|phase_acc[2]                                                                                                        ; CLOCK_50     ; CLOCK_50    ; 0.000        ; 0.089      ; 0.846      ;
; 0.586 ; auto_wah:u_auto_wah_R|svf_lp[24]                        ; auto_wah:u_auto_wah_R|svf_lp[24]                                                                                                         ; CLOCK_50     ; CLOCK_50    ; 0.000        ; 0.088      ; 0.845      ;
; 0.586 ; cnt[9]                                                  ; cnt[9]                                                                                                                                   ; CLOCK_50     ; CLOCK_50    ; 0.000        ; 0.073      ; 0.830      ;
; 0.586 ; cnt[1]                                                  ; cnt[1]                                                                                                                                   ; CLOCK_50     ; CLOCK_50    ; 0.000        ; 0.073      ; 0.830      ;
; 0.587 ; chorus:chorus_inst_L|lfo_counter[8]                     ; chorus:chorus_inst_L|lfo_counter[8]                                                                                                      ; CLOCK_50     ; CLOCK_50    ; 0.000        ; 0.088      ; 0.846      ;
; 0.587 ; auto_wah:u_auto_wah_L|svf_lp[30]                        ; auto_wah:u_auto_wah_L|svf_lp[30]                                                                                                         ; CLOCK_50     ; CLOCK_50    ; 0.000        ; 0.088      ; 0.846      ;
; 0.587 ; auto_wah:u_auto_wah_R|svf_lp[27]                        ; auto_wah:u_auto_wah_R|svf_lp[27]                                                                                                         ; CLOCK_50     ; CLOCK_50    ; 0.000        ; 0.089      ; 0.847      ;
+-------+---------------------------------------------------------+------------------------------------------------------------------------------------------------------------------------------------------+--------------+-------------+--------------+------------+------------+


+----------------------------------------------------------------------------------------------------------------------------------------------------------------------------------------------------------------------------------------------------------------------------------------------------------------------------------------------------------------------------------------------------------------------+
; Slow 1200mV 0C Model Hold: 'PLL_inst|altpll_component|auto_generated|pll1|clk[0]'                                                                                                                                                                                                                                                                                                                                    ;
+-------+---------------------------------------------------------------------------------------------------------------------+---------------------------------------------------------------------------------------------------------------------------------+------------------------------------------------------+------------------------------------------------------+--------------+------------+------------+
; Slack ; From Node                                                                                                           ; To Node                                                                                                                         ; Launch Clock                                         ; Latch Clock                                          ; Relationship ; Clock Skew ; Data Delay ;
+-------+---------------------------------------------------------------------------------------------------------------------+---------------------------------------------------------------------------------------------------------------------------------+------------------------------------------------------+------------------------------------------------------+--------------+------------+------------+
; 0.305 ; config_CODEC:u_CODEC_config|counter[9]                                                                              ; delay:delay_inst_L|clock_48kHz_sample[0]                                                                                        ; config_CODEC:u_CODEC_config|counter[9]               ; PLL_inst|altpll_component|auto_generated|pll1|clk[0] ; 0.000        ; 0.345      ; 1.134      ;
; 0.309 ; delay:delay_inst_L|ram_write_adr[0]                                                                                 ; delay:delay_inst_R|RAM:RAM_inst|altsyncram:altsyncram_component|altsyncram_79o3:auto_generated|ram_block1a43~porta_address_reg0 ; PLL_inst|altpll_component|auto_generated|pll1|clk[0] ; PLL_inst|altpll_component|auto_generated|pll1|clk[0] ; 0.000        ; 0.386      ; 0.896      ;
; 0.365 ; delay:delay_inst_L|ram_data[12]                                                                                     ; delay:delay_inst_L|RAM:RAM_inst|altsyncram:altsyncram_component|altsyncram_79o3:auto_generated|ram_block1a44~porta_datain_reg0  ; PLL_inst|altpll_component|auto_generated|pll1|clk[0] ; PLL_inst|altpll_component|auto_generated|pll1|clk[0] ; 0.000        ; 0.392      ; 0.958      ;
; 0.366 ; delay:delay_inst_R|ram_data[9]                                                                                      ; delay:delay_inst_R|RAM:RAM_inst|altsyncram:altsyncram_component|altsyncram_79o3:auto_generated|ram_block1a57~porta_datain_reg0  ; PLL_inst|altpll_component|auto_generated|pll1|clk[0] ; PLL_inst|altpll_component|auto_generated|pll1|clk[0] ; 0.000        ; 0.402      ; 0.969      ;
; 0.369 ; delay:delay_inst_L|ram_write_adr[1]                                                                                 ; delay:delay_inst_R|RAM:RAM_inst|altsyncram:altsyncram_component|altsyncram_79o3:auto_generated|ram_block1a21~porta_address_reg0 ; PLL_inst|altpll_component|auto_generated|pll1|clk[0] ; PLL_inst|altpll_component|auto_generated|pll1|clk[0] ; 0.000        ; 0.398      ; 0.968      ;
; 0.375 ; delay:delay_inst_L|ram_data[4]                                                                                      ; delay:delay_inst_L|RAM:RAM_inst|altsyncram:altsyncram_component|altsyncram_79o3:auto_generated|ram_block1a4~porta_datain_reg0   ; PLL_inst|altpll_component|auto_generated|pll1|clk[0] ; PLL_inst|altpll_component|auto_generated|pll1|clk[0] ; 0.000        ; 0.409      ; 0.985      ;
; 0.380 ; delay:delay_inst_L|ram_data[11]                                                                                     ; delay:delay_inst_L|RAM:RAM_inst|altsyncram:altsyncram_component|altsyncram_79o3:auto_generated|ram_block1a27~porta_datain_reg0  ; PLL_inst|altpll_component|auto_generated|pll1|clk[0] ; PLL_inst|altpll_component|auto_generated|pll1|clk[0] ; 0.000        ; 0.393      ; 0.974      ;
; 0.388 ; delay:delay_inst_L|ram_read_adr[6]                                                                                  ; delay:delay_inst_R|RAM:RAM_inst|altsyncram:altsyncram_component|altsyncram_79o3:auto_generated|ram_block1a59~portb_address_reg0 ; PLL_inst|altpll_component|auto_generated|pll1|clk[0] ; PLL_inst|altpll_component|auto_generated|pll1|clk[0] ; 0.000        ; 0.332      ; 0.921      ;
; 0.390 ; delay:delay_inst_L|ram_data[15]                                                                                     ; delay:delay_inst_L|RAM:RAM_inst|altsyncram:altsyncram_component|altsyncram_79o3:auto_generated|ram_block1a47~porta_datain_reg0  ; PLL_inst|altpll_component|auto_generated|pll1|clk[0] ; PLL_inst|altpll_component|auto_generated|pll1|clk[0] ; 0.000        ; 0.399      ; 0.990      ;
; 0.393 ; delay:delay_inst_L|ram_write_adr[4]                                                                                 ; delay:delay_inst_R|RAM:RAM_inst|altsyncram:altsyncram_component|altsyncram_79o3:auto_generated|ram_block1a21~porta_address_reg0 ; PLL_inst|altpll_component|auto_generated|pll1|clk[0] ; PLL_inst|altpll_component|auto_generated|pll1|clk[0] ; 0.000        ; 0.398      ; 0.992      ;
; 0.395 ; delay:delay_inst_R|produit_brut_s[30]                                                                               ; delay:delay_inst_R|amorti_s[14]                                                                                                 ; PLL_inst|altpll_component|auto_generated|pll1|clk[0] ; PLL_inst|altpll_component|auto_generated|pll1|clk[0] ; 0.000        ; 0.073      ; 0.639      ;
; 0.397 ; delay:delay_inst_L|produit_brut_s[26]                                                                               ; delay:delay_inst_L|amorti_s[10]                                                                                                 ; PLL_inst|altpll_component|auto_generated|pll1|clk[0] ; PLL_inst|altpll_component|auto_generated|pll1|clk[0] ; 0.000        ; 0.073      ; 0.641      ;
; 0.397 ; delay:delay_inst_L|produit_brut_s[25]                                                                               ; delay:delay_inst_L|amorti_s[9]                                                                                                  ; PLL_inst|altpll_component|auto_generated|pll1|clk[0] ; PLL_inst|altpll_component|auto_generated|pll1|clk[0] ; 0.000        ; 0.073      ; 0.641      ;
; 0.397 ; delay:delay_inst_R|produit_brut_s[25]                                                                               ; delay:delay_inst_R|amorti_s[9]                                                                                                  ; PLL_inst|altpll_component|auto_generated|pll1|clk[0] ; PLL_inst|altpll_component|auto_generated|pll1|clk[0] ; 0.000        ; 0.073      ; 0.641      ;
; 0.398 ; delay:delay_inst_R|produit_brut_s[18]                                                                               ; delay:delay_inst_R|amorti_s[2]                                                                                                  ; PLL_inst|altpll_component|auto_generated|pll1|clk[0] ; PLL_inst|altpll_component|auto_generated|pll1|clk[0] ; 0.000        ; 0.072      ; 0.641      ;
; 0.398 ; delay:delay_inst_L|RAM:RAM_inst|altsyncram:altsyncram_component|altsyncram_79o3:auto_generated|address_reg_b[0]     ; delay:delay_inst_L|RAM:RAM_inst|altsyncram:altsyncram_component|altsyncram_79o3:auto_generated|out_address_reg_b[0]             ; PLL_inst|altpll_component|auto_generated|pll1|clk[0] ; PLL_inst|altpll_component|auto_generated|pll1|clk[0] ; 0.000        ; 0.072      ; 0.641      ;
; 0.401 ; delay:delay_inst_L|ram_write_adr[2]                                                                                 ; delay:delay_inst_R|RAM:RAM_inst|altsyncram:altsyncram_component|altsyncram_79o3:auto_generated|ram_block1a21~porta_address_reg0 ; PLL_inst|altpll_component|auto_generated|pll1|clk[0] ; PLL_inst|altpll_component|auto_generated|pll1|clk[0] ; 0.000        ; 0.398      ; 1.000      ;
; 0.405 ; delay:delay_inst_L|RAM:RAM_inst|altsyncram:altsyncram_component|altsyncram_79o3:auto_generated|out_address_reg_b[1] ; delay:delay_inst_L|echantillon_retard[8]                                                                                        ; PLL_inst|altpll_component|auto_generated|pll1|clk[0] ; PLL_inst|altpll_component|auto_generated|pll1|clk[0] ; 0.000        ; 0.072      ; 0.648      ;
; 0.416 ; delay:delay_inst_L|ram_read_adr[9]                                                                                  ; delay:delay_inst_L|ram_write_adr[9]                                                                                             ; PLL_inst|altpll_component|auto_generated|pll1|clk[0] ; PLL_inst|altpll_component|auto_generated|pll1|clk[0] ; 0.000        ; 0.072      ; 0.659      ;
; 0.417 ; delay:delay_inst_L|ram_read_adr[1]                                                                                  ; delay:delay_inst_L|ram_write_adr[1]                                                                                             ; PLL_inst|altpll_component|auto_generated|pll1|clk[0] ; PLL_inst|altpll_component|auto_generated|pll1|clk[0] ; 0.000        ; 0.072      ; 0.660      ;
; 0.423 ; delay:delay_inst_L|ram_read_adr[13]                                                                                 ; delay:delay_inst_L|RAM:RAM_inst|altsyncram:altsyncram_component|altsyncram_79o3:auto_generated|address_reg_b[0]                 ; PLL_inst|altpll_component|auto_generated|pll1|clk[0] ; PLL_inst|altpll_component|auto_generated|pll1|clk[0] ; 0.000        ; 0.072      ; 0.666      ;
; 0.425 ; delay:delay_inst_L|ram_read_adr[5]                                                                                  ; delay:delay_inst_R|RAM:RAM_inst|altsyncram:altsyncram_component|altsyncram_79o3:auto_generated|ram_block1a21~portb_address_reg0 ; PLL_inst|altpll_component|auto_generated|pll1|clk[0] ; PLL_inst|altpll_component|auto_generated|pll1|clk[0] ; 0.000        ; 0.332      ; 0.958      ;
; 0.425 ; delay:delay_inst_L|ram_read_adr[13]                                                                                 ; delay:delay_inst_L|ram_write_adr[13]                                                                                            ; PLL_inst|altpll_component|auto_generated|pll1|clk[0] ; PLL_inst|altpll_component|auto_generated|pll1|clk[0] ; 0.000        ; 0.072      ; 0.668      ;
; 0.435 ; delay:delay_inst_L|ram_read_adr[5]                                                                                  ; delay:delay_inst_L|ram_write_adr[5]                                                                                             ; PLL_inst|altpll_component|auto_generated|pll1|clk[0] ; PLL_inst|altpll_component|auto_generated|pll1|clk[0] ; 0.000        ; 0.072      ; 0.678      ;
; 0.438 ; delay:delay_inst_L|ram_read_adr[8]                                                                                  ; delay:delay_inst_R|RAM:RAM_inst|altsyncram:altsyncram_component|altsyncram_79o3:auto_generated|ram_block1a59~portb_address_reg0 ; PLL_inst|altpll_component|auto_generated|pll1|clk[0] ; PLL_inst|altpll_component|auto_generated|pll1|clk[0] ; 0.000        ; 0.331      ; 0.970      ;
; 0.543 ; delay:delay_inst_R|produit_brut_s[29]                                                                               ; delay:delay_inst_R|amorti_s[13]                                                                                                 ; PLL_inst|altpll_component|auto_generated|pll1|clk[0] ; PLL_inst|altpll_component|auto_generated|pll1|clk[0] ; 0.000        ; 0.072      ; 0.786      ;
; 0.544 ; delay:delay_inst_R|produit_brut_s[24]                                                                               ; delay:delay_inst_R|amorti_s[8]                                                                                                  ; PLL_inst|altpll_component|auto_generated|pll1|clk[0] ; PLL_inst|altpll_component|auto_generated|pll1|clk[0] ; 0.000        ; 0.072      ; 0.787      ;
; 0.549 ; delay:delay_inst_L|produit_brut_s[24]                                                                               ; delay:delay_inst_L|amorti_s[8]                                                                                                  ; PLL_inst|altpll_component|auto_generated|pll1|clk[0] ; PLL_inst|altpll_component|auto_generated|pll1|clk[0] ; 0.000        ; 0.073      ; 0.793      ;
; 0.549 ; delay:delay_inst_L|produit_brut_s[22]                                                                               ; delay:delay_inst_L|amorti_s[6]                                                                                                  ; PLL_inst|altpll_component|auto_generated|pll1|clk[0] ; PLL_inst|altpll_component|auto_generated|pll1|clk[0] ; 0.000        ; 0.073      ; 0.793      ;
; 0.550 ; delay:delay_inst_L|RAM:RAM_inst|altsyncram:altsyncram_component|altsyncram_79o3:auto_generated|address_reg_b[1]     ; delay:delay_inst_L|RAM:RAM_inst|altsyncram:altsyncram_component|altsyncram_79o3:auto_generated|out_address_reg_b[1]             ; PLL_inst|altpll_component|auto_generated|pll1|clk[0] ; PLL_inst|altpll_component|auto_generated|pll1|clk[0] ; 0.000        ; 0.072      ; 0.793      ;
; 0.564 ; delay:delay_inst_R|amorti_s[3]                                                                                      ; delay:delay_inst_R|sortie_calc_s[3]                                                                                             ; PLL_inst|altpll_component|auto_generated|pll1|clk[0] ; PLL_inst|altpll_component|auto_generated|pll1|clk[0] ; 0.000        ; 0.469      ; 1.204      ;
; 0.567 ; delay:delay_inst_L|ram_read_adr[6]                                                                                  ; delay:delay_inst_L|ram_write_adr[6]                                                                                             ; PLL_inst|altpll_component|auto_generated|pll1|clk[0] ; PLL_inst|altpll_component|auto_generated|pll1|clk[0] ; 0.000        ; 0.072      ; 0.810      ;
; 0.569 ; delay:delay_inst_L|ram_read_adr[0]                                                                                  ; delay:delay_inst_L|ram_write_adr[0]                                                                                             ; PLL_inst|altpll_component|auto_generated|pll1|clk[0] ; PLL_inst|altpll_component|auto_generated|pll1|clk[0] ; 0.000        ; 0.072      ; 0.812      ;
; 0.576 ; delay:delay_inst_L|ram_write_adr[0]                                                                                 ; delay:delay_inst_R|RAM:RAM_inst|altsyncram:altsyncram_component|altsyncram_79o3:auto_generated|ram_block1a14~porta_address_reg0 ; PLL_inst|altpll_component|auto_generated|pll1|clk[0] ; PLL_inst|altpll_component|auto_generated|pll1|clk[0] ; 0.000        ; 0.385      ; 1.162      ;
; 0.576 ; delay:delay_inst_L|ram_read_adr[14]                                                                                 ; delay:delay_inst_L|RAM:RAM_inst|altsyncram:altsyncram_component|altsyncram_79o3:auto_generated|address_reg_b[1]                 ; PLL_inst|altpll_component|auto_generated|pll1|clk[0] ; PLL_inst|altpll_component|auto_generated|pll1|clk[0] ; 0.000        ; 0.072      ; 0.819      ;
; 0.576 ; delay:delay_inst_L|ram_read_adr[14]                                                                                 ; delay:delay_inst_L|ram_write_adr[14]                                                                                            ; PLL_inst|altpll_component|auto_generated|pll1|clk[0] ; PLL_inst|altpll_component|auto_generated|pll1|clk[0] ; 0.000        ; 0.072      ; 0.819      ;
; 0.579 ; delay:delay_inst_L|ram_read_adr[9]                                                                                  ; delay:delay_inst_L|RAM:RAM_inst|altsyncram:altsyncram_component|altsyncram_79o3:auto_generated|ram_block1a47~portb_address_reg0 ; PLL_inst|altpll_component|auto_generated|pll1|clk[0] ; PLL_inst|altpll_component|auto_generated|pll1|clk[0] ; 0.000        ; 0.332      ; 1.112      ;
; 0.583 ; delay:delay_inst_L|counter[13]                                                                                      ; delay:delay_inst_L|counter[13]                                                                                                  ; PLL_inst|altpll_component|auto_generated|pll1|clk[0] ; PLL_inst|altpll_component|auto_generated|pll1|clk[0] ; 0.000        ; 0.088      ; 0.842      ;
; 0.583 ; delay:delay_inst_L|counter[3]                                                                                       ; delay:delay_inst_L|counter[3]                                                                                                   ; PLL_inst|altpll_component|auto_generated|pll1|clk[0] ; PLL_inst|altpll_component|auto_generated|pll1|clk[0] ; 0.000        ; 0.088      ; 0.842      ;
; 0.583 ; delay:delay_inst_L|counter[5]                                                                                       ; delay:delay_inst_L|counter[5]                                                                                                   ; PLL_inst|altpll_component|auto_generated|pll1|clk[0] ; PLL_inst|altpll_component|auto_generated|pll1|clk[0] ; 0.000        ; 0.088      ; 0.842      ;
; 0.584 ; delay:delay_inst_L|counter[15]                                                                                      ; delay:delay_inst_L|counter[15]                                                                                                  ; PLL_inst|altpll_component|auto_generated|pll1|clk[0] ; PLL_inst|altpll_component|auto_generated|pll1|clk[0] ; 0.000        ; 0.088      ; 0.843      ;
; 0.584 ; delay:delay_inst_L|counter[11]                                                                                      ; delay:delay_inst_L|counter[11]                                                                                                  ; PLL_inst|altpll_component|auto_generated|pll1|clk[0] ; PLL_inst|altpll_component|auto_generated|pll1|clk[0] ; 0.000        ; 0.088      ; 0.843      ;
; 0.585 ; delay:delay_inst_L|counter[1]                                                                                       ; delay:delay_inst_L|counter[1]                                                                                                   ; PLL_inst|altpll_component|auto_generated|pll1|clk[0] ; PLL_inst|altpll_component|auto_generated|pll1|clk[0] ; 0.000        ; 0.088      ; 0.844      ;
; 0.587 ; delay:delay_inst_L|counter[7]                                                                                       ; delay:delay_inst_L|counter[7]                                                                                                   ; PLL_inst|altpll_component|auto_generated|pll1|clk[0] ; PLL_inst|altpll_component|auto_generated|pll1|clk[0] ; 0.000        ; 0.088      ; 0.846      ;
; 0.588 ; delay:delay_inst_L|counter[14]                                                                                      ; delay:delay_inst_L|counter[14]                                                                                                  ; PLL_inst|altpll_component|auto_generated|pll1|clk[0] ; PLL_inst|altpll_component|auto_generated|pll1|clk[0] ; 0.000        ; 0.088      ; 0.847      ;
; 0.588 ; delay:delay_inst_L|counter[2]                                                                                       ; delay:delay_inst_L|counter[2]                                                                                                   ; PLL_inst|altpll_component|auto_generated|pll1|clk[0] ; PLL_inst|altpll_component|auto_generated|pll1|clk[0] ; 0.000        ; 0.088      ; 0.847      ;
; 0.588 ; delay:delay_inst_L|counter[4]                                                                                       ; delay:delay_inst_L|counter[4]                                                                                                   ; PLL_inst|altpll_component|auto_generated|pll1|clk[0] ; PLL_inst|altpll_component|auto_generated|pll1|clk[0] ; 0.000        ; 0.088      ; 0.847      ;
; 0.589 ; delay:delay_inst_L|counter[12]                                                                                      ; delay:delay_inst_L|counter[12]                                                                                                  ; PLL_inst|altpll_component|auto_generated|pll1|clk[0] ; PLL_inst|altpll_component|auto_generated|pll1|clk[0] ; 0.000        ; 0.088      ; 0.848      ;
; 0.589 ; delay:delay_inst_L|counter[8]                                                                                       ; delay:delay_inst_L|counter[8]                                                                                                   ; PLL_inst|altpll_component|auto_generated|pll1|clk[0] ; PLL_inst|altpll_component|auto_generated|pll1|clk[0] ; 0.000        ; 0.088      ; 0.848      ;
; 0.589 ; delay:delay_inst_L|counter[10]                                                                                      ; delay:delay_inst_L|counter[10]                                                                                                  ; PLL_inst|altpll_component|auto_generated|pll1|clk[0] ; PLL_inst|altpll_component|auto_generated|pll1|clk[0] ; 0.000        ; 0.088      ; 0.848      ;
; 0.603 ; delay:delay_inst_L|counter[6]                                                                                       ; delay:delay_inst_L|counter[6]                                                                                                   ; PLL_inst|altpll_component|auto_generated|pll1|clk[0] ; PLL_inst|altpll_component|auto_generated|pll1|clk[0] ; 0.000        ; 0.088      ; 0.862      ;
; 0.606 ; delay:delay_inst_L|ram_write_adr[0]                                                                                 ; delay:delay_inst_R|RAM:RAM_inst|altsyncram:altsyncram_component|altsyncram_79o3:auto_generated|ram_block1a57~porta_address_reg0 ; PLL_inst|altpll_component|auto_generated|pll1|clk[0] ; PLL_inst|altpll_component|auto_generated|pll1|clk[0] ; 0.000        ; 0.387      ; 1.194      ;
; 0.606 ; delay:delay_inst_L|counter[9]                                                                                       ; delay:delay_inst_L|counter[9]                                                                                                   ; PLL_inst|altpll_component|auto_generated|pll1|clk[0] ; PLL_inst|altpll_component|auto_generated|pll1|clk[0] ; 0.000        ; 0.088      ; 0.865      ;
; 0.608 ; delay:delay_inst_L|counter[0]                                                                                       ; delay:delay_inst_L|counter[0]                                                                                                   ; PLL_inst|altpll_component|auto_generated|pll1|clk[0] ; PLL_inst|altpll_component|auto_generated|pll1|clk[0] ; 0.000        ; 0.088      ; 0.867      ;
; 0.618 ; delay:delay_inst_L|ram_write_adr[12]                                                                                ; delay:delay_inst_R|RAM:RAM_inst|altsyncram:altsyncram_component|altsyncram_79o3:auto_generated|ram_block1a57~porta_address_reg0 ; PLL_inst|altpll_component|auto_generated|pll1|clk[0] ; PLL_inst|altpll_component|auto_generated|pll1|clk[0] ; 0.000        ; 0.397      ; 1.216      ;
; 0.620 ; delay:delay_inst_L|ram_write_adr[0]                                                                                 ; delay:delay_inst_R|RAM:RAM_inst|altsyncram:altsyncram_component|altsyncram_79o3:auto_generated|ram_block1a21~porta_address_reg0 ; PLL_inst|altpll_component|auto_generated|pll1|clk[0] ; PLL_inst|altpll_component|auto_generated|pll1|clk[0] ; 0.000        ; 0.388      ; 1.209      ;
; 0.621 ; delay:delay_inst_R|ram_data[5]                                                                                      ; delay:delay_inst_R|RAM:RAM_inst|altsyncram:altsyncram_component|altsyncram_79o3:auto_generated|ram_block1a21~porta_datain_reg0  ; PLL_inst|altpll_component|auto_generated|pll1|clk[0] ; PLL_inst|altpll_component|auto_generated|pll1|clk[0] ; 0.000        ; 0.403      ; 1.225      ;
; 0.625 ; delay:delay_inst_L|ram_write_adr[0]                                                                                 ; delay:delay_inst_L|RAM:RAM_inst|altsyncram:altsyncram_component|altsyncram_79o3:auto_generated|ram_block1a6~porta_address_reg0  ; PLL_inst|altpll_component|auto_generated|pll1|clk[0] ; PLL_inst|altpll_component|auto_generated|pll1|clk[0] ; 0.000        ; 0.383      ; 1.209      ;
; 0.626 ; delay:delay_inst_L|ram_write_adr[6]                                                                                 ; delay:delay_inst_L|RAM:RAM_inst|altsyncram:altsyncram_component|altsyncram_79o3:auto_generated|ram_block1a30~porta_address_reg0 ; PLL_inst|altpll_component|auto_generated|pll1|clk[0] ; PLL_inst|altpll_component|auto_generated|pll1|clk[0] ; 0.000        ; 0.432      ; 1.259      ;
; 0.626 ; delay:delay_inst_L|ram_write_adr[1]                                                                                 ; delay:delay_inst_R|RAM:RAM_inst|altsyncram:altsyncram_component|altsyncram_79o3:auto_generated|ram_block1a57~porta_address_reg0 ; PLL_inst|altpll_component|auto_generated|pll1|clk[0] ; PLL_inst|altpll_component|auto_generated|pll1|clk[0] ; 0.000        ; 0.397      ; 1.224      ;
; 0.628 ; delay:delay_inst_L|ram_data[7]                                                                                      ; delay:delay_inst_L|RAM:RAM_inst|altsyncram:altsyncram_component|altsyncram_79o3:auto_generated|ram_block1a7~porta_datain_reg0   ; PLL_inst|altpll_component|auto_generated|pll1|clk[0] ; PLL_inst|altpll_component|auto_generated|pll1|clk[0] ; 0.000        ; 0.375      ; 1.204      ;
; 0.636 ; delay:delay_inst_L|ram_data[5]                                                                                      ; delay:delay_inst_L|RAM:RAM_inst|altsyncram:altsyncram_component|altsyncram_79o3:auto_generated|ram_block1a5~porta_datain_reg0   ; PLL_inst|altpll_component|auto_generated|pll1|clk[0] ; PLL_inst|altpll_component|auto_generated|pll1|clk[0] ; 0.000        ; 0.394      ; 1.231      ;
; 0.641 ; delay:delay_inst_L|ram_write_adr[2]                                                                                 ; delay:delay_inst_L|RAM:RAM_inst|altsyncram:altsyncram_component|altsyncram_79o3:auto_generated|ram_block1a30~porta_address_reg0 ; PLL_inst|altpll_component|auto_generated|pll1|clk[0] ; PLL_inst|altpll_component|auto_generated|pll1|clk[0] ; 0.000        ; 0.432      ; 1.274      ;
; 0.643 ; delay:delay_inst_L|amorti_s[15]                                                                                     ; delay:delay_inst_L|sortie_calc_s[15]                                                                                            ; PLL_inst|altpll_component|auto_generated|pll1|clk[0] ; PLL_inst|altpll_component|auto_generated|pll1|clk[0] ; 0.000        ; 0.463      ; 1.277      ;
; 0.647 ; delay:delay_inst_L|ram_write_adr[0]                                                                                 ; delay:delay_inst_R|RAM:RAM_inst|altsyncram:altsyncram_component|altsyncram_79o3:auto_generated|ram_block1a59~porta_address_reg0 ; PLL_inst|altpll_component|auto_generated|pll1|clk[0] ; PLL_inst|altpll_component|auto_generated|pll1|clk[0] ; 0.000        ; 0.388      ; 1.236      ;
; 0.649 ; delay:delay_inst_L|ram_data[12]                                                                                     ; delay:delay_inst_L|RAM:RAM_inst|altsyncram:altsyncram_component|altsyncram_79o3:auto_generated|ram_block1a12~porta_datain_reg0  ; PLL_inst|altpll_component|auto_generated|pll1|clk[0] ; PLL_inst|altpll_component|auto_generated|pll1|clk[0] ; 0.000        ; 0.397      ; 1.247      ;
; 0.650 ; delay:delay_inst_L|ram_write_adr[5]                                                                                 ; delay:delay_inst_L|RAM:RAM_inst|altsyncram:altsyncram_component|altsyncram_79o3:auto_generated|ram_block1a30~porta_address_reg0 ; PLL_inst|altpll_component|auto_generated|pll1|clk[0] ; PLL_inst|altpll_component|auto_generated|pll1|clk[0] ; 0.000        ; 0.432      ; 1.283      ;
; 0.657 ; delay:delay_inst_L|ram_write_adr[7]                                                                                 ; delay:delay_inst_L|RAM:RAM_inst|altsyncram:altsyncram_component|altsyncram_79o3:auto_generated|ram_block1a56~porta_address_reg0 ; PLL_inst|altpll_component|auto_generated|pll1|clk[0] ; PLL_inst|altpll_component|auto_generated|pll1|clk[0] ; 0.000        ; 0.431      ; 1.289      ;
; 0.660 ; delay:delay_inst_L|ram_write_adr[5]                                                                                 ; delay:delay_inst_R|RAM:RAM_inst|altsyncram:altsyncram_component|altsyncram_79o3:auto_generated|ram_block1a59~porta_address_reg0 ; PLL_inst|altpll_component|auto_generated|pll1|clk[0] ; PLL_inst|altpll_component|auto_generated|pll1|clk[0] ; 0.000        ; 0.398      ; 1.259      ;
; 0.662 ; delay:delay_inst_L|ram_write_adr[7]                                                                                 ; delay:delay_inst_L|RAM:RAM_inst|altsyncram:altsyncram_component|altsyncram_79o3:auto_generated|ram_block1a30~porta_address_reg0 ; PLL_inst|altpll_component|auto_generated|pll1|clk[0] ; PLL_inst|altpll_component|auto_generated|pll1|clk[0] ; 0.000        ; 0.432      ; 1.295      ;
; 0.663 ; delay:delay_inst_L|ram_write_adr[6]                                                                                 ; delay:delay_inst_R|RAM:RAM_inst|altsyncram:altsyncram_component|altsyncram_79o3:auto_generated|ram_block1a14~porta_address_reg0 ; PLL_inst|altpll_component|auto_generated|pll1|clk[0] ; PLL_inst|altpll_component|auto_generated|pll1|clk[0] ; 0.000        ; 0.395      ; 1.259      ;
; 0.666 ; delay:delay_inst_L|ram_write_adr[1]                                                                                 ; delay:delay_inst_L|RAM:RAM_inst|altsyncram:altsyncram_component|altsyncram_79o3:auto_generated|ram_block1a30~porta_address_reg0 ; PLL_inst|altpll_component|auto_generated|pll1|clk[0] ; PLL_inst|altpll_component|auto_generated|pll1|clk[0] ; 0.000        ; 0.432      ; 1.299      ;
; 0.667 ; delay:delay_inst_R|ram_data[11]                                                                                     ; delay:delay_inst_R|RAM:RAM_inst|altsyncram:altsyncram_component|altsyncram_79o3:auto_generated|ram_block1a59~porta_datain_reg0  ; PLL_inst|altpll_component|auto_generated|pll1|clk[0] ; PLL_inst|altpll_component|auto_generated|pll1|clk[0] ; 0.000        ; 0.395      ; 1.263      ;
; 0.669 ; delay:delay_inst_L|ram_write_adr[0]                                                                                 ; delay:delay_inst_L|RAM:RAM_inst|altsyncram:altsyncram_component|altsyncram_79o3:auto_generated|ram_block1a10~porta_address_reg0 ; PLL_inst|altpll_component|auto_generated|pll1|clk[0] ; PLL_inst|altpll_component|auto_generated|pll1|clk[0] ; 0.000        ; 0.382      ; 1.252      ;
; 0.669 ; delay:delay_inst_L|ram_write_adr[5]                                                                                 ; delay:delay_inst_R|RAM:RAM_inst|altsyncram:altsyncram_component|altsyncram_79o3:auto_generated|ram_block1a57~porta_address_reg0 ; PLL_inst|altpll_component|auto_generated|pll1|clk[0] ; PLL_inst|altpll_component|auto_generated|pll1|clk[0] ; 0.000        ; 0.397      ; 1.267      ;
; 0.674 ; delay:delay_inst_R|ram_data[11]                                                                                     ; delay:delay_inst_R|RAM:RAM_inst|altsyncram:altsyncram_component|altsyncram_79o3:auto_generated|ram_block1a43~porta_datain_reg0  ; PLL_inst|altpll_component|auto_generated|pll1|clk[0] ; PLL_inst|altpll_component|auto_generated|pll1|clk[0] ; 0.000        ; 0.393      ; 1.268      ;
; 0.674 ; delay:delay_inst_L|ram_write_adr[2]                                                                                 ; delay:delay_inst_L|RAM:RAM_inst|altsyncram:altsyncram_component|altsyncram_79o3:auto_generated|ram_block1a56~porta_address_reg0 ; PLL_inst|altpll_component|auto_generated|pll1|clk[0] ; PLL_inst|altpll_component|auto_generated|pll1|clk[0] ; 0.000        ; 0.431      ; 1.306      ;
; 0.674 ; delay:delay_inst_L|ram_read_adr[0]                                                                                  ; delay:delay_inst_R|RAM:RAM_inst|altsyncram:altsyncram_component|altsyncram_79o3:auto_generated|ram_block1a59~portb_address_reg0 ; PLL_inst|altpll_component|auto_generated|pll1|clk[0] ; PLL_inst|altpll_component|auto_generated|pll1|clk[0] ; 0.000        ; 0.322      ; 1.197      ;
; 0.679 ; delay:delay_inst_L|ram_write_adr[1]                                                                                 ; delay:delay_inst_R|RAM:RAM_inst|altsyncram:altsyncram_component|altsyncram_79o3:auto_generated|ram_block1a43~porta_address_reg0 ; PLL_inst|altpll_component|auto_generated|pll1|clk[0] ; PLL_inst|altpll_component|auto_generated|pll1|clk[0] ; 0.000        ; 0.396      ; 1.276      ;
; 0.680 ; delay:delay_inst_L|ram_data[4]                                                                                      ; delay:delay_inst_L|RAM:RAM_inst|altsyncram:altsyncram_component|altsyncram_79o3:auto_generated|ram_block1a52~porta_datain_reg0  ; PLL_inst|altpll_component|auto_generated|pll1|clk[0] ; PLL_inst|altpll_component|auto_generated|pll1|clk[0] ; 0.000        ; 0.391      ; 1.272      ;
; 0.680 ; delay:delay_inst_L|ram_write_adr[4]                                                                                 ; delay:delay_inst_L|RAM:RAM_inst|altsyncram:altsyncram_component|altsyncram_79o3:auto_generated|ram_block1a30~porta_address_reg0 ; PLL_inst|altpll_component|auto_generated|pll1|clk[0] ; PLL_inst|altpll_component|auto_generated|pll1|clk[0] ; 0.000        ; 0.432      ; 1.313      ;
; 0.681 ; delay:delay_inst_L|ram_write_adr[4]                                                                                 ; delay:delay_inst_R|RAM:RAM_inst|altsyncram:altsyncram_component|altsyncram_79o3:auto_generated|ram_block1a43~porta_address_reg0 ; PLL_inst|altpll_component|auto_generated|pll1|clk[0] ; PLL_inst|altpll_component|auto_generated|pll1|clk[0] ; 0.000        ; 0.396      ; 1.278      ;
; 0.682 ; delay:delay_inst_L|ram_write_adr[4]                                                                                 ; delay:delay_inst_L|RAM:RAM_inst|altsyncram:altsyncram_component|altsyncram_79o3:auto_generated|ram_block1a56~porta_address_reg0 ; PLL_inst|altpll_component|auto_generated|pll1|clk[0] ; PLL_inst|altpll_component|auto_generated|pll1|clk[0] ; 0.000        ; 0.431      ; 1.314      ;
; 0.685 ; delay:delay_inst_L|ram_read_adr[6]                                                                                  ; delay:delay_inst_R|RAM:RAM_inst|altsyncram:altsyncram_component|altsyncram_79o3:auto_generated|ram_block1a43~portb_address_reg0 ; PLL_inst|altpll_component|auto_generated|pll1|clk[0] ; PLL_inst|altpll_component|auto_generated|pll1|clk[0] ; 0.000        ; 0.330      ; 1.216      ;
; 0.686 ; delay:delay_inst_L|ram_write_adr[6]                                                                                 ; delay:delay_inst_R|RAM:RAM_inst|altsyncram:altsyncram_component|altsyncram_79o3:auto_generated|ram_block1a43~porta_address_reg0 ; PLL_inst|altpll_component|auto_generated|pll1|clk[0] ; PLL_inst|altpll_component|auto_generated|pll1|clk[0] ; 0.000        ; 0.396      ; 1.283      ;
; 0.686 ; delay:delay_inst_L|ram_read_adr[6]                                                                                  ; delay:delay_inst_R|RAM:RAM_inst|altsyncram:altsyncram_component|altsyncram_79o3:auto_generated|ram_block1a14~portb_address_reg0 ; PLL_inst|altpll_component|auto_generated|pll1|clk[0] ; PLL_inst|altpll_component|auto_generated|pll1|clk[0] ; 0.000        ; 0.329      ; 1.216      ;
; 0.693 ; delay:delay_inst_L|ram_write_adr[5]                                                                                 ; delay:delay_inst_R|RAM:RAM_inst|altsyncram:altsyncram_component|altsyncram_79o3:auto_generated|ram_block1a21~porta_address_reg0 ; PLL_inst|altpll_component|auto_generated|pll1|clk[0] ; PLL_inst|altpll_component|auto_generated|pll1|clk[0] ; 0.000        ; 0.398      ; 1.292      ;
; 0.694 ; delay:delay_inst_L|amorti_s[14]                                                                                     ; delay:delay_inst_L|sortie_calc_s[14]                                                                                            ; PLL_inst|altpll_component|auto_generated|pll1|clk[0] ; PLL_inst|altpll_component|auto_generated|pll1|clk[0] ; 0.000        ; 0.461      ; 1.326      ;
; 0.695 ; delay:delay_inst_L|ram_data[12]                                                                                     ; delay:delay_inst_L|RAM:RAM_inst|altsyncram:altsyncram_component|altsyncram_79o3:auto_generated|ram_block1a60~porta_datain_reg0  ; PLL_inst|altpll_component|auto_generated|pll1|clk[0] ; PLL_inst|altpll_component|auto_generated|pll1|clk[0] ; 0.000        ; 0.365      ; 1.261      ;
; 0.695 ; delay:delay_inst_L|ram_write_adr[12]                                                                                ; delay:delay_inst_R|RAM:RAM_inst|altsyncram:altsyncram_component|altsyncram_79o3:auto_generated|ram_block1a14~porta_address_reg0 ; PLL_inst|altpll_component|auto_generated|pll1|clk[0] ; PLL_inst|altpll_component|auto_generated|pll1|clk[0] ; 0.000        ; 0.395      ; 1.291      ;
; 0.695 ; delay:delay_inst_L|ram_read_adr[8]                                                                                  ; delay:delay_inst_L|RAM:RAM_inst|altsyncram:altsyncram_component|altsyncram_79o3:auto_generated|ram_block1a30~portb_address_reg0 ; PLL_inst|altpll_component|auto_generated|pll1|clk[0] ; PLL_inst|altpll_component|auto_generated|pll1|clk[0] ; 0.000        ; 0.365      ; 1.261      ;
; 0.697 ; delay:delay_inst_L|ram_write_adr[6]                                                                                 ; delay:delay_inst_L|RAM:RAM_inst|altsyncram:altsyncram_component|altsyncram_79o3:auto_generated|ram_block1a6~porta_address_reg0  ; PLL_inst|altpll_component|auto_generated|pll1|clk[0] ; PLL_inst|altpll_component|auto_generated|pll1|clk[0] ; 0.000        ; 0.393      ; 1.291      ;
; 0.698 ; delay:delay_inst_L|ram_write_adr[4]                                                                                 ; delay:delay_inst_R|RAM:RAM_inst|altsyncram:altsyncram_component|altsyncram_79o3:auto_generated|ram_block1a57~porta_address_reg0 ; PLL_inst|altpll_component|auto_generated|pll1|clk[0] ; PLL_inst|altpll_component|auto_generated|pll1|clk[0] ; 0.000        ; 0.397      ; 1.296      ;
; 0.698 ; delay:delay_inst_L|ram_write_adr[1]                                                                                 ; delay:delay_inst_R|RAM:RAM_inst|altsyncram:altsyncram_component|altsyncram_79o3:auto_generated|ram_block1a59~porta_address_reg0 ; PLL_inst|altpll_component|auto_generated|pll1|clk[0] ; PLL_inst|altpll_component|auto_generated|pll1|clk[0] ; 0.000        ; 0.398      ; 1.297      ;
; 0.702 ; delay:delay_inst_L|ram_read_adr[8]                                                                                  ; delay:delay_inst_L|RAM:RAM_inst|altsyncram:altsyncram_component|altsyncram_79o3:auto_generated|ram_block1a56~portb_address_reg0 ; PLL_inst|altpll_component|auto_generated|pll1|clk[0] ; PLL_inst|altpll_component|auto_generated|pll1|clk[0] ; 0.000        ; 0.364      ; 1.267      ;
; 0.705 ; delay:delay_inst_L|ram_write_adr[4]                                                                                 ; delay:delay_inst_R|RAM:RAM_inst|altsyncram:altsyncram_component|altsyncram_79o3:auto_generated|ram_block1a59~porta_address_reg0 ; PLL_inst|altpll_component|auto_generated|pll1|clk[0] ; PLL_inst|altpll_component|auto_generated|pll1|clk[0] ; 0.000        ; 0.398      ; 1.304      ;
; 0.705 ; delay:delay_inst_L|ram_read_adr[12]                                                                                 ; delay:delay_inst_L|RAM:RAM_inst|altsyncram:altsyncram_component|altsyncram_79o3:auto_generated|ram_block1a30~portb_address_reg0 ; PLL_inst|altpll_component|auto_generated|pll1|clk[0] ; PLL_inst|altpll_component|auto_generated|pll1|clk[0] ; 0.000        ; 0.365      ; 1.271      ;
; 0.706 ; delay:delay_inst_L|ram_write_adr[2]                                                                                 ; delay:delay_inst_R|RAM:RAM_inst|altsyncram:altsyncram_component|altsyncram_79o3:auto_generated|ram_block1a59~porta_address_reg0 ; PLL_inst|altpll_component|auto_generated|pll1|clk[0] ; PLL_inst|altpll_component|auto_generated|pll1|clk[0] ; 0.000        ; 0.398      ; 1.305      ;
; 0.706 ; delay:delay_inst_L|ram_read_adr[6]                                                                                  ; delay:delay_inst_R|RAM:RAM_inst|altsyncram:altsyncram_component|altsyncram_79o3:auto_generated|ram_block1a57~portb_address_reg0 ; PLL_inst|altpll_component|auto_generated|pll1|clk[0] ; PLL_inst|altpll_component|auto_generated|pll1|clk[0] ; 0.000        ; 0.331      ; 1.238      ;
; 0.707 ; delay:delay_inst_L|ram_write_adr[2]                                                                                 ; delay:delay_inst_R|RAM:RAM_inst|altsyncram:altsyncram_component|altsyncram_79o3:auto_generated|ram_block1a43~porta_address_reg0 ; PLL_inst|altpll_component|auto_generated|pll1|clk[0] ; PLL_inst|altpll_component|auto_generated|pll1|clk[0] ; 0.000        ; 0.396      ; 1.304      ;
+-------+---------------------------------------------------------------------------------------------------------------------+---------------------------------------------------------------------------------------------------------------------------------+------------------------------------------------------+------------------------------------------------------+--------------+------------+------------+


+----------------------------------------------------------------------------------------------------------------------------------------------------------------------------------------------------------+
; Slow 1200mV 0C Model Hold: 'I2C_driver:u_I2C_Config|SENT'                                                                                                                                                ;
+-------+----------------------------------------+----------------------------------------+----------------------------------------+------------------------------+--------------+------------+------------+
; Slack ; From Node                              ; To Node                                ; Launch Clock                           ; Latch Clock                  ; Relationship ; Clock Skew ; Data Delay ;
+-------+----------------------------------------+----------------------------------------+----------------------------------------+------------------------------+--------------+------------+------------+
; 0.353 ; config_CODEC:u_CODEC_config|address[0] ; config_CODEC:u_CODEC_config|address[0] ; I2C_driver:u_I2C_Config|SENT           ; I2C_driver:u_I2C_Config|SENT ; 0.000        ; 0.073      ; 0.597      ;
; 0.360 ; config_CODEC:u_CODEC_config|vol[0]     ; config_CODEC:u_CODEC_config|DATA[0]    ; config_CODEC:u_CODEC_config|counter[9] ; I2C_driver:u_I2C_Config|SENT ; 0.000        ; 0.099      ; 0.650      ;
; 0.381 ; config_CODEC:u_CODEC_config|vol[4]     ; config_CODEC:u_CODEC_config|DATA[4]    ; config_CODEC:u_CODEC_config|counter[9] ; I2C_driver:u_I2C_Config|SENT ; 0.000        ; 0.099      ; 0.671      ;
; 0.388 ; config_CODEC:u_CODEC_config|vol[2]     ; config_CODEC:u_CODEC_config|DATA[2]    ; config_CODEC:u_CODEC_config|counter[9] ; I2C_driver:u_I2C_Config|SENT ; 0.000        ; 0.099      ; 0.678      ;
; 0.605 ; config_CODEC:u_CODEC_config|address[4] ; config_CODEC:u_CODEC_config|address[4] ; I2C_driver:u_I2C_Config|SENT           ; I2C_driver:u_I2C_Config|SENT ; 0.000        ; 0.073      ; 0.849      ;
; 0.625 ; config_CODEC:u_CODEC_config|address[1] ; config_CODEC:u_CODEC_config|address[1] ; I2C_driver:u_I2C_Config|SENT           ; I2C_driver:u_I2C_Config|SENT ; 0.000        ; 0.073      ; 0.869      ;
; 0.638 ; config_CODEC:u_CODEC_config|address[2] ; config_CODEC:u_CODEC_config|address[2] ; I2C_driver:u_I2C_Config|SENT           ; I2C_driver:u_I2C_Config|SENT ; 0.000        ; 0.073      ; 0.882      ;
; 0.640 ; config_CODEC:u_CODEC_config|address[3] ; config_CODEC:u_CODEC_config|address[3] ; I2C_driver:u_I2C_Config|SENT           ; I2C_driver:u_I2C_Config|SENT ; 0.000        ; 0.073      ; 0.884      ;
; 0.693 ; config_CODEC:u_CODEC_config|address[4] ; config_CODEC:u_CODEC_config|DATA[6]    ; I2C_driver:u_I2C_Config|SENT           ; I2C_driver:u_I2C_Config|SENT ; 0.000        ; 0.432      ; 1.296      ;
; 0.821 ; config_CODEC:u_CODEC_config|address[4] ; config_CODEC:u_CODEC_config|DATA[5]    ; I2C_driver:u_I2C_Config|SENT           ; I2C_driver:u_I2C_Config|SENT ; 0.000        ; 0.432      ; 1.424      ;
; 0.828 ; config_CODEC:u_CODEC_config|vol[1]     ; config_CODEC:u_CODEC_config|DATA[1]    ; config_CODEC:u_CODEC_config|counter[9] ; I2C_driver:u_I2C_Config|SENT ; 0.000        ; 0.099      ; 1.118      ;
; 0.830 ; config_CODEC:u_CODEC_config|address[0] ; config_CODEC:u_CODEC_config|DATA[6]    ; I2C_driver:u_I2C_Config|SENT           ; I2C_driver:u_I2C_Config|SENT ; 0.000        ; 0.431      ; 1.432      ;
; 0.838 ; config_CODEC:u_CODEC_config|vol[3]     ; config_CODEC:u_CODEC_config|DATA[3]    ; config_CODEC:u_CODEC_config|counter[9] ; I2C_driver:u_I2C_Config|SENT ; 0.000        ; 0.099      ; 1.128      ;
; 0.840 ; config_CODEC:u_CODEC_config|address[4] ; config_CODEC:u_CODEC_config|DATA[0]    ; I2C_driver:u_I2C_Config|SENT           ; I2C_driver:u_I2C_Config|SENT ; 0.000        ; 0.074      ; 1.085      ;
; 0.842 ; config_CODEC:u_CODEC_config|address[0] ; config_CODEC:u_CODEC_config|address[1] ; I2C_driver:u_I2C_Config|SENT           ; I2C_driver:u_I2C_Config|SENT ; 0.000        ; 0.072      ; 1.085      ;
; 0.855 ; config_CODEC:u_CODEC_config|address[2] ; config_CODEC:u_CODEC_config|DATA[2]    ; I2C_driver:u_I2C_Config|SENT           ; I2C_driver:u_I2C_Config|SENT ; 0.000        ; 0.074      ; 1.100      ;
; 0.898 ; config_CODEC:u_CODEC_config|address[1] ; config_CODEC:u_CODEC_config|address[2] ; I2C_driver:u_I2C_Config|SENT           ; I2C_driver:u_I2C_Config|SENT ; 0.000        ; 0.073      ; 1.142      ;
; 0.909 ; config_CODEC:u_CODEC_config|address[1] ; config_CODEC:u_CODEC_config|address[3] ; I2C_driver:u_I2C_Config|SENT           ; I2C_driver:u_I2C_Config|SENT ; 0.000        ; 0.073      ; 1.153      ;
; 0.912 ; config_CODEC:u_CODEC_config|address[3] ; config_CODEC:u_CODEC_config|DATA[6]    ; I2C_driver:u_I2C_Config|SENT           ; I2C_driver:u_I2C_Config|SENT ; 0.000        ; 0.432      ; 1.515      ;
; 0.924 ; config_CODEC:u_CODEC_config|address[2] ; config_CODEC:u_CODEC_config|DATA[5]    ; I2C_driver:u_I2C_Config|SENT           ; I2C_driver:u_I2C_Config|SENT ; 0.000        ; 0.432      ; 1.527      ;
; 0.924 ; config_CODEC:u_CODEC_config|address[2] ; config_CODEC:u_CODEC_config|address[3] ; I2C_driver:u_I2C_Config|SENT           ; I2C_driver:u_I2C_Config|SENT ; 0.000        ; 0.073      ; 1.168      ;
; 0.928 ; config_CODEC:u_CODEC_config|address[3] ; config_CODEC:u_CODEC_config|address[4] ; I2C_driver:u_I2C_Config|SENT           ; I2C_driver:u_I2C_Config|SENT ; 0.000        ; 0.073      ; 1.172      ;
; 0.983 ; config_CODEC:u_CODEC_config|address[2] ; config_CODEC:u_CODEC_config|DATA[6]    ; I2C_driver:u_I2C_Config|SENT           ; I2C_driver:u_I2C_Config|SENT ; 0.000        ; 0.432      ; 1.586      ;
; 1.008 ; config_CODEC:u_CODEC_config|address[1] ; config_CODEC:u_CODEC_config|address[4] ; I2C_driver:u_I2C_Config|SENT           ; I2C_driver:u_I2C_Config|SENT ; 0.000        ; 0.073      ; 1.252      ;
; 1.023 ; config_CODEC:u_CODEC_config|address[2] ; config_CODEC:u_CODEC_config|address[4] ; I2C_driver:u_I2C_Config|SENT           ; I2C_driver:u_I2C_Config|SENT ; 0.000        ; 0.073      ; 1.267      ;
; 1.024 ; config_CODEC:u_CODEC_config|address[1] ; config_CODEC:u_CODEC_config|DATA[6]    ; I2C_driver:u_I2C_Config|SENT           ; I2C_driver:u_I2C_Config|SENT ; 0.000        ; 0.432      ; 1.627      ;
; 1.052 ; config_CODEC:u_CODEC_config|address[1] ; config_CODEC:u_CODEC_config|DATA[5]    ; I2C_driver:u_I2C_Config|SENT           ; I2C_driver:u_I2C_Config|SENT ; 0.000        ; 0.432      ; 1.655      ;
; 1.061 ; config_CODEC:u_CODEC_config|address[1] ; config_CODEC:u_CODEC_config|DATA[2]    ; I2C_driver:u_I2C_Config|SENT           ; I2C_driver:u_I2C_Config|SENT ; 0.000        ; 0.074      ; 1.306      ;
; 1.063 ; config_CODEC:u_CODEC_config|address[3] ; config_CODEC:u_CODEC_config|DATA[10]   ; I2C_driver:u_I2C_Config|SENT           ; I2C_driver:u_I2C_Config|SENT ; 0.000        ; 0.074      ; 1.308      ;
; 1.065 ; config_CODEC:u_CODEC_config|address[3] ; config_CODEC:u_CODEC_config|DATA[5]    ; I2C_driver:u_I2C_Config|SENT           ; I2C_driver:u_I2C_Config|SENT ; 0.000        ; 0.432      ; 1.668      ;
; 1.113 ; config_CODEC:u_CODEC_config|address[0] ; config_CODEC:u_CODEC_config|address[2] ; I2C_driver:u_I2C_Config|SENT           ; I2C_driver:u_I2C_Config|SENT ; 0.000        ; 0.072      ; 1.356      ;
; 1.133 ; config_CODEC:u_CODEC_config|address[0] ; config_CODEC:u_CODEC_config|address[3] ; I2C_driver:u_I2C_Config|SENT           ; I2C_driver:u_I2C_Config|SENT ; 0.000        ; 0.072      ; 1.376      ;
; 1.154 ; config_CODEC:u_CODEC_config|address[0] ; config_CODEC:u_CODEC_config|DATA[0]    ; I2C_driver:u_I2C_Config|SENT           ; I2C_driver:u_I2C_Config|SENT ; 0.000        ; 0.073      ; 1.398      ;
; 1.208 ; config_CODEC:u_CODEC_config|address[4] ; config_CODEC:u_CODEC_config|DATA[11]   ; I2C_driver:u_I2C_Config|SENT           ; I2C_driver:u_I2C_Config|SENT ; 0.000        ; 0.074      ; 1.453      ;
; 1.210 ; config_CODEC:u_CODEC_config|address[4] ; config_CODEC:u_CODEC_config|DATA[10]   ; I2C_driver:u_I2C_Config|SENT           ; I2C_driver:u_I2C_Config|SENT ; 0.000        ; 0.074      ; 1.455      ;
; 1.222 ; config_CODEC:u_CODEC_config|address[4] ; config_CODEC:u_CODEC_config|DATA[12]   ; I2C_driver:u_I2C_Config|SENT           ; I2C_driver:u_I2C_Config|SENT ; 0.000        ; 0.074      ; 1.467      ;
; 1.223 ; config_CODEC:u_CODEC_config|address[0] ; config_CODEC:u_CODEC_config|address[4] ; I2C_driver:u_I2C_Config|SENT           ; I2C_driver:u_I2C_Config|SENT ; 0.000        ; 0.072      ; 1.466      ;
; 1.226 ; config_CODEC:u_CODEC_config|address[4] ; config_CODEC:u_CODEC_config|DATA[9]    ; I2C_driver:u_I2C_Config|SENT           ; I2C_driver:u_I2C_Config|SENT ; 0.000        ; 0.074      ; 1.471      ;
; 1.282 ; config_CODEC:u_CODEC_config|address[0] ; config_CODEC:u_CODEC_config|DATA[4]    ; I2C_driver:u_I2C_Config|SENT           ; I2C_driver:u_I2C_Config|SENT ; 0.000        ; 0.073      ; 1.526      ;
; 1.314 ; config_CODEC:u_CODEC_config|address[3] ; config_CODEC:u_CODEC_config|DATA[0]    ; I2C_driver:u_I2C_Config|SENT           ; I2C_driver:u_I2C_Config|SENT ; 0.000        ; 0.074      ; 1.559      ;
; 1.342 ; config_CODEC:u_CODEC_config|address[4] ; config_CODEC:u_CODEC_config|DATA[2]    ; I2C_driver:u_I2C_Config|SENT           ; I2C_driver:u_I2C_Config|SENT ; 0.000        ; 0.074      ; 1.587      ;
; 1.374 ; config_CODEC:u_CODEC_config|address[2] ; config_CODEC:u_CODEC_config|DATA[0]    ; I2C_driver:u_I2C_Config|SENT           ; I2C_driver:u_I2C_Config|SENT ; 0.000        ; 0.074      ; 1.619      ;
; 1.381 ; config_CODEC:u_CODEC_config|address[2] ; config_CODEC:u_CODEC_config|DATA[10]   ; I2C_driver:u_I2C_Config|SENT           ; I2C_driver:u_I2C_Config|SENT ; 0.000        ; 0.074      ; 1.626      ;
; 1.409 ; config_CODEC:u_CODEC_config|address[4] ; config_CODEC:u_CODEC_config|address[2] ; I2C_driver:u_I2C_Config|SENT           ; I2C_driver:u_I2C_Config|SENT ; 0.000        ; 0.073      ; 1.653      ;
; 1.409 ; config_CODEC:u_CODEC_config|address[4] ; config_CODEC:u_CODEC_config|address[1] ; I2C_driver:u_I2C_Config|SENT           ; I2C_driver:u_I2C_Config|SENT ; 0.000        ; 0.073      ; 1.653      ;
; 1.409 ; config_CODEC:u_CODEC_config|address[4] ; config_CODEC:u_CODEC_config|address[3] ; I2C_driver:u_I2C_Config|SENT           ; I2C_driver:u_I2C_Config|SENT ; 0.000        ; 0.073      ; 1.653      ;
; 1.432 ; config_CODEC:u_CODEC_config|address[4] ; config_CODEC:u_CODEC_config|DATA[4]    ; I2C_driver:u_I2C_Config|SENT           ; I2C_driver:u_I2C_Config|SENT ; 0.000        ; 0.074      ; 1.677      ;
; 1.466 ; config_CODEC:u_CODEC_config|address[1] ; config_CODEC:u_CODEC_config|DATA[0]    ; I2C_driver:u_I2C_Config|SENT           ; I2C_driver:u_I2C_Config|SENT ; 0.000        ; 0.074      ; 1.711      ;
; 1.471 ; config_CODEC:u_CODEC_config|address[2] ; config_CODEC:u_CODEC_config|DATA[4]    ; I2C_driver:u_I2C_Config|SENT           ; I2C_driver:u_I2C_Config|SENT ; 0.000        ; 0.074      ; 1.716      ;
; 1.489 ; config_CODEC:u_CODEC_config|address[2] ; config_CODEC:u_CODEC_config|address[1] ; I2C_driver:u_I2C_Config|SENT           ; I2C_driver:u_I2C_Config|SENT ; 0.000        ; 0.073      ; 1.733      ;
; 1.495 ; config_CODEC:u_CODEC_config|address[0] ; config_CODEC:u_CODEC_config|DATA[12]   ; I2C_driver:u_I2C_Config|SENT           ; I2C_driver:u_I2C_Config|SENT ; 0.000        ; 0.073      ; 1.739      ;
; 1.532 ; config_CODEC:u_CODEC_config|address[1] ; config_CODEC:u_CODEC_config|DATA[4]    ; I2C_driver:u_I2C_Config|SENT           ; I2C_driver:u_I2C_Config|SENT ; 0.000        ; 0.074      ; 1.777      ;
; 1.535 ; config_CODEC:u_CODEC_config|address[1] ; config_CODEC:u_CODEC_config|DATA[12]   ; I2C_driver:u_I2C_Config|SENT           ; I2C_driver:u_I2C_Config|SENT ; 0.000        ; 0.074      ; 1.780      ;
; 1.541 ; config_CODEC:u_CODEC_config|address[2] ; config_CODEC:u_CODEC_config|DATA[12]   ; I2C_driver:u_I2C_Config|SENT           ; I2C_driver:u_I2C_Config|SENT ; 0.000        ; 0.074      ; 1.786      ;
; 1.554 ; config_CODEC:u_CODEC_config|address[0] ; config_CODEC:u_CODEC_config|DATA[9]    ; I2C_driver:u_I2C_Config|SENT           ; I2C_driver:u_I2C_Config|SENT ; 0.000        ; 0.073      ; 1.798      ;
; 1.556 ; config_CODEC:u_CODEC_config|address[3] ; config_CODEC:u_CODEC_config|address[2] ; I2C_driver:u_I2C_Config|SENT           ; I2C_driver:u_I2C_Config|SENT ; 0.000        ; 0.073      ; 1.800      ;
; 1.556 ; config_CODEC:u_CODEC_config|address[3] ; config_CODEC:u_CODEC_config|address[1] ; I2C_driver:u_I2C_Config|SENT           ; I2C_driver:u_I2C_Config|SENT ; 0.000        ; 0.073      ; 1.800      ;
; 1.559 ; config_CODEC:u_CODEC_config|address[4] ; config_CODEC:u_CODEC_config|DATA[3]    ; I2C_driver:u_I2C_Config|SENT           ; I2C_driver:u_I2C_Config|SENT ; 0.000        ; 0.074      ; 1.804      ;
; 1.575 ; config_CODEC:u_CODEC_config|address[4] ; config_CODEC:u_CODEC_config|DATA[1]    ; I2C_driver:u_I2C_Config|SENT           ; I2C_driver:u_I2C_Config|SENT ; 0.000        ; 0.074      ; 1.820      ;
; 1.579 ; config_CODEC:u_CODEC_config|address[0] ; config_CODEC:u_CODEC_config|DATA[11]   ; I2C_driver:u_I2C_Config|SENT           ; I2C_driver:u_I2C_Config|SENT ; 0.000        ; 0.073      ; 1.823      ;
; 1.591 ; config_CODEC:u_CODEC_config|address[2] ; config_CODEC:u_CODEC_config|DATA[11]   ; I2C_driver:u_I2C_Config|SENT           ; I2C_driver:u_I2C_Config|SENT ; 0.000        ; 0.074      ; 1.836      ;
; 1.617 ; config_CODEC:u_CODEC_config|address[3] ; config_CODEC:u_CODEC_config|DATA[12]   ; I2C_driver:u_I2C_Config|SENT           ; I2C_driver:u_I2C_Config|SENT ; 0.000        ; 0.074      ; 1.862      ;
; 1.627 ; config_CODEC:u_CODEC_config|address[3] ; config_CODEC:u_CODEC_config|DATA[2]    ; I2C_driver:u_I2C_Config|SENT           ; I2C_driver:u_I2C_Config|SENT ; 0.000        ; 0.074      ; 1.872      ;
; 1.631 ; config_CODEC:u_CODEC_config|address[3] ; config_CODEC:u_CODEC_config|DATA[9]    ; I2C_driver:u_I2C_Config|SENT           ; I2C_driver:u_I2C_Config|SENT ; 0.000        ; 0.074      ; 1.876      ;
; 1.638 ; config_CODEC:u_CODEC_config|address[2] ; config_CODEC:u_CODEC_config|DATA[9]    ; I2C_driver:u_I2C_Config|SENT           ; I2C_driver:u_I2C_Config|SENT ; 0.000        ; 0.074      ; 1.883      ;
; 1.645 ; config_CODEC:u_CODEC_config|address[1] ; config_CODEC:u_CODEC_config|DATA[9]    ; I2C_driver:u_I2C_Config|SENT           ; I2C_driver:u_I2C_Config|SENT ; 0.000        ; 0.074      ; 1.890      ;
; 1.659 ; config_CODEC:u_CODEC_config|address[3] ; config_CODEC:u_CODEC_config|DATA[11]   ; I2C_driver:u_I2C_Config|SENT           ; I2C_driver:u_I2C_Config|SENT ; 0.000        ; 0.074      ; 1.904      ;
; 1.662 ; config_CODEC:u_CODEC_config|address[2] ; config_CODEC:u_CODEC_config|DATA[3]    ; I2C_driver:u_I2C_Config|SENT           ; I2C_driver:u_I2C_Config|SENT ; 0.000        ; 0.074      ; 1.907      ;
; 1.677 ; config_CODEC:u_CODEC_config|address[1] ; config_CODEC:u_CODEC_config|DATA[1]    ; I2C_driver:u_I2C_Config|SENT           ; I2C_driver:u_I2C_Config|SENT ; 0.000        ; 0.074      ; 1.922      ;
; 1.678 ; config_CODEC:u_CODEC_config|address[2] ; config_CODEC:u_CODEC_config|DATA[1]    ; I2C_driver:u_I2C_Config|SENT           ; I2C_driver:u_I2C_Config|SENT ; 0.000        ; 0.074      ; 1.923      ;
; 1.698 ; config_CODEC:u_CODEC_config|address[3] ; config_CODEC:u_CODEC_config|DATA[4]    ; I2C_driver:u_I2C_Config|SENT           ; I2C_driver:u_I2C_Config|SENT ; 0.000        ; 0.074      ; 1.943      ;
; 1.724 ; config_CODEC:u_CODEC_config|address[1] ; config_CODEC:u_CODEC_config|DATA[10]   ; I2C_driver:u_I2C_Config|SENT           ; I2C_driver:u_I2C_Config|SENT ; 0.000        ; 0.074      ; 1.969      ;
; 1.746 ; config_CODEC:u_CODEC_config|address[4] ; config_CODEC:u_CODEC_config|address[0] ; I2C_driver:u_I2C_Config|SENT           ; I2C_driver:u_I2C_Config|SENT ; 0.000        ; 0.074      ; 1.991      ;
; 1.790 ; config_CODEC:u_CODEC_config|address[1] ; config_CODEC:u_CODEC_config|DATA[3]    ; I2C_driver:u_I2C_Config|SENT           ; I2C_driver:u_I2C_Config|SENT ; 0.000        ; 0.074      ; 2.035      ;
; 1.792 ; config_CODEC:u_CODEC_config|address[1] ; config_CODEC:u_CODEC_config|DATA[11]   ; I2C_driver:u_I2C_Config|SENT           ; I2C_driver:u_I2C_Config|SENT ; 0.000        ; 0.074      ; 2.037      ;
; 1.797 ; config_CODEC:u_CODEC_config|address[3] ; config_CODEC:u_CODEC_config|DATA[1]    ; I2C_driver:u_I2C_Config|SENT           ; I2C_driver:u_I2C_Config|SENT ; 0.000        ; 0.074      ; 2.042      ;
; 1.813 ; config_CODEC:u_CODEC_config|address[3] ; config_CODEC:u_CODEC_config|DATA[3]    ; I2C_driver:u_I2C_Config|SENT           ; I2C_driver:u_I2C_Config|SENT ; 0.000        ; 0.074      ; 2.058      ;
; 1.826 ; config_CODEC:u_CODEC_config|address[2] ; config_CODEC:u_CODEC_config|address[0] ; I2C_driver:u_I2C_Config|SENT           ; I2C_driver:u_I2C_Config|SENT ; 0.000        ; 0.074      ; 2.071      ;
; 1.893 ; config_CODEC:u_CODEC_config|address[3] ; config_CODEC:u_CODEC_config|address[0] ; I2C_driver:u_I2C_Config|SENT           ; I2C_driver:u_I2C_Config|SENT ; 0.000        ; 0.074      ; 2.138      ;
; 2.120 ; config_CODEC:u_CODEC_config|address[1] ; config_CODEC:u_CODEC_config|address[0] ; I2C_driver:u_I2C_Config|SENT           ; I2C_driver:u_I2C_Config|SENT ; 0.000        ; 0.074      ; 2.365      ;
; 2.133 ; config_CODEC:u_CODEC_config|address[0] ; config_CODEC:u_CODEC_config|DATA[1]    ; I2C_driver:u_I2C_Config|SENT           ; I2C_driver:u_I2C_Config|SENT ; 0.000        ; 0.073      ; 2.377      ;
+-------+----------------------------------------+----------------------------------------+----------------------------------------+------------------------------+--------------+------------+------------+


+------------------------------------------------------------------------------------------------------------------------------------------------------------------------------------------------------------------------------------------------------------------------------------------------------------------------------------+
; Slow 1200mV 0C Model Hold: 'config_CODEC:u_CODEC_config|counter[9]'                                                                                                                                                                                                                                                                ;
+-------+---------------------------------------------------------------+---------------------------------------------------------------------------------------------------------------------------------+----------------------------------------+----------------------------------------+--------------+------------+------------+
; Slack ; From Node                                                     ; To Node                                                                                                                         ; Launch Clock                           ; Latch Clock                            ; Relationship ; Clock Skew ; Data Delay ;
+-------+---------------------------------------------------------------+---------------------------------------------------------------------------------------------------------------------------------+----------------------------------------+----------------------------------------+--------------+------------+------------+
; 0.362 ; tremolo:tremolo_inst_L|phase_acc[14]                          ; tremolo:tremolo_inst_L|SinusLUT:sinus_inst|altsyncram:Mux6_rtl_0|altsyncram_lc21:auto_generated|ram_block1a0~porta_address_reg0 ; config_CODEC:u_CODEC_config|counter[9] ; config_CODEC:u_CODEC_config|counter[9] ; 0.000        ; 0.395      ; 0.958      ;
; 0.364 ; tremolo:tremolo_inst_L|phase_acc[15]                          ; tremolo:tremolo_inst_L|SinusLUT:sinus_inst|altsyncram:Mux6_rtl_0|altsyncram_lc21:auto_generated|ram_block1a0~porta_address_reg0 ; config_CODEC:u_CODEC_config|counter[9] ; config_CODEC:u_CODEC_config|counter[9] ; 0.000        ; 0.395      ; 0.960      ;
; 0.366 ; tremolo:tremolo_inst_L|phase_acc[11]                          ; tremolo:tremolo_inst_L|SinusLUT:sinus_inst|altsyncram:Mux6_rtl_0|altsyncram_lc21:auto_generated|ram_block1a0~porta_address_reg0 ; config_CODEC:u_CODEC_config|counter[9] ; config_CODEC:u_CODEC_config|counter[9] ; 0.000        ; 0.395      ; 0.962      ;
; 0.379 ; tremolo:tremolo_inst_L|phase_acc[8]                           ; tremolo:tremolo_inst_L|SinusLUT:sinus_inst|altsyncram:Mux6_rtl_0|altsyncram_lc21:auto_generated|ram_block1a0~porta_address_reg0 ; config_CODEC:u_CODEC_config|counter[9] ; config_CODEC:u_CODEC_config|counter[9] ; 0.000        ; 0.395      ; 0.975      ;
; 0.385 ; tremolo:tremolo_inst_R|release_counter[13]                    ; tremolo:tremolo_inst_R|release_counter[13]                                                                                      ; config_CODEC:u_CODEC_config|counter[9] ; config_CODEC:u_CODEC_config|counter[9] ; 0.000        ; 0.073      ; 0.629      ;
; 0.386 ; digital_distortion:digital_distortion_L|counter[4]            ; digital_distortion:digital_distortion_L|counter[4]                                                                              ; config_CODEC:u_CODEC_config|counter[9] ; config_CODEC:u_CODEC_config|counter[9] ; 0.000        ; 0.072      ; 0.629      ;
; 0.389 ; tremolo:tremolo_inst_L|release_counter[10]                    ; tremolo:tremolo_inst_L|gate_open                                                                                                ; config_CODEC:u_CODEC_config|counter[9] ; config_CODEC:u_CODEC_config|counter[9] ; 0.000        ; 0.072      ; 0.632      ;
; 0.390 ; tremolo:tremolo_inst_L|phase_acc[12]                          ; tremolo:tremolo_inst_L|SinusLUT:sinus_inst|altsyncram:Mux6_rtl_0|altsyncram_lc21:auto_generated|ram_block1a0~porta_address_reg0 ; config_CODEC:u_CODEC_config|counter[9] ; config_CODEC:u_CODEC_config|counter[9] ; 0.000        ; 0.395      ; 0.986      ;
; 0.396 ; digital_distortion:digital_distortion_R|sortie_bitcrushed[6]  ; digital_distortion:digital_distortion_R|audio_out[6]                                                                            ; config_CODEC:u_CODEC_config|counter[9] ; config_CODEC:u_CODEC_config|counter[9] ; 0.000        ; 0.072      ; 0.639      ;
; 0.398 ; digital_distortion:digital_distortion_R|sortie_bitcrushed[8]  ; digital_distortion:digital_distortion_R|audio_out[8]                                                                            ; config_CODEC:u_CODEC_config|counter[9] ; config_CODEC:u_CODEC_config|counter[9] ; 0.000        ; 0.072      ; 0.641      ;
; 0.405 ; digital_distortion:digital_distortion_L|max_counter[4]        ; digital_distortion:digital_distortion_L|max_counter[4]                                                                          ; config_CODEC:u_CODEC_config|counter[9] ; config_CODEC:u_CODEC_config|counter[9] ; 0.000        ; 0.073      ; 0.649      ;
; 0.416 ; tremolo:tremolo_inst_L|phase_acc[13]                          ; tremolo:tremolo_inst_L|SinusLUT:sinus_inst|altsyncram:Mux6_rtl_0|altsyncram_lc21:auto_generated|ram_block1a0~porta_address_reg0 ; config_CODEC:u_CODEC_config|counter[9] ; config_CODEC:u_CODEC_config|counter[9] ; 0.000        ; 0.395      ; 1.012      ;
; 0.418 ; FIR_filter_37_tap:u_fir_filter_R|input_sample[16][14]         ; FIR_filter_37_tap:u_fir_filter_R|input_sample[17][14]                                                                           ; config_CODEC:u_CODEC_config|counter[9] ; config_CODEC:u_CODEC_config|counter[9] ; 0.000        ; 0.071      ; 0.660      ;
; 0.423 ; digital_distortion:digital_distortion_L|echantillon[10]       ; digital_distortion:digital_distortion_L|sortie_bitcrushed[10]                                                                   ; config_CODEC:u_CODEC_config|counter[9] ; config_CODEC:u_CODEC_config|counter[9] ; 0.000        ; 0.071      ; 0.665      ;
; 0.424 ; FIR_filter_37_tap:u_fir_filter_L|input_sample[18][11]         ; FIR_filter_37_tap:u_fir_filter_L|input_sample[19][11]                                                                           ; config_CODEC:u_CODEC_config|counter[9] ; config_CODEC:u_CODEC_config|counter[9] ; 0.000        ; 0.072      ; 0.667      ;
; 0.448 ; FIR_filter_37_tap:u_fir_filter_L|input_sample[18][9]          ; FIR_filter_37_tap:u_fir_filter_L|input_sample[19][9]                                                                            ; config_CODEC:u_CODEC_config|counter[9] ; config_CODEC:u_CODEC_config|counter[9] ; 0.000        ; 0.072      ; 0.691      ;
; 0.472 ; FIR_filter_37_tap:u_fir_filter_L|input_sample[18][8]          ; FIR_filter_37_tap:u_fir_filter_L|input_sample[19][8]                                                                            ; config_CODEC:u_CODEC_config|counter[9] ; config_CODEC:u_CODEC_config|counter[9] ; 0.000        ; 0.072      ; 0.715      ;
; 0.501 ; tremolo:tremolo_inst_R|release_counter[10]                    ; tremolo:tremolo_inst_R|gate_open                                                                                                ; config_CODEC:u_CODEC_config|counter[9] ; config_CODEC:u_CODEC_config|counter[9] ; 0.000        ; 0.073      ; 0.745      ;
; 0.532 ; digital_distortion:digital_distortion_R|echantillon[10]       ; digital_distortion:digital_distortion_R|sortie_bitcrushed[10]                                                                   ; config_CODEC:u_CODEC_config|counter[9] ; config_CODEC:u_CODEC_config|counter[9] ; 0.000        ; 0.072      ; 0.775      ;
; 0.548 ; digital_distortion:digital_distortion_L|sortie_bitcrushed[6]  ; digital_distortion:digital_distortion_L|audio_out[6]                                                                            ; config_CODEC:u_CODEC_config|counter[9] ; config_CODEC:u_CODEC_config|counter[9] ; 0.000        ; 0.071      ; 0.790      ;
; 0.548 ; digital_distortion:digital_distortion_R|sortie_bitcrushed[12] ; digital_distortion:digital_distortion_R|audio_out[12]                                                                           ; config_CODEC:u_CODEC_config|counter[9] ; config_CODEC:u_CODEC_config|counter[9] ; 0.000        ; 0.072      ; 0.791      ;
; 0.548 ; digital_distortion:digital_distortion_R|sortie_bitcrushed[13] ; digital_distortion:digital_distortion_R|audio_out[13]                                                                           ; config_CODEC:u_CODEC_config|counter[9] ; config_CODEC:u_CODEC_config|counter[9] ; 0.000        ; 0.072      ; 0.791      ;
; 0.549 ; digital_distortion:digital_distortion_L|sortie_bitcrushed[7]  ; digital_distortion:digital_distortion_L|audio_out[7]                                                                            ; config_CODEC:u_CODEC_config|counter[9] ; config_CODEC:u_CODEC_config|counter[9] ; 0.000        ; 0.071      ; 0.791      ;
; 0.549 ; digital_distortion:digital_distortion_R|sortie_bitcrushed[7]  ; digital_distortion:digital_distortion_R|audio_out[7]                                                                            ; config_CODEC:u_CODEC_config|counter[9] ; config_CODEC:u_CODEC_config|counter[9] ; 0.000        ; 0.072      ; 0.792      ;
; 0.550 ; digital_distortion:digital_distortion_L|sortie_bitcrushed[10] ; digital_distortion:digital_distortion_L|audio_out[10]                                                                           ; config_CODEC:u_CODEC_config|counter[9] ; config_CODEC:u_CODEC_config|counter[9] ; 0.000        ; 0.071      ; 0.792      ;
; 0.550 ; digital_distortion:digital_distortion_L|sortie_bitcrushed[11] ; digital_distortion:digital_distortion_L|audio_out[11]                                                                           ; config_CODEC:u_CODEC_config|counter[9] ; config_CODEC:u_CODEC_config|counter[9] ; 0.000        ; 0.071      ; 0.792      ;
; 0.551 ; I2C_driver:u_I2C_Config|I2C_counter[5]                        ; I2C_driver:u_I2C_Config|SCLK                                                                                                    ; config_CODEC:u_CODEC_config|counter[9] ; config_CODEC:u_CODEC_config|counter[9] ; 0.000        ; 0.073      ; 0.795      ;
; 0.551 ; digital_distortion:digital_distortion_L|sortie_bitcrushed[8]  ; digital_distortion:digital_distortion_L|audio_out[8]                                                                            ; config_CODEC:u_CODEC_config|counter[9] ; config_CODEC:u_CODEC_config|counter[9] ; 0.000        ; 0.071      ; 0.793      ;
; 0.552 ; FIR_filter_37_tap:u_fir_filter_R|input_sample[26][8]          ; FIR_filter_37_tap:u_fir_filter_R|input_sample[27][8]                                                                            ; config_CODEC:u_CODEC_config|counter[9] ; config_CODEC:u_CODEC_config|counter[9] ; 0.000        ; 0.071      ; 0.794      ;
; 0.554 ; FIR_filter_37_tap:u_fir_filter_R|input_sample[17][1]          ; FIR_filter_37_tap:u_fir_filter_R|input_sample[18][1]                                                                            ; config_CODEC:u_CODEC_config|counter[9] ; config_CODEC:u_CODEC_config|counter[9] ; 0.000        ; 0.071      ; 0.796      ;
; 0.555 ; FIR_filter_37_tap:u_fir_filter_L|input_sample[17][7]          ; FIR_filter_37_tap:u_fir_filter_L|input_sample[18][7]                                                                            ; config_CODEC:u_CODEC_config|counter[9] ; config_CODEC:u_CODEC_config|counter[9] ; 0.000        ; 0.072      ; 0.798      ;
; 0.555 ; FIR_filter_37_tap:u_fir_filter_L|input_sample[17][5]          ; FIR_filter_37_tap:u_fir_filter_L|input_sample[18][5]                                                                            ; config_CODEC:u_CODEC_config|counter[9] ; config_CODEC:u_CODEC_config|counter[9] ; 0.000        ; 0.072      ; 0.798      ;
; 0.555 ; FIR_filter_37_tap:u_fir_filter_L|input_sample[24][8]          ; FIR_filter_37_tap:u_fir_filter_L|input_sample[25][8]                                                                            ; config_CODEC:u_CODEC_config|counter[9] ; config_CODEC:u_CODEC_config|counter[9] ; 0.000        ; 0.071      ; 0.797      ;
; 0.555 ; FIR_filter_37_tap:u_fir_filter_R|input_sample[26][10]         ; FIR_filter_37_tap:u_fir_filter_R|input_sample[27][10]                                                                           ; config_CODEC:u_CODEC_config|counter[9] ; config_CODEC:u_CODEC_config|counter[9] ; 0.000        ; 0.071      ; 0.797      ;
; 0.556 ; FIR_filter_37_tap:u_fir_filter_L|input_sample[28][2]          ; FIR_filter_37_tap:u_fir_filter_L|input_sample[29][2]                                                                            ; config_CODEC:u_CODEC_config|counter[9] ; config_CODEC:u_CODEC_config|counter[9] ; 0.000        ; 0.074      ; 0.801      ;
; 0.556 ; FIR_filter_37_tap:u_fir_filter_L|input_sample[22][9]          ; FIR_filter_37_tap:u_fir_filter_L|input_sample[23][9]                                                                            ; config_CODEC:u_CODEC_config|counter[9] ; config_CODEC:u_CODEC_config|counter[9] ; 0.000        ; 0.072      ; 0.799      ;
; 0.556 ; FIR_filter_37_tap:u_fir_filter_L|input_sample[26][8]          ; FIR_filter_37_tap:u_fir_filter_L|input_sample[27][8]                                                                            ; config_CODEC:u_CODEC_config|counter[9] ; config_CODEC:u_CODEC_config|counter[9] ; 0.000        ; 0.072      ; 0.799      ;
; 0.556 ; FIR_filter_37_tap:u_fir_filter_R|input_sample[13][11]         ; FIR_filter_37_tap:u_fir_filter_R|input_sample[14][11]                                                                           ; config_CODEC:u_CODEC_config|counter[9] ; config_CODEC:u_CODEC_config|counter[9] ; 0.000        ; 0.070      ; 0.797      ;
; 0.556 ; FIR_filter_37_tap:u_fir_filter_R|input_sample[17][2]          ; FIR_filter_37_tap:u_fir_filter_R|input_sample[18][2]                                                                            ; config_CODEC:u_CODEC_config|counter[9] ; config_CODEC:u_CODEC_config|counter[9] ; 0.000        ; 0.071      ; 0.798      ;
; 0.557 ; FIR_filter_37_tap:u_fir_filter_L|input_sample[11][9]          ; FIR_filter_37_tap:u_fir_filter_L|input_sample[12][9]                                                                            ; config_CODEC:u_CODEC_config|counter[9] ; config_CODEC:u_CODEC_config|counter[9] ; 0.000        ; 0.073      ; 0.801      ;
; 0.558 ; FIR_filter_37_tap:u_fir_filter_L|input_sample[22][1]          ; FIR_filter_37_tap:u_fir_filter_L|input_sample[23][1]                                                                            ; config_CODEC:u_CODEC_config|counter[9] ; config_CODEC:u_CODEC_config|counter[9] ; 0.000        ; 0.072      ; 0.801      ;
; 0.559 ; FIR_filter_37_tap:u_fir_filter_L|input_sample[24][1]          ; FIR_filter_37_tap:u_fir_filter_L|input_sample[25][1]                                                                            ; config_CODEC:u_CODEC_config|counter[9] ; config_CODEC:u_CODEC_config|counter[9] ; 0.000        ; 0.071      ; 0.801      ;
; 0.560 ; FIR_filter_37_tap:u_fir_filter_L|input_sample[13][9]          ; FIR_filter_37_tap:u_fir_filter_L|input_sample[14][9]                                                                            ; config_CODEC:u_CODEC_config|counter[9] ; config_CODEC:u_CODEC_config|counter[9] ; 0.000        ; 0.071      ; 0.802      ;
; 0.560 ; FIR_filter_37_tap:u_fir_filter_R|input_sample[26][9]          ; FIR_filter_37_tap:u_fir_filter_R|input_sample[27][9]                                                                            ; config_CODEC:u_CODEC_config|counter[9] ; config_CODEC:u_CODEC_config|counter[9] ; 0.000        ; 0.071      ; 0.802      ;
; 0.560 ; FIR_filter_37_tap:u_fir_filter_R|input_sample[25][9]          ; FIR_filter_37_tap:u_fir_filter_R|input_sample[26][9]                                                                            ; config_CODEC:u_CODEC_config|counter[9] ; config_CODEC:u_CODEC_config|counter[9] ; 0.000        ; 0.071      ; 0.802      ;
; 0.562 ; FIR_filter_37_tap:u_fir_filter_R|input_sample[26][3]          ; FIR_filter_37_tap:u_fir_filter_R|input_sample[27][3]                                                                            ; config_CODEC:u_CODEC_config|counter[9] ; config_CODEC:u_CODEC_config|counter[9] ; 0.000        ; 0.071      ; 0.804      ;
; 0.562 ; FIR_filter_37_tap:u_fir_filter_R|input_sample[17][15]         ; FIR_filter_37_tap:u_fir_filter_R|input_sample[18][15]                                                                           ; config_CODEC:u_CODEC_config|counter[9] ; config_CODEC:u_CODEC_config|counter[9] ; 0.000        ; 0.071      ; 0.804      ;
; 0.563 ; FIR_filter_37_tap:u_fir_filter_L|input_sample[26][3]          ; FIR_filter_37_tap:u_fir_filter_L|input_sample[27][3]                                                                            ; config_CODEC:u_CODEC_config|counter[9] ; config_CODEC:u_CODEC_config|counter[9] ; 0.000        ; 0.072      ; 0.806      ;
; 0.563 ; FIR_filter_37_tap:u_fir_filter_L|input_sample[2][3]           ; FIR_filter_37_tap:u_fir_filter_L|input_sample[3][3]                                                                             ; config_CODEC:u_CODEC_config|counter[9] ; config_CODEC:u_CODEC_config|counter[9] ; 0.000        ; 0.074      ; 0.808      ;
; 0.565 ; FIR_filter_37_tap:u_fir_filter_R|input_sample[2][3]           ; FIR_filter_37_tap:u_fir_filter_R|input_sample[3][3]                                                                             ; config_CODEC:u_CODEC_config|counter[9] ; config_CODEC:u_CODEC_config|counter[9] ; 0.000        ; 0.072      ; 0.808      ;
; 0.567 ; FIR_filter_37_tap:u_fir_filter_L|input_sample[24][9]          ; FIR_filter_37_tap:u_fir_filter_L|input_sample[25][9]                                                                            ; config_CODEC:u_CODEC_config|counter[9] ; config_CODEC:u_CODEC_config|counter[9] ; 0.000        ; 0.071      ; 0.809      ;
; 0.567 ; FIR_filter_37_tap:u_fir_filter_R|input_sample[13][0]          ; FIR_filter_37_tap:u_fir_filter_R|input_sample[14][0]                                                                            ; config_CODEC:u_CODEC_config|counter[9] ; config_CODEC:u_CODEC_config|counter[9] ; 0.000        ; 0.070      ; 0.808      ;
; 0.569 ; FIR_filter_37_tap:u_fir_filter_L|input_sample[17][10]         ; FIR_filter_37_tap:u_fir_filter_L|input_sample[18][10]                                                                           ; config_CODEC:u_CODEC_config|counter[9] ; config_CODEC:u_CODEC_config|counter[9] ; 0.000        ; 0.072      ; 0.812      ;
; 0.569 ; FIR_filter_37_tap:u_fir_filter_R|input_sample[25][2]          ; FIR_filter_37_tap:u_fir_filter_R|input_sample[26][2]                                                                            ; config_CODEC:u_CODEC_config|counter[9] ; config_CODEC:u_CODEC_config|counter[9] ; 0.000        ; 0.071      ; 0.811      ;
; 0.569 ; FIR_filter_37_tap:u_fir_filter_R|input_sample[17][8]          ; FIR_filter_37_tap:u_fir_filter_R|input_sample[18][8]                                                                            ; config_CODEC:u_CODEC_config|counter[9] ; config_CODEC:u_CODEC_config|counter[9] ; 0.000        ; 0.071      ; 0.811      ;
; 0.570 ; FIR_filter_37_tap:u_fir_filter_L|input_sample[11][1]          ; FIR_filter_37_tap:u_fir_filter_L|input_sample[12][1]                                                                            ; config_CODEC:u_CODEC_config|counter[9] ; config_CODEC:u_CODEC_config|counter[9] ; 0.000        ; 0.073      ; 0.814      ;
; 0.570 ; FIR_filter_37_tap:u_fir_filter_R|input_sample[25][8]          ; FIR_filter_37_tap:u_fir_filter_R|input_sample[26][8]                                                                            ; config_CODEC:u_CODEC_config|counter[9] ; config_CODEC:u_CODEC_config|counter[9] ; 0.000        ; 0.071      ; 0.812      ;
; 0.570 ; FIR_filter_37_tap:u_fir_filter_R|input_sample[16][6]          ; FIR_filter_37_tap:u_fir_filter_R|input_sample[17][6]                                                                            ; config_CODEC:u_CODEC_config|counter[9] ; config_CODEC:u_CODEC_config|counter[9] ; 0.000        ; 0.071      ; 0.812      ;
; 0.570 ; FIR_filter_37_tap:u_fir_filter_R|input_sample[14][0]          ; FIR_filter_37_tap:u_fir_filter_R|input_sample[15][0]                                                                            ; config_CODEC:u_CODEC_config|counter[9] ; config_CODEC:u_CODEC_config|counter[9] ; 0.000        ; 0.071      ; 0.812      ;
; 0.570 ; config_CODEC:u_CODEC_config|DATA[2]                           ; I2C_driver:u_I2C_Config|data_to_send[2]                                                                                         ; I2C_driver:u_I2C_Config|SENT           ; config_CODEC:u_CODEC_config|counter[9] ; 0.000        ; 0.262      ; 1.023      ;
; 0.571 ; FIR_filter_37_tap:u_fir_filter_L|input_sample[16][8]          ; FIR_filter_37_tap:u_fir_filter_L|input_sample[17][8]                                                                            ; config_CODEC:u_CODEC_config|counter[9] ; config_CODEC:u_CODEC_config|counter[9] ; 0.000        ; 0.071      ; 0.813      ;
; 0.572 ; FIR_filter_37_tap:u_fir_filter_L|input_sample[13][1]          ; FIR_filter_37_tap:u_fir_filter_L|input_sample[14][1]                                                                            ; config_CODEC:u_CODEC_config|counter[9] ; config_CODEC:u_CODEC_config|counter[9] ; 0.000        ; 0.070      ; 0.813      ;
; 0.573 ; FIR_filter_37_tap:u_fir_filter_L|input_sample[11][2]          ; FIR_filter_37_tap:u_fir_filter_L|input_sample[12][2]                                                                            ; config_CODEC:u_CODEC_config|counter[9] ; config_CODEC:u_CODEC_config|counter[9] ; 0.000        ; 0.073      ; 0.817      ;
; 0.574 ; digital_distortion:digital_distortion_L|max_counter[2]        ; digital_distortion:digital_distortion_L|counter_vector[2]                                                                       ; config_CODEC:u_CODEC_config|counter[9] ; config_CODEC:u_CODEC_config|counter[9] ; 0.000        ; 0.073      ; 0.818      ;
; 0.574 ; FIR_filter_37_tap:u_fir_filter_L|input_sample[13][2]          ; FIR_filter_37_tap:u_fir_filter_L|input_sample[14][2]                                                                            ; config_CODEC:u_CODEC_config|counter[9] ; config_CODEC:u_CODEC_config|counter[9] ; 0.000        ; 0.070      ; 0.815      ;
; 0.574 ; FIR_filter_37_tap:u_fir_filter_R|input_sample[9][11]          ; FIR_filter_37_tap:u_fir_filter_R|input_sample[10][11]                                                                           ; config_CODEC:u_CODEC_config|counter[9] ; config_CODEC:u_CODEC_config|counter[9] ; 0.000        ; 0.088      ; 0.833      ;
; 0.575 ; FIR_filter_37_tap:u_fir_filter_L|input_sample[17][15]         ; FIR_filter_37_tap:u_fir_filter_L|input_sample[18][15]                                                                           ; config_CODEC:u_CODEC_config|counter[9] ; config_CODEC:u_CODEC_config|counter[9] ; 0.000        ; 0.072      ; 0.818      ;
; 0.575 ; FIR_filter_37_tap:u_fir_filter_L|input_sample[16][0]          ; FIR_filter_37_tap:u_fir_filter_L|input_sample[17][0]                                                                            ; config_CODEC:u_CODEC_config|counter[9] ; config_CODEC:u_CODEC_config|counter[9] ; 0.000        ; 0.070      ; 0.816      ;
; 0.576 ; FIR_filter_37_tap:u_fir_filter_L|input_sample[16][6]          ; FIR_filter_37_tap:u_fir_filter_L|input_sample[17][6]                                                                            ; config_CODEC:u_CODEC_config|counter[9] ; config_CODEC:u_CODEC_config|counter[9] ; 0.000        ; 0.070      ; 0.817      ;
; 0.578 ; FIR_filter_37_tap:u_fir_filter_L|input_sample[28][1]          ; FIR_filter_37_tap:u_fir_filter_L|input_sample[29][1]                                                                            ; config_CODEC:u_CODEC_config|counter[9] ; config_CODEC:u_CODEC_config|counter[9] ; 0.000        ; 0.074      ; 0.823      ;
; 0.579 ; tremolo:tremolo_inst_L|release_counter[1]                     ; tremolo:tremolo_inst_L|release_counter[1]                                                                                       ; config_CODEC:u_CODEC_config|counter[9] ; config_CODEC:u_CODEC_config|counter[9] ; 0.000        ; 0.072      ; 0.822      ;
; 0.579 ; tremolo:tremolo_inst_R|release_counter[2]                     ; tremolo:tremolo_inst_R|release_counter[2]                                                                                       ; config_CODEC:u_CODEC_config|counter[9] ; config_CODEC:u_CODEC_config|counter[9] ; 0.000        ; 0.073      ; 0.823      ;
; 0.579 ; tremolo:tremolo_inst_L|phase_acc[5]                           ; tremolo:tremolo_inst_L|phase_acc[5]                                                                                             ; config_CODEC:u_CODEC_config|counter[9] ; config_CODEC:u_CODEC_config|counter[9] ; 0.000        ; 0.073      ; 0.823      ;
; 0.579 ; tremolo:tremolo_inst_L|phase_acc[3]                           ; tremolo:tremolo_inst_L|phase_acc[3]                                                                                             ; config_CODEC:u_CODEC_config|counter[9] ; config_CODEC:u_CODEC_config|counter[9] ; 0.000        ; 0.073      ; 0.823      ;
; 0.579 ; FIR_filter_37_tap:u_fir_filter_R|input_sample[13][9]          ; FIR_filter_37_tap:u_fir_filter_R|input_sample[14][9]                                                                            ; config_CODEC:u_CODEC_config|counter[9] ; config_CODEC:u_CODEC_config|counter[9] ; 0.000        ; 0.070      ; 0.820      ;
; 0.579 ; FIR_filter_37_tap:u_fir_filter_R|input_sample[2][8]           ; FIR_filter_37_tap:u_fir_filter_R|input_sample[3][8]                                                                             ; config_CODEC:u_CODEC_config|counter[9] ; config_CODEC:u_CODEC_config|counter[9] ; 0.000        ; 0.073      ; 0.823      ;
; 0.580 ; FIR_filter_37_tap:u_fir_filter_L|input_sample[26][0]          ; FIR_filter_37_tap:u_fir_filter_L|input_sample[27][0]                                                                            ; config_CODEC:u_CODEC_config|counter[9] ; config_CODEC:u_CODEC_config|counter[9] ; 0.000        ; 0.072      ; 0.823      ;
; 0.580 ; tremolo:tremolo_inst_L|phase_acc[6]                           ; tremolo:tremolo_inst_L|phase_acc[6]                                                                                             ; config_CODEC:u_CODEC_config|counter[9] ; config_CODEC:u_CODEC_config|counter[9] ; 0.000        ; 0.073      ; 0.824      ;
; 0.581 ; FIR_filter_37_tap:u_fir_filter_L|input_sample[7][8]           ; FIR_filter_37_tap:u_fir_filter_L|input_sample[8][8]                                                                             ; config_CODEC:u_CODEC_config|counter[9] ; config_CODEC:u_CODEC_config|counter[9] ; 0.000        ; 0.070      ; 0.822      ;
; 0.581 ; FIR_filter_37_tap:u_fir_filter_L|input_sample[24][11]         ; FIR_filter_37_tap:u_fir_filter_L|input_sample[25][11]                                                                           ; config_CODEC:u_CODEC_config|counter[9] ; config_CODEC:u_CODEC_config|counter[9] ; 0.000        ; 0.071      ; 0.823      ;
; 0.581 ; tremolo:tremolo_inst_R|release_counter[1]                     ; tremolo:tremolo_inst_R|release_counter[1]                                                                                       ; config_CODEC:u_CODEC_config|counter[9] ; config_CODEC:u_CODEC_config|counter[9] ; 0.000        ; 0.073      ; 0.825      ;
; 0.581 ; tremolo:tremolo_inst_L|phase_acc[2]                           ; tremolo:tremolo_inst_L|phase_acc[2]                                                                                             ; config_CODEC:u_CODEC_config|counter[9] ; config_CODEC:u_CODEC_config|counter[9] ; 0.000        ; 0.073      ; 0.825      ;
; 0.581 ; FIR_filter_37_tap:u_fir_filter_R|input_sample[26][11]         ; FIR_filter_37_tap:u_fir_filter_R|input_sample[27][11]                                                                           ; config_CODEC:u_CODEC_config|counter[9] ; config_CODEC:u_CODEC_config|counter[9] ; 0.000        ; 0.071      ; 0.823      ;
; 0.581 ; FIR_filter_37_tap:u_fir_filter_R|input_sample[26][2]          ; FIR_filter_37_tap:u_fir_filter_R|input_sample[27][2]                                                                            ; config_CODEC:u_CODEC_config|counter[9] ; config_CODEC:u_CODEC_config|counter[9] ; 0.000        ; 0.071      ; 0.823      ;
; 0.582 ; FIR_filter_37_tap:u_fir_filter_L|input_sample[2][2]           ; FIR_filter_37_tap:u_fir_filter_L|input_sample[3][2]                                                                             ; config_CODEC:u_CODEC_config|counter[9] ; config_CODEC:u_CODEC_config|counter[9] ; 0.000        ; 0.074      ; 0.827      ;
; 0.582 ; tremolo:tremolo_inst_L|phase_acc[7]                           ; tremolo:tremolo_inst_L|phase_acc[7]                                                                                             ; config_CODEC:u_CODEC_config|counter[9] ; config_CODEC:u_CODEC_config|counter[9] ; 0.000        ; 0.073      ; 0.826      ;
; 0.582 ; tremolo:tremolo_inst_L|phase_acc[1]                           ; tremolo:tremolo_inst_L|phase_acc[1]                                                                                             ; config_CODEC:u_CODEC_config|counter[9] ; config_CODEC:u_CODEC_config|counter[9] ; 0.000        ; 0.073      ; 0.826      ;
; 0.582 ; FIR_filter_37_tap:u_fir_filter_R|input_sample[14][8]          ; FIR_filter_37_tap:u_fir_filter_R|input_sample[15][8]                                                                            ; config_CODEC:u_CODEC_config|counter[9] ; config_CODEC:u_CODEC_config|counter[9] ; 0.000        ; 0.070      ; 0.823      ;
; 0.582 ; FIR_filter_37_tap:u_fir_filter_R|input_sample[13][2]          ; FIR_filter_37_tap:u_fir_filter_R|input_sample[14][2]                                                                            ; config_CODEC:u_CODEC_config|counter[9] ; config_CODEC:u_CODEC_config|counter[9] ; 0.000        ; 0.070      ; 0.823      ;
; 0.582 ; FIR_filter_37_tap:u_fir_filter_R|input_sample[13][1]          ; FIR_filter_37_tap:u_fir_filter_R|input_sample[14][1]                                                                            ; config_CODEC:u_CODEC_config|counter[9] ; config_CODEC:u_CODEC_config|counter[9] ; 0.000        ; 0.070      ; 0.823      ;
; 0.583 ; FIR_filter_37_tap:u_fir_filter_L|input_sample[22][0]          ; FIR_filter_37_tap:u_fir_filter_L|input_sample[23][0]                                                                            ; config_CODEC:u_CODEC_config|counter[9] ; config_CODEC:u_CODEC_config|counter[9] ; 0.000        ; 0.072      ; 0.826      ;
; 0.583 ; FIR_filter_37_tap:u_fir_filter_L|input_sample[26][11]         ; FIR_filter_37_tap:u_fir_filter_L|input_sample[27][11]                                                                           ; config_CODEC:u_CODEC_config|counter[9] ; config_CODEC:u_CODEC_config|counter[9] ; 0.000        ; 0.072      ; 0.826      ;
; 0.584 ; FIR_filter_37_tap:u_fir_filter_L|input_sample[2][0]           ; FIR_filter_37_tap:u_fir_filter_L|input_sample[3][0]                                                                             ; config_CODEC:u_CODEC_config|counter[9] ; config_CODEC:u_CODEC_config|counter[9] ; 0.000        ; 0.074      ; 0.829      ;
; 0.584 ; FIR_filter_37_tap:u_fir_filter_R|input_sample[2][9]           ; FIR_filter_37_tap:u_fir_filter_R|input_sample[3][9]                                                                             ; config_CODEC:u_CODEC_config|counter[9] ; config_CODEC:u_CODEC_config|counter[9] ; 0.000        ; 0.073      ; 0.828      ;
; 0.584 ; FIR_filter_37_tap:u_fir_filter_R|input_sample[2][2]           ; FIR_filter_37_tap:u_fir_filter_R|input_sample[3][2]                                                                             ; config_CODEC:u_CODEC_config|counter[9] ; config_CODEC:u_CODEC_config|counter[9] ; 0.000        ; 0.072      ; 0.827      ;
; 0.585 ; tremolo:tremolo_inst_L|release_counter[2]                     ; tremolo:tremolo_inst_L|release_counter[2]                                                                                       ; config_CODEC:u_CODEC_config|counter[9] ; config_CODEC:u_CODEC_config|counter[9] ; 0.000        ; 0.072      ; 0.828      ;
; 0.585 ; tremolo:tremolo_inst_L|release_counter[11]                    ; tremolo:tremolo_inst_L|release_counter[11]                                                                                      ; config_CODEC:u_CODEC_config|counter[9] ; config_CODEC:u_CODEC_config|counter[9] ; 0.000        ; 0.072      ; 0.828      ;
; 0.585 ; FIR_filter_37_tap:u_fir_filter_L|input_sample[22][11]         ; FIR_filter_37_tap:u_fir_filter_L|input_sample[23][11]                                                                           ; config_CODEC:u_CODEC_config|counter[9] ; config_CODEC:u_CODEC_config|counter[9] ; 0.000        ; 0.072      ; 0.828      ;
; 0.586 ; tremolo:tremolo_inst_R|release_counter[10]                    ; tremolo:tremolo_inst_R|release_counter[10]                                                                                      ; config_CODEC:u_CODEC_config|counter[9] ; config_CODEC:u_CODEC_config|counter[9] ; 0.000        ; 0.073      ; 0.830      ;
; 0.586 ; FIR_filter_37_tap:u_fir_filter_R|input_sample[13][8]          ; FIR_filter_37_tap:u_fir_filter_R|input_sample[14][8]                                                                            ; config_CODEC:u_CODEC_config|counter[9] ; config_CODEC:u_CODEC_config|counter[9] ; 0.000        ; 0.070      ; 0.827      ;
+-------+---------------------------------------------------------------+---------------------------------------------------------------------------------------------------------------------------------+----------------------------------------+----------------------------------------+--------------+------------+------------+


+-----------------------------------------------------------------------------------------------------------------------------------------------------------------------------------------------+
; Slow 1200mV 0C Model Hold: 'AUD_BCLK'                                                                                                                                                         ;
+-------+-------------------------------------------+-------------------------------------------+----------------------------------------+-------------+--------------+------------+------------+
; Slack ; From Node                                 ; To Node                                   ; Launch Clock                           ; Latch Clock ; Relationship ; Clock Skew ; Data Delay ;
+-------+-------------------------------------------+-------------------------------------------+----------------------------------------+-------------+--------------+------------+------------+
; 0.387 ; parallel_to_serial:u2|right_shift_reg[0]  ; parallel_to_serial:u2|right_shift_reg[0]  ; AUD_BCLK                               ; AUD_BCLK    ; 0.000        ; 0.039      ; 0.597      ;
; 0.387 ; parallel_to_serial:u2|left_shift_reg[0]   ; parallel_to_serial:u2|left_shift_reg[0]   ; AUD_BCLK                               ; AUD_BCLK    ; 0.000        ; 0.039      ; 0.597      ;
; 0.421 ; parallel_to_serial:u2|right_shift_reg[3]  ; parallel_to_serial:u2|right_shift_reg[4]  ; AUD_BCLK                               ; AUD_BCLK    ; 0.000        ; 0.048      ; 0.640      ;
; 0.421 ; parallel_to_serial:u2|right_shift_reg[2]  ; parallel_to_serial:u2|right_shift_reg[3]  ; AUD_BCLK                               ; AUD_BCLK    ; 0.000        ; 0.048      ; 0.640      ;
; 0.424 ; parallel_to_serial:u2|left_shift_reg[3]   ; parallel_to_serial:u2|left_shift_reg[4]   ; AUD_BCLK                               ; AUD_BCLK    ; 0.000        ; 0.046      ; 0.641      ;
; 0.428 ; parallel_to_serial:u2|left_shift_reg[9]   ; parallel_to_serial:u2|left_shift_reg[10]  ; AUD_BCLK                               ; AUD_BCLK    ; 0.000        ; 0.041      ; 0.640      ;
; 0.429 ; parallel_to_serial:u2|left_shift_reg[12]  ; parallel_to_serial:u2|left_shift_reg[13]  ; AUD_BCLK                               ; AUD_BCLK    ; 0.000        ; 0.040      ; 0.640      ;
; 0.429 ; parallel_to_serial:u2|left_shift_reg[11]  ; parallel_to_serial:u2|left_shift_reg[12]  ; AUD_BCLK                               ; AUD_BCLK    ; 0.000        ; 0.040      ; 0.640      ;
; 0.441 ; serial_to_parallel:u1|left_shift_reg[5]   ; serial_to_parallel:u1|left_shift_reg[6]   ; AUD_BCLK                               ; AUD_BCLK    ; 0.000        ; 0.046      ; 0.658      ;
; 0.442 ; serial_to_parallel:u1|left_shift_reg[14]  ; serial_to_parallel:u1|left_shift_reg[15]  ; AUD_BCLK                               ; AUD_BCLK    ; 0.000        ; 0.046      ; 0.659      ;
; 0.442 ; serial_to_parallel:u1|left_shift_reg[8]   ; serial_to_parallel:u1|left_shift_reg[9]   ; AUD_BCLK                               ; AUD_BCLK    ; 0.000        ; 0.046      ; 0.659      ;
; 0.442 ; serial_to_parallel:u1|left_shift_reg[3]   ; serial_to_parallel:u1|left_shift_reg[4]   ; AUD_BCLK                               ; AUD_BCLK    ; 0.000        ; 0.046      ; 0.659      ;
; 0.442 ; serial_to_parallel:u1|left_shift_reg[2]   ; serial_to_parallel:u1|left_shift_reg[3]   ; AUD_BCLK                               ; AUD_BCLK    ; 0.000        ; 0.046      ; 0.659      ;
; 0.443 ; serial_to_parallel:u1|left_shift_reg[10]  ; serial_to_parallel:u1|left_shift_reg[11]  ; AUD_BCLK                               ; AUD_BCLK    ; 0.000        ; 0.046      ; 0.660      ;
; 0.443 ; serial_to_parallel:u1|left_shift_reg[7]   ; serial_to_parallel:u1|left_shift_reg[8]   ; AUD_BCLK                               ; AUD_BCLK    ; 0.000        ; 0.046      ; 0.660      ;
; 0.445 ; serial_to_parallel:u1|right_shift_reg[1]  ; serial_to_parallel:u1|right_shift_reg[2]  ; AUD_BCLK                               ; AUD_BCLK    ; 0.000        ; 0.042      ; 0.658      ;
; 0.446 ; serial_to_parallel:u1|right_shift_reg[4]  ; serial_to_parallel:u1|right_shift_reg[5]  ; AUD_BCLK                               ; AUD_BCLK    ; 0.000        ; 0.042      ; 0.659      ;
; 0.447 ; serial_to_parallel:u1|right_shift_reg[5]  ; serial_to_parallel:u1|right_shift_reg[6]  ; AUD_BCLK                               ; AUD_BCLK    ; 0.000        ; 0.042      ; 0.660      ;
; 0.447 ; serial_to_parallel:u1|right_shift_reg[3]  ; serial_to_parallel:u1|right_shift_reg[4]  ; AUD_BCLK                               ; AUD_BCLK    ; 0.000        ; 0.042      ; 0.660      ;
; 0.448 ; serial_to_parallel:u1|right_shift_reg[0]  ; serial_to_parallel:u1|right_shift_reg[1]  ; AUD_BCLK                               ; AUD_BCLK    ; 0.000        ; 0.042      ; 0.661      ;
; 0.458 ; parallel_to_serial:u2|DACLRC_sample[1]    ; parallel_to_serial:u2|DACLRC_sample[0]    ; AUD_BCLK                               ; AUD_BCLK    ; 0.000        ; 0.044      ; 0.673      ;
; 0.582 ; serial_to_parallel:u1|right_shift_reg[14] ; serial_to_parallel:u1|right_shift_reg[15] ; AUD_BCLK                               ; AUD_BCLK    ; 0.000        ; 0.043      ; 0.796      ;
; 0.582 ; serial_to_parallel:u1|left_shift_reg[12]  ; serial_to_parallel:u1|left_shift_reg[13]  ; AUD_BCLK                               ; AUD_BCLK    ; 0.000        ; 0.046      ; 0.799      ;
; 0.583 ; serial_to_parallel:u1|right_shift_reg[13] ; serial_to_parallel:u1|right_shift_reg[14] ; AUD_BCLK                               ; AUD_BCLK    ; 0.000        ; 0.043      ; 0.797      ;
; 0.586 ; serial_to_parallel:u1|right_shift_reg[7]  ; serial_to_parallel:u1|right_shift_reg[8]  ; AUD_BCLK                               ; AUD_BCLK    ; 0.000        ; 0.042      ; 0.799      ;
; 0.587 ; serial_to_parallel:u1|right_shift_reg[2]  ; serial_to_parallel:u1|right_shift_reg[3]  ; AUD_BCLK                               ; AUD_BCLK    ; 0.000        ; 0.042      ; 0.800      ;
; 0.594 ; serial_to_parallel:u1|left_shift_reg[13]  ; serial_to_parallel:u1|left_shift_reg[14]  ; AUD_BCLK                               ; AUD_BCLK    ; 0.000        ; 0.046      ; 0.811      ;
; 0.594 ; audio_out_R[11]                           ; parallel_to_serial:u2|right_shift_reg[11] ; config_CODEC:u_CODEC_config|counter[9] ; AUD_BCLK    ; -0.500       ; 0.529      ; 0.824      ;
; 0.595 ; serial_to_parallel:u1|left_shift_reg[6]   ; serial_to_parallel:u1|left_shift_reg[7]   ; AUD_BCLK                               ; AUD_BCLK    ; 0.000        ; 0.046      ; 0.812      ;
; 0.595 ; serial_to_parallel:u1|left_shift_reg[0]   ; serial_to_parallel:u1|left_shift_reg[1]   ; AUD_BCLK                               ; AUD_BCLK    ; 0.000        ; 0.046      ; 0.812      ;
; 0.595 ; audio_out_R[14]                           ; parallel_to_serial:u2|right_shift_reg[14] ; config_CODEC:u_CODEC_config|counter[9] ; AUD_BCLK    ; -0.500       ; 0.529      ; 0.825      ;
; 0.598 ; serial_to_parallel:u1|left_shift_reg[4]   ; serial_to_parallel:u1|left_shift_reg[5]   ; AUD_BCLK                               ; AUD_BCLK    ; 0.000        ; 0.046      ; 0.815      ;
; 0.599 ; serial_to_parallel:u1|right_shift_reg[9]  ; serial_to_parallel:u1|right_shift_reg[10] ; AUD_BCLK                               ; AUD_BCLK    ; 0.000        ; 0.042      ; 0.812      ;
; 0.599 ; serial_to_parallel:u1|right_shift_reg[6]  ; serial_to_parallel:u1|right_shift_reg[7]  ; AUD_BCLK                               ; AUD_BCLK    ; 0.000        ; 0.042      ; 0.812      ;
; 0.599 ; audio_out_R[10]                           ; parallel_to_serial:u2|right_shift_reg[10] ; config_CODEC:u_CODEC_config|counter[9] ; AUD_BCLK    ; -0.500       ; 0.529      ; 0.829      ;
; 0.599 ; audio_out_R[13]                           ; parallel_to_serial:u2|right_shift_reg[13] ; config_CODEC:u_CODEC_config|counter[9] ; AUD_BCLK    ; -0.500       ; 0.529      ; 0.829      ;
; 0.601 ; serial_to_parallel:u1|right_shift_reg[8]  ; serial_to_parallel:u1|right_shift_reg[9]  ; AUD_BCLK                               ; AUD_BCLK    ; 0.000        ; 0.042      ; 0.814      ;
; 0.609 ; parallel_to_serial:u2|right_shift_reg[6]  ; parallel_to_serial:u2|right_shift_reg[7]  ; AUD_BCLK                               ; AUD_BCLK    ; 0.000        ; 0.045      ; 0.825      ;
; 0.612 ; parallel_to_serial:u2|right_shift_reg[14] ; parallel_to_serial:u2|right_shift_reg[15] ; AUD_BCLK                               ; AUD_BCLK    ; 0.000        ; 0.045      ; 0.828      ;
; 0.613 ; parallel_to_serial:u2|left_shift_reg[8]   ; parallel_to_serial:u2|left_shift_reg[9]   ; AUD_BCLK                               ; AUD_BCLK    ; 0.000        ; 0.041      ; 0.825      ;
; 0.613 ; parallel_to_serial:u2|right_shift_reg[7]  ; parallel_to_serial:u2|right_shift_reg[8]  ; AUD_BCLK                               ; AUD_BCLK    ; 0.000        ; 0.045      ; 0.829      ;
; 0.615 ; parallel_to_serial:u2|right_shift_reg[13] ; parallel_to_serial:u2|right_shift_reg[14] ; AUD_BCLK                               ; AUD_BCLK    ; 0.000        ; 0.045      ; 0.831      ;
; 0.615 ; parallel_to_serial:u2|right_shift_reg[10] ; parallel_to_serial:u2|right_shift_reg[11] ; AUD_BCLK                               ; AUD_BCLK    ; 0.000        ; 0.045      ; 0.831      ;
; 0.621 ; parallel_to_serial:u2|counter[2]          ; parallel_to_serial:u2|counter[2]          ; AUD_BCLK                               ; AUD_BCLK    ; 0.000        ; 0.039      ; 0.831      ;
; 0.622 ; parallel_to_serial:u2|counter[1]          ; parallel_to_serial:u2|counter[1]          ; AUD_BCLK                               ; AUD_BCLK    ; 0.000        ; 0.039      ; 0.832      ;
; 0.636 ; parallel_to_serial:u2|counter[3]          ; parallel_to_serial:u2|counter[3]          ; AUD_BCLK                               ; AUD_BCLK    ; 0.000        ; 0.039      ; 0.846      ;
; 0.646 ; parallel_to_serial:u2|counter[0]          ; parallel_to_serial:u2|counter[0]          ; AUD_BCLK                               ; AUD_BCLK    ; 0.000        ; 0.039      ; 0.856      ;
; 0.647 ; audio_out_L[12]                           ; parallel_to_serial:u2|left_shift_reg[12]  ; config_CODEC:u_CODEC_config|counter[9] ; AUD_BCLK    ; -0.500       ; 0.477      ; 0.825      ;
; 0.652 ; audio_out_L[11]                           ; parallel_to_serial:u2|left_shift_reg[11]  ; config_CODEC:u_CODEC_config|counter[9] ; AUD_BCLK    ; -0.500       ; 0.477      ; 0.830      ;
; 0.652 ; audio_out_L[13]                           ; parallel_to_serial:u2|left_shift_reg[13]  ; config_CODEC:u_CODEC_config|counter[9] ; AUD_BCLK    ; -0.500       ; 0.477      ; 0.830      ;
; 0.658 ; serial_to_parallel:u1|counter[4]          ; serial_to_parallel:u1|counter[4]          ; AUD_BCLK                               ; AUD_BCLK    ; 0.000        ; 0.039      ; 0.868      ;
; 0.663 ; parallel_to_serial:u2|counter[4]          ; parallel_to_serial:u2|counter[4]          ; AUD_BCLK                               ; AUD_BCLK    ; 0.000        ; 0.039      ; 0.873      ;
; 0.701 ; audio_out_L[8]                            ; parallel_to_serial:u2|left_shift_reg[8]   ; config_CODEC:u_CODEC_config|counter[9] ; AUD_BCLK    ; -0.500       ; 0.428      ; 0.830      ;
; 0.701 ; audio_out_L[10]                           ; parallel_to_serial:u2|left_shift_reg[10]  ; config_CODEC:u_CODEC_config|counter[9] ; AUD_BCLK    ; -0.500       ; 0.428      ; 0.830      ;
; 0.714 ; audio_out_L[5]                            ; parallel_to_serial:u2|left_shift_reg[5]   ; config_CODEC:u_CODEC_config|counter[9] ; AUD_BCLK    ; -0.500       ; 0.410      ; 0.825      ;
; 0.720 ; audio_out_L[1]                            ; parallel_to_serial:u2|left_shift_reg[1]   ; config_CODEC:u_CODEC_config|counter[9] ; AUD_BCLK    ; -0.500       ; 0.410      ; 0.831      ;
; 0.743 ; serial_to_parallel:u1|left_shift_reg[11]  ; serial_to_parallel:u1|left_shift_reg[12]  ; AUD_BCLK                               ; AUD_BCLK    ; 0.000        ; 0.046      ; 0.960      ;
; 0.746 ; serial_to_parallel:u1|right_shift_reg[10] ; serial_to_parallel:u1|right_shift_reg[11] ; AUD_BCLK                               ; AUD_BCLK    ; 0.000        ; 0.042      ; 0.959      ;
; 0.751 ; serial_to_parallel:u1|right_shift_reg[12] ; serial_to_parallel:u1|right_shift_reg[13] ; AUD_BCLK                               ; AUD_BCLK    ; 0.000        ; 0.043      ; 0.965      ;
; 0.760 ; serial_to_parallel:u1|left_shift_reg[9]   ; serial_to_parallel:u1|left_shift_reg[10]  ; AUD_BCLK                               ; AUD_BCLK    ; 0.000        ; 0.046      ; 0.977      ;
; 0.769 ; parallel_to_serial:u2|right_shift_reg[1]  ; parallel_to_serial:u2|right_shift_reg[2]  ; AUD_BCLK                               ; AUD_BCLK    ; 0.000        ; 0.140      ; 1.080      ;
; 0.784 ; parallel_to_serial:u2|left_shift_reg[4]   ; parallel_to_serial:u2|left_shift_reg[5]   ; AUD_BCLK                               ; AUD_BCLK    ; 0.000        ; 0.110      ; 1.065      ;
; 0.791 ; audio_out_R[12]                           ; parallel_to_serial:u2|right_shift_reg[12] ; config_CODEC:u_CODEC_config|counter[9] ; AUD_BCLK    ; -0.500       ; 0.602      ; 1.094      ;
; 0.797 ; serial_to_parallel:u1|left_shift_reg[11]  ; serial_to_parallel:u1|left_data[11]       ; AUD_BCLK                               ; AUD_BCLK    ; 0.000        ; 0.125      ; 1.093      ;
; 0.802 ; serial_to_parallel:u1|counter[2]          ; serial_to_parallel:u1|counter[2]          ; AUD_BCLK                               ; AUD_BCLK    ; 0.000        ; 0.039      ; 1.012      ;
; 0.807 ; serial_to_parallel:u1|counter[3]          ; serial_to_parallel:u1|counter[3]          ; AUD_BCLK                               ; AUD_BCLK    ; 0.000        ; 0.039      ; 1.017      ;
; 0.809 ; audio_out_R[3]                            ; parallel_to_serial:u2|right_shift_reg[3]  ; config_CODEC:u_CODEC_config|counter[9] ; AUD_BCLK    ; -0.500       ; 0.481      ; 0.991      ;
; 0.818 ; serial_to_parallel:u1|counter[1]          ; serial_to_parallel:u1|counter[1]          ; AUD_BCLK                               ; AUD_BCLK    ; 0.000        ; 0.039      ; 1.028      ;
; 0.821 ; serial_to_parallel:u1|counter[0]          ; serial_to_parallel:u1|counter[0]          ; AUD_BCLK                               ; AUD_BCLK    ; 0.000        ; 0.039      ; 1.031      ;
; 0.851 ; serial_to_parallel:u1|right_shift_reg[10] ; serial_to_parallel:u1|right_data[10]      ; AUD_BCLK                               ; AUD_BCLK    ; 0.000        ; 0.259      ; 1.281      ;
; 0.856 ; serial_to_parallel:u1|right_shift_reg[13] ; serial_to_parallel:u1|right_data[13]      ; AUD_BCLK                               ; AUD_BCLK    ; 0.000        ; -0.229     ; 0.798      ;
; 0.856 ; parallel_to_serial:u2|right_shift_reg[12] ; parallel_to_serial:u2|right_shift_reg[13] ; AUD_BCLK                               ; AUD_BCLK    ; 0.000        ; -0.006     ; 1.021      ;
; 0.858 ; serial_to_parallel:u1|right_shift_reg[14] ; serial_to_parallel:u1|right_data[14]      ; AUD_BCLK                               ; AUD_BCLK    ; 0.000        ; -0.229     ; 0.800      ;
; 0.869 ; audio_out_R[15]                           ; parallel_to_serial:u2|right_shift_reg[15] ; config_CODEC:u_CODEC_config|counter[9] ; AUD_BCLK    ; -0.500       ; 0.529      ; 1.099      ;
; 0.872 ; audio_out_L[9]                            ; parallel_to_serial:u2|left_shift_reg[9]   ; config_CODEC:u_CODEC_config|counter[9] ; AUD_BCLK    ; -0.500       ; 0.428      ; 1.001      ;
; 0.875 ; parallel_to_serial:u2|right_shift_reg[11] ; parallel_to_serial:u2|right_shift_reg[12] ; AUD_BCLK                               ; AUD_BCLK    ; 0.000        ; 0.138      ; 1.184      ;
; 0.878 ; parallel_to_serial:u2|right_shift_reg[8]  ; parallel_to_serial:u2|right_shift_reg[9]  ; AUD_BCLK                               ; AUD_BCLK    ; 0.000        ; 0.224      ; 1.273      ;
; 0.881 ; audio_out_R[0]                            ; parallel_to_serial:u2|right_shift_reg[0]  ; config_CODEC:u_CODEC_config|counter[9] ; AUD_BCLK    ; -0.500       ; 0.443      ; 1.025      ;
; 0.883 ; audio_out_L[7]                            ; parallel_to_serial:u2|left_shift_reg[7]   ; config_CODEC:u_CODEC_config|counter[9] ; AUD_BCLK    ; -0.500       ; 0.472      ; 1.056      ;
; 0.883 ; audio_out_R[7]                            ; parallel_to_serial:u2|right_shift_reg[7]  ; config_CODEC:u_CODEC_config|counter[9] ; AUD_BCLK    ; -0.500       ; 0.438      ; 1.022      ;
; 0.884 ; audio_out_R[6]                            ; parallel_to_serial:u2|right_shift_reg[6]  ; config_CODEC:u_CODEC_config|counter[9] ; AUD_BCLK    ; -0.500       ; 0.438      ; 1.023      ;
; 0.891 ; audio_out_R[9]                            ; parallel_to_serial:u2|right_shift_reg[9]  ; config_CODEC:u_CODEC_config|counter[9] ; AUD_BCLK    ; -0.500       ; 0.513      ; 1.105      ;
; 0.906 ; parallel_to_serial:u2|counter[1]          ; parallel_to_serial:u2|counter[2]          ; AUD_BCLK                               ; AUD_BCLK    ; 0.000        ; 0.042      ; 1.119      ;
; 0.906 ; parallel_to_serial:u2|counter[2]          ; parallel_to_serial:u2|counter[3]          ; AUD_BCLK                               ; AUD_BCLK    ; 0.000        ; 0.042      ; 1.119      ;
; 0.908 ; audio_out_L[0]                            ; parallel_to_serial:u2|left_shift_reg[0]   ; config_CODEC:u_CODEC_config|counter[9] ; AUD_BCLK    ; -0.500       ; 0.463      ; 1.072      ;
; 0.910 ; parallel_to_serial:u2|counter[0]          ; parallel_to_serial:u2|counter[1]          ; AUD_BCLK                               ; AUD_BCLK    ; 0.000        ; 0.042      ; 1.123      ;
; 0.913 ; audio_out_L[15]                           ; parallel_to_serial:u2|left_shift_reg[15]  ; config_CODEC:u_CODEC_config|counter[9] ; AUD_BCLK    ; -0.500       ; 0.534      ; 1.148      ;
; 0.917 ; parallel_to_serial:u2|counter[2]          ; parallel_to_serial:u2|counter[4]          ; AUD_BCLK                               ; AUD_BCLK    ; 0.000        ; 0.042      ; 1.130      ;
; 0.917 ; serial_to_parallel:u1|right_shift_reg[11] ; serial_to_parallel:u1|right_shift_reg[12] ; AUD_BCLK                               ; AUD_BCLK    ; 0.000        ; 0.581      ; 1.669      ;
; 0.920 ; parallel_to_serial:u2|counter[3]          ; parallel_to_serial:u2|counter[4]          ; AUD_BCLK                               ; AUD_BCLK    ; 0.000        ; 0.042      ; 1.133      ;
; 0.921 ; parallel_to_serial:u2|counter[0]          ; parallel_to_serial:u2|counter[2]          ; AUD_BCLK                               ; AUD_BCLK    ; 0.000        ; 0.042      ; 1.134      ;
; 0.926 ; audio_out_L[6]                            ; parallel_to_serial:u2|left_shift_reg[6]   ; config_CODEC:u_CODEC_config|counter[9] ; AUD_BCLK    ; -0.500       ; 0.481      ; 1.108      ;
; 0.929 ; audio_out_R[8]                            ; parallel_to_serial:u2|right_shift_reg[8]  ; config_CODEC:u_CODEC_config|counter[9] ; AUD_BCLK    ; -0.500       ; 0.438      ; 1.068      ;
; 0.935 ; audio_out_R[2]                            ; parallel_to_serial:u2|right_shift_reg[2]  ; config_CODEC:u_CODEC_config|counter[9] ; AUD_BCLK    ; -0.500       ; 0.481      ; 1.117      ;
; 0.937 ; audio_out_R[4]                            ; parallel_to_serial:u2|right_shift_reg[4]  ; config_CODEC:u_CODEC_config|counter[9] ; AUD_BCLK    ; -0.500       ; 0.480      ; 1.118      ;
; 0.939 ; audio_out_L[2]                            ; parallel_to_serial:u2|left_shift_reg[2]   ; config_CODEC:u_CODEC_config|counter[9] ; AUD_BCLK    ; -0.500       ; 0.486      ; 1.126      ;
; 0.943 ; audio_out_R[1]                            ; parallel_to_serial:u2|right_shift_reg[1]  ; config_CODEC:u_CODEC_config|counter[9] ; AUD_BCLK    ; -0.500       ; 0.466      ; 1.110      ;
; 0.958 ; serial_to_parallel:u1|left_shift_reg[1]   ; serial_to_parallel:u1|left_shift_reg[2]   ; AUD_BCLK                               ; AUD_BCLK    ; 0.000        ; 0.046      ; 1.175      ;
; 0.961 ; audio_out_R[5]                            ; parallel_to_serial:u2|right_shift_reg[5]  ; config_CODEC:u_CODEC_config|counter[9] ; AUD_BCLK    ; -0.500       ; 0.466      ; 1.128      ;
; 0.977 ; serial_to_parallel:u1|left_shift_reg[13]  ; serial_to_parallel:u1|left_data[13]       ; AUD_BCLK                               ; AUD_BCLK    ; 0.000        ; 0.125      ; 1.273      ;
+-------+-------------------------------------------+-------------------------------------------+----------------------------------------+-------------+--------------+------------+------------+


+-----------------------------------------------------------------------------------------------------------------------------------------------------------------------------------+
; Slow 1200mV 0C Model Recovery: 'I2C_driver:u_I2C_Config|SENT'                                                                                                                     ;
+--------+------------------------------------------+----------------------------------------+--------------+------------------------------+--------------+------------+------------+
; Slack  ; From Node                                ; To Node                                ; Launch Clock ; Latch Clock                  ; Relationship ; Clock Skew ; Data Delay ;
+--------+------------------------------------------+----------------------------------------+--------------+------------------------------+--------------+------------+------------+
; -0.423 ; key_detect:u_switch_trigger|key1_pressed ; config_CODEC:u_CODEC_config|address[0] ; CLOCK_50     ; I2C_driver:u_I2C_Config|SENT ; 1.000        ; 1.084      ; 2.496      ;
; -0.382 ; key_detect:u_switch_trigger|key0_pressed ; config_CODEC:u_CODEC_config|address[0] ; CLOCK_50     ; I2C_driver:u_I2C_Config|SENT ; 1.000        ; 1.084      ; 2.455      ;
; -0.262 ; key_detect:u_switch_trigger|key1_pressed ; config_CODEC:u_CODEC_config|address[1] ; CLOCK_50     ; I2C_driver:u_I2C_Config|SENT ; 1.000        ; 1.083      ; 2.334      ;
; -0.262 ; key_detect:u_switch_trigger|key1_pressed ; config_CODEC:u_CODEC_config|address[2] ; CLOCK_50     ; I2C_driver:u_I2C_Config|SENT ; 1.000        ; 1.083      ; 2.334      ;
; -0.262 ; key_detect:u_switch_trigger|key1_pressed ; config_CODEC:u_CODEC_config|address[3] ; CLOCK_50     ; I2C_driver:u_I2C_Config|SENT ; 1.000        ; 1.083      ; 2.334      ;
; -0.262 ; key_detect:u_switch_trigger|key1_pressed ; config_CODEC:u_CODEC_config|address[4] ; CLOCK_50     ; I2C_driver:u_I2C_Config|SENT ; 1.000        ; 1.083      ; 2.334      ;
; -0.221 ; key_detect:u_switch_trigger|key0_pressed ; config_CODEC:u_CODEC_config|address[1] ; CLOCK_50     ; I2C_driver:u_I2C_Config|SENT ; 1.000        ; 1.083      ; 2.293      ;
; -0.221 ; key_detect:u_switch_trigger|key0_pressed ; config_CODEC:u_CODEC_config|address[2] ; CLOCK_50     ; I2C_driver:u_I2C_Config|SENT ; 1.000        ; 1.083      ; 2.293      ;
; -0.221 ; key_detect:u_switch_trigger|key0_pressed ; config_CODEC:u_CODEC_config|address[3] ; CLOCK_50     ; I2C_driver:u_I2C_Config|SENT ; 1.000        ; 1.083      ; 2.293      ;
; -0.221 ; key_detect:u_switch_trigger|key0_pressed ; config_CODEC:u_CODEC_config|address[4] ; CLOCK_50     ; I2C_driver:u_I2C_Config|SENT ; 1.000        ; 1.083      ; 2.293      ;
+--------+------------------------------------------+----------------------------------------+--------------+------------------------------+--------------+------------+------------+


+----------------------------------------------------------------------------------------------------------------------------------------------------------------------------------+
; Slow 1200mV 0C Model Removal: 'I2C_driver:u_I2C_Config|SENT'                                                                                                                     ;
+-------+------------------------------------------+----------------------------------------+--------------+------------------------------+--------------+------------+------------+
; Slack ; From Node                                ; To Node                                ; Launch Clock ; Latch Clock                  ; Relationship ; Clock Skew ; Data Delay ;
+-------+------------------------------------------+----------------------------------------+--------------+------------------------------+--------------+------------+------------+
; 0.536 ; key_detect:u_switch_trigger|key1_pressed ; config_CODEC:u_CODEC_config|address[1] ; CLOCK_50     ; I2C_driver:u_I2C_Config|SENT ; 0.000        ; 1.362      ; 2.099      ;
; 0.536 ; key_detect:u_switch_trigger|key1_pressed ; config_CODEC:u_CODEC_config|address[2] ; CLOCK_50     ; I2C_driver:u_I2C_Config|SENT ; 0.000        ; 1.362      ; 2.099      ;
; 0.536 ; key_detect:u_switch_trigger|key1_pressed ; config_CODEC:u_CODEC_config|address[3] ; CLOCK_50     ; I2C_driver:u_I2C_Config|SENT ; 0.000        ; 1.362      ; 2.099      ;
; 0.536 ; key_detect:u_switch_trigger|key1_pressed ; config_CODEC:u_CODEC_config|address[4] ; CLOCK_50     ; I2C_driver:u_I2C_Config|SENT ; 0.000        ; 1.362      ; 2.099      ;
; 0.575 ; key_detect:u_switch_trigger|key0_pressed ; config_CODEC:u_CODEC_config|address[1] ; CLOCK_50     ; I2C_driver:u_I2C_Config|SENT ; 0.000        ; 1.362      ; 2.138      ;
; 0.575 ; key_detect:u_switch_trigger|key0_pressed ; config_CODEC:u_CODEC_config|address[2] ; CLOCK_50     ; I2C_driver:u_I2C_Config|SENT ; 0.000        ; 1.362      ; 2.138      ;
; 0.575 ; key_detect:u_switch_trigger|key0_pressed ; config_CODEC:u_CODEC_config|address[3] ; CLOCK_50     ; I2C_driver:u_I2C_Config|SENT ; 0.000        ; 1.362      ; 2.138      ;
; 0.575 ; key_detect:u_switch_trigger|key0_pressed ; config_CODEC:u_CODEC_config|address[4] ; CLOCK_50     ; I2C_driver:u_I2C_Config|SENT ; 0.000        ; 1.362      ; 2.138      ;
; 0.645 ; key_detect:u_switch_trigger|key1_pressed ; config_CODEC:u_CODEC_config|address[0] ; CLOCK_50     ; I2C_driver:u_I2C_Config|SENT ; 0.000        ; 1.363      ; 2.209      ;
; 0.684 ; key_detect:u_switch_trigger|key0_pressed ; config_CODEC:u_CODEC_config|address[0] ; CLOCK_50     ; I2C_driver:u_I2C_Config|SENT ; 0.000        ; 1.363      ; 2.248      ;
+-------+------------------------------------------+----------------------------------------+--------------+------------------------------+--------------+------------+------------+


----------------------------------------------
; Slow 1200mV 0C Model Metastability Summary ;
----------------------------------------------
The design MTBF is not calculated because there are no specified synchronizers in the design.
Number of Synchronizer Chains Found: 28
Shortest Synchronizer Chain: 2 Registers
Fraction of Chains for which MTBFs Could Not be Calculated: 1.000
Worst Case Available Settling Time: 17.100 ns




+--------------------------------------------------------------------------------+
; Fast 1200mV 0C Model Setup Summary                                             ;
+------------------------------------------------------+---------+---------------+
; Clock                                                ; Slack   ; End Point TNS ;
+------------------------------------------------------+---------+---------------+
; config_CODEC:u_CODEC_config|counter[9]               ; -12.308 ; -762.560      ;
; CLOCK_50                                             ; -10.918 ; -1972.441     ;
; PLL_inst|altpll_component|auto_generated|pll1|clk[0] ; -4.097  ; -140.822      ;
; AUD_BCLK                                             ; -2.221  ; -140.970      ;
; I2C_driver:u_I2C_Config|SENT                         ; -0.459  ; -3.149        ;
+------------------------------------------------------+---------+---------------+


+-------------------------------------------------------------------------------+
; Fast 1200mV 0C Model Hold Summary                                             ;
+------------------------------------------------------+--------+---------------+
; Clock                                                ; Slack  ; End Point TNS ;
+------------------------------------------------------+--------+---------------+
; AUD_BCLK                                             ; -0.022 ; -0.080        ;
; CLOCK_50                                             ; 0.088  ; 0.000         ;
; PLL_inst|altpll_component|auto_generated|pll1|clk[0] ; 0.116  ; 0.000         ;
; config_CODEC:u_CODEC_config|counter[9]               ; 0.149  ; 0.000         ;
; I2C_driver:u_I2C_Config|SENT                         ; 0.180  ; 0.000         ;
+------------------------------------------------------+--------+---------------+


+------------------------------------------------------+
; Fast 1200mV 0C Model Recovery Summary                ;
+------------------------------+-------+---------------+
; Clock                        ; Slack ; End Point TNS ;
+------------------------------+-------+---------------+
; I2C_driver:u_I2C_Config|SENT ; 0.298 ; 0.000         ;
+------------------------------+-------+---------------+


+------------------------------------------------------+
; Fast 1200mV 0C Model Removal Summary                 ;
+------------------------------+-------+---------------+
; Clock                        ; Slack ; End Point TNS ;
+------------------------------+-------+---------------+
; I2C_driver:u_I2C_Config|SENT ; 0.235 ; 0.000         ;
+------------------------------+-------+---------------+


+-------------------------------------------------------------------------------+
; Fast 1200mV 0C Model Minimum Pulse Width Summary                              ;
+------------------------------------------------------+--------+---------------+
; Clock                                                ; Slack  ; End Point TNS ;
+------------------------------------------------------+--------+---------------+
; AUD_BCLK                                             ; -3.000 ; -190.727      ;
; config_CODEC:u_CODEC_config|counter[9]               ; -1.000 ; -1422.000     ;
; I2C_driver:u_I2C_Config|SENT                         ; -1.000 ; -16.000       ;
; PLL_inst|altpll_component|auto_generated|pll1|clk[0] ; 4.750  ; 0.000         ;
; CLOCK_50                                             ; 9.199  ; 0.000         ;
+------------------------------------------------------+--------+---------------+


+-------------------------------------------------------------------------------------------------------------------------------------------------------------------------------------------------------------+
; Fast 1200mV 0C Model Setup: 'config_CODEC:u_CODEC_config|counter[9]'                                                                                                                                        ;
+---------+------------------------------------------------------+-----------------+----------------------------------------+----------------------------------------+--------------+------------+------------+
; Slack   ; From Node                                            ; To Node         ; Launch Clock                           ; Latch Clock                            ; Relationship ; Clock Skew ; Data Delay ;
+---------+------------------------------------------------------+-----------------+----------------------------------------+----------------------------------------+--------------+------------+------------+
; -12.308 ; FIR_filter_37_tap:u_fir_filter_L|input_sample[1][3]  ; audio_out_L[1]  ; config_CODEC:u_CODEC_config|counter[9] ; config_CODEC:u_CODEC_config|counter[9] ; 1.000        ; -0.035     ; 13.260     ;
; -12.281 ; FIR_filter_37_tap:u_fir_filter_L|input_sample[35][1] ; audio_out_L[1]  ; config_CODEC:u_CODEC_config|counter[9] ; config_CODEC:u_CODEC_config|counter[9] ; 1.000        ; -0.035     ; 13.233     ;
; -12.278 ; FIR_filter_37_tap:u_fir_filter_L|input_sample[1][1]  ; audio_out_L[1]  ; config_CODEC:u_CODEC_config|counter[9] ; config_CODEC:u_CODEC_config|counter[9] ; 1.000        ; -0.035     ; 13.230     ;
; -12.234 ; FIR_filter_37_tap:u_fir_filter_L|input_sample[35][0] ; audio_out_L[1]  ; config_CODEC:u_CODEC_config|counter[9] ; config_CODEC:u_CODEC_config|counter[9] ; 1.000        ; -0.035     ; 13.186     ;
; -12.233 ; FIR_filter_37_tap:u_fir_filter_L|input_sample[1][0]  ; audio_out_L[1]  ; config_CODEC:u_CODEC_config|counter[9] ; config_CODEC:u_CODEC_config|counter[9] ; 1.000        ; -0.035     ; 13.185     ;
; -12.215 ; FIR_filter_37_tap:u_fir_filter_L|input_sample[35][3] ; audio_out_L[1]  ; config_CODEC:u_CODEC_config|counter[9] ; config_CODEC:u_CODEC_config|counter[9] ; 1.000        ; -0.035     ; 13.167     ;
; -12.186 ; FIR_filter_37_tap:u_fir_filter_L|input_sample[1][3]  ; audio_out_L[5]  ; config_CODEC:u_CODEC_config|counter[9] ; config_CODEC:u_CODEC_config|counter[9] ; 1.000        ; -0.035     ; 13.138     ;
; -12.165 ; FIR_filter_37_tap:u_fir_filter_L|input_sample[35][2] ; audio_out_L[1]  ; config_CODEC:u_CODEC_config|counter[9] ; config_CODEC:u_CODEC_config|counter[9] ; 1.000        ; -0.035     ; 13.117     ;
; -12.165 ; FIR_filter_37_tap:u_fir_filter_L|input_sample[1][2]  ; audio_out_L[1]  ; config_CODEC:u_CODEC_config|counter[9] ; config_CODEC:u_CODEC_config|counter[9] ; 1.000        ; -0.035     ; 13.117     ;
; -12.162 ; FIR_filter_37_tap:u_fir_filter_L|input_sample[1][3]  ; audio_out_L[4]  ; config_CODEC:u_CODEC_config|counter[9] ; config_CODEC:u_CODEC_config|counter[9] ; 1.000        ; -0.038     ; 13.111     ;
; -12.160 ; FIR_filter_37_tap:u_fir_filter_R|input_sample[0][1]  ; audio_out_R[10] ; config_CODEC:u_CODEC_config|counter[9] ; config_CODEC:u_CODEC_config|counter[9] ; 1.000        ; -0.005     ; 13.142     ;
; -12.159 ; FIR_filter_37_tap:u_fir_filter_L|input_sample[35][1] ; audio_out_L[5]  ; config_CODEC:u_CODEC_config|counter[9] ; config_CODEC:u_CODEC_config|counter[9] ; 1.000        ; -0.035     ; 13.111     ;
; -12.156 ; FIR_filter_37_tap:u_fir_filter_L|input_sample[1][1]  ; audio_out_L[5]  ; config_CODEC:u_CODEC_config|counter[9] ; config_CODEC:u_CODEC_config|counter[9] ; 1.000        ; -0.035     ; 13.108     ;
; -12.152 ; FIR_filter_37_tap:u_fir_filter_R|input_sample[30][2] ; audio_out_R[10] ; config_CODEC:u_CODEC_config|counter[9] ; config_CODEC:u_CODEC_config|counter[9] ; 1.000        ; -0.022     ; 13.117     ;
; -12.151 ; FIR_filter_37_tap:u_fir_filter_L|input_sample[30][1] ; audio_out_L[1]  ; config_CODEC:u_CODEC_config|counter[9] ; config_CODEC:u_CODEC_config|counter[9] ; 1.000        ; -0.017     ; 13.121     ;
; -12.150 ; FIR_filter_37_tap:u_fir_filter_L|input_sample[1][3]  ; audio_out_L[3]  ; config_CODEC:u_CODEC_config|counter[9] ; config_CODEC:u_CODEC_config|counter[9] ; 1.000        ; -0.038     ; 13.099     ;
; -12.150 ; FIR_filter_37_tap:u_fir_filter_R|input_sample[36][1] ; audio_out_R[10] ; config_CODEC:u_CODEC_config|counter[9] ; config_CODEC:u_CODEC_config|counter[9] ; 1.000        ; -0.005     ; 13.132     ;
; -12.148 ; FIR_filter_37_tap:u_fir_filter_R|input_sample[30][1] ; audio_out_R[10] ; config_CODEC:u_CODEC_config|counter[9] ; config_CODEC:u_CODEC_config|counter[9] ; 1.000        ; -0.022     ; 13.113     ;
; -12.145 ; FIR_filter_37_tap:u_fir_filter_L|input_sample[1][5]  ; audio_out_L[1]  ; config_CODEC:u_CODEC_config|counter[9] ; config_CODEC:u_CODEC_config|counter[9] ; 1.000        ; -0.035     ; 13.097     ;
; -12.145 ; FIR_filter_37_tap:u_fir_filter_R|input_sample[6][1]  ; audio_out_R[10] ; config_CODEC:u_CODEC_config|counter[9] ; config_CODEC:u_CODEC_config|counter[9] ; 1.000        ; -0.022     ; 13.110     ;
; -12.140 ; FIR_filter_37_tap:u_fir_filter_L|input_sample[35][5] ; audio_out_L[1]  ; config_CODEC:u_CODEC_config|counter[9] ; config_CODEC:u_CODEC_config|counter[9] ; 1.000        ; -0.035     ; 13.092     ;
; -12.137 ; FIR_filter_37_tap:u_fir_filter_R|input_sample[0][1]  ; audio_out_R[14] ; config_CODEC:u_CODEC_config|counter[9] ; config_CODEC:u_CODEC_config|counter[9] ; 1.000        ; -0.005     ; 13.119     ;
; -12.135 ; FIR_filter_37_tap:u_fir_filter_L|input_sample[35][1] ; audio_out_L[4]  ; config_CODEC:u_CODEC_config|counter[9] ; config_CODEC:u_CODEC_config|counter[9] ; 1.000        ; -0.038     ; 13.084     ;
; -12.135 ; FIR_filter_37_tap:u_fir_filter_R|input_sample[6][0]  ; audio_out_R[10] ; config_CODEC:u_CODEC_config|counter[9] ; config_CODEC:u_CODEC_config|counter[9] ; 1.000        ; -0.022     ; 13.100     ;
; -12.133 ; FIR_filter_37_tap:u_fir_filter_R|input_sample[30][0] ; audio_out_R[10] ; config_CODEC:u_CODEC_config|counter[9] ; config_CODEC:u_CODEC_config|counter[9] ; 1.000        ; -0.022     ; 13.098     ;
; -12.132 ; FIR_filter_37_tap:u_fir_filter_L|input_sample[1][1]  ; audio_out_L[4]  ; config_CODEC:u_CODEC_config|counter[9] ; config_CODEC:u_CODEC_config|counter[9] ; 1.000        ; -0.038     ; 13.081     ;
; -12.130 ; FIR_filter_37_tap:u_fir_filter_R|input_sample[30][2] ; audio_out_R[14] ; config_CODEC:u_CODEC_config|counter[9] ; config_CODEC:u_CODEC_config|counter[9] ; 1.000        ; -0.022     ; 13.095     ;
; -12.127 ; FIR_filter_37_tap:u_fir_filter_R|input_sample[0][2]  ; audio_out_R[10] ; config_CODEC:u_CODEC_config|counter[9] ; config_CODEC:u_CODEC_config|counter[9] ; 1.000        ; -0.005     ; 13.109     ;
; -12.127 ; FIR_filter_37_tap:u_fir_filter_R|input_sample[36][1] ; audio_out_R[14] ; config_CODEC:u_CODEC_config|counter[9] ; config_CODEC:u_CODEC_config|counter[9] ; 1.000        ; -0.005     ; 13.109     ;
; -12.126 ; FIR_filter_37_tap:u_fir_filter_R|input_sample[30][1] ; audio_out_R[14] ; config_CODEC:u_CODEC_config|counter[9] ; config_CODEC:u_CODEC_config|counter[9] ; 1.000        ; -0.022     ; 13.091     ;
; -12.123 ; FIR_filter_37_tap:u_fir_filter_L|input_sample[35][1] ; audio_out_L[3]  ; config_CODEC:u_CODEC_config|counter[9] ; config_CODEC:u_CODEC_config|counter[9] ; 1.000        ; -0.038     ; 13.072     ;
; -12.123 ; FIR_filter_37_tap:u_fir_filter_R|input_sample[6][1]  ; audio_out_R[14] ; config_CODEC:u_CODEC_config|counter[9] ; config_CODEC:u_CODEC_config|counter[9] ; 1.000        ; -0.022     ; 13.088     ;
; -12.120 ; FIR_filter_37_tap:u_fir_filter_L|input_sample[1][1]  ; audio_out_L[3]  ; config_CODEC:u_CODEC_config|counter[9] ; config_CODEC:u_CODEC_config|counter[9] ; 1.000        ; -0.038     ; 13.069     ;
; -12.114 ; FIR_filter_37_tap:u_fir_filter_R|input_sample[0][0]  ; audio_out_R[10] ; config_CODEC:u_CODEC_config|counter[9] ; config_CODEC:u_CODEC_config|counter[9] ; 1.000        ; -0.005     ; 13.096     ;
; -12.113 ; FIR_filter_37_tap:u_fir_filter_R|input_sample[6][0]  ; audio_out_R[14] ; config_CODEC:u_CODEC_config|counter[9] ; config_CODEC:u_CODEC_config|counter[9] ; 1.000        ; -0.022     ; 13.078     ;
; -12.112 ; FIR_filter_37_tap:u_fir_filter_L|input_sample[35][0] ; audio_out_L[5]  ; config_CODEC:u_CODEC_config|counter[9] ; config_CODEC:u_CODEC_config|counter[9] ; 1.000        ; -0.035     ; 13.064     ;
; -12.111 ; FIR_filter_37_tap:u_fir_filter_R|input_sample[30][0] ; audio_out_R[14] ; config_CODEC:u_CODEC_config|counter[9] ; config_CODEC:u_CODEC_config|counter[9] ; 1.000        ; -0.022     ; 13.076     ;
; -12.111 ; FIR_filter_37_tap:u_fir_filter_L|input_sample[1][0]  ; audio_out_L[5]  ; config_CODEC:u_CODEC_config|counter[9] ; config_CODEC:u_CODEC_config|counter[9] ; 1.000        ; -0.035     ; 13.063     ;
; -12.110 ; FIR_filter_37_tap:u_fir_filter_R|input_sample[35][1] ; audio_out_R[10] ; config_CODEC:u_CODEC_config|counter[9] ; config_CODEC:u_CODEC_config|counter[9] ; 1.000        ; 0.013      ; 13.110     ;
; -12.106 ; FIR_filter_37_tap:u_fir_filter_R|input_sample[1][1]  ; audio_out_R[10] ; config_CODEC:u_CODEC_config|counter[9] ; config_CODEC:u_CODEC_config|counter[9] ; 1.000        ; 0.013      ; 13.106     ;
; -12.105 ; FIR_filter_37_tap:u_fir_filter_L|input_sample[35][6] ; audio_out_L[1]  ; config_CODEC:u_CODEC_config|counter[9] ; config_CODEC:u_CODEC_config|counter[9] ; 1.000        ; -0.035     ; 13.057     ;
; -12.104 ; FIR_filter_37_tap:u_fir_filter_R|input_sample[0][2]  ; audio_out_R[14] ; config_CODEC:u_CODEC_config|counter[9] ; config_CODEC:u_CODEC_config|counter[9] ; 1.000        ; -0.005     ; 13.086     ;
; -12.102 ; FIR_filter_37_tap:u_fir_filter_R|input_sample[36][0] ; audio_out_R[10] ; config_CODEC:u_CODEC_config|counter[9] ; config_CODEC:u_CODEC_config|counter[9] ; 1.000        ; -0.005     ; 13.084     ;
; -12.101 ; FIR_filter_37_tap:u_fir_filter_R|input_sample[35][2] ; audio_out_R[10] ; config_CODEC:u_CODEC_config|counter[9] ; config_CODEC:u_CODEC_config|counter[9] ; 1.000        ; 0.013      ; 13.101     ;
; -12.097 ; FIR_filter_37_tap:u_fir_filter_R|input_sample[36][5] ; audio_out_R[10] ; config_CODEC:u_CODEC_config|counter[9] ; config_CODEC:u_CODEC_config|counter[9] ; 1.000        ; -0.005     ; 13.079     ;
; -12.096 ; FIR_filter_37_tap:u_fir_filter_L|input_sample[0][1]  ; audio_out_L[1]  ; config_CODEC:u_CODEC_config|counter[9] ; config_CODEC:u_CODEC_config|counter[9] ; 1.000        ; -0.028     ; 13.055     ;
; -12.096 ; FIR_filter_37_tap:u_fir_filter_L|input_sample[35][4] ; audio_out_L[1]  ; config_CODEC:u_CODEC_config|counter[9] ; config_CODEC:u_CODEC_config|counter[9] ; 1.000        ; -0.035     ; 13.048     ;
; -12.095 ; FIR_filter_37_tap:u_fir_filter_L|input_sample[1][4]  ; audio_out_L[1]  ; config_CODEC:u_CODEC_config|counter[9] ; config_CODEC:u_CODEC_config|counter[9] ; 1.000        ; -0.035     ; 13.047     ;
; -12.095 ; FIR_filter_37_tap:u_fir_filter_R|input_sample[0][3]  ; audio_out_R[10] ; config_CODEC:u_CODEC_config|counter[9] ; config_CODEC:u_CODEC_config|counter[9] ; 1.000        ; -0.005     ; 13.077     ;
; -12.094 ; FIR_filter_37_tap:u_fir_filter_R|input_sample[35][0] ; audio_out_R[10] ; config_CODEC:u_CODEC_config|counter[9] ; config_CODEC:u_CODEC_config|counter[9] ; 1.000        ; 0.013      ; 13.094     ;
; -12.094 ; FIR_filter_37_tap:u_fir_filter_R|input_sample[1][0]  ; audio_out_R[10] ; config_CODEC:u_CODEC_config|counter[9] ; config_CODEC:u_CODEC_config|counter[9] ; 1.000        ; 0.013      ; 13.094     ;
; -12.093 ; FIR_filter_37_tap:u_fir_filter_L|input_sample[35][3] ; audio_out_L[5]  ; config_CODEC:u_CODEC_config|counter[9] ; config_CODEC:u_CODEC_config|counter[9] ; 1.000        ; -0.035     ; 13.045     ;
; -12.091 ; FIR_filter_37_tap:u_fir_filter_R|input_sample[0][0]  ; audio_out_R[14] ; config_CODEC:u_CODEC_config|counter[9] ; config_CODEC:u_CODEC_config|counter[9] ; 1.000        ; -0.005     ; 13.073     ;
; -12.088 ; FIR_filter_37_tap:u_fir_filter_R|input_sample[35][1] ; audio_out_R[14] ; config_CODEC:u_CODEC_config|counter[9] ; config_CODEC:u_CODEC_config|counter[9] ; 1.000        ; 0.013      ; 13.088     ;
; -12.088 ; FIR_filter_37_tap:u_fir_filter_L|input_sample[35][0] ; audio_out_L[4]  ; config_CODEC:u_CODEC_config|counter[9] ; config_CODEC:u_CODEC_config|counter[9] ; 1.000        ; -0.038     ; 13.037     ;
; -12.087 ; FIR_filter_37_tap:u_fir_filter_L|input_sample[1][0]  ; audio_out_L[4]  ; config_CODEC:u_CODEC_config|counter[9] ; config_CODEC:u_CODEC_config|counter[9] ; 1.000        ; -0.038     ; 13.036     ;
; -12.086 ; FIR_filter_37_tap:u_fir_filter_L|input_sample[1][9]  ; audio_out_L[1]  ; config_CODEC:u_CODEC_config|counter[9] ; config_CODEC:u_CODEC_config|counter[9] ; 1.000        ; -0.034     ; 13.039     ;
; -12.086 ; FIR_filter_37_tap:u_fir_filter_L|input_sample[36][1] ; audio_out_L[1]  ; config_CODEC:u_CODEC_config|counter[9] ; config_CODEC:u_CODEC_config|counter[9] ; 1.000        ; -0.028     ; 13.045     ;
; -12.084 ; FIR_filter_37_tap:u_fir_filter_R|input_sample[1][1]  ; audio_out_R[14] ; config_CODEC:u_CODEC_config|counter[9] ; config_CODEC:u_CODEC_config|counter[9] ; 1.000        ; 0.013      ; 13.084     ;
; -12.082 ; FIR_filter_37_tap:u_fir_filter_R|input_sample[30][3] ; audio_out_R[10] ; config_CODEC:u_CODEC_config|counter[9] ; config_CODEC:u_CODEC_config|counter[9] ; 1.000        ; -0.022     ; 13.047     ;
; -12.080 ; FIR_filter_37_tap:u_fir_filter_L|input_sample[6][1]  ; audio_out_L[1]  ; config_CODEC:u_CODEC_config|counter[9] ; config_CODEC:u_CODEC_config|counter[9] ; 1.000        ; -0.017     ; 13.050     ;
; -12.079 ; FIR_filter_37_tap:u_fir_filter_R|input_sample[36][0] ; audio_out_R[14] ; config_CODEC:u_CODEC_config|counter[9] ; config_CODEC:u_CODEC_config|counter[9] ; 1.000        ; -0.005     ; 13.061     ;
; -12.079 ; FIR_filter_37_tap:u_fir_filter_R|input_sample[35][2] ; audio_out_R[14] ; config_CODEC:u_CODEC_config|counter[9] ; config_CODEC:u_CODEC_config|counter[9] ; 1.000        ; 0.013      ; 13.079     ;
; -12.078 ; FIR_filter_37_tap:u_fir_filter_R|input_sample[36][3] ; audio_out_R[10] ; config_CODEC:u_CODEC_config|counter[9] ; config_CODEC:u_CODEC_config|counter[9] ; 1.000        ; -0.005     ; 13.060     ;
; -12.077 ; FIR_filter_37_tap:u_fir_filter_L|input_sample[1][7]  ; audio_out_L[1]  ; config_CODEC:u_CODEC_config|counter[9] ; config_CODEC:u_CODEC_config|counter[9] ; 1.000        ; -0.035     ; 13.029     ;
; -12.077 ; FIR_filter_37_tap:u_fir_filter_R|input_sample[6][3]  ; audio_out_R[10] ; config_CODEC:u_CODEC_config|counter[9] ; config_CODEC:u_CODEC_config|counter[9] ; 1.000        ; -0.022     ; 13.042     ;
; -12.076 ; FIR_filter_37_tap:u_fir_filter_L|input_sample[35][0] ; audio_out_L[3]  ; config_CODEC:u_CODEC_config|counter[9] ; config_CODEC:u_CODEC_config|counter[9] ; 1.000        ; -0.038     ; 13.025     ;
; -12.075 ; FIR_filter_37_tap:u_fir_filter_L|input_sample[1][0]  ; audio_out_L[3]  ; config_CODEC:u_CODEC_config|counter[9] ; config_CODEC:u_CODEC_config|counter[9] ; 1.000        ; -0.038     ; 13.024     ;
; -12.074 ; FIR_filter_37_tap:u_fir_filter_R|input_sample[36][5] ; audio_out_R[14] ; config_CODEC:u_CODEC_config|counter[9] ; config_CODEC:u_CODEC_config|counter[9] ; 1.000        ; -0.005     ; 13.056     ;
; -12.072 ; FIR_filter_37_tap:u_fir_filter_L|input_sample[35][7] ; audio_out_L[1]  ; config_CODEC:u_CODEC_config|counter[9] ; config_CODEC:u_CODEC_config|counter[9] ; 1.000        ; -0.035     ; 13.024     ;
; -12.072 ; FIR_filter_37_tap:u_fir_filter_R|input_sample[0][3]  ; audio_out_R[14] ; config_CODEC:u_CODEC_config|counter[9] ; config_CODEC:u_CODEC_config|counter[9] ; 1.000        ; -0.005     ; 13.054     ;
; -12.072 ; FIR_filter_37_tap:u_fir_filter_R|input_sample[35][0] ; audio_out_R[14] ; config_CODEC:u_CODEC_config|counter[9] ; config_CODEC:u_CODEC_config|counter[9] ; 1.000        ; 0.013      ; 13.072     ;
; -12.072 ; FIR_filter_37_tap:u_fir_filter_R|input_sample[1][0]  ; audio_out_R[14] ; config_CODEC:u_CODEC_config|counter[9] ; config_CODEC:u_CODEC_config|counter[9] ; 1.000        ; 0.013      ; 13.072     ;
; -12.069 ; FIR_filter_37_tap:u_fir_filter_L|input_sample[35][3] ; audio_out_L[4]  ; config_CODEC:u_CODEC_config|counter[9] ; config_CODEC:u_CODEC_config|counter[9] ; 1.000        ; -0.038     ; 13.018     ;
; -12.067 ; FIR_filter_37_tap:u_fir_filter_L|input_sample[30][0] ; audio_out_L[1]  ; config_CODEC:u_CODEC_config|counter[9] ; config_CODEC:u_CODEC_config|counter[9] ; 1.000        ; -0.017     ; 13.037     ;
; -12.066 ; FIR_filter_37_tap:u_fir_filter_L|input_sample[6][0]  ; audio_out_L[1]  ; config_CODEC:u_CODEC_config|counter[9] ; config_CODEC:u_CODEC_config|counter[9] ; 1.000        ; -0.017     ; 13.036     ;
; -12.066 ; FIR_filter_37_tap:u_fir_filter_R|input_sample[6][2]  ; audio_out_R[10] ; config_CODEC:u_CODEC_config|counter[9] ; config_CODEC:u_CODEC_config|counter[9] ; 1.000        ; -0.022     ; 13.031     ;
; -12.062 ; FIR_filter_37_tap:u_fir_filter_R|input_sample[0][1]  ; audio_out_R[9]  ; config_CODEC:u_CODEC_config|counter[9] ; config_CODEC:u_CODEC_config|counter[9] ; 1.000        ; 0.002      ; 13.051     ;
; -12.060 ; FIR_filter_37_tap:u_fir_filter_R|input_sample[30][3] ; audio_out_R[14] ; config_CODEC:u_CODEC_config|counter[9] ; config_CODEC:u_CODEC_config|counter[9] ; 1.000        ; -0.022     ; 13.025     ;
; -12.057 ; FIR_filter_37_tap:u_fir_filter_L|input_sample[35][3] ; audio_out_L[3]  ; config_CODEC:u_CODEC_config|counter[9] ; config_CODEC:u_CODEC_config|counter[9] ; 1.000        ; -0.038     ; 13.006     ;
; -12.055 ; FIR_filter_37_tap:u_fir_filter_R|input_sample[36][3] ; audio_out_R[14] ; config_CODEC:u_CODEC_config|counter[9] ; config_CODEC:u_CODEC_config|counter[9] ; 1.000        ; -0.005     ; 13.037     ;
; -12.055 ; FIR_filter_37_tap:u_fir_filter_R|input_sample[6][3]  ; audio_out_R[14] ; config_CODEC:u_CODEC_config|counter[9] ; config_CODEC:u_CODEC_config|counter[9] ; 1.000        ; -0.022     ; 13.020     ;
; -12.052 ; FIR_filter_37_tap:u_fir_filter_R|input_sample[36][1] ; audio_out_R[9]  ; config_CODEC:u_CODEC_config|counter[9] ; config_CODEC:u_CODEC_config|counter[9] ; 1.000        ; 0.002      ; 13.041     ;
; -12.050 ; FIR_filter_37_tap:u_fir_filter_L|input_sample[0][0]  ; audio_out_L[1]  ; config_CODEC:u_CODEC_config|counter[9] ; config_CODEC:u_CODEC_config|counter[9] ; 1.000        ; -0.028     ; 13.009     ;
; -12.049 ; FIR_filter_37_tap:u_fir_filter_R|input_sample[36][4] ; audio_out_R[10] ; config_CODEC:u_CODEC_config|counter[9] ; config_CODEC:u_CODEC_config|counter[9] ; 1.000        ; -0.005     ; 13.031     ;
; -12.047 ; FIR_filter_37_tap:u_fir_filter_L|input_sample[36][2] ; audio_out_L[1]  ; config_CODEC:u_CODEC_config|counter[9] ; config_CODEC:u_CODEC_config|counter[9] ; 1.000        ; -0.028     ; 13.006     ;
; -12.044 ; FIR_filter_37_tap:u_fir_filter_R|input_sample[6][2]  ; audio_out_R[14] ; config_CODEC:u_CODEC_config|counter[9] ; config_CODEC:u_CODEC_config|counter[9] ; 1.000        ; -0.022     ; 13.009     ;
; -12.044 ; FIR_filter_37_tap:u_fir_filter_R|input_sample[35][3] ; audio_out_R[10] ; config_CODEC:u_CODEC_config|counter[9] ; config_CODEC:u_CODEC_config|counter[9] ; 1.000        ; 0.013      ; 13.044     ;
; -12.044 ; FIR_filter_37_tap:u_fir_filter_R|input_sample[30][2] ; audio_out_R[9]  ; config_CODEC:u_CODEC_config|counter[9] ; config_CODEC:u_CODEC_config|counter[9] ; 1.000        ; -0.015     ; 13.016     ;
; -12.043 ; FIR_filter_37_tap:u_fir_filter_L|input_sample[35][2] ; audio_out_L[5]  ; config_CODEC:u_CODEC_config|counter[9] ; config_CODEC:u_CODEC_config|counter[9] ; 1.000        ; -0.035     ; 12.995     ;
; -12.043 ; FIR_filter_37_tap:u_fir_filter_L|input_sample[1][2]  ; audio_out_L[5]  ; config_CODEC:u_CODEC_config|counter[9] ; config_CODEC:u_CODEC_config|counter[9] ; 1.000        ; -0.035     ; 12.995     ;
; -12.040 ; FIR_filter_37_tap:u_fir_filter_R|input_sample[30][1] ; audio_out_R[9]  ; config_CODEC:u_CODEC_config|counter[9] ; config_CODEC:u_CODEC_config|counter[9] ; 1.000        ; -0.015     ; 13.012     ;
; -12.039 ; FIR_filter_37_tap:u_fir_filter_R|input_sample[1][3]  ; audio_out_R[10] ; config_CODEC:u_CODEC_config|counter[9] ; config_CODEC:u_CODEC_config|counter[9] ; 1.000        ; 0.013      ; 13.039     ;
; -12.038 ; FIR_filter_37_tap:u_fir_filter_R|input_sample[0][1]  ; audio_out_R[15] ; config_CODEC:u_CODEC_config|counter[9] ; config_CODEC:u_CODEC_config|counter[9] ; 1.000        ; -0.005     ; 13.020     ;
; -12.038 ; FIR_filter_37_tap:u_fir_filter_L|input_sample[36][0] ; audio_out_L[1]  ; config_CODEC:u_CODEC_config|counter[9] ; config_CODEC:u_CODEC_config|counter[9] ; 1.000        ; -0.028     ; 12.997     ;
; -12.037 ; FIR_filter_37_tap:u_fir_filter_R|input_sample[8][1]  ; audio_out_R[10] ; config_CODEC:u_CODEC_config|counter[9] ; config_CODEC:u_CODEC_config|counter[9] ; 1.000        ; -0.008     ; 13.016     ;
; -12.037 ; FIR_filter_37_tap:u_fir_filter_R|input_sample[6][1]  ; audio_out_R[9]  ; config_CODEC:u_CODEC_config|counter[9] ; config_CODEC:u_CODEC_config|counter[9] ; 1.000        ; -0.015     ; 13.009     ;
; -12.034 ; FIR_filter_37_tap:u_fir_filter_R|input_sample[36][2] ; audio_out_R[10] ; config_CODEC:u_CODEC_config|counter[9] ; config_CODEC:u_CODEC_config|counter[9] ; 1.000        ; -0.005     ; 13.016     ;
; -12.033 ; FIR_filter_37_tap:u_fir_filter_R|input_sample[8][1]  ; audio_out_R[14] ; config_CODEC:u_CODEC_config|counter[9] ; config_CODEC:u_CODEC_config|counter[9] ; 1.000        ; -0.008     ; 13.012     ;
; -12.033 ; FIR_filter_37_tap:u_fir_filter_L|input_sample[0][3]  ; audio_out_L[1]  ; config_CODEC:u_CODEC_config|counter[9] ; config_CODEC:u_CODEC_config|counter[9] ; 1.000        ; -0.028     ; 12.992     ;
+---------+------------------------------------------------------+-----------------+----------------------------------------+----------------------------------------+--------------+------------+------------+


+---------------------------------------------------------------------------------------------------------------------------------------------------------+
; Fast 1200mV 0C Model Setup: 'CLOCK_50'                                                                                                                  ;
+---------+--------------------------------------+----------------------------------+--------------+-------------+--------------+------------+------------+
; Slack   ; From Node                            ; To Node                          ; Launch Clock ; Latch Clock ; Relationship ; Clock Skew ; Data Delay ;
+---------+--------------------------------------+----------------------------------+--------------+-------------+--------------+------------+------------+
; -10.918 ; serial_to_parallel:u1|right_data[0]  ; auto_wah:u_auto_wah_R|svf_lp[35] ; AUD_BCLK     ; CLOCK_50    ; 1.000        ; -0.201     ; 11.694     ;
; -10.880 ; serial_to_parallel:u1|left_data[0]   ; auto_wah:u_auto_wah_L|svf_lp[35] ; AUD_BCLK     ; CLOCK_50    ; 1.000        ; 0.071      ; 11.928     ;
; -10.876 ; serial_to_parallel:u1|left_data[0]   ; auto_wah:u_auto_wah_L|svf_lp[34] ; AUD_BCLK     ; CLOCK_50    ; 1.000        ; 0.071      ; 11.924     ;
; -10.865 ; serial_to_parallel:u1|right_data[0]  ; auto_wah:u_auto_wah_R|svf_lp[34] ; AUD_BCLK     ; CLOCK_50    ; 1.000        ; -0.201     ; 11.641     ;
; -10.850 ; serial_to_parallel:u1|right_data[0]  ; auto_wah:u_auto_wah_R|svf_lp[33] ; AUD_BCLK     ; CLOCK_50    ; 1.000        ; -0.201     ; 11.626     ;
; -10.847 ; serial_to_parallel:u1|right_data[2]  ; auto_wah:u_auto_wah_R|svf_lp[35] ; AUD_BCLK     ; CLOCK_50    ; 1.000        ; -0.201     ; 11.623     ;
; -10.840 ; serial_to_parallel:u1|right_data[1]  ; auto_wah:u_auto_wah_R|svf_lp[35] ; AUD_BCLK     ; CLOCK_50    ; 1.000        ; -0.201     ; 11.616     ;
; -10.815 ; serial_to_parallel:u1|left_data[2]   ; auto_wah:u_auto_wah_L|svf_lp[35] ; AUD_BCLK     ; CLOCK_50    ; 1.000        ; 0.071      ; 11.863     ;
; -10.812 ; serial_to_parallel:u1|left_data[0]   ; auto_wah:u_auto_wah_L|svf_lp[33] ; AUD_BCLK     ; CLOCK_50    ; 1.000        ; 0.071      ; 11.860     ;
; -10.811 ; serial_to_parallel:u1|left_data[2]   ; auto_wah:u_auto_wah_L|svf_lp[34] ; AUD_BCLK     ; CLOCK_50    ; 1.000        ; 0.071      ; 11.859     ;
; -10.808 ; serial_to_parallel:u1|left_data[0]   ; auto_wah:u_auto_wah_L|svf_lp[32] ; AUD_BCLK     ; CLOCK_50    ; 1.000        ; 0.071      ; 11.856     ;
; -10.808 ; serial_to_parallel:u1|left_data[1]   ; auto_wah:u_auto_wah_L|svf_lp[35] ; AUD_BCLK     ; CLOCK_50    ; 1.000        ; 0.071      ; 11.856     ;
; -10.804 ; serial_to_parallel:u1|left_data[1]   ; auto_wah:u_auto_wah_L|svf_lp[34] ; AUD_BCLK     ; CLOCK_50    ; 1.000        ; 0.071      ; 11.852     ;
; -10.797 ; serial_to_parallel:u1|right_data[0]  ; auto_wah:u_auto_wah_R|svf_lp[32] ; AUD_BCLK     ; CLOCK_50    ; 1.000        ; -0.201     ; 11.573     ;
; -10.794 ; serial_to_parallel:u1|right_data[2]  ; auto_wah:u_auto_wah_R|svf_lp[34] ; AUD_BCLK     ; CLOCK_50    ; 1.000        ; -0.201     ; 11.570     ;
; -10.787 ; serial_to_parallel:u1|right_data[1]  ; auto_wah:u_auto_wah_R|svf_lp[34] ; AUD_BCLK     ; CLOCK_50    ; 1.000        ; -0.201     ; 11.563     ;
; -10.782 ; serial_to_parallel:u1|right_data[0]  ; auto_wah:u_auto_wah_R|svf_lp[31] ; AUD_BCLK     ; CLOCK_50    ; 1.000        ; -0.201     ; 11.558     ;
; -10.779 ; serial_to_parallel:u1|right_data[2]  ; auto_wah:u_auto_wah_R|svf_lp[33] ; AUD_BCLK     ; CLOCK_50    ; 1.000        ; -0.201     ; 11.555     ;
; -10.778 ; serial_to_parallel:u1|right_data[4]  ; auto_wah:u_auto_wah_R|svf_lp[35] ; AUD_BCLK     ; CLOCK_50    ; 1.000        ; -0.201     ; 11.554     ;
; -10.772 ; serial_to_parallel:u1|right_data[1]  ; auto_wah:u_auto_wah_R|svf_lp[33] ; AUD_BCLK     ; CLOCK_50    ; 1.000        ; -0.201     ; 11.548     ;
; -10.761 ; serial_to_parallel:u1|right_data[3]  ; auto_wah:u_auto_wah_R|svf_lp[35] ; AUD_BCLK     ; CLOCK_50    ; 1.000        ; -0.201     ; 11.537     ;
; -10.747 ; serial_to_parallel:u1|left_data[4]   ; auto_wah:u_auto_wah_L|svf_lp[35] ; AUD_BCLK     ; CLOCK_50    ; 1.000        ; 0.071      ; 11.795     ;
; -10.747 ; serial_to_parallel:u1|left_data[2]   ; auto_wah:u_auto_wah_L|svf_lp[33] ; AUD_BCLK     ; CLOCK_50    ; 1.000        ; 0.071      ; 11.795     ;
; -10.744 ; serial_to_parallel:u1|left_data[0]   ; auto_wah:u_auto_wah_L|svf_lp[31] ; AUD_BCLK     ; CLOCK_50    ; 1.000        ; 0.071      ; 11.792     ;
; -10.743 ; serial_to_parallel:u1|left_data[4]   ; auto_wah:u_auto_wah_L|svf_lp[34] ; AUD_BCLK     ; CLOCK_50    ; 1.000        ; 0.071      ; 11.791     ;
; -10.743 ; serial_to_parallel:u1|left_data[2]   ; auto_wah:u_auto_wah_L|svf_lp[32] ; AUD_BCLK     ; CLOCK_50    ; 1.000        ; 0.071      ; 11.791     ;
; -10.741 ; serial_to_parallel:u1|left_data[3]   ; auto_wah:u_auto_wah_L|svf_lp[35] ; AUD_BCLK     ; CLOCK_50    ; 1.000        ; 0.071      ; 11.789     ;
; -10.740 ; serial_to_parallel:u1|left_data[0]   ; auto_wah:u_auto_wah_L|svf_lp[30] ; AUD_BCLK     ; CLOCK_50    ; 1.000        ; 0.071      ; 11.788     ;
; -10.740 ; serial_to_parallel:u1|left_data[1]   ; auto_wah:u_auto_wah_L|svf_lp[33] ; AUD_BCLK     ; CLOCK_50    ; 1.000        ; 0.071      ; 11.788     ;
; -10.737 ; serial_to_parallel:u1|left_data[3]   ; auto_wah:u_auto_wah_L|svf_lp[34] ; AUD_BCLK     ; CLOCK_50    ; 1.000        ; 0.071      ; 11.785     ;
; -10.736 ; serial_to_parallel:u1|left_data[1]   ; auto_wah:u_auto_wah_L|svf_lp[32] ; AUD_BCLK     ; CLOCK_50    ; 1.000        ; 0.071      ; 11.784     ;
; -10.729 ; serial_to_parallel:u1|right_data[0]  ; auto_wah:u_auto_wah_R|svf_lp[30] ; AUD_BCLK     ; CLOCK_50    ; 1.000        ; -0.201     ; 11.505     ;
; -10.726 ; serial_to_parallel:u1|right_data[2]  ; auto_wah:u_auto_wah_R|svf_lp[32] ; AUD_BCLK     ; CLOCK_50    ; 1.000        ; -0.201     ; 11.502     ;
; -10.725 ; serial_to_parallel:u1|right_data[4]  ; auto_wah:u_auto_wah_R|svf_lp[34] ; AUD_BCLK     ; CLOCK_50    ; 1.000        ; -0.201     ; 11.501     ;
; -10.719 ; serial_to_parallel:u1|right_data[1]  ; auto_wah:u_auto_wah_R|svf_lp[32] ; AUD_BCLK     ; CLOCK_50    ; 1.000        ; -0.201     ; 11.495     ;
; -10.714 ; serial_to_parallel:u1|right_data[0]  ; auto_wah:u_auto_wah_R|svf_lp[29] ; AUD_BCLK     ; CLOCK_50    ; 1.000        ; -0.201     ; 11.490     ;
; -10.711 ; serial_to_parallel:u1|right_data[2]  ; auto_wah:u_auto_wah_R|svf_lp[31] ; AUD_BCLK     ; CLOCK_50    ; 1.000        ; -0.201     ; 11.487     ;
; -10.710 ; serial_to_parallel:u1|right_data[6]  ; auto_wah:u_auto_wah_R|svf_lp[35] ; AUD_BCLK     ; CLOCK_50    ; 1.000        ; -0.201     ; 11.486     ;
; -10.710 ; serial_to_parallel:u1|right_data[4]  ; auto_wah:u_auto_wah_R|svf_lp[33] ; AUD_BCLK     ; CLOCK_50    ; 1.000        ; -0.201     ; 11.486     ;
; -10.708 ; serial_to_parallel:u1|right_data[3]  ; auto_wah:u_auto_wah_R|svf_lp[34] ; AUD_BCLK     ; CLOCK_50    ; 1.000        ; -0.201     ; 11.484     ;
; -10.704 ; serial_to_parallel:u1|right_data[1]  ; auto_wah:u_auto_wah_R|svf_lp[31] ; AUD_BCLK     ; CLOCK_50    ; 1.000        ; -0.201     ; 11.480     ;
; -10.693 ; serial_to_parallel:u1|right_data[5]  ; auto_wah:u_auto_wah_R|svf_lp[35] ; AUD_BCLK     ; CLOCK_50    ; 1.000        ; -0.201     ; 11.469     ;
; -10.693 ; serial_to_parallel:u1|right_data[3]  ; auto_wah:u_auto_wah_R|svf_lp[33] ; AUD_BCLK     ; CLOCK_50    ; 1.000        ; -0.201     ; 11.469     ;
; -10.679 ; serial_to_parallel:u1|left_data[4]   ; auto_wah:u_auto_wah_L|svf_lp[33] ; AUD_BCLK     ; CLOCK_50    ; 1.000        ; 0.071      ; 11.727     ;
; -10.679 ; serial_to_parallel:u1|left_data[2]   ; auto_wah:u_auto_wah_L|svf_lp[31] ; AUD_BCLK     ; CLOCK_50    ; 1.000        ; 0.071      ; 11.727     ;
; -10.678 ; serial_to_parallel:u1|left_data[6]   ; auto_wah:u_auto_wah_L|svf_lp[35] ; AUD_BCLK     ; CLOCK_50    ; 1.000        ; 0.071      ; 11.726     ;
; -10.676 ; serial_to_parallel:u1|left_data[0]   ; auto_wah:u_auto_wah_L|svf_lp[29] ; AUD_BCLK     ; CLOCK_50    ; 1.000        ; 0.071      ; 11.724     ;
; -10.675 ; serial_to_parallel:u1|left_data[4]   ; auto_wah:u_auto_wah_L|svf_lp[32] ; AUD_BCLK     ; CLOCK_50    ; 1.000        ; 0.071      ; 11.723     ;
; -10.675 ; serial_to_parallel:u1|left_data[2]   ; auto_wah:u_auto_wah_L|svf_lp[30] ; AUD_BCLK     ; CLOCK_50    ; 1.000        ; 0.071      ; 11.723     ;
; -10.674 ; serial_to_parallel:u1|left_data[6]   ; auto_wah:u_auto_wah_L|svf_lp[34] ; AUD_BCLK     ; CLOCK_50    ; 1.000        ; 0.071      ; 11.722     ;
; -10.673 ; serial_to_parallel:u1|left_data[5]   ; auto_wah:u_auto_wah_L|svf_lp[35] ; AUD_BCLK     ; CLOCK_50    ; 1.000        ; 0.071      ; 11.721     ;
; -10.673 ; serial_to_parallel:u1|left_data[3]   ; auto_wah:u_auto_wah_L|svf_lp[33] ; AUD_BCLK     ; CLOCK_50    ; 1.000        ; 0.071      ; 11.721     ;
; -10.672 ; serial_to_parallel:u1|left_data[0]   ; auto_wah:u_auto_wah_L|svf_lp[28] ; AUD_BCLK     ; CLOCK_50    ; 1.000        ; 0.071      ; 11.720     ;
; -10.672 ; serial_to_parallel:u1|left_data[1]   ; auto_wah:u_auto_wah_L|svf_lp[31] ; AUD_BCLK     ; CLOCK_50    ; 1.000        ; 0.071      ; 11.720     ;
; -10.669 ; serial_to_parallel:u1|left_data[5]   ; auto_wah:u_auto_wah_L|svf_lp[34] ; AUD_BCLK     ; CLOCK_50    ; 1.000        ; 0.071      ; 11.717     ;
; -10.669 ; serial_to_parallel:u1|left_data[3]   ; auto_wah:u_auto_wah_L|svf_lp[32] ; AUD_BCLK     ; CLOCK_50    ; 1.000        ; 0.071      ; 11.717     ;
; -10.668 ; serial_to_parallel:u1|left_data[1]   ; auto_wah:u_auto_wah_L|svf_lp[30] ; AUD_BCLK     ; CLOCK_50    ; 1.000        ; 0.071      ; 11.716     ;
; -10.661 ; serial_to_parallel:u1|right_data[0]  ; auto_wah:u_auto_wah_R|svf_lp[28] ; AUD_BCLK     ; CLOCK_50    ; 1.000        ; -0.201     ; 11.437     ;
; -10.658 ; serial_to_parallel:u1|right_data[2]  ; auto_wah:u_auto_wah_R|svf_lp[30] ; AUD_BCLK     ; CLOCK_50    ; 1.000        ; -0.201     ; 11.434     ;
; -10.657 ; serial_to_parallel:u1|right_data[6]  ; auto_wah:u_auto_wah_R|svf_lp[34] ; AUD_BCLK     ; CLOCK_50    ; 1.000        ; -0.201     ; 11.433     ;
; -10.657 ; serial_to_parallel:u1|right_data[4]  ; auto_wah:u_auto_wah_R|svf_lp[32] ; AUD_BCLK     ; CLOCK_50    ; 1.000        ; -0.201     ; 11.433     ;
; -10.651 ; serial_to_parallel:u1|right_data[1]  ; auto_wah:u_auto_wah_R|svf_lp[30] ; AUD_BCLK     ; CLOCK_50    ; 1.000        ; -0.201     ; 11.427     ;
; -10.646 ; serial_to_parallel:u1|left_data[0]   ; auto_wah:u_auto_wah_L|svf_lp[22] ; AUD_BCLK     ; CLOCK_50    ; 1.000        ; -0.127     ; 11.496     ;
; -10.646 ; serial_to_parallel:u1|right_data[0]  ; auto_wah:u_auto_wah_R|svf_lp[27] ; AUD_BCLK     ; CLOCK_50    ; 1.000        ; -0.201     ; 11.422     ;
; -10.643 ; serial_to_parallel:u1|right_data[2]  ; auto_wah:u_auto_wah_R|svf_lp[29] ; AUD_BCLK     ; CLOCK_50    ; 1.000        ; -0.201     ; 11.419     ;
; -10.642 ; serial_to_parallel:u1|right_data[6]  ; auto_wah:u_auto_wah_R|svf_lp[33] ; AUD_BCLK     ; CLOCK_50    ; 1.000        ; -0.201     ; 11.418     ;
; -10.642 ; serial_to_parallel:u1|right_data[4]  ; auto_wah:u_auto_wah_R|svf_lp[31] ; AUD_BCLK     ; CLOCK_50    ; 1.000        ; -0.201     ; 11.418     ;
; -10.640 ; serial_to_parallel:u1|right_data[5]  ; auto_wah:u_auto_wah_R|svf_lp[34] ; AUD_BCLK     ; CLOCK_50    ; 1.000        ; -0.201     ; 11.416     ;
; -10.640 ; serial_to_parallel:u1|right_data[3]  ; auto_wah:u_auto_wah_R|svf_lp[32] ; AUD_BCLK     ; CLOCK_50    ; 1.000        ; -0.201     ; 11.416     ;
; -10.639 ; serial_to_parallel:u1|right_data[8]  ; auto_wah:u_auto_wah_R|svf_lp[35] ; AUD_BCLK     ; CLOCK_50    ; 1.000        ; -0.201     ; 11.415     ;
; -10.636 ; serial_to_parallel:u1|right_data[1]  ; auto_wah:u_auto_wah_R|svf_lp[29] ; AUD_BCLK     ; CLOCK_50    ; 1.000        ; -0.201     ; 11.412     ;
; -10.626 ; serial_to_parallel:u1|left_data[10]  ; auto_wah:u_auto_wah_L|svf_lp[35] ; AUD_BCLK     ; CLOCK_50    ; 1.000        ; -0.001     ; 11.602     ;
; -10.625 ; serial_to_parallel:u1|right_data[5]  ; auto_wah:u_auto_wah_R|svf_lp[33] ; AUD_BCLK     ; CLOCK_50    ; 1.000        ; -0.201     ; 11.401     ;
; -10.625 ; serial_to_parallel:u1|right_data[3]  ; auto_wah:u_auto_wah_R|svf_lp[31] ; AUD_BCLK     ; CLOCK_50    ; 1.000        ; -0.201     ; 11.401     ;
; -10.624 ; serial_to_parallel:u1|right_data[7]  ; auto_wah:u_auto_wah_R|svf_lp[35] ; AUD_BCLK     ; CLOCK_50    ; 1.000        ; -0.201     ; 11.400     ;
; -10.622 ; serial_to_parallel:u1|left_data[10]  ; auto_wah:u_auto_wah_L|svf_lp[34] ; AUD_BCLK     ; CLOCK_50    ; 1.000        ; -0.001     ; 11.598     ;
; -10.611 ; serial_to_parallel:u1|left_data[4]   ; auto_wah:u_auto_wah_L|svf_lp[31] ; AUD_BCLK     ; CLOCK_50    ; 1.000        ; 0.071      ; 11.659     ;
; -10.611 ; serial_to_parallel:u1|left_data[2]   ; auto_wah:u_auto_wah_L|svf_lp[29] ; AUD_BCLK     ; CLOCK_50    ; 1.000        ; 0.071      ; 11.659     ;
; -10.610 ; serial_to_parallel:u1|left_data[8]   ; auto_wah:u_auto_wah_L|svf_lp[35] ; AUD_BCLK     ; CLOCK_50    ; 1.000        ; 0.071      ; 11.658     ;
; -10.610 ; serial_to_parallel:u1|left_data[6]   ; auto_wah:u_auto_wah_L|svf_lp[33] ; AUD_BCLK     ; CLOCK_50    ; 1.000        ; 0.071      ; 11.658     ;
; -10.608 ; serial_to_parallel:u1|left_data[0]   ; auto_wah:u_auto_wah_L|svf_lp[27] ; AUD_BCLK     ; CLOCK_50    ; 1.000        ; 0.071      ; 11.656     ;
; -10.607 ; serial_to_parallel:u1|left_data[4]   ; auto_wah:u_auto_wah_L|svf_lp[30] ; AUD_BCLK     ; CLOCK_50    ; 1.000        ; 0.071      ; 11.655     ;
; -10.607 ; serial_to_parallel:u1|left_data[2]   ; auto_wah:u_auto_wah_L|svf_lp[28] ; AUD_BCLK     ; CLOCK_50    ; 1.000        ; 0.071      ; 11.655     ;
; -10.606 ; serial_to_parallel:u1|left_data[8]   ; auto_wah:u_auto_wah_L|svf_lp[34] ; AUD_BCLK     ; CLOCK_50    ; 1.000        ; 0.071      ; 11.654     ;
; -10.606 ; serial_to_parallel:u1|left_data[6]   ; auto_wah:u_auto_wah_L|svf_lp[32] ; AUD_BCLK     ; CLOCK_50    ; 1.000        ; 0.071      ; 11.654     ;
; -10.605 ; serial_to_parallel:u1|left_data[5]   ; auto_wah:u_auto_wah_L|svf_lp[33] ; AUD_BCLK     ; CLOCK_50    ; 1.000        ; 0.071      ; 11.653     ;
; -10.605 ; serial_to_parallel:u1|left_data[3]   ; auto_wah:u_auto_wah_L|svf_lp[31] ; AUD_BCLK     ; CLOCK_50    ; 1.000        ; 0.071      ; 11.653     ;
; -10.604 ; serial_to_parallel:u1|left_data[0]   ; auto_wah:u_auto_wah_L|svf_lp[26] ; AUD_BCLK     ; CLOCK_50    ; 1.000        ; 0.071      ; 11.652     ;
; -10.604 ; serial_to_parallel:u1|left_data[1]   ; auto_wah:u_auto_wah_L|svf_lp[29] ; AUD_BCLK     ; CLOCK_50    ; 1.000        ; 0.071      ; 11.652     ;
; -10.601 ; serial_to_parallel:u1|left_data[5]   ; auto_wah:u_auto_wah_L|svf_lp[32] ; AUD_BCLK     ; CLOCK_50    ; 1.000        ; 0.071      ; 11.649     ;
; -10.601 ; serial_to_parallel:u1|left_data[3]   ; auto_wah:u_auto_wah_L|svf_lp[30] ; AUD_BCLK     ; CLOCK_50    ; 1.000        ; 0.071      ; 11.649     ;
; -10.600 ; serial_to_parallel:u1|right_data[10] ; auto_wah:u_auto_wah_R|svf_lp[35] ; AUD_BCLK     ; CLOCK_50    ; 1.000        ; -0.214     ; 11.363     ;
; -10.600 ; serial_to_parallel:u1|left_data[1]   ; auto_wah:u_auto_wah_L|svf_lp[28] ; AUD_BCLK     ; CLOCK_50    ; 1.000        ; 0.071      ; 11.648     ;
; -10.590 ; serial_to_parallel:u1|right_data[2]  ; auto_wah:u_auto_wah_R|svf_lp[28] ; AUD_BCLK     ; CLOCK_50    ; 1.000        ; -0.201     ; 11.366     ;
; -10.589 ; serial_to_parallel:u1|right_data[6]  ; auto_wah:u_auto_wah_R|svf_lp[32] ; AUD_BCLK     ; CLOCK_50    ; 1.000        ; -0.201     ; 11.365     ;
; -10.589 ; serial_to_parallel:u1|right_data[4]  ; auto_wah:u_auto_wah_R|svf_lp[30] ; AUD_BCLK     ; CLOCK_50    ; 1.000        ; -0.201     ; 11.365     ;
; -10.588 ; serial_to_parallel:u1|left_data[0]   ; auto_wah:u_auto_wah_L|svf_lp[21] ; AUD_BCLK     ; CLOCK_50    ; 1.000        ; -0.127     ; 11.438     ;
; -10.586 ; serial_to_parallel:u1|right_data[8]  ; auto_wah:u_auto_wah_R|svf_lp[34] ; AUD_BCLK     ; CLOCK_50    ; 1.000        ; -0.201     ; 11.362     ;
; -10.583 ; serial_to_parallel:u1|right_data[1]  ; auto_wah:u_auto_wah_R|svf_lp[28] ; AUD_BCLK     ; CLOCK_50    ; 1.000        ; -0.201     ; 11.359     ;
; -10.581 ; serial_to_parallel:u1|left_data[2]   ; auto_wah:u_auto_wah_L|svf_lp[22] ; AUD_BCLK     ; CLOCK_50    ; 1.000        ; -0.127     ; 11.431     ;
+---------+--------------------------------------+----------------------------------+--------------+-------------+--------------+------------+------------+


+----------------------------------------------------------------------------------------------------------------------------------------------------------------------------------------------------------------------------------------------------+
; Fast 1200mV 0C Model Setup: 'PLL_inst|altpll_component|auto_generated|pll1|clk[0]'                                                                                                                                                                 ;
+--------+-----------------------------------------------------------+--------------------------------------+----------------------------------------+------------------------------------------------------+--------------+------------+------------+
; Slack  ; From Node                                                 ; To Node                              ; Launch Clock                           ; Latch Clock                                          ; Relationship ; Clock Skew ; Data Delay ;
+--------+-----------------------------------------------------------+--------------------------------------+----------------------------------------+------------------------------------------------------+--------------+------------+------------+
; -4.097 ; digital_distortion:digital_distortion_L|counter_vector[0] ; delay:delay_inst_L|counter[12]       ; config_CODEC:u_CODEC_config|counter[9] ; PLL_inst|altpll_component|auto_generated|pll1|clk[0] ; 1.000        ; -2.397     ; 2.637      ;
; -4.097 ; digital_distortion:digital_distortion_L|counter_vector[0] ; delay:delay_inst_L|counter[2]        ; config_CODEC:u_CODEC_config|counter[9] ; PLL_inst|altpll_component|auto_generated|pll1|clk[0] ; 1.000        ; -2.397     ; 2.637      ;
; -4.097 ; digital_distortion:digital_distortion_L|counter_vector[0] ; delay:delay_inst_L|counter[0]        ; config_CODEC:u_CODEC_config|counter[9] ; PLL_inst|altpll_component|auto_generated|pll1|clk[0] ; 1.000        ; -2.397     ; 2.637      ;
; -4.097 ; digital_distortion:digital_distortion_L|counter_vector[0] ; delay:delay_inst_L|counter[1]        ; config_CODEC:u_CODEC_config|counter[9] ; PLL_inst|altpll_component|auto_generated|pll1|clk[0] ; 1.000        ; -2.397     ; 2.637      ;
; -4.097 ; digital_distortion:digital_distortion_L|counter_vector[0] ; delay:delay_inst_L|counter[3]        ; config_CODEC:u_CODEC_config|counter[9] ; PLL_inst|altpll_component|auto_generated|pll1|clk[0] ; 1.000        ; -2.397     ; 2.637      ;
; -4.097 ; digital_distortion:digital_distortion_L|counter_vector[0] ; delay:delay_inst_L|counter[4]        ; config_CODEC:u_CODEC_config|counter[9] ; PLL_inst|altpll_component|auto_generated|pll1|clk[0] ; 1.000        ; -2.397     ; 2.637      ;
; -4.097 ; digital_distortion:digital_distortion_L|counter_vector[0] ; delay:delay_inst_L|counter[5]        ; config_CODEC:u_CODEC_config|counter[9] ; PLL_inst|altpll_component|auto_generated|pll1|clk[0] ; 1.000        ; -2.397     ; 2.637      ;
; -4.097 ; digital_distortion:digital_distortion_L|counter_vector[0] ; delay:delay_inst_L|counter[6]        ; config_CODEC:u_CODEC_config|counter[9] ; PLL_inst|altpll_component|auto_generated|pll1|clk[0] ; 1.000        ; -2.397     ; 2.637      ;
; -4.097 ; digital_distortion:digital_distortion_L|counter_vector[0] ; delay:delay_inst_L|counter[7]        ; config_CODEC:u_CODEC_config|counter[9] ; PLL_inst|altpll_component|auto_generated|pll1|clk[0] ; 1.000        ; -2.397     ; 2.637      ;
; -4.097 ; digital_distortion:digital_distortion_L|counter_vector[0] ; delay:delay_inst_L|counter[8]        ; config_CODEC:u_CODEC_config|counter[9] ; PLL_inst|altpll_component|auto_generated|pll1|clk[0] ; 1.000        ; -2.397     ; 2.637      ;
; -4.097 ; digital_distortion:digital_distortion_L|counter_vector[0] ; delay:delay_inst_L|counter[9]        ; config_CODEC:u_CODEC_config|counter[9] ; PLL_inst|altpll_component|auto_generated|pll1|clk[0] ; 1.000        ; -2.397     ; 2.637      ;
; -4.097 ; digital_distortion:digital_distortion_L|counter_vector[0] ; delay:delay_inst_L|counter[10]       ; config_CODEC:u_CODEC_config|counter[9] ; PLL_inst|altpll_component|auto_generated|pll1|clk[0] ; 1.000        ; -2.397     ; 2.637      ;
; -4.097 ; digital_distortion:digital_distortion_L|counter_vector[0] ; delay:delay_inst_L|counter[11]       ; config_CODEC:u_CODEC_config|counter[9] ; PLL_inst|altpll_component|auto_generated|pll1|clk[0] ; 1.000        ; -2.397     ; 2.637      ;
; -4.097 ; digital_distortion:digital_distortion_L|counter_vector[0] ; delay:delay_inst_L|counter[13]       ; config_CODEC:u_CODEC_config|counter[9] ; PLL_inst|altpll_component|auto_generated|pll1|clk[0] ; 1.000        ; -2.397     ; 2.637      ;
; -4.097 ; digital_distortion:digital_distortion_L|counter_vector[0] ; delay:delay_inst_L|counter[14]       ; config_CODEC:u_CODEC_config|counter[9] ; PLL_inst|altpll_component|auto_generated|pll1|clk[0] ; 1.000        ; -2.397     ; 2.637      ;
; -4.097 ; digital_distortion:digital_distortion_L|counter_vector[0] ; delay:delay_inst_L|counter[15]       ; config_CODEC:u_CODEC_config|counter[9] ; PLL_inst|altpll_component|auto_generated|pll1|clk[0] ; 1.000        ; -2.397     ; 2.637      ;
; -4.016 ; digital_distortion:digital_distortion_L|counter_vector[2] ; delay:delay_inst_L|counter[12]       ; config_CODEC:u_CODEC_config|counter[9] ; PLL_inst|altpll_component|auto_generated|pll1|clk[0] ; 1.000        ; -2.397     ; 2.556      ;
; -4.016 ; digital_distortion:digital_distortion_L|counter_vector[2] ; delay:delay_inst_L|counter[2]        ; config_CODEC:u_CODEC_config|counter[9] ; PLL_inst|altpll_component|auto_generated|pll1|clk[0] ; 1.000        ; -2.397     ; 2.556      ;
; -4.016 ; digital_distortion:digital_distortion_L|counter_vector[2] ; delay:delay_inst_L|counter[0]        ; config_CODEC:u_CODEC_config|counter[9] ; PLL_inst|altpll_component|auto_generated|pll1|clk[0] ; 1.000        ; -2.397     ; 2.556      ;
; -4.016 ; digital_distortion:digital_distortion_L|counter_vector[2] ; delay:delay_inst_L|counter[1]        ; config_CODEC:u_CODEC_config|counter[9] ; PLL_inst|altpll_component|auto_generated|pll1|clk[0] ; 1.000        ; -2.397     ; 2.556      ;
; -4.016 ; digital_distortion:digital_distortion_L|counter_vector[2] ; delay:delay_inst_L|counter[3]        ; config_CODEC:u_CODEC_config|counter[9] ; PLL_inst|altpll_component|auto_generated|pll1|clk[0] ; 1.000        ; -2.397     ; 2.556      ;
; -4.016 ; digital_distortion:digital_distortion_L|counter_vector[2] ; delay:delay_inst_L|counter[4]        ; config_CODEC:u_CODEC_config|counter[9] ; PLL_inst|altpll_component|auto_generated|pll1|clk[0] ; 1.000        ; -2.397     ; 2.556      ;
; -4.016 ; digital_distortion:digital_distortion_L|counter_vector[2] ; delay:delay_inst_L|counter[5]        ; config_CODEC:u_CODEC_config|counter[9] ; PLL_inst|altpll_component|auto_generated|pll1|clk[0] ; 1.000        ; -2.397     ; 2.556      ;
; -4.016 ; digital_distortion:digital_distortion_L|counter_vector[2] ; delay:delay_inst_L|counter[6]        ; config_CODEC:u_CODEC_config|counter[9] ; PLL_inst|altpll_component|auto_generated|pll1|clk[0] ; 1.000        ; -2.397     ; 2.556      ;
; -4.016 ; digital_distortion:digital_distortion_L|counter_vector[2] ; delay:delay_inst_L|counter[7]        ; config_CODEC:u_CODEC_config|counter[9] ; PLL_inst|altpll_component|auto_generated|pll1|clk[0] ; 1.000        ; -2.397     ; 2.556      ;
; -4.016 ; digital_distortion:digital_distortion_L|counter_vector[2] ; delay:delay_inst_L|counter[8]        ; config_CODEC:u_CODEC_config|counter[9] ; PLL_inst|altpll_component|auto_generated|pll1|clk[0] ; 1.000        ; -2.397     ; 2.556      ;
; -4.016 ; digital_distortion:digital_distortion_L|counter_vector[2] ; delay:delay_inst_L|counter[9]        ; config_CODEC:u_CODEC_config|counter[9] ; PLL_inst|altpll_component|auto_generated|pll1|clk[0] ; 1.000        ; -2.397     ; 2.556      ;
; -4.016 ; digital_distortion:digital_distortion_L|counter_vector[2] ; delay:delay_inst_L|counter[10]       ; config_CODEC:u_CODEC_config|counter[9] ; PLL_inst|altpll_component|auto_generated|pll1|clk[0] ; 1.000        ; -2.397     ; 2.556      ;
; -4.016 ; digital_distortion:digital_distortion_L|counter_vector[2] ; delay:delay_inst_L|counter[11]       ; config_CODEC:u_CODEC_config|counter[9] ; PLL_inst|altpll_component|auto_generated|pll1|clk[0] ; 1.000        ; -2.397     ; 2.556      ;
; -4.016 ; digital_distortion:digital_distortion_L|counter_vector[2] ; delay:delay_inst_L|counter[13]       ; config_CODEC:u_CODEC_config|counter[9] ; PLL_inst|altpll_component|auto_generated|pll1|clk[0] ; 1.000        ; -2.397     ; 2.556      ;
; -4.016 ; digital_distortion:digital_distortion_L|counter_vector[2] ; delay:delay_inst_L|counter[14]       ; config_CODEC:u_CODEC_config|counter[9] ; PLL_inst|altpll_component|auto_generated|pll1|clk[0] ; 1.000        ; -2.397     ; 2.556      ;
; -4.016 ; digital_distortion:digital_distortion_L|counter_vector[2] ; delay:delay_inst_L|counter[15]       ; config_CODEC:u_CODEC_config|counter[9] ; PLL_inst|altpll_component|auto_generated|pll1|clk[0] ; 1.000        ; -2.397     ; 2.556      ;
; -4.013 ; digital_distortion:digital_distortion_L|counter_vector[4] ; delay:delay_inst_L|counter[12]       ; config_CODEC:u_CODEC_config|counter[9] ; PLL_inst|altpll_component|auto_generated|pll1|clk[0] ; 1.000        ; -2.397     ; 2.553      ;
; -4.013 ; digital_distortion:digital_distortion_L|counter_vector[4] ; delay:delay_inst_L|counter[2]        ; config_CODEC:u_CODEC_config|counter[9] ; PLL_inst|altpll_component|auto_generated|pll1|clk[0] ; 1.000        ; -2.397     ; 2.553      ;
; -4.013 ; digital_distortion:digital_distortion_L|counter_vector[4] ; delay:delay_inst_L|counter[0]        ; config_CODEC:u_CODEC_config|counter[9] ; PLL_inst|altpll_component|auto_generated|pll1|clk[0] ; 1.000        ; -2.397     ; 2.553      ;
; -4.013 ; digital_distortion:digital_distortion_L|counter_vector[4] ; delay:delay_inst_L|counter[1]        ; config_CODEC:u_CODEC_config|counter[9] ; PLL_inst|altpll_component|auto_generated|pll1|clk[0] ; 1.000        ; -2.397     ; 2.553      ;
; -4.013 ; digital_distortion:digital_distortion_L|counter_vector[4] ; delay:delay_inst_L|counter[3]        ; config_CODEC:u_CODEC_config|counter[9] ; PLL_inst|altpll_component|auto_generated|pll1|clk[0] ; 1.000        ; -2.397     ; 2.553      ;
; -4.013 ; digital_distortion:digital_distortion_L|counter_vector[4] ; delay:delay_inst_L|counter[4]        ; config_CODEC:u_CODEC_config|counter[9] ; PLL_inst|altpll_component|auto_generated|pll1|clk[0] ; 1.000        ; -2.397     ; 2.553      ;
; -4.013 ; digital_distortion:digital_distortion_L|counter_vector[4] ; delay:delay_inst_L|counter[5]        ; config_CODEC:u_CODEC_config|counter[9] ; PLL_inst|altpll_component|auto_generated|pll1|clk[0] ; 1.000        ; -2.397     ; 2.553      ;
; -4.013 ; digital_distortion:digital_distortion_L|counter_vector[4] ; delay:delay_inst_L|counter[6]        ; config_CODEC:u_CODEC_config|counter[9] ; PLL_inst|altpll_component|auto_generated|pll1|clk[0] ; 1.000        ; -2.397     ; 2.553      ;
; -4.013 ; digital_distortion:digital_distortion_L|counter_vector[4] ; delay:delay_inst_L|counter[7]        ; config_CODEC:u_CODEC_config|counter[9] ; PLL_inst|altpll_component|auto_generated|pll1|clk[0] ; 1.000        ; -2.397     ; 2.553      ;
; -4.013 ; digital_distortion:digital_distortion_L|counter_vector[4] ; delay:delay_inst_L|counter[8]        ; config_CODEC:u_CODEC_config|counter[9] ; PLL_inst|altpll_component|auto_generated|pll1|clk[0] ; 1.000        ; -2.397     ; 2.553      ;
; -4.013 ; digital_distortion:digital_distortion_L|counter_vector[4] ; delay:delay_inst_L|counter[9]        ; config_CODEC:u_CODEC_config|counter[9] ; PLL_inst|altpll_component|auto_generated|pll1|clk[0] ; 1.000        ; -2.397     ; 2.553      ;
; -4.013 ; digital_distortion:digital_distortion_L|counter_vector[4] ; delay:delay_inst_L|counter[10]       ; config_CODEC:u_CODEC_config|counter[9] ; PLL_inst|altpll_component|auto_generated|pll1|clk[0] ; 1.000        ; -2.397     ; 2.553      ;
; -4.013 ; digital_distortion:digital_distortion_L|counter_vector[4] ; delay:delay_inst_L|counter[11]       ; config_CODEC:u_CODEC_config|counter[9] ; PLL_inst|altpll_component|auto_generated|pll1|clk[0] ; 1.000        ; -2.397     ; 2.553      ;
; -4.013 ; digital_distortion:digital_distortion_L|counter_vector[4] ; delay:delay_inst_L|counter[13]       ; config_CODEC:u_CODEC_config|counter[9] ; PLL_inst|altpll_component|auto_generated|pll1|clk[0] ; 1.000        ; -2.397     ; 2.553      ;
; -4.013 ; digital_distortion:digital_distortion_L|counter_vector[4] ; delay:delay_inst_L|counter[14]       ; config_CODEC:u_CODEC_config|counter[9] ; PLL_inst|altpll_component|auto_generated|pll1|clk[0] ; 1.000        ; -2.397     ; 2.553      ;
; -4.013 ; digital_distortion:digital_distortion_L|counter_vector[4] ; delay:delay_inst_L|counter[15]       ; config_CODEC:u_CODEC_config|counter[9] ; PLL_inst|altpll_component|auto_generated|pll1|clk[0] ; 1.000        ; -2.397     ; 2.553      ;
; -3.950 ; digital_distortion:digital_distortion_L|counter_vector[3] ; delay:delay_inst_L|counter[12]       ; config_CODEC:u_CODEC_config|counter[9] ; PLL_inst|altpll_component|auto_generated|pll1|clk[0] ; 1.000        ; -2.397     ; 2.490      ;
; -3.950 ; digital_distortion:digital_distortion_L|counter_vector[3] ; delay:delay_inst_L|counter[2]        ; config_CODEC:u_CODEC_config|counter[9] ; PLL_inst|altpll_component|auto_generated|pll1|clk[0] ; 1.000        ; -2.397     ; 2.490      ;
; -3.950 ; digital_distortion:digital_distortion_L|counter_vector[3] ; delay:delay_inst_L|counter[0]        ; config_CODEC:u_CODEC_config|counter[9] ; PLL_inst|altpll_component|auto_generated|pll1|clk[0] ; 1.000        ; -2.397     ; 2.490      ;
; -3.950 ; digital_distortion:digital_distortion_L|counter_vector[3] ; delay:delay_inst_L|counter[1]        ; config_CODEC:u_CODEC_config|counter[9] ; PLL_inst|altpll_component|auto_generated|pll1|clk[0] ; 1.000        ; -2.397     ; 2.490      ;
; -3.950 ; digital_distortion:digital_distortion_L|counter_vector[3] ; delay:delay_inst_L|counter[3]        ; config_CODEC:u_CODEC_config|counter[9] ; PLL_inst|altpll_component|auto_generated|pll1|clk[0] ; 1.000        ; -2.397     ; 2.490      ;
; -3.950 ; digital_distortion:digital_distortion_L|counter_vector[3] ; delay:delay_inst_L|counter[4]        ; config_CODEC:u_CODEC_config|counter[9] ; PLL_inst|altpll_component|auto_generated|pll1|clk[0] ; 1.000        ; -2.397     ; 2.490      ;
; -3.950 ; digital_distortion:digital_distortion_L|counter_vector[3] ; delay:delay_inst_L|counter[5]        ; config_CODEC:u_CODEC_config|counter[9] ; PLL_inst|altpll_component|auto_generated|pll1|clk[0] ; 1.000        ; -2.397     ; 2.490      ;
; -3.950 ; digital_distortion:digital_distortion_L|counter_vector[3] ; delay:delay_inst_L|counter[6]        ; config_CODEC:u_CODEC_config|counter[9] ; PLL_inst|altpll_component|auto_generated|pll1|clk[0] ; 1.000        ; -2.397     ; 2.490      ;
; -3.950 ; digital_distortion:digital_distortion_L|counter_vector[3] ; delay:delay_inst_L|counter[7]        ; config_CODEC:u_CODEC_config|counter[9] ; PLL_inst|altpll_component|auto_generated|pll1|clk[0] ; 1.000        ; -2.397     ; 2.490      ;
; -3.950 ; digital_distortion:digital_distortion_L|counter_vector[3] ; delay:delay_inst_L|counter[8]        ; config_CODEC:u_CODEC_config|counter[9] ; PLL_inst|altpll_component|auto_generated|pll1|clk[0] ; 1.000        ; -2.397     ; 2.490      ;
; -3.950 ; digital_distortion:digital_distortion_L|counter_vector[3] ; delay:delay_inst_L|counter[9]        ; config_CODEC:u_CODEC_config|counter[9] ; PLL_inst|altpll_component|auto_generated|pll1|clk[0] ; 1.000        ; -2.397     ; 2.490      ;
; -3.950 ; digital_distortion:digital_distortion_L|counter_vector[3] ; delay:delay_inst_L|counter[10]       ; config_CODEC:u_CODEC_config|counter[9] ; PLL_inst|altpll_component|auto_generated|pll1|clk[0] ; 1.000        ; -2.397     ; 2.490      ;
; -3.950 ; digital_distortion:digital_distortion_L|counter_vector[3] ; delay:delay_inst_L|counter[11]       ; config_CODEC:u_CODEC_config|counter[9] ; PLL_inst|altpll_component|auto_generated|pll1|clk[0] ; 1.000        ; -2.397     ; 2.490      ;
; -3.950 ; digital_distortion:digital_distortion_L|counter_vector[3] ; delay:delay_inst_L|counter[13]       ; config_CODEC:u_CODEC_config|counter[9] ; PLL_inst|altpll_component|auto_generated|pll1|clk[0] ; 1.000        ; -2.397     ; 2.490      ;
; -3.950 ; digital_distortion:digital_distortion_L|counter_vector[3] ; delay:delay_inst_L|counter[14]       ; config_CODEC:u_CODEC_config|counter[9] ; PLL_inst|altpll_component|auto_generated|pll1|clk[0] ; 1.000        ; -2.397     ; 2.490      ;
; -3.950 ; digital_distortion:digital_distortion_L|counter_vector[3] ; delay:delay_inst_L|counter[15]       ; config_CODEC:u_CODEC_config|counter[9] ; PLL_inst|altpll_component|auto_generated|pll1|clk[0] ; 1.000        ; -2.397     ; 2.490      ;
; -3.946 ; digital_distortion:digital_distortion_L|counter_vector[1] ; delay:delay_inst_L|counter[12]       ; config_CODEC:u_CODEC_config|counter[9] ; PLL_inst|altpll_component|auto_generated|pll1|clk[0] ; 1.000        ; -2.397     ; 2.486      ;
; -3.946 ; digital_distortion:digital_distortion_L|counter_vector[1] ; delay:delay_inst_L|counter[2]        ; config_CODEC:u_CODEC_config|counter[9] ; PLL_inst|altpll_component|auto_generated|pll1|clk[0] ; 1.000        ; -2.397     ; 2.486      ;
; -3.946 ; digital_distortion:digital_distortion_L|counter_vector[1] ; delay:delay_inst_L|counter[0]        ; config_CODEC:u_CODEC_config|counter[9] ; PLL_inst|altpll_component|auto_generated|pll1|clk[0] ; 1.000        ; -2.397     ; 2.486      ;
; -3.946 ; digital_distortion:digital_distortion_L|counter_vector[1] ; delay:delay_inst_L|counter[1]        ; config_CODEC:u_CODEC_config|counter[9] ; PLL_inst|altpll_component|auto_generated|pll1|clk[0] ; 1.000        ; -2.397     ; 2.486      ;
; -3.946 ; digital_distortion:digital_distortion_L|counter_vector[1] ; delay:delay_inst_L|counter[3]        ; config_CODEC:u_CODEC_config|counter[9] ; PLL_inst|altpll_component|auto_generated|pll1|clk[0] ; 1.000        ; -2.397     ; 2.486      ;
; -3.946 ; digital_distortion:digital_distortion_L|counter_vector[1] ; delay:delay_inst_L|counter[4]        ; config_CODEC:u_CODEC_config|counter[9] ; PLL_inst|altpll_component|auto_generated|pll1|clk[0] ; 1.000        ; -2.397     ; 2.486      ;
; -3.946 ; digital_distortion:digital_distortion_L|counter_vector[1] ; delay:delay_inst_L|counter[5]        ; config_CODEC:u_CODEC_config|counter[9] ; PLL_inst|altpll_component|auto_generated|pll1|clk[0] ; 1.000        ; -2.397     ; 2.486      ;
; -3.946 ; digital_distortion:digital_distortion_L|counter_vector[1] ; delay:delay_inst_L|counter[6]        ; config_CODEC:u_CODEC_config|counter[9] ; PLL_inst|altpll_component|auto_generated|pll1|clk[0] ; 1.000        ; -2.397     ; 2.486      ;
; -3.946 ; digital_distortion:digital_distortion_L|counter_vector[1] ; delay:delay_inst_L|counter[7]        ; config_CODEC:u_CODEC_config|counter[9] ; PLL_inst|altpll_component|auto_generated|pll1|clk[0] ; 1.000        ; -2.397     ; 2.486      ;
; -3.946 ; digital_distortion:digital_distortion_L|counter_vector[1] ; delay:delay_inst_L|counter[8]        ; config_CODEC:u_CODEC_config|counter[9] ; PLL_inst|altpll_component|auto_generated|pll1|clk[0] ; 1.000        ; -2.397     ; 2.486      ;
; -3.946 ; digital_distortion:digital_distortion_L|counter_vector[1] ; delay:delay_inst_L|counter[9]        ; config_CODEC:u_CODEC_config|counter[9] ; PLL_inst|altpll_component|auto_generated|pll1|clk[0] ; 1.000        ; -2.397     ; 2.486      ;
; -3.946 ; digital_distortion:digital_distortion_L|counter_vector[1] ; delay:delay_inst_L|counter[10]       ; config_CODEC:u_CODEC_config|counter[9] ; PLL_inst|altpll_component|auto_generated|pll1|clk[0] ; 1.000        ; -2.397     ; 2.486      ;
; -3.946 ; digital_distortion:digital_distortion_L|counter_vector[1] ; delay:delay_inst_L|counter[11]       ; config_CODEC:u_CODEC_config|counter[9] ; PLL_inst|altpll_component|auto_generated|pll1|clk[0] ; 1.000        ; -2.397     ; 2.486      ;
; -3.946 ; digital_distortion:digital_distortion_L|counter_vector[1] ; delay:delay_inst_L|counter[13]       ; config_CODEC:u_CODEC_config|counter[9] ; PLL_inst|altpll_component|auto_generated|pll1|clk[0] ; 1.000        ; -2.397     ; 2.486      ;
; -3.946 ; digital_distortion:digital_distortion_L|counter_vector[1] ; delay:delay_inst_L|counter[14]       ; config_CODEC:u_CODEC_config|counter[9] ; PLL_inst|altpll_component|auto_generated|pll1|clk[0] ; 1.000        ; -2.397     ; 2.486      ;
; -3.946 ; digital_distortion:digital_distortion_L|counter_vector[1] ; delay:delay_inst_L|counter[15]       ; config_CODEC:u_CODEC_config|counter[9] ; PLL_inst|altpll_component|auto_generated|pll1|clk[0] ; 1.000        ; -2.397     ; 2.486      ;
; -2.670 ; serial_to_parallel:u1|left_data[7]                        ; delay:delay_inst_L|sortie_calc_s[13] ; AUD_BCLK                               ; PLL_inst|altpll_component|auto_generated|pll1|clk[0] ; 1.000        ; -1.863     ; 1.734      ;
; -2.666 ; serial_to_parallel:u1|left_data[7]                        ; delay:delay_inst_L|sortie_calc_s[12] ; AUD_BCLK                               ; PLL_inst|altpll_component|auto_generated|pll1|clk[0] ; 1.000        ; -1.863     ; 1.730      ;
; -2.651 ; serial_to_parallel:u1|right_data[3]                       ; delay:delay_inst_R|sortie_calc_s[10] ; AUD_BCLK                               ; PLL_inst|altpll_component|auto_generated|pll1|clk[0] ; 1.000        ; -2.145     ; 1.433      ;
; -2.640 ; serial_to_parallel:u1|left_data[6]                        ; delay:delay_inst_L|sortie_calc_s[13] ; AUD_BCLK                               ; PLL_inst|altpll_component|auto_generated|pll1|clk[0] ; 1.000        ; -1.863     ; 1.704      ;
; -2.639 ; serial_to_parallel:u1|right_data[8]                       ; delay:delay_inst_R|sortie_calc_s[10] ; AUD_BCLK                               ; PLL_inst|altpll_component|auto_generated|pll1|clk[0] ; 1.000        ; -2.145     ; 1.421      ;
; -2.636 ; serial_to_parallel:u1|left_data[6]                        ; delay:delay_inst_L|sortie_calc_s[12] ; AUD_BCLK                               ; PLL_inst|altpll_component|auto_generated|pll1|clk[0] ; 1.000        ; -1.863     ; 1.700      ;
; -2.615 ; serial_to_parallel:u1|left_data[9]                        ; delay:delay_inst_L|sortie_calc_s[13] ; AUD_BCLK                               ; PLL_inst|altpll_component|auto_generated|pll1|clk[0] ; 1.000        ; -1.863     ; 1.679      ;
; -2.612 ; serial_to_parallel:u1|right_data[1]                       ; delay:delay_inst_R|sortie_calc_s[10] ; AUD_BCLK                               ; PLL_inst|altpll_component|auto_generated|pll1|clk[0] ; 1.000        ; -2.145     ; 1.394      ;
; -2.611 ; serial_to_parallel:u1|left_data[9]                        ; delay:delay_inst_L|sortie_calc_s[12] ; AUD_BCLK                               ; PLL_inst|altpll_component|auto_generated|pll1|clk[0] ; 1.000        ; -1.863     ; 1.675      ;
; -2.607 ; serial_to_parallel:u1|right_data[6]                       ; delay:delay_inst_R|sortie_calc_s[10] ; AUD_BCLK                               ; PLL_inst|altpll_component|auto_generated|pll1|clk[0] ; 1.000        ; -2.145     ; 1.389      ;
; -2.602 ; serial_to_parallel:u1|left_data[7]                        ; delay:delay_inst_L|sortie_calc_s[11] ; AUD_BCLK                               ; PLL_inst|altpll_component|auto_generated|pll1|clk[0] ; 1.000        ; -1.863     ; 1.666      ;
; -2.599 ; serial_to_parallel:u1|right_data[2]                       ; delay:delay_inst_R|sortie_calc_s[10] ; AUD_BCLK                               ; PLL_inst|altpll_component|auto_generated|pll1|clk[0] ; 1.000        ; -2.145     ; 1.381      ;
; -2.595 ; serial_to_parallel:u1|right_data[3]                       ; delay:delay_inst_R|sortie_calc_s[15] ; AUD_BCLK                               ; PLL_inst|altpll_component|auto_generated|pll1|clk[0] ; 1.000        ; -1.949     ; 1.573      ;
; -2.591 ; serial_to_parallel:u1|right_data[3]                       ; delay:delay_inst_R|sortie_calc_s[14] ; AUD_BCLK                               ; PLL_inst|altpll_component|auto_generated|pll1|clk[0] ; 1.000        ; -1.949     ; 1.569      ;
; -2.587 ; serial_to_parallel:u1|right_data[3]                       ; delay:delay_inst_R|sortie_calc_s[9]  ; AUD_BCLK                               ; PLL_inst|altpll_component|auto_generated|pll1|clk[0] ; 1.000        ; -2.145     ; 1.369      ;
; -2.583 ; serial_to_parallel:u1|right_data[8]                       ; delay:delay_inst_R|sortie_calc_s[15] ; AUD_BCLK                               ; PLL_inst|altpll_component|auto_generated|pll1|clk[0] ; 1.000        ; -1.949     ; 1.561      ;
; -2.579 ; serial_to_parallel:u1|right_data[8]                       ; delay:delay_inst_R|sortie_calc_s[14] ; AUD_BCLK                               ; PLL_inst|altpll_component|auto_generated|pll1|clk[0] ; 1.000        ; -1.949     ; 1.557      ;
; -2.575 ; serial_to_parallel:u1|right_data[8]                       ; delay:delay_inst_R|sortie_calc_s[9]  ; AUD_BCLK                               ; PLL_inst|altpll_component|auto_generated|pll1|clk[0] ; 1.000        ; -2.145     ; 1.357      ;
; -2.572 ; serial_to_parallel:u1|left_data[6]                        ; delay:delay_inst_L|sortie_calc_s[11] ; AUD_BCLK                               ; PLL_inst|altpll_component|auto_generated|pll1|clk[0] ; 1.000        ; -1.863     ; 1.636      ;
; -2.556 ; serial_to_parallel:u1|right_data[1]                       ; delay:delay_inst_R|sortie_calc_s[15] ; AUD_BCLK                               ; PLL_inst|altpll_component|auto_generated|pll1|clk[0] ; 1.000        ; -1.949     ; 1.534      ;
+--------+-----------------------------------------------------------+--------------------------------------+----------------------------------------+------------------------------------------------------+--------------+------------+------------+


+------------------------------------------------------------------------------------------------------------------------------------------------------------+
; Fast 1200mV 0C Model Setup: 'AUD_BCLK'                                                                                                                     ;
+--------+----------------------------------+------------------------------------------+--------------+-------------+--------------+------------+------------+
; Slack  ; From Node                        ; To Node                                  ; Launch Clock ; Latch Clock ; Relationship ; Clock Skew ; Data Delay ;
+--------+----------------------------------+------------------------------------------+--------------+-------------+--------------+------------+------------+
; -2.221 ; serial_to_parallel:u1|counter[1] ; serial_to_parallel:u1|left_data[0]       ; AUD_BCLK     ; AUD_BCLK    ; 0.500        ; -1.027     ; 1.701      ;
; -2.221 ; serial_to_parallel:u1|counter[1] ; serial_to_parallel:u1|left_data[1]       ; AUD_BCLK     ; AUD_BCLK    ; 0.500        ; -1.027     ; 1.701      ;
; -2.221 ; serial_to_parallel:u1|counter[1] ; serial_to_parallel:u1|left_data[2]       ; AUD_BCLK     ; AUD_BCLK    ; 0.500        ; -1.027     ; 1.701      ;
; -2.221 ; serial_to_parallel:u1|counter[1] ; serial_to_parallel:u1|left_data[3]       ; AUD_BCLK     ; AUD_BCLK    ; 0.500        ; -1.027     ; 1.701      ;
; -2.221 ; serial_to_parallel:u1|counter[1] ; serial_to_parallel:u1|left_data[4]       ; AUD_BCLK     ; AUD_BCLK    ; 0.500        ; -1.027     ; 1.701      ;
; -2.221 ; serial_to_parallel:u1|counter[1] ; serial_to_parallel:u1|left_data[5]       ; AUD_BCLK     ; AUD_BCLK    ; 0.500        ; -1.027     ; 1.701      ;
; -2.221 ; serial_to_parallel:u1|counter[1] ; serial_to_parallel:u1|left_data[6]       ; AUD_BCLK     ; AUD_BCLK    ; 0.500        ; -1.027     ; 1.701      ;
; -2.221 ; serial_to_parallel:u1|counter[1] ; serial_to_parallel:u1|left_data[7]       ; AUD_BCLK     ; AUD_BCLK    ; 0.500        ; -1.027     ; 1.701      ;
; -2.221 ; serial_to_parallel:u1|counter[1] ; serial_to_parallel:u1|left_data[8]       ; AUD_BCLK     ; AUD_BCLK    ; 0.500        ; -1.027     ; 1.701      ;
; -2.221 ; serial_to_parallel:u1|counter[1] ; serial_to_parallel:u1|left_data[9]       ; AUD_BCLK     ; AUD_BCLK    ; 0.500        ; -1.027     ; 1.701      ;
; -2.209 ; serial_to_parallel:u1|counter[2] ; serial_to_parallel:u1|left_data[0]       ; AUD_BCLK     ; AUD_BCLK    ; 0.500        ; -1.027     ; 1.689      ;
; -2.209 ; serial_to_parallel:u1|counter[2] ; serial_to_parallel:u1|left_data[1]       ; AUD_BCLK     ; AUD_BCLK    ; 0.500        ; -1.027     ; 1.689      ;
; -2.209 ; serial_to_parallel:u1|counter[2] ; serial_to_parallel:u1|left_data[2]       ; AUD_BCLK     ; AUD_BCLK    ; 0.500        ; -1.027     ; 1.689      ;
; -2.209 ; serial_to_parallel:u1|counter[2] ; serial_to_parallel:u1|left_data[3]       ; AUD_BCLK     ; AUD_BCLK    ; 0.500        ; -1.027     ; 1.689      ;
; -2.209 ; serial_to_parallel:u1|counter[2] ; serial_to_parallel:u1|left_data[4]       ; AUD_BCLK     ; AUD_BCLK    ; 0.500        ; -1.027     ; 1.689      ;
; -2.209 ; serial_to_parallel:u1|counter[2] ; serial_to_parallel:u1|left_data[5]       ; AUD_BCLK     ; AUD_BCLK    ; 0.500        ; -1.027     ; 1.689      ;
; -2.209 ; serial_to_parallel:u1|counter[2] ; serial_to_parallel:u1|left_data[6]       ; AUD_BCLK     ; AUD_BCLK    ; 0.500        ; -1.027     ; 1.689      ;
; -2.209 ; serial_to_parallel:u1|counter[2] ; serial_to_parallel:u1|left_data[7]       ; AUD_BCLK     ; AUD_BCLK    ; 0.500        ; -1.027     ; 1.689      ;
; -2.209 ; serial_to_parallel:u1|counter[2] ; serial_to_parallel:u1|left_data[8]       ; AUD_BCLK     ; AUD_BCLK    ; 0.500        ; -1.027     ; 1.689      ;
; -2.209 ; serial_to_parallel:u1|counter[2] ; serial_to_parallel:u1|left_data[9]       ; AUD_BCLK     ; AUD_BCLK    ; 0.500        ; -1.027     ; 1.689      ;
; -2.164 ; serial_to_parallel:u1|counter[1] ; serial_to_parallel:u1|left_data[15]      ; AUD_BCLK     ; AUD_BCLK    ; 0.500        ; -0.958     ; 1.713      ;
; -2.164 ; serial_to_parallel:u1|counter[1] ; serial_to_parallel:u1|left_data[10]      ; AUD_BCLK     ; AUD_BCLK    ; 0.500        ; -0.958     ; 1.713      ;
; -2.164 ; serial_to_parallel:u1|counter[1] ; serial_to_parallel:u1|left_data[11]      ; AUD_BCLK     ; AUD_BCLK    ; 0.500        ; -0.958     ; 1.713      ;
; -2.164 ; serial_to_parallel:u1|counter[1] ; serial_to_parallel:u1|left_data[12]      ; AUD_BCLK     ; AUD_BCLK    ; 0.500        ; -0.958     ; 1.713      ;
; -2.164 ; serial_to_parallel:u1|counter[1] ; serial_to_parallel:u1|left_data[13]      ; AUD_BCLK     ; AUD_BCLK    ; 0.500        ; -0.958     ; 1.713      ;
; -2.164 ; serial_to_parallel:u1|counter[1] ; serial_to_parallel:u1|left_data[14]      ; AUD_BCLK     ; AUD_BCLK    ; 0.500        ; -0.958     ; 1.713      ;
; -2.152 ; serial_to_parallel:u1|counter[2] ; serial_to_parallel:u1|left_data[15]      ; AUD_BCLK     ; AUD_BCLK    ; 0.500        ; -0.958     ; 1.701      ;
; -2.152 ; serial_to_parallel:u1|counter[2] ; serial_to_parallel:u1|left_data[10]      ; AUD_BCLK     ; AUD_BCLK    ; 0.500        ; -0.958     ; 1.701      ;
; -2.152 ; serial_to_parallel:u1|counter[2] ; serial_to_parallel:u1|left_data[11]      ; AUD_BCLK     ; AUD_BCLK    ; 0.500        ; -0.958     ; 1.701      ;
; -2.152 ; serial_to_parallel:u1|counter[2] ; serial_to_parallel:u1|left_data[12]      ; AUD_BCLK     ; AUD_BCLK    ; 0.500        ; -0.958     ; 1.701      ;
; -2.152 ; serial_to_parallel:u1|counter[2] ; serial_to_parallel:u1|left_data[13]      ; AUD_BCLK     ; AUD_BCLK    ; 0.500        ; -0.958     ; 1.701      ;
; -2.152 ; serial_to_parallel:u1|counter[2] ; serial_to_parallel:u1|left_data[14]      ; AUD_BCLK     ; AUD_BCLK    ; 0.500        ; -0.958     ; 1.701      ;
; -2.123 ; serial_to_parallel:u1|counter[0] ; serial_to_parallel:u1|left_data[0]       ; AUD_BCLK     ; AUD_BCLK    ; 0.500        ; -1.027     ; 1.603      ;
; -2.123 ; serial_to_parallel:u1|counter[0] ; serial_to_parallel:u1|left_data[1]       ; AUD_BCLK     ; AUD_BCLK    ; 0.500        ; -1.027     ; 1.603      ;
; -2.123 ; serial_to_parallel:u1|counter[0] ; serial_to_parallel:u1|left_data[2]       ; AUD_BCLK     ; AUD_BCLK    ; 0.500        ; -1.027     ; 1.603      ;
; -2.123 ; serial_to_parallel:u1|counter[0] ; serial_to_parallel:u1|left_data[3]       ; AUD_BCLK     ; AUD_BCLK    ; 0.500        ; -1.027     ; 1.603      ;
; -2.123 ; serial_to_parallel:u1|counter[0] ; serial_to_parallel:u1|left_data[4]       ; AUD_BCLK     ; AUD_BCLK    ; 0.500        ; -1.027     ; 1.603      ;
; -2.123 ; serial_to_parallel:u1|counter[0] ; serial_to_parallel:u1|left_data[5]       ; AUD_BCLK     ; AUD_BCLK    ; 0.500        ; -1.027     ; 1.603      ;
; -2.123 ; serial_to_parallel:u1|counter[0] ; serial_to_parallel:u1|left_data[6]       ; AUD_BCLK     ; AUD_BCLK    ; 0.500        ; -1.027     ; 1.603      ;
; -2.123 ; serial_to_parallel:u1|counter[0] ; serial_to_parallel:u1|left_data[7]       ; AUD_BCLK     ; AUD_BCLK    ; 0.500        ; -1.027     ; 1.603      ;
; -2.123 ; serial_to_parallel:u1|counter[0] ; serial_to_parallel:u1|left_data[8]       ; AUD_BCLK     ; AUD_BCLK    ; 0.500        ; -1.027     ; 1.603      ;
; -2.123 ; serial_to_parallel:u1|counter[0] ; serial_to_parallel:u1|left_data[9]       ; AUD_BCLK     ; AUD_BCLK    ; 0.500        ; -1.027     ; 1.603      ;
; -2.078 ; serial_to_parallel:u1|counter[4] ; serial_to_parallel:u1|left_data[0]       ; AUD_BCLK     ; AUD_BCLK    ; 0.500        ; -1.027     ; 1.558      ;
; -2.078 ; serial_to_parallel:u1|counter[4] ; serial_to_parallel:u1|left_data[1]       ; AUD_BCLK     ; AUD_BCLK    ; 0.500        ; -1.027     ; 1.558      ;
; -2.078 ; serial_to_parallel:u1|counter[4] ; serial_to_parallel:u1|left_data[2]       ; AUD_BCLK     ; AUD_BCLK    ; 0.500        ; -1.027     ; 1.558      ;
; -2.078 ; serial_to_parallel:u1|counter[4] ; serial_to_parallel:u1|left_data[3]       ; AUD_BCLK     ; AUD_BCLK    ; 0.500        ; -1.027     ; 1.558      ;
; -2.078 ; serial_to_parallel:u1|counter[4] ; serial_to_parallel:u1|left_data[4]       ; AUD_BCLK     ; AUD_BCLK    ; 0.500        ; -1.027     ; 1.558      ;
; -2.078 ; serial_to_parallel:u1|counter[4] ; serial_to_parallel:u1|left_data[5]       ; AUD_BCLK     ; AUD_BCLK    ; 0.500        ; -1.027     ; 1.558      ;
; -2.078 ; serial_to_parallel:u1|counter[4] ; serial_to_parallel:u1|left_data[6]       ; AUD_BCLK     ; AUD_BCLK    ; 0.500        ; -1.027     ; 1.558      ;
; -2.078 ; serial_to_parallel:u1|counter[4] ; serial_to_parallel:u1|left_data[7]       ; AUD_BCLK     ; AUD_BCLK    ; 0.500        ; -1.027     ; 1.558      ;
; -2.078 ; serial_to_parallel:u1|counter[4] ; serial_to_parallel:u1|left_data[8]       ; AUD_BCLK     ; AUD_BCLK    ; 0.500        ; -1.027     ; 1.558      ;
; -2.078 ; serial_to_parallel:u1|counter[4] ; serial_to_parallel:u1|left_data[9]       ; AUD_BCLK     ; AUD_BCLK    ; 0.500        ; -1.027     ; 1.558      ;
; -2.066 ; serial_to_parallel:u1|counter[0] ; serial_to_parallel:u1|left_data[15]      ; AUD_BCLK     ; AUD_BCLK    ; 0.500        ; -0.958     ; 1.615      ;
; -2.066 ; serial_to_parallel:u1|counter[0] ; serial_to_parallel:u1|left_data[10]      ; AUD_BCLK     ; AUD_BCLK    ; 0.500        ; -0.958     ; 1.615      ;
; -2.066 ; serial_to_parallel:u1|counter[0] ; serial_to_parallel:u1|left_data[11]      ; AUD_BCLK     ; AUD_BCLK    ; 0.500        ; -0.958     ; 1.615      ;
; -2.066 ; serial_to_parallel:u1|counter[0] ; serial_to_parallel:u1|left_data[12]      ; AUD_BCLK     ; AUD_BCLK    ; 0.500        ; -0.958     ; 1.615      ;
; -2.066 ; serial_to_parallel:u1|counter[0] ; serial_to_parallel:u1|left_data[13]      ; AUD_BCLK     ; AUD_BCLK    ; 0.500        ; -0.958     ; 1.615      ;
; -2.066 ; serial_to_parallel:u1|counter[0] ; serial_to_parallel:u1|left_data[14]      ; AUD_BCLK     ; AUD_BCLK    ; 0.500        ; -0.958     ; 1.615      ;
; -2.065 ; serial_to_parallel:u1|counter[3] ; serial_to_parallel:u1|left_data[0]       ; AUD_BCLK     ; AUD_BCLK    ; 0.500        ; -1.027     ; 1.545      ;
; -2.065 ; serial_to_parallel:u1|counter[3] ; serial_to_parallel:u1|left_data[1]       ; AUD_BCLK     ; AUD_BCLK    ; 0.500        ; -1.027     ; 1.545      ;
; -2.065 ; serial_to_parallel:u1|counter[3] ; serial_to_parallel:u1|left_data[2]       ; AUD_BCLK     ; AUD_BCLK    ; 0.500        ; -1.027     ; 1.545      ;
; -2.065 ; serial_to_parallel:u1|counter[3] ; serial_to_parallel:u1|left_data[3]       ; AUD_BCLK     ; AUD_BCLK    ; 0.500        ; -1.027     ; 1.545      ;
; -2.065 ; serial_to_parallel:u1|counter[3] ; serial_to_parallel:u1|left_data[4]       ; AUD_BCLK     ; AUD_BCLK    ; 0.500        ; -1.027     ; 1.545      ;
; -2.065 ; serial_to_parallel:u1|counter[3] ; serial_to_parallel:u1|left_data[5]       ; AUD_BCLK     ; AUD_BCLK    ; 0.500        ; -1.027     ; 1.545      ;
; -2.065 ; serial_to_parallel:u1|counter[3] ; serial_to_parallel:u1|left_data[6]       ; AUD_BCLK     ; AUD_BCLK    ; 0.500        ; -1.027     ; 1.545      ;
; -2.065 ; serial_to_parallel:u1|counter[3] ; serial_to_parallel:u1|left_data[7]       ; AUD_BCLK     ; AUD_BCLK    ; 0.500        ; -1.027     ; 1.545      ;
; -2.065 ; serial_to_parallel:u1|counter[3] ; serial_to_parallel:u1|left_data[8]       ; AUD_BCLK     ; AUD_BCLK    ; 0.500        ; -1.027     ; 1.545      ;
; -2.065 ; serial_to_parallel:u1|counter[3] ; serial_to_parallel:u1|left_data[9]       ; AUD_BCLK     ; AUD_BCLK    ; 0.500        ; -1.027     ; 1.545      ;
; -2.045 ; serial_to_parallel:u1|counter[1] ; serial_to_parallel:u1|right_data[15]     ; AUD_BCLK     ; AUD_BCLK    ; 0.500        ; -0.733     ; 1.819      ;
; -2.045 ; serial_to_parallel:u1|counter[1] ; serial_to_parallel:u1|right_data[10]     ; AUD_BCLK     ; AUD_BCLK    ; 0.500        ; -0.733     ; 1.819      ;
; -2.045 ; serial_to_parallel:u1|counter[1] ; serial_to_parallel:u1|right_data[11]     ; AUD_BCLK     ; AUD_BCLK    ; 0.500        ; -0.733     ; 1.819      ;
; -2.045 ; serial_to_parallel:u1|counter[1] ; serial_to_parallel:u1|right_data[12]     ; AUD_BCLK     ; AUD_BCLK    ; 0.500        ; -0.733     ; 1.819      ;
; -2.045 ; serial_to_parallel:u1|counter[1] ; serial_to_parallel:u1|right_data[13]     ; AUD_BCLK     ; AUD_BCLK    ; 0.500        ; -0.733     ; 1.819      ;
; -2.045 ; serial_to_parallel:u1|counter[1] ; serial_to_parallel:u1|right_data[14]     ; AUD_BCLK     ; AUD_BCLK    ; 0.500        ; -0.733     ; 1.819      ;
; -2.033 ; serial_to_parallel:u1|counter[2] ; serial_to_parallel:u1|right_data[15]     ; AUD_BCLK     ; AUD_BCLK    ; 0.500        ; -0.733     ; 1.807      ;
; -2.033 ; serial_to_parallel:u1|counter[2] ; serial_to_parallel:u1|right_data[10]     ; AUD_BCLK     ; AUD_BCLK    ; 0.500        ; -0.733     ; 1.807      ;
; -2.033 ; serial_to_parallel:u1|counter[2] ; serial_to_parallel:u1|right_data[11]     ; AUD_BCLK     ; AUD_BCLK    ; 0.500        ; -0.733     ; 1.807      ;
; -2.033 ; serial_to_parallel:u1|counter[2] ; serial_to_parallel:u1|right_data[12]     ; AUD_BCLK     ; AUD_BCLK    ; 0.500        ; -0.733     ; 1.807      ;
; -2.033 ; serial_to_parallel:u1|counter[2] ; serial_to_parallel:u1|right_data[13]     ; AUD_BCLK     ; AUD_BCLK    ; 0.500        ; -0.733     ; 1.807      ;
; -2.033 ; serial_to_parallel:u1|counter[2] ; serial_to_parallel:u1|right_data[14]     ; AUD_BCLK     ; AUD_BCLK    ; 0.500        ; -0.733     ; 1.807      ;
; -2.021 ; serial_to_parallel:u1|counter[4] ; serial_to_parallel:u1|left_data[15]      ; AUD_BCLK     ; AUD_BCLK    ; 0.500        ; -0.958     ; 1.570      ;
; -2.021 ; serial_to_parallel:u1|counter[4] ; serial_to_parallel:u1|left_data[10]      ; AUD_BCLK     ; AUD_BCLK    ; 0.500        ; -0.958     ; 1.570      ;
; -2.021 ; serial_to_parallel:u1|counter[4] ; serial_to_parallel:u1|left_data[11]      ; AUD_BCLK     ; AUD_BCLK    ; 0.500        ; -0.958     ; 1.570      ;
; -2.021 ; serial_to_parallel:u1|counter[4] ; serial_to_parallel:u1|left_data[12]      ; AUD_BCLK     ; AUD_BCLK    ; 0.500        ; -0.958     ; 1.570      ;
; -2.021 ; serial_to_parallel:u1|counter[4] ; serial_to_parallel:u1|left_data[13]      ; AUD_BCLK     ; AUD_BCLK    ; 0.500        ; -0.958     ; 1.570      ;
; -2.021 ; serial_to_parallel:u1|counter[4] ; serial_to_parallel:u1|left_data[14]      ; AUD_BCLK     ; AUD_BCLK    ; 0.500        ; -0.958     ; 1.570      ;
; -2.008 ; serial_to_parallel:u1|counter[3] ; serial_to_parallel:u1|left_data[15]      ; AUD_BCLK     ; AUD_BCLK    ; 0.500        ; -0.958     ; 1.557      ;
; -2.008 ; serial_to_parallel:u1|counter[3] ; serial_to_parallel:u1|left_data[10]      ; AUD_BCLK     ; AUD_BCLK    ; 0.500        ; -0.958     ; 1.557      ;
; -2.008 ; serial_to_parallel:u1|counter[3] ; serial_to_parallel:u1|left_data[11]      ; AUD_BCLK     ; AUD_BCLK    ; 0.500        ; -0.958     ; 1.557      ;
; -2.008 ; serial_to_parallel:u1|counter[3] ; serial_to_parallel:u1|left_data[12]      ; AUD_BCLK     ; AUD_BCLK    ; 0.500        ; -0.958     ; 1.557      ;
; -2.008 ; serial_to_parallel:u1|counter[3] ; serial_to_parallel:u1|left_data[13]      ; AUD_BCLK     ; AUD_BCLK    ; 0.500        ; -0.958     ; 1.557      ;
; -2.008 ; serial_to_parallel:u1|counter[3] ; serial_to_parallel:u1|left_data[14]      ; AUD_BCLK     ; AUD_BCLK    ; 0.500        ; -0.958     ; 1.557      ;
; -1.947 ; serial_to_parallel:u1|counter[0] ; serial_to_parallel:u1|right_data[15]     ; AUD_BCLK     ; AUD_BCLK    ; 0.500        ; -0.733     ; 1.721      ;
; -1.947 ; serial_to_parallel:u1|counter[0] ; serial_to_parallel:u1|right_data[10]     ; AUD_BCLK     ; AUD_BCLK    ; 0.500        ; -0.733     ; 1.721      ;
; -1.947 ; serial_to_parallel:u1|counter[0] ; serial_to_parallel:u1|right_data[11]     ; AUD_BCLK     ; AUD_BCLK    ; 0.500        ; -0.733     ; 1.721      ;
; -1.947 ; serial_to_parallel:u1|counter[0] ; serial_to_parallel:u1|right_data[12]     ; AUD_BCLK     ; AUD_BCLK    ; 0.500        ; -0.733     ; 1.721      ;
; -1.947 ; serial_to_parallel:u1|counter[0] ; serial_to_parallel:u1|right_data[13]     ; AUD_BCLK     ; AUD_BCLK    ; 0.500        ; -0.733     ; 1.721      ;
; -1.947 ; serial_to_parallel:u1|counter[0] ; serial_to_parallel:u1|right_data[14]     ; AUD_BCLK     ; AUD_BCLK    ; 0.500        ; -0.733     ; 1.721      ;
; -1.909 ; serial_to_parallel:u1|counter[4] ; serial_to_parallel:u1|left_shift_reg[15] ; AUD_BCLK     ; AUD_BCLK    ; 0.500        ; -1.001     ; 1.415      ;
; -1.909 ; serial_to_parallel:u1|counter[4] ; serial_to_parallel:u1|left_shift_reg[14] ; AUD_BCLK     ; AUD_BCLK    ; 0.500        ; -1.001     ; 1.415      ;
+--------+----------------------------------+------------------------------------------+--------------+-------------+--------------+------------+------------+


+-----------------------------------------------------------------------------------------------------------------------------------------------------------------------------------------------------------+
; Fast 1200mV 0C Model Setup: 'I2C_driver:u_I2C_Config|SENT'                                                                                                                                                ;
+--------+----------------------------------------+----------------------------------------+----------------------------------------+------------------------------+--------------+------------+------------+
; Slack  ; From Node                              ; To Node                                ; Launch Clock                           ; Latch Clock                  ; Relationship ; Clock Skew ; Data Delay ;
+--------+----------------------------------------+----------------------------------------+----------------------------------------+------------------------------+--------------+------------+------------+
; -0.459 ; config_CODEC:u_CODEC_config|address[0] ; config_CODEC:u_CODEC_config|DATA[1]    ; I2C_driver:u_I2C_Config|SENT           ; I2C_driver:u_I2C_Config|SENT ; 1.000        ; -0.042     ; 1.404      ;
; -0.435 ; config_CODEC:u_CODEC_config|address[1] ; config_CODEC:u_CODEC_config|address[0] ; I2C_driver:u_I2C_Config|SENT           ; I2C_driver:u_I2C_Config|SENT ; 1.000        ; -0.043     ; 1.379      ;
; -0.363 ; config_CODEC:u_CODEC_config|address[3] ; config_CODEC:u_CODEC_config|address[0] ; I2C_driver:u_I2C_Config|SENT           ; I2C_driver:u_I2C_Config|SENT ; 1.000        ; -0.043     ; 1.307      ;
; -0.313 ; config_CODEC:u_CODEC_config|address[4] ; config_CODEC:u_CODEC_config|DATA[1]    ; I2C_driver:u_I2C_Config|SENT           ; I2C_driver:u_I2C_Config|SENT ; 1.000        ; -0.042     ; 1.258      ;
; -0.299 ; config_CODEC:u_CODEC_config|address[1] ; config_CODEC:u_CODEC_config|DATA[11]   ; I2C_driver:u_I2C_Config|SENT           ; I2C_driver:u_I2C_Config|SENT ; 1.000        ; -0.042     ; 1.244      ;
; -0.295 ; config_CODEC:u_CODEC_config|address[2] ; config_CODEC:u_CODEC_config|DATA[1]    ; I2C_driver:u_I2C_Config|SENT           ; I2C_driver:u_I2C_Config|SENT ; 1.000        ; -0.042     ; 1.240      ;
; -0.274 ; config_CODEC:u_CODEC_config|address[2] ; config_CODEC:u_CODEC_config|address[0] ; I2C_driver:u_I2C_Config|SENT           ; I2C_driver:u_I2C_Config|SENT ; 1.000        ; -0.043     ; 1.218      ;
; -0.270 ; config_CODEC:u_CODEC_config|address[1] ; config_CODEC:u_CODEC_config|DATA[3]    ; I2C_driver:u_I2C_Config|SENT           ; I2C_driver:u_I2C_Config|SENT ; 1.000        ; -0.042     ; 1.215      ;
; -0.268 ; config_CODEC:u_CODEC_config|address[1] ; config_CODEC:u_CODEC_config|DATA[10]   ; I2C_driver:u_I2C_Config|SENT           ; I2C_driver:u_I2C_Config|SENT ; 1.000        ; -0.042     ; 1.213      ;
; -0.266 ; config_CODEC:u_CODEC_config|address[1] ; config_CODEC:u_CODEC_config|DATA[1]    ; I2C_driver:u_I2C_Config|SENT           ; I2C_driver:u_I2C_Config|SENT ; 1.000        ; -0.042     ; 1.211      ;
; -0.243 ; config_CODEC:u_CODEC_config|address[4] ; config_CODEC:u_CODEC_config|address[0] ; I2C_driver:u_I2C_Config|SENT           ; I2C_driver:u_I2C_Config|SENT ; 1.000        ; -0.043     ; 1.187      ;
; -0.219 ; config_CODEC:u_CODEC_config|address[3] ; config_CODEC:u_CODEC_config|DATA[9]    ; I2C_driver:u_I2C_Config|SENT           ; I2C_driver:u_I2C_Config|SENT ; 1.000        ; -0.042     ; 1.164      ;
; -0.217 ; config_CODEC:u_CODEC_config|address[3] ; config_CODEC:u_CODEC_config|DATA[11]   ; I2C_driver:u_I2C_Config|SENT           ; I2C_driver:u_I2C_Config|SENT ; 1.000        ; -0.042     ; 1.162      ;
; -0.212 ; config_CODEC:u_CODEC_config|address[3] ; config_CODEC:u_CODEC_config|DATA[3]    ; I2C_driver:u_I2C_Config|SENT           ; I2C_driver:u_I2C_Config|SENT ; 1.000        ; -0.042     ; 1.157      ;
; -0.208 ; config_CODEC:u_CODEC_config|address[3] ; config_CODEC:u_CODEC_config|DATA[1]    ; I2C_driver:u_I2C_Config|SENT           ; I2C_driver:u_I2C_Config|SENT ; 1.000        ; -0.042     ; 1.153      ;
; -0.205 ; config_CODEC:u_CODEC_config|address[3] ; config_CODEC:u_CODEC_config|DATA[4]    ; I2C_driver:u_I2C_Config|SENT           ; I2C_driver:u_I2C_Config|SENT ; 1.000        ; -0.043     ; 1.149      ;
; -0.190 ; config_CODEC:u_CODEC_config|address[2] ; config_CODEC:u_CODEC_config|DATA[3]    ; I2C_driver:u_I2C_Config|SENT           ; I2C_driver:u_I2C_Config|SENT ; 1.000        ; -0.042     ; 1.135      ;
; -0.179 ; config_CODEC:u_CODEC_config|address[1] ; config_CODEC:u_CODEC_config|DATA[4]    ; I2C_driver:u_I2C_Config|SENT           ; I2C_driver:u_I2C_Config|SENT ; 1.000        ; -0.043     ; 1.123      ;
; -0.174 ; config_CODEC:u_CODEC_config|address[2] ; config_CODEC:u_CODEC_config|DATA[9]    ; I2C_driver:u_I2C_Config|SENT           ; I2C_driver:u_I2C_Config|SENT ; 1.000        ; -0.042     ; 1.119      ;
; -0.159 ; config_CODEC:u_CODEC_config|address[2] ; config_CODEC:u_CODEC_config|DATA[12]   ; I2C_driver:u_I2C_Config|SENT           ; I2C_driver:u_I2C_Config|SENT ; 1.000        ; -0.042     ; 1.104      ;
; -0.156 ; config_CODEC:u_CODEC_config|address[3] ; config_CODEC:u_CODEC_config|DATA[12]   ; I2C_driver:u_I2C_Config|SENT           ; I2C_driver:u_I2C_Config|SENT ; 1.000        ; -0.042     ; 1.101      ;
; -0.154 ; config_CODEC:u_CODEC_config|address[1] ; config_CODEC:u_CODEC_config|DATA[0]    ; I2C_driver:u_I2C_Config|SENT           ; I2C_driver:u_I2C_Config|SENT ; 1.000        ; -0.043     ; 1.098      ;
; -0.146 ; config_CODEC:u_CODEC_config|address[3] ; config_CODEC:u_CODEC_config|DATA[0]    ; I2C_driver:u_I2C_Config|SENT           ; I2C_driver:u_I2C_Config|SENT ; 1.000        ; -0.043     ; 1.090      ;
; -0.141 ; config_CODEC:u_CODEC_config|address[1] ; config_CODEC:u_CODEC_config|address[4] ; I2C_driver:u_I2C_Config|SENT           ; I2C_driver:u_I2C_Config|SENT ; 1.000        ; -0.043     ; 1.085      ;
; -0.141 ; config_CODEC:u_CODEC_config|address[1] ; config_CODEC:u_CODEC_config|address[2] ; I2C_driver:u_I2C_Config|SENT           ; I2C_driver:u_I2C_Config|SENT ; 1.000        ; -0.043     ; 1.085      ;
; -0.141 ; config_CODEC:u_CODEC_config|address[1] ; config_CODEC:u_CODEC_config|address[1] ; I2C_driver:u_I2C_Config|SENT           ; I2C_driver:u_I2C_Config|SENT ; 1.000        ; -0.043     ; 1.085      ;
; -0.141 ; config_CODEC:u_CODEC_config|address[1] ; config_CODEC:u_CODEC_config|address[3] ; I2C_driver:u_I2C_Config|SENT           ; I2C_driver:u_I2C_Config|SENT ; 1.000        ; -0.043     ; 1.085      ;
; -0.139 ; config_CODEC:u_CODEC_config|address[1] ; config_CODEC:u_CODEC_config|DATA[9]    ; I2C_driver:u_I2C_Config|SENT           ; I2C_driver:u_I2C_Config|SENT ; 1.000        ; -0.042     ; 1.084      ;
; -0.135 ; config_CODEC:u_CODEC_config|address[0] ; config_CODEC:u_CODEC_config|DATA[9]    ; I2C_driver:u_I2C_Config|SENT           ; I2C_driver:u_I2C_Config|SENT ; 1.000        ; -0.042     ; 1.080      ;
; -0.133 ; config_CODEC:u_CODEC_config|address[0] ; config_CODEC:u_CODEC_config|DATA[11]   ; I2C_driver:u_I2C_Config|SENT           ; I2C_driver:u_I2C_Config|SENT ; 1.000        ; -0.042     ; 1.078      ;
; -0.131 ; config_CODEC:u_CODEC_config|address[2] ; config_CODEC:u_CODEC_config|DATA[4]    ; I2C_driver:u_I2C_Config|SENT           ; I2C_driver:u_I2C_Config|SENT ; 1.000        ; -0.043     ; 1.075      ;
; -0.125 ; config_CODEC:u_CODEC_config|address[1] ; config_CODEC:u_CODEC_config|DATA[12]   ; I2C_driver:u_I2C_Config|SENT           ; I2C_driver:u_I2C_Config|SENT ; 1.000        ; -0.042     ; 1.070      ;
; -0.123 ; config_CODEC:u_CODEC_config|address[2] ; config_CODEC:u_CODEC_config|DATA[11]   ; I2C_driver:u_I2C_Config|SENT           ; I2C_driver:u_I2C_Config|SENT ; 1.000        ; -0.042     ; 1.068      ;
; -0.117 ; config_CODEC:u_CODEC_config|address[3] ; config_CODEC:u_CODEC_config|DATA[2]    ; I2C_driver:u_I2C_Config|SENT           ; I2C_driver:u_I2C_Config|SENT ; 1.000        ; -0.043     ; 1.061      ;
; -0.098 ; config_CODEC:u_CODEC_config|address[0] ; config_CODEC:u_CODEC_config|DATA[12]   ; I2C_driver:u_I2C_Config|SENT           ; I2C_driver:u_I2C_Config|SENT ; 1.000        ; -0.042     ; 1.043      ;
; -0.086 ; config_CODEC:u_CODEC_config|address[4] ; config_CODEC:u_CODEC_config|DATA[3]    ; I2C_driver:u_I2C_Config|SENT           ; I2C_driver:u_I2C_Config|SENT ; 1.000        ; -0.042     ; 1.031      ;
; -0.074 ; config_CODEC:u_CODEC_config|address[2] ; config_CODEC:u_CODEC_config|DATA[0]    ; I2C_driver:u_I2C_Config|SENT           ; I2C_driver:u_I2C_Config|SENT ; 1.000        ; -0.043     ; 1.018      ;
; -0.062 ; config_CODEC:u_CODEC_config|address[3] ; config_CODEC:u_CODEC_config|address[4] ; I2C_driver:u_I2C_Config|SENT           ; I2C_driver:u_I2C_Config|SENT ; 1.000        ; -0.043     ; 1.006      ;
; -0.062 ; config_CODEC:u_CODEC_config|address[3] ; config_CODEC:u_CODEC_config|address[2] ; I2C_driver:u_I2C_Config|SENT           ; I2C_driver:u_I2C_Config|SENT ; 1.000        ; -0.043     ; 1.006      ;
; -0.062 ; config_CODEC:u_CODEC_config|address[3] ; config_CODEC:u_CODEC_config|address[1] ; I2C_driver:u_I2C_Config|SENT           ; I2C_driver:u_I2C_Config|SENT ; 1.000        ; -0.043     ; 1.006      ;
; -0.062 ; config_CODEC:u_CODEC_config|address[3] ; config_CODEC:u_CODEC_config|address[3] ; I2C_driver:u_I2C_Config|SENT           ; I2C_driver:u_I2C_Config|SENT ; 1.000        ; -0.043     ; 1.006      ;
; -0.039 ; config_CODEC:u_CODEC_config|address[4] ; config_CODEC:u_CODEC_config|DATA[4]    ; I2C_driver:u_I2C_Config|SENT           ; I2C_driver:u_I2C_Config|SENT ; 1.000        ; -0.043     ; 0.983      ;
; -0.035 ; config_CODEC:u_CODEC_config|address[2] ; config_CODEC:u_CODEC_config|DATA[10]   ; I2C_driver:u_I2C_Config|SENT           ; I2C_driver:u_I2C_Config|SENT ; 1.000        ; -0.042     ; 0.980      ;
; -0.020 ; config_CODEC:u_CODEC_config|address[4] ; config_CODEC:u_CODEC_config|DATA[0]    ; I2C_driver:u_I2C_Config|SENT           ; I2C_driver:u_I2C_Config|SENT ; 1.000        ; -0.043     ; 0.964      ;
; 0.007  ; config_CODEC:u_CODEC_config|address[0] ; config_CODEC:u_CODEC_config|address[4] ; I2C_driver:u_I2C_Config|SENT           ; I2C_driver:u_I2C_Config|SENT ; 1.000        ; -0.043     ; 0.937      ;
; 0.033  ; config_CODEC:u_CODEC_config|address[2] ; config_CODEC:u_CODEC_config|address[4] ; I2C_driver:u_I2C_Config|SENT           ; I2C_driver:u_I2C_Config|SENT ; 1.000        ; -0.043     ; 0.911      ;
; 0.033  ; config_CODEC:u_CODEC_config|address[2] ; config_CODEC:u_CODEC_config|address[2] ; I2C_driver:u_I2C_Config|SENT           ; I2C_driver:u_I2C_Config|SENT ; 1.000        ; -0.043     ; 0.911      ;
; 0.033  ; config_CODEC:u_CODEC_config|address[2] ; config_CODEC:u_CODEC_config|address[1] ; I2C_driver:u_I2C_Config|SENT           ; I2C_driver:u_I2C_Config|SENT ; 1.000        ; -0.043     ; 0.911      ;
; 0.033  ; config_CODEC:u_CODEC_config|address[2] ; config_CODEC:u_CODEC_config|address[3] ; I2C_driver:u_I2C_Config|SENT           ; I2C_driver:u_I2C_Config|SENT ; 1.000        ; -0.043     ; 0.911      ;
; 0.034  ; config_CODEC:u_CODEC_config|address[0] ; config_CODEC:u_CODEC_config|address[3] ; I2C_driver:u_I2C_Config|SENT           ; I2C_driver:u_I2C_Config|SENT ; 1.000        ; -0.043     ; 0.910      ;
; 0.055  ; config_CODEC:u_CODEC_config|address[4] ; config_CODEC:u_CODEC_config|DATA[2]    ; I2C_driver:u_I2C_Config|SENT           ; I2C_driver:u_I2C_Config|SENT ; 1.000        ; -0.043     ; 0.889      ;
; 0.069  ; config_CODEC:u_CODEC_config|address[4] ; config_CODEC:u_CODEC_config|DATA[9]    ; I2C_driver:u_I2C_Config|SENT           ; I2C_driver:u_I2C_Config|SENT ; 1.000        ; -0.042     ; 0.876      ;
; 0.069  ; config_CODEC:u_CODEC_config|address[0] ; config_CODEC:u_CODEC_config|DATA[4]    ; I2C_driver:u_I2C_Config|SENT           ; I2C_driver:u_I2C_Config|SENT ; 1.000        ; -0.043     ; 0.875      ;
; 0.073  ; config_CODEC:u_CODEC_config|address[4] ; config_CODEC:u_CODEC_config|DATA[12]   ; I2C_driver:u_I2C_Config|SENT           ; I2C_driver:u_I2C_Config|SENT ; 1.000        ; -0.042     ; 0.872      ;
; 0.075  ; config_CODEC:u_CODEC_config|address[0] ; config_CODEC:u_CODEC_config|address[2] ; I2C_driver:u_I2C_Config|SENT           ; I2C_driver:u_I2C_Config|SENT ; 1.000        ; -0.043     ; 0.869      ;
; 0.084  ; config_CODEC:u_CODEC_config|address[4] ; config_CODEC:u_CODEC_config|address[4] ; I2C_driver:u_I2C_Config|SENT           ; I2C_driver:u_I2C_Config|SENT ; 1.000        ; -0.043     ; 0.860      ;
; 0.084  ; config_CODEC:u_CODEC_config|address[4] ; config_CODEC:u_CODEC_config|address[2] ; I2C_driver:u_I2C_Config|SENT           ; I2C_driver:u_I2C_Config|SENT ; 1.000        ; -0.043     ; 0.860      ;
; 0.084  ; config_CODEC:u_CODEC_config|address[4] ; config_CODEC:u_CODEC_config|address[1] ; I2C_driver:u_I2C_Config|SENT           ; I2C_driver:u_I2C_Config|SENT ; 1.000        ; -0.043     ; 0.860      ;
; 0.084  ; config_CODEC:u_CODEC_config|address[4] ; config_CODEC:u_CODEC_config|address[3] ; I2C_driver:u_I2C_Config|SENT           ; I2C_driver:u_I2C_Config|SENT ; 1.000        ; -0.043     ; 0.860      ;
; 0.096  ; config_CODEC:u_CODEC_config|address[4] ; config_CODEC:u_CODEC_config|DATA[10]   ; I2C_driver:u_I2C_Config|SENT           ; I2C_driver:u_I2C_Config|SENT ; 1.000        ; -0.042     ; 0.849      ;
; 0.098  ; config_CODEC:u_CODEC_config|address[4] ; config_CODEC:u_CODEC_config|DATA[11]   ; I2C_driver:u_I2C_Config|SENT           ; I2C_driver:u_I2C_Config|SENT ; 1.000        ; -0.042     ; 0.847      ;
; 0.104  ; config_CODEC:u_CODEC_config|address[0] ; config_CODEC:u_CODEC_config|DATA[0]    ; I2C_driver:u_I2C_Config|SENT           ; I2C_driver:u_I2C_Config|SENT ; 1.000        ; -0.043     ; 0.840      ;
; 0.153  ; config_CODEC:u_CODEC_config|vol[3]     ; config_CODEC:u_CODEC_config|DATA[3]    ; config_CODEC:u_CODEC_config|counter[9] ; I2C_driver:u_I2C_Config|SENT ; 1.000        ; -0.173     ; 0.661      ;
; 0.160  ; config_CODEC:u_CODEC_config|vol[1]     ; config_CODEC:u_CODEC_config|DATA[1]    ; config_CODEC:u_CODEC_config|counter[9] ; I2C_driver:u_I2C_Config|SENT ; 1.000        ; -0.173     ; 0.654      ;
; 0.162  ; config_CODEC:u_CODEC_config|address[1] ; config_CODEC:u_CODEC_config|DATA[5]    ; I2C_driver:u_I2C_Config|SENT           ; I2C_driver:u_I2C_Config|SENT ; 1.000        ; 0.137      ; 0.962      ;
; 0.168  ; config_CODEC:u_CODEC_config|address[1] ; config_CODEC:u_CODEC_config|DATA[6]    ; I2C_driver:u_I2C_Config|SENT           ; I2C_driver:u_I2C_Config|SENT ; 1.000        ; 0.137      ; 0.956      ;
; 0.177  ; config_CODEC:u_CODEC_config|address[3] ; config_CODEC:u_CODEC_config|DATA[10]   ; I2C_driver:u_I2C_Config|SENT           ; I2C_driver:u_I2C_Config|SENT ; 1.000        ; -0.042     ; 0.768      ;
; 0.183  ; config_CODEC:u_CODEC_config|address[3] ; config_CODEC:u_CODEC_config|DATA[5]    ; I2C_driver:u_I2C_Config|SENT           ; I2C_driver:u_I2C_Config|SENT ; 1.000        ; 0.137      ; 0.941      ;
; 0.187  ; config_CODEC:u_CODEC_config|address[1] ; config_CODEC:u_CODEC_config|DATA[2]    ; I2C_driver:u_I2C_Config|SENT           ; I2C_driver:u_I2C_Config|SENT ; 1.000        ; -0.043     ; 0.757      ;
; 0.188  ; config_CODEC:u_CODEC_config|address[2] ; config_CODEC:u_CODEC_config|DATA[6]    ; I2C_driver:u_I2C_Config|SENT           ; I2C_driver:u_I2C_Config|SENT ; 1.000        ; 0.137      ; 0.936      ;
; 0.242  ; config_CODEC:u_CODEC_config|address[2] ; config_CODEC:u_CODEC_config|DATA[5]    ; I2C_driver:u_I2C_Config|SENT           ; I2C_driver:u_I2C_Config|SENT ; 1.000        ; 0.137      ; 0.882      ;
; 0.269  ; config_CODEC:u_CODEC_config|address[0] ; config_CODEC:u_CODEC_config|address[1] ; I2C_driver:u_I2C_Config|SENT           ; I2C_driver:u_I2C_Config|SENT ; 1.000        ; -0.043     ; 0.675      ;
; 0.271  ; config_CODEC:u_CODEC_config|address[2] ; config_CODEC:u_CODEC_config|DATA[2]    ; I2C_driver:u_I2C_Config|SENT           ; I2C_driver:u_I2C_Config|SENT ; 1.000        ; -0.043     ; 0.673      ;
; 0.277  ; config_CODEC:u_CODEC_config|address[3] ; config_CODEC:u_CODEC_config|DATA[6]    ; I2C_driver:u_I2C_Config|SENT           ; I2C_driver:u_I2C_Config|SENT ; 1.000        ; 0.137      ; 0.847      ;
; 0.304  ; config_CODEC:u_CODEC_config|address[0] ; config_CODEC:u_CODEC_config|DATA[6]    ; I2C_driver:u_I2C_Config|SENT           ; I2C_driver:u_I2C_Config|SENT ; 1.000        ; 0.137      ; 0.820      ;
; 0.309  ; config_CODEC:u_CODEC_config|address[4] ; config_CODEC:u_CODEC_config|DATA[5]    ; I2C_driver:u_I2C_Config|SENT           ; I2C_driver:u_I2C_Config|SENT ; 1.000        ; 0.137      ; 0.815      ;
; 0.352  ; config_CODEC:u_CODEC_config|address[4] ; config_CODEC:u_CODEC_config|DATA[6]    ; I2C_driver:u_I2C_Config|SENT           ; I2C_driver:u_I2C_Config|SENT ; 1.000        ; 0.137      ; 0.772      ;
; 0.406  ; config_CODEC:u_CODEC_config|vol[2]     ; config_CODEC:u_CODEC_config|DATA[2]    ; config_CODEC:u_CODEC_config|counter[9] ; I2C_driver:u_I2C_Config|SENT ; 1.000        ; -0.174     ; 0.407      ;
; 0.410  ; config_CODEC:u_CODEC_config|vol[4]     ; config_CODEC:u_CODEC_config|DATA[4]    ; config_CODEC:u_CODEC_config|counter[9] ; I2C_driver:u_I2C_Config|SENT ; 1.000        ; -0.174     ; 0.403      ;
; 0.426  ; config_CODEC:u_CODEC_config|vol[0]     ; config_CODEC:u_CODEC_config|DATA[0]    ; config_CODEC:u_CODEC_config|counter[9] ; I2C_driver:u_I2C_Config|SENT ; 1.000        ; -0.174     ; 0.387      ;
; 0.585  ; config_CODEC:u_CODEC_config|address[0] ; config_CODEC:u_CODEC_config|address[0] ; I2C_driver:u_I2C_Config|SENT           ; I2C_driver:u_I2C_Config|SENT ; 1.000        ; -0.043     ; 0.359      ;
+--------+----------------------------------------+----------------------------------------+----------------------------------------+------------------------------+--------------+------------+------------+


+------------------------------------------------------------------------------------------------------------------------------------------------------------------------------------------------+
; Fast 1200mV 0C Model Hold: 'AUD_BCLK'                                                                                                                                                          ;
+--------+-------------------------------------------+-------------------------------------------+----------------------------------------+-------------+--------------+------------+------------+
; Slack  ; From Node                                 ; To Node                                   ; Launch Clock                           ; Latch Clock ; Relationship ; Clock Skew ; Data Delay ;
+--------+-------------------------------------------+-------------------------------------------+----------------------------------------+-------------+--------------+------------+------------+
; -0.022 ; audio_out_R[11]                           ; parallel_to_serial:u2|right_shift_reg[11] ; config_CODEC:u_CODEC_config|counter[9] ; AUD_BCLK    ; -0.500       ; 0.821      ; 0.413      ;
; -0.021 ; audio_out_R[14]                           ; parallel_to_serial:u2|right_shift_reg[14] ; config_CODEC:u_CODEC_config|counter[9] ; AUD_BCLK    ; -0.500       ; 0.821      ; 0.414      ;
; -0.019 ; audio_out_R[10]                           ; parallel_to_serial:u2|right_shift_reg[10] ; config_CODEC:u_CODEC_config|counter[9] ; AUD_BCLK    ; -0.500       ; 0.821      ; 0.416      ;
; -0.018 ; audio_out_R[13]                           ; parallel_to_serial:u2|right_shift_reg[13] ; config_CODEC:u_CODEC_config|counter[9] ; AUD_BCLK    ; -0.500       ; 0.821      ; 0.417      ;
; 0.021  ; audio_out_L[12]                           ; parallel_to_serial:u2|left_shift_reg[12]  ; config_CODEC:u_CODEC_config|counter[9] ; AUD_BCLK    ; -0.500       ; 0.779      ; 0.414      ;
; 0.023  ; audio_out_L[11]                           ; parallel_to_serial:u2|left_shift_reg[11]  ; config_CODEC:u_CODEC_config|counter[9] ; AUD_BCLK    ; -0.500       ; 0.779      ; 0.416      ;
; 0.024  ; audio_out_L[13]                           ; parallel_to_serial:u2|left_shift_reg[13]  ; config_CODEC:u_CODEC_config|counter[9] ; AUD_BCLK    ; -0.500       ; 0.779      ; 0.417      ;
; 0.053  ; audio_out_L[8]                            ; parallel_to_serial:u2|left_shift_reg[8]   ; config_CODEC:u_CODEC_config|counter[9] ; AUD_BCLK    ; -0.500       ; 0.749      ; 0.416      ;
; 0.054  ; audio_out_L[10]                           ; parallel_to_serial:u2|left_shift_reg[10]  ; config_CODEC:u_CODEC_config|counter[9] ; AUD_BCLK    ; -0.500       ; 0.749      ; 0.417      ;
; 0.058  ; audio_out_R[12]                           ; parallel_to_serial:u2|right_shift_reg[12] ; config_CODEC:u_CODEC_config|counter[9] ; AUD_BCLK    ; -0.500       ; 0.862      ; 0.534      ;
; 0.075  ; audio_out_L[5]                            ; parallel_to_serial:u2|left_shift_reg[5]   ; config_CODEC:u_CODEC_config|counter[9] ; AUD_BCLK    ; -0.500       ; 0.725      ; 0.414      ;
; 0.079  ; audio_out_L[1]                            ; parallel_to_serial:u2|left_shift_reg[1]   ; config_CODEC:u_CODEC_config|counter[9] ; AUD_BCLK    ; -0.500       ; 0.725      ; 0.418      ;
; 0.085  ; audio_out_R[3]                            ; parallel_to_serial:u2|right_shift_reg[3]  ; config_CODEC:u_CODEC_config|counter[9] ; AUD_BCLK    ; -0.500       ; 0.786      ; 0.485      ;
; 0.101  ; audio_out_R[15]                           ; parallel_to_serial:u2|right_shift_reg[15] ; config_CODEC:u_CODEC_config|counter[9] ; AUD_BCLK    ; -0.500       ; 0.821      ; 0.536      ;
; 0.121  ; audio_out_L[7]                            ; parallel_to_serial:u2|left_shift_reg[7]   ; config_CODEC:u_CODEC_config|counter[9] ; AUD_BCLK    ; -0.500       ; 0.785      ; 0.520      ;
; 0.131  ; audio_out_R[0]                            ; parallel_to_serial:u2|right_shift_reg[0]  ; config_CODEC:u_CODEC_config|counter[9] ; AUD_BCLK    ; -0.500       ; 0.760      ; 0.505      ;
; 0.131  ; audio_out_L[9]                            ; parallel_to_serial:u2|left_shift_reg[9]   ; config_CODEC:u_CODEC_config|counter[9] ; AUD_BCLK    ; -0.500       ; 0.749      ; 0.494      ;
; 0.135  ; audio_out_L[15]                           ; parallel_to_serial:u2|left_shift_reg[15]  ; config_CODEC:u_CODEC_config|counter[9] ; AUD_BCLK    ; -0.500       ; 0.808      ; 0.557      ;
; 0.136  ; audio_out_L[2]                            ; parallel_to_serial:u2|left_shift_reg[2]   ; config_CODEC:u_CODEC_config|counter[9] ; AUD_BCLK    ; -0.500       ; 0.799      ; 0.549      ;
; 0.139  ; audio_out_R[6]                            ; parallel_to_serial:u2|right_shift_reg[6]  ; config_CODEC:u_CODEC_config|counter[9] ; AUD_BCLK    ; -0.500       ; 0.751      ; 0.504      ;
; 0.139  ; audio_out_R[7]                            ; parallel_to_serial:u2|right_shift_reg[7]  ; config_CODEC:u_CODEC_config|counter[9] ; AUD_BCLK    ; -0.500       ; 0.751      ; 0.504      ;
; 0.144  ; audio_out_R[9]                            ; parallel_to_serial:u2|right_shift_reg[9]  ; config_CODEC:u_CODEC_config|counter[9] ; AUD_BCLK    ; -0.500       ; 0.799      ; 0.557      ;
; 0.148  ; audio_out_R[2]                            ; parallel_to_serial:u2|right_shift_reg[2]  ; config_CODEC:u_CODEC_config|counter[9] ; AUD_BCLK    ; -0.500       ; 0.786      ; 0.548      ;
; 0.149  ; audio_out_R[4]                            ; parallel_to_serial:u2|right_shift_reg[4]  ; config_CODEC:u_CODEC_config|counter[9] ; AUD_BCLK    ; -0.500       ; 0.783      ; 0.546      ;
; 0.156  ; audio_out_L[0]                            ; parallel_to_serial:u2|left_shift_reg[0]   ; config_CODEC:u_CODEC_config|counter[9] ; AUD_BCLK    ; -0.500       ; 0.767      ; 0.537      ;
; 0.156  ; audio_out_R[8]                            ; parallel_to_serial:u2|right_shift_reg[8]  ; config_CODEC:u_CODEC_config|counter[9] ; AUD_BCLK    ; -0.500       ; 0.751      ; 0.521      ;
; 0.159  ; audio_out_L[6]                            ; parallel_to_serial:u2|left_shift_reg[6]   ; config_CODEC:u_CODEC_config|counter[9] ; AUD_BCLK    ; -0.500       ; 0.769      ; 0.542      ;
; 0.161  ; audio_out_R[1]                            ; parallel_to_serial:u2|right_shift_reg[1]  ; config_CODEC:u_CODEC_config|counter[9] ; AUD_BCLK    ; -0.500       ; 0.767      ; 0.542      ;
; 0.167  ; audio_out_R[5]                            ; parallel_to_serial:u2|right_shift_reg[5]  ; config_CODEC:u_CODEC_config|counter[9] ; AUD_BCLK    ; -0.500       ; 0.767      ; 0.548      ;
; 0.173  ; audio_out_L[3]                            ; parallel_to_serial:u2|left_shift_reg[3]   ; config_CODEC:u_CODEC_config|counter[9] ; AUD_BCLK    ; -0.500       ; 0.765      ; 0.552      ;
; 0.185  ; audio_out_L[14]                           ; parallel_to_serial:u2|left_shift_reg[14]  ; config_CODEC:u_CODEC_config|counter[9] ; AUD_BCLK    ; -0.500       ; 0.744      ; 0.543      ;
; 0.194  ; audio_out_L[4]                            ; parallel_to_serial:u2|left_shift_reg[4]   ; config_CODEC:u_CODEC_config|counter[9] ; AUD_BCLK    ; -0.500       ; 0.765      ; 0.573      ;
; 0.199  ; parallel_to_serial:u2|right_shift_reg[0]  ; parallel_to_serial:u2|right_shift_reg[0]  ; AUD_BCLK                               ; AUD_BCLK    ; 0.000        ; 0.024      ; 0.307      ;
; 0.199  ; parallel_to_serial:u2|left_shift_reg[0]   ; parallel_to_serial:u2|left_shift_reg[0]   ; AUD_BCLK                               ; AUD_BCLK    ; 0.000        ; 0.024      ; 0.307      ;
; 0.201  ; parallel_to_serial:u2|counter[4]          ; parallel_to_serial:u2|right_shift_reg[0]  ; AUD_BCLK                               ; AUD_BCLK    ; -0.500       ; 1.169      ; 0.954      ;
; 0.201  ; parallel_to_serial:u2|right_shift_reg[3]  ; parallel_to_serial:u2|right_shift_reg[4]  ; AUD_BCLK                               ; AUD_BCLK    ; 0.000        ; 0.029      ; 0.314      ;
; 0.201  ; parallel_to_serial:u2|right_shift_reg[2]  ; parallel_to_serial:u2|right_shift_reg[3]  ; AUD_BCLK                               ; AUD_BCLK    ; 0.000        ; 0.029      ; 0.314      ;
; 0.202  ; parallel_to_serial:u2|left_shift_reg[12]  ; parallel_to_serial:u2|left_shift_reg[13]  ; AUD_BCLK                               ; AUD_BCLK    ; 0.000        ; 0.028      ; 0.314      ;
; 0.202  ; parallel_to_serial:u2|left_shift_reg[11]  ; parallel_to_serial:u2|left_shift_reg[12]  ; AUD_BCLK                               ; AUD_BCLK    ; 0.000        ; 0.028      ; 0.314      ;
; 0.203  ; parallel_to_serial:u2|left_shift_reg[3]   ; parallel_to_serial:u2|left_shift_reg[4]   ; AUD_BCLK                               ; AUD_BCLK    ; 0.000        ; 0.028      ; 0.315      ;
; 0.206  ; parallel_to_serial:u2|left_shift_reg[9]   ; parallel_to_serial:u2|left_shift_reg[10]  ; AUD_BCLK                               ; AUD_BCLK    ; 0.000        ; 0.025      ; 0.315      ;
; 0.209  ; parallel_to_serial:u2|DACLRC_sample[1]    ; parallel_to_serial:u2|DACLRC_rising       ; AUD_BCLK                               ; AUD_BCLK    ; -0.500       ; 0.973      ; 0.766      ;
; 0.215  ; serial_to_parallel:u1|left_shift_reg[5]   ; serial_to_parallel:u1|left_shift_reg[6]   ; AUD_BCLK                               ; AUD_BCLK    ; 0.000        ; 0.025      ; 0.324      ;
; 0.216  ; serial_to_parallel:u1|left_shift_reg[14]  ; serial_to_parallel:u1|left_shift_reg[15]  ; AUD_BCLK                               ; AUD_BCLK    ; 0.000        ; 0.025      ; 0.325      ;
; 0.216  ; serial_to_parallel:u1|left_shift_reg[8]   ; serial_to_parallel:u1|left_shift_reg[9]   ; AUD_BCLK                               ; AUD_BCLK    ; 0.000        ; 0.025      ; 0.325      ;
; 0.216  ; serial_to_parallel:u1|left_shift_reg[2]   ; serial_to_parallel:u1|left_shift_reg[3]   ; AUD_BCLK                               ; AUD_BCLK    ; 0.000        ; 0.025      ; 0.325      ;
; 0.217  ; serial_to_parallel:u1|left_shift_reg[10]  ; serial_to_parallel:u1|left_shift_reg[11]  ; AUD_BCLK                               ; AUD_BCLK    ; 0.000        ; 0.025      ; 0.326      ;
; 0.217  ; serial_to_parallel:u1|left_shift_reg[7]   ; serial_to_parallel:u1|left_shift_reg[8]   ; AUD_BCLK                               ; AUD_BCLK    ; 0.000        ; 0.025      ; 0.326      ;
; 0.217  ; serial_to_parallel:u1|left_shift_reg[3]   ; serial_to_parallel:u1|left_shift_reg[4]   ; AUD_BCLK                               ; AUD_BCLK    ; 0.000        ; 0.025      ; 0.326      ;
; 0.218  ; serial_to_parallel:u1|right_shift_reg[4]  ; serial_to_parallel:u1|right_shift_reg[5]  ; AUD_BCLK                               ; AUD_BCLK    ; 0.000        ; 0.023      ; 0.325      ;
; 0.218  ; serial_to_parallel:u1|right_shift_reg[1]  ; serial_to_parallel:u1|right_shift_reg[2]  ; AUD_BCLK                               ; AUD_BCLK    ; 0.000        ; 0.023      ; 0.325      ;
; 0.219  ; serial_to_parallel:u1|right_shift_reg[5]  ; serial_to_parallel:u1|right_shift_reg[6]  ; AUD_BCLK                               ; AUD_BCLK    ; 0.000        ; 0.023      ; 0.326      ;
; 0.219  ; serial_to_parallel:u1|right_shift_reg[3]  ; serial_to_parallel:u1|right_shift_reg[4]  ; AUD_BCLK                               ; AUD_BCLK    ; 0.000        ; 0.023      ; 0.326      ;
; 0.220  ; serial_to_parallel:u1|right_shift_reg[0]  ; serial_to_parallel:u1|right_shift_reg[1]  ; AUD_BCLK                               ; AUD_BCLK    ; 0.000        ; 0.023      ; 0.327      ;
; 0.221  ; parallel_to_serial:u2|DACLRC_sample[0]    ; parallel_to_serial:u2|DACLRC_falling      ; AUD_BCLK                               ; AUD_BCLK    ; -0.500       ; 0.973      ; 0.778      ;
; 0.224  ; parallel_to_serial:u2|DACLRC_sample[1]    ; parallel_to_serial:u2|DACLRC_falling      ; AUD_BCLK                               ; AUD_BCLK    ; -0.500       ; 0.973      ; 0.781      ;
; 0.225  ; parallel_to_serial:u2|DACLRC_sample[1]    ; parallel_to_serial:u2|DACLRC_sample[0]    ; AUD_BCLK                               ; AUD_BCLK    ; 0.000        ; 0.024      ; 0.333      ;
; 0.236  ; parallel_to_serial:u2|DACLRC_sample[0]    ; parallel_to_serial:u2|DACLRC_rising       ; AUD_BCLK                               ; AUD_BCLK    ; -0.500       ; 0.973      ; 0.793      ;
; 0.278  ; serial_to_parallel:u1|right_shift_reg[2]  ; serial_to_parallel:u1|right_shift_reg[3]  ; AUD_BCLK                               ; AUD_BCLK    ; 0.000        ; 0.023      ; 0.385      ;
; 0.278  ; serial_to_parallel:u1|left_shift_reg[12]  ; serial_to_parallel:u1|left_shift_reg[13]  ; AUD_BCLK                               ; AUD_BCLK    ; 0.000        ; 0.025      ; 0.387      ;
; 0.280  ; serial_to_parallel:u1|right_shift_reg[7]  ; serial_to_parallel:u1|right_shift_reg[8]  ; AUD_BCLK                               ; AUD_BCLK    ; 0.000        ; 0.023      ; 0.387      ;
; 0.281  ; serial_to_parallel:u1|right_shift_reg[14] ; serial_to_parallel:u1|right_shift_reg[15] ; AUD_BCLK                               ; AUD_BCLK    ; 0.000        ; 0.025      ; 0.390      ;
; 0.281  ; parallel_to_serial:u2|counter[4]          ; parallel_to_serial:u2|left_shift_reg[0]   ; AUD_BCLK                               ; AUD_BCLK    ; -0.500       ; 1.173      ; 1.038      ;
; 0.282  ; serial_to_parallel:u1|right_shift_reg[13] ; serial_to_parallel:u1|right_shift_reg[14] ; AUD_BCLK                               ; AUD_BCLK    ; 0.000        ; 0.025      ; 0.391      ;
; 0.289  ; serial_to_parallel:u1|left_shift_reg[13]  ; serial_to_parallel:u1|left_shift_reg[14]  ; AUD_BCLK                               ; AUD_BCLK    ; 0.000        ; 0.025      ; 0.398      ;
; 0.291  ; serial_to_parallel:u1|left_shift_reg[6]   ; serial_to_parallel:u1|left_shift_reg[7]   ; AUD_BCLK                               ; AUD_BCLK    ; 0.000        ; 0.025      ; 0.400      ;
; 0.291  ; serial_to_parallel:u1|left_shift_reg[0]   ; serial_to_parallel:u1|left_shift_reg[1]   ; AUD_BCLK                               ; AUD_BCLK    ; 0.000        ; 0.025      ; 0.400      ;
; 0.293  ; serial_to_parallel:u1|right_shift_reg[9]  ; serial_to_parallel:u1|right_shift_reg[10] ; AUD_BCLK                               ; AUD_BCLK    ; 0.000        ; 0.023      ; 0.400      ;
; 0.293  ; serial_to_parallel:u1|right_shift_reg[6]  ; serial_to_parallel:u1|right_shift_reg[7]  ; AUD_BCLK                               ; AUD_BCLK    ; 0.000        ; 0.023      ; 0.400      ;
; 0.293  ; serial_to_parallel:u1|left_shift_reg[4]   ; serial_to_parallel:u1|left_shift_reg[5]   ; AUD_BCLK                               ; AUD_BCLK    ; 0.000        ; 0.025      ; 0.402      ;
; 0.294  ; serial_to_parallel:u1|right_shift_reg[8]  ; serial_to_parallel:u1|right_shift_reg[9]  ; AUD_BCLK                               ; AUD_BCLK    ; 0.000        ; 0.023      ; 0.401      ;
; 0.297  ; parallel_to_serial:u2|counter[4]          ; parallel_to_serial:u2|right_shift_reg[9]  ; AUD_BCLK                               ; AUD_BCLK    ; -0.500       ; 1.198      ; 1.079      ;
; 0.305  ; parallel_to_serial:u2|left_shift_reg[8]   ; parallel_to_serial:u2|left_shift_reg[9]   ; AUD_BCLK                               ; AUD_BCLK    ; 0.000        ; 0.025      ; 0.414      ;
; 0.305  ; parallel_to_serial:u2|right_shift_reg[7]  ; parallel_to_serial:u2|right_shift_reg[8]  ; AUD_BCLK                               ; AUD_BCLK    ; 0.000        ; 0.026      ; 0.415      ;
; 0.305  ; parallel_to_serial:u2|right_shift_reg[6]  ; parallel_to_serial:u2|right_shift_reg[7]  ; AUD_BCLK                               ; AUD_BCLK    ; 0.000        ; 0.026      ; 0.415      ;
; 0.307  ; parallel_to_serial:u2|right_shift_reg[14] ; parallel_to_serial:u2|right_shift_reg[15] ; AUD_BCLK                               ; AUD_BCLK    ; 0.000        ; 0.024      ; 0.415      ;
; 0.309  ; parallel_to_serial:u2|right_shift_reg[13] ; parallel_to_serial:u2|right_shift_reg[14] ; AUD_BCLK                               ; AUD_BCLK    ; 0.000        ; 0.024      ; 0.417      ;
; 0.309  ; parallel_to_serial:u2|right_shift_reg[10] ; parallel_to_serial:u2|right_shift_reg[11] ; AUD_BCLK                               ; AUD_BCLK    ; 0.000        ; 0.024      ; 0.417      ;
; 0.313  ; parallel_to_serial:u2|counter[1]          ; parallel_to_serial:u2|counter[1]          ; AUD_BCLK                               ; AUD_BCLK    ; 0.000        ; 0.022      ; 0.419      ;
; 0.314  ; parallel_to_serial:u2|counter[2]          ; parallel_to_serial:u2|counter[2]          ; AUD_BCLK                               ; AUD_BCLK    ; 0.000        ; 0.022      ; 0.420      ;
; 0.316  ; parallel_to_serial:u2|counter[1]          ; parallel_to_serial:u2|right_shift_reg[0]  ; AUD_BCLK                               ; AUD_BCLK    ; -0.500       ; 1.169      ; 1.069      ;
; 0.321  ; parallel_to_serial:u2|counter[3]          ; parallel_to_serial:u2|counter[3]          ; AUD_BCLK                               ; AUD_BCLK    ; 0.000        ; 0.022      ; 0.427      ;
; 0.326  ; parallel_to_serial:u2|counter[0]          ; parallel_to_serial:u2|counter[0]          ; AUD_BCLK                               ; AUD_BCLK    ; 0.000        ; 0.022      ; 0.432      ;
; 0.332  ; serial_to_parallel:u1|counter[4]          ; serial_to_parallel:u1|counter[4]          ; AUD_BCLK                               ; AUD_BCLK    ; 0.000        ; 0.024      ; 0.440      ;
; 0.340  ; parallel_to_serial:u2|counter[4]          ; parallel_to_serial:u2|counter[4]          ; AUD_BCLK                               ; AUD_BCLK    ; 0.000        ; 0.022      ; 0.446      ;
; 0.351  ; serial_to_parallel:u1|left_shift_reg[11]  ; serial_to_parallel:u1|left_shift_reg[12]  ; AUD_BCLK                               ; AUD_BCLK    ; 0.000        ; 0.025      ; 0.460      ;
; 0.352  ; serial_to_parallel:u1|right_shift_reg[10] ; serial_to_parallel:u1|right_shift_reg[11] ; AUD_BCLK                               ; AUD_BCLK    ; 0.000        ; 0.023      ; 0.459      ;
; 0.352  ; serial_to_parallel:u1|right_shift_reg[12] ; serial_to_parallel:u1|right_shift_reg[13] ; AUD_BCLK                               ; AUD_BCLK    ; 0.000        ; 0.025      ; 0.461      ;
; 0.357  ; parallel_to_serial:u2|counter[4]          ; parallel_to_serial:u2|left_shift_reg[6]   ; AUD_BCLK                               ; AUD_BCLK    ; -0.500       ; 1.168      ; 1.109      ;
; 0.359  ; serial_to_parallel:u1|left_shift_reg[9]   ; serial_to_parallel:u1|left_shift_reg[10]  ; AUD_BCLK                               ; AUD_BCLK    ; 0.000        ; 0.025      ; 0.468      ;
; 0.364  ; parallel_to_serial:u2|right_shift_reg[1]  ; parallel_to_serial:u2|right_shift_reg[2]  ; AUD_BCLK                               ; AUD_BCLK    ; 0.000        ; 0.096      ; 0.544      ;
; 0.378  ; serial_to_parallel:u1|left_shift_reg[11]  ; serial_to_parallel:u1|left_data[11]       ; AUD_BCLK                               ; AUD_BCLK    ; 0.000        ; 0.087      ; 0.549      ;
; 0.381  ; parallel_to_serial:u2|left_shift_reg[4]   ; parallel_to_serial:u2|left_shift_reg[5]   ; AUD_BCLK                               ; AUD_BCLK    ; 0.000        ; 0.055      ; 0.520      ;
; 0.388  ; parallel_to_serial:u2|counter[1]          ; parallel_to_serial:u2|left_shift_reg[0]   ; AUD_BCLK                               ; AUD_BCLK    ; -0.500       ; 1.173      ; 1.145      ;
; 0.388  ; parallel_to_serial:u2|counter[4]          ; parallel_to_serial:u2|left_shift_reg[5]   ; AUD_BCLK                               ; AUD_BCLK    ; -0.500       ; 1.134      ; 1.106      ;
; 0.391  ; serial_to_parallel:u1|counter[2]          ; serial_to_parallel:u1|counter[2]          ; AUD_BCLK                               ; AUD_BCLK    ; 0.000        ; 0.024      ; 0.499      ;
; 0.392  ; serial_to_parallel:u1|counter[3]          ; serial_to_parallel:u1|counter[3]          ; AUD_BCLK                               ; AUD_BCLK    ; 0.000        ; 0.024      ; 0.500      ;
; 0.396  ; parallel_to_serial:u2|counter[1]          ; parallel_to_serial:u2|right_shift_reg[9]  ; AUD_BCLK                               ; AUD_BCLK    ; -0.500       ; 1.198      ; 1.178      ;
; 0.398  ; serial_to_parallel:u1|counter[1]          ; serial_to_parallel:u1|counter[1]          ; AUD_BCLK                               ; AUD_BCLK    ; 0.000        ; 0.024      ; 0.506      ;
; 0.400  ; serial_to_parallel:u1|counter[0]          ; serial_to_parallel:u1|counter[0]          ; AUD_BCLK                               ; AUD_BCLK    ; 0.000        ; 0.024      ; 0.508      ;
+--------+-------------------------------------------+-------------------------------------------+----------------------------------------+-------------+--------------+------------+------------+


+----------------------------------------------------------------------------------------------------------------------------------------------------------------------------------------------------------------------------------------------------------------------------------+
; Fast 1200mV 0C Model Hold: 'CLOCK_50'                                                                                                                                                                                                                                            ;
+-------+---------------------------------------------------------+------------------------------------------------------------------------------------------------------------------------------------------+--------------+-------------+--------------+------------+------------+
; Slack ; From Node                                               ; To Node                                                                                                                                  ; Launch Clock ; Latch Clock ; Relationship ; Clock Skew ; Data Delay ;
+-------+---------------------------------------------------------+------------------------------------------------------------------------------------------------------------------------------------------+--------------+-------------+--------------+------------+------------+
; 0.088 ; octaver:octaver_L|addr_a[0]                             ; octaver:octaver_R|RAM_Octaver:RAM_inst|altsyncram:altsyncram_component|altsyncram_1pp3:auto_generated|ram_block1a4~porta_address_reg0    ; CLOCK_50     ; CLOCK_50    ; 0.000        ; 0.241      ; 0.433      ;
; 0.127 ; chorus:chorus_inst_L|ram_write_adr[10]                  ; chorus:chorus_inst_L|RAM_chorus:RAM_INST|altsyncram:altsyncram_component|altsyncram_n5o3:auto_generated|ram_block1a15~porta_address_reg0 ; CLOCK_50     ; CLOCK_50    ; 0.000        ; 0.223      ; 0.454      ;
; 0.134 ; chorus:chorus_inst_R|ram_data[15]                       ; chorus:chorus_inst_R|RAM_chorus:RAM_INST|altsyncram:altsyncram_component|altsyncram_n5o3:auto_generated|ram_block1a15~porta_datain_reg0  ; CLOCK_50     ; CLOCK_50    ; 0.000        ; 0.226      ; 0.464      ;
; 0.134 ; chorus:chorus_inst_R|ram_data[9]                        ; chorus:chorus_inst_R|RAM_chorus:RAM_INST|altsyncram:altsyncram_component|altsyncram_n5o3:auto_generated|ram_block1a9~porta_datain_reg0   ; CLOCK_50     ; CLOCK_50    ; 0.000        ; 0.225      ; 0.463      ;
; 0.134 ; chorus:chorus_inst_R|ram_data[4]                        ; chorus:chorus_inst_R|RAM_chorus:RAM_INST|altsyncram:altsyncram_component|altsyncram_n5o3:auto_generated|ram_block1a4~porta_datain_reg0   ; CLOCK_50     ; CLOCK_50    ; 0.000        ; 0.229      ; 0.467      ;
; 0.140 ; chorus:chorus_inst_R|ram_data[11]                       ; chorus:chorus_inst_R|RAM_chorus:RAM_INST|altsyncram:altsyncram_component|altsyncram_n5o3:auto_generated|ram_block1a11~porta_datain_reg0  ; CLOCK_50     ; CLOCK_50    ; 0.000        ; 0.226      ; 0.470      ;
; 0.142 ; chorus:chorus_inst_R|ram_data[14]                       ; chorus:chorus_inst_R|RAM_chorus:RAM_INST|altsyncram:altsyncram_component|altsyncram_n5o3:auto_generated|ram_block1a14~porta_datain_reg0  ; CLOCK_50     ; CLOCK_50    ; 0.000        ; 0.227      ; 0.473      ;
; 0.143 ; chorus:chorus_inst_R|ram_data[12]                       ; chorus:chorus_inst_R|RAM_chorus:RAM_INST|altsyncram:altsyncram_component|altsyncram_n5o3:auto_generated|ram_block1a12~porta_datain_reg0  ; CLOCK_50     ; CLOCK_50    ; 0.000        ; 0.231      ; 0.478      ;
; 0.144 ; chorus:chorus_inst_R|ram_data[6]                        ; chorus:chorus_inst_R|RAM_chorus:RAM_INST|altsyncram:altsyncram_component|altsyncram_n5o3:auto_generated|ram_block1a6~porta_datain_reg0   ; CLOCK_50     ; CLOCK_50    ; 0.000        ; 0.226      ; 0.474      ;
; 0.148 ; chorus:chorus_inst_L|ram_data[14]                       ; chorus:chorus_inst_L|RAM_chorus:RAM_INST|altsyncram:altsyncram_component|altsyncram_n5o3:auto_generated|ram_block1a14~porta_datain_reg0  ; CLOCK_50     ; CLOCK_50    ; 0.000        ; 0.226      ; 0.478      ;
; 0.156 ; chorus:chorus_inst_L|ram_data[11]                       ; chorus:chorus_inst_L|RAM_chorus:RAM_INST|altsyncram:altsyncram_component|altsyncram_n5o3:auto_generated|ram_block1a11~porta_datain_reg0  ; CLOCK_50     ; CLOCK_50    ; 0.000        ; 0.226      ; 0.486      ;
; 0.157 ; chorus:chorus_inst_R|ram_data[8]                        ; chorus:chorus_inst_R|RAM_chorus:RAM_INST|altsyncram:altsyncram_component|altsyncram_n5o3:auto_generated|ram_block1a8~porta_datain_reg0   ; CLOCK_50     ; CLOCK_50    ; 0.000        ; 0.227      ; 0.488      ;
; 0.158 ; chorus:chorus_inst_R|ram_data[2]                        ; chorus:chorus_inst_R|RAM_chorus:RAM_INST|altsyncram:altsyncram_component|altsyncram_n5o3:auto_generated|ram_block1a2~porta_datain_reg0   ; CLOCK_50     ; CLOCK_50    ; 0.000        ; 0.224      ; 0.486      ;
; 0.158 ; chorus:chorus_inst_L|ram_write_adr[2]                   ; chorus:chorus_inst_R|RAM_chorus:RAM_INST|altsyncram:altsyncram_component|altsyncram_n5o3:auto_generated|ram_block1a12~porta_address_reg0 ; CLOCK_50     ; CLOCK_50    ; 0.000        ; 0.227      ; 0.489      ;
; 0.159 ; chorus:chorus_inst_L|ram_data[6]                        ; chorus:chorus_inst_L|RAM_chorus:RAM_INST|altsyncram:altsyncram_component|altsyncram_n5o3:auto_generated|ram_block1a6~porta_datain_reg0   ; CLOCK_50     ; CLOCK_50    ; 0.000        ; 0.245      ; 0.508      ;
; 0.160 ; chorus:chorus_inst_R|ram_data[7]                        ; chorus:chorus_inst_R|RAM_chorus:RAM_INST|altsyncram:altsyncram_component|altsyncram_n5o3:auto_generated|ram_block1a7~porta_datain_reg0   ; CLOCK_50     ; CLOCK_50    ; 0.000        ; 0.226      ; 0.490      ;
; 0.160 ; chorus:chorus_inst_L|ram_data[8]                        ; chorus:chorus_inst_L|RAM_chorus:RAM_INST|altsyncram:altsyncram_component|altsyncram_n5o3:auto_generated|ram_block1a8~porta_datain_reg0   ; CLOCK_50     ; CLOCK_50    ; 0.000        ; 0.228      ; 0.492      ;
; 0.161 ; chorus:chorus_inst_R|ram_data[10]                       ; chorus:chorus_inst_R|RAM_chorus:RAM_INST|altsyncram:altsyncram_component|altsyncram_n5o3:auto_generated|ram_block1a10~porta_datain_reg0  ; CLOCK_50     ; CLOCK_50    ; 0.000        ; 0.227      ; 0.492      ;
; 0.162 ; chorus:chorus_inst_R|ram_data[3]                        ; chorus:chorus_inst_R|RAM_chorus:RAM_INST|altsyncram:altsyncram_component|altsyncram_n5o3:auto_generated|ram_block1a3~porta_datain_reg0   ; CLOCK_50     ; CLOCK_50    ; 0.000        ; 0.236      ; 0.502      ;
; 0.164 ; chorus:chorus_inst_L|ram_write_adr[12]                  ; chorus:chorus_inst_L|RAM_chorus:RAM_INST|altsyncram:altsyncram_component|altsyncram_n5o3:auto_generated|ram_block1a15~porta_address_reg0 ; CLOCK_50     ; CLOCK_50    ; 0.000        ; 0.227      ; 0.495      ;
; 0.167 ; chorus:chorus_inst_L|ram_data[4]                        ; chorus:chorus_inst_L|RAM_chorus:RAM_INST|altsyncram:altsyncram_component|altsyncram_n5o3:auto_generated|ram_block1a4~porta_datain_reg0   ; CLOCK_50     ; CLOCK_50    ; 0.000        ; 0.221      ; 0.492      ;
; 0.168 ; chorus:chorus_inst_L|ram_data[7]                        ; chorus:chorus_inst_L|RAM_chorus:RAM_INST|altsyncram:altsyncram_component|altsyncram_n5o3:auto_generated|ram_block1a7~porta_datain_reg0   ; CLOCK_50     ; CLOCK_50    ; 0.000        ; 0.211      ; 0.483      ;
; 0.172 ; chorus:chorus_inst_L|ram_write_adr[8]                   ; chorus:chorus_inst_R|RAM_chorus:RAM_INST|altsyncram:altsyncram_component|altsyncram_n5o3:auto_generated|ram_block1a12~porta_address_reg0 ; CLOCK_50     ; CLOCK_50    ; 0.000        ; 0.227      ; 0.503      ;
; 0.173 ; chorus:chorus_inst_L|read_state[0]                      ; chorus:chorus_inst_L|read_state[0]                                                                                                       ; CLOCK_50     ; CLOCK_50    ; 0.000        ; 0.050      ; 0.307      ;
; 0.173 ; chorus:chorus_inst_L|read_state[2]                      ; chorus:chorus_inst_L|read_state[2]                                                                                                       ; CLOCK_50     ; CLOCK_50    ; 0.000        ; 0.050      ; 0.307      ;
; 0.173 ; chorus:chorus_inst_L|phase_acc[0]                       ; chorus:chorus_inst_L|phase_acc[0]                                                                                                        ; CLOCK_50     ; CLOCK_50    ; 0.000        ; 0.050      ; 0.307      ;
; 0.181 ; chorus:chorus_inst_L|read_state[1]                      ; chorus:chorus_inst_L|read_state[1]                                                                                                       ; CLOCK_50     ; CLOCK_50    ; 0.000        ; 0.042      ; 0.307      ;
; 0.183 ; chorus:chorus_inst_L|lfo_counter[19]                    ; chorus:chorus_inst_L|lfo_counter[19]                                                                                                     ; CLOCK_50     ; CLOCK_50    ; 0.000        ; 0.051      ; 0.318      ;
; 0.183 ; octaver:octaver_L|dsp_state[2]                          ; octaver:octaver_L|dsp_state[2]                                                                                                           ; CLOCK_50     ; CLOCK_50    ; 0.000        ; 0.040      ; 0.307      ;
; 0.183 ; octaver:octaver_L|dsp_state[1]                          ; octaver:octaver_L|dsp_state[1]                                                                                                           ; CLOCK_50     ; CLOCK_50    ; 0.000        ; 0.040      ; 0.307      ;
; 0.186 ; chorus:chorus_inst_L|ram_data[2]                        ; chorus:chorus_inst_L|RAM_chorus:RAM_INST|altsyncram:altsyncram_component|altsyncram_n5o3:auto_generated|ram_block1a2~porta_datain_reg0   ; CLOCK_50     ; CLOCK_50    ; 0.000        ; 0.215      ; 0.505      ;
; 0.188 ; config_CODEC:u_CODEC_config|counter[0]                  ; config_CODEC:u_CODEC_config|counter[0]                                                                                                   ; CLOCK_50     ; CLOCK_50    ; 0.000        ; 0.042      ; 0.314      ;
; 0.189 ; chorus:chorus_inst_L|phase_acc[7]                       ; chorus:chorus_inst_L|phase_acc[7]                                                                                                        ; CLOCK_50     ; CLOCK_50    ; 0.000        ; 0.051      ; 0.324      ;
; 0.191 ; chorus:chorus_inst_L|read_state[2]                      ; chorus:chorus_inst_L|read_state[0]                                                                                                       ; CLOCK_50     ; CLOCK_50    ; 0.000        ; 0.050      ; 0.325      ;
; 0.191 ; auto_wah:u_auto_wah_R|svf_lp[35]                        ; auto_wah:u_auto_wah_R|svf_lp[35]                                                                                                         ; CLOCK_50     ; CLOCK_50    ; 0.000        ; 0.050      ; 0.325      ;
; 0.192 ; key_detect:u_switch_trigger|bitRegister1[1]             ; key_detect:u_switch_trigger|bitRegister1[2]                                                                                              ; CLOCK_50     ; CLOCK_50    ; 0.000        ; 0.042      ; 0.318      ;
; 0.192 ; key_detect:u_switch_trigger|bitRegister0[1]             ; key_detect:u_switch_trigger|bitRegister0[2]                                                                                              ; CLOCK_50     ; CLOCK_50    ; 0.000        ; 0.042      ; 0.318      ;
; 0.192 ; key_detect:u_switch_trigger|bitRegister0[0]             ; key_detect:u_switch_trigger|bitRegister0[1]                                                                                              ; CLOCK_50     ; CLOCK_50    ; 0.000        ; 0.042      ; 0.318      ;
; 0.193 ; digital_distortion:digital_distortion_L|bitRegister0[2] ; digital_distortion:digital_distortion_L|bitRegister0[3]                                                                                  ; CLOCK_50     ; CLOCK_50    ; 0.000        ; 0.042      ; 0.319      ;
; 0.194 ; key_detect:u_switch_trigger|bitRegister1[0]             ; key_detect:u_switch_trigger|bitRegister1[1]                                                                                              ; CLOCK_50     ; CLOCK_50    ; 0.000        ; 0.042      ; 0.320      ;
; 0.201 ; digital_distortion:digital_distortion_L|bitRegister1[0] ; digital_distortion:digital_distortion_L|bitRegister1[1]                                                                                  ; CLOCK_50     ; CLOCK_50    ; 0.000        ; 0.042      ; 0.327      ;
; 0.201 ; octaver:octaver_L|rd_ptr1[10]                           ; octaver:octaver_L|rd_ptr1[10]                                                                                                            ; CLOCK_50     ; CLOCK_50    ; 0.000        ; 0.040      ; 0.325      ;
; 0.202 ; digital_distortion:digital_distortion_L|bitRegister1[1] ; digital_distortion:digital_distortion_L|bitRegister1[2]                                                                                  ; CLOCK_50     ; CLOCK_50    ; 0.000        ; 0.042      ; 0.328      ;
; 0.204 ; octaver:octaver_L|rd_ptr2[10]                           ; octaver:octaver_L|addr_b[10]                                                                                                             ; CLOCK_50     ; CLOCK_50    ; 0.000        ; 0.040      ; 0.328      ;
; 0.207 ; octaver:octaver_L|dsp_state[1]                          ; octaver:octaver_L|dsp_state[2]                                                                                                           ; CLOCK_50     ; CLOCK_50    ; 0.000        ; 0.040      ; 0.331      ;
; 0.237 ; chorus:chorus_inst_L|ram_write_adr[6]                   ; chorus:chorus_inst_L|RAM_chorus:RAM_INST|altsyncram:altsyncram_component|altsyncram_n5o3:auto_generated|ram_block1a8~porta_address_reg0  ; CLOCK_50     ; CLOCK_50    ; 0.000        ; 0.223      ; 0.564      ;
; 0.239 ; octaver:octaver_L|addr_a[0]                             ; octaver:octaver_L|RAM_Octaver:RAM_inst|altsyncram:altsyncram_component|altsyncram_1pp3:auto_generated|ram_block1a8~porta_address_reg0    ; CLOCK_50     ; CLOCK_50    ; 0.000        ; 0.240      ; 0.583      ;
; 0.249 ; digital_distortion:digital_distortion_L|bitRegister1[0] ; digital_distortion:digital_distortion_L|increase_counter                                                                                 ; CLOCK_50     ; CLOCK_50    ; 0.000        ; 0.231      ; 0.564      ;
; 0.251 ; octaver:octaver_L|addr_b[3]                             ; octaver:octaver_L|RAM_Octaver:RAM_inst|altsyncram:altsyncram_component|altsyncram_1pp3:auto_generated|ram_block1a8~portb_address_reg0    ; CLOCK_50     ; CLOCK_50    ; 0.000        ; 0.241      ; 0.596      ;
; 0.256 ; auto_wah:u_auto_wah_R|svf_lp[18]                        ; auto_wah:u_auto_wah_R|svf_lp[19]                                                                                                         ; CLOCK_50     ; CLOCK_50    ; 0.000        ; 0.245      ; 0.585      ;
; 0.258 ; chorus:chorus_inst_L|read_state[0]                      ; chorus:chorus_inst_L|read_state[2]                                                                                                       ; CLOCK_50     ; CLOCK_50    ; 0.000        ; 0.050      ; 0.392      ;
; 0.261 ; digital_distortion:digital_distortion_L|bitRegister0[1] ; digital_distortion:digital_distortion_L|bitRegister0[2]                                                                                  ; CLOCK_50     ; CLOCK_50    ; 0.000        ; 0.042      ; 0.387      ;
; 0.266 ; key_detect:u_switch_trigger|bitRegister0[2]             ; key_detect:u_switch_trigger|bitRegister0[3]                                                                                              ; CLOCK_50     ; CLOCK_50    ; 0.000        ; 0.042      ; 0.392      ;
; 0.268 ; key_detect:u_switch_trigger|bitRegister1[2]             ; key_detect:u_switch_trigger|bitRegister1[3]                                                                                              ; CLOCK_50     ; CLOCK_50    ; 0.000        ; 0.042      ; 0.394      ;
; 0.269 ; digital_distortion:digital_distortion_L|bitRegister0[0] ; digital_distortion:digital_distortion_L|bitRegister0[1]                                                                                  ; CLOCK_50     ; CLOCK_50    ; 0.000        ; 0.042      ; 0.395      ;
; 0.270 ; chorus:chorus_inst_L|ram_write_adr[7]                   ; chorus:chorus_inst_R|RAM_chorus:RAM_INST|altsyncram:altsyncram_component|altsyncram_n5o3:auto_generated|ram_block1a12~porta_address_reg0 ; CLOCK_50     ; CLOCK_50    ; 0.000        ; 0.221      ; 0.595      ;
; 0.272 ; chorus:chorus_inst_L|ram_data[15]                       ; chorus:chorus_inst_L|RAM_chorus:RAM_INST|altsyncram:altsyncram_component|altsyncram_n5o3:auto_generated|ram_block1a15~porta_datain_reg0  ; CLOCK_50     ; CLOCK_50    ; 0.000        ; 0.229      ; 0.605      ;
; 0.274 ; octaver:octaver_L|addr_a[1]                             ; octaver:octaver_R|RAM_Octaver:RAM_inst|altsyncram:altsyncram_component|altsyncram_1pp3:auto_generated|ram_block1a4~porta_address_reg0    ; CLOCK_50     ; CLOCK_50    ; 0.000        ; 0.245      ; 0.623      ;
; 0.274 ; octaver:octaver_L|dsp_state[2]                          ; octaver:octaver_L|dsp_state[1]                                                                                                           ; CLOCK_50     ; CLOCK_50    ; 0.000        ; 0.040      ; 0.398      ;
; 0.275 ; octaver:octaver_L|addr_a[8]                             ; octaver:octaver_R|RAM_Octaver:RAM_inst|altsyncram:altsyncram_component|altsyncram_1pp3:auto_generated|ram_block1a4~porta_address_reg0    ; CLOCK_50     ; CLOCK_50    ; 0.000        ; 0.245      ; 0.624      ;
; 0.278 ; auto_wah:u_auto_wah_R|env_acc[30]                       ; auto_wah:u_auto_wah_R|envelope[14]                                                                                                       ; CLOCK_50     ; CLOCK_50    ; 0.000        ; 0.040      ; 0.402      ;
; 0.279 ; octaver:octaver_L|addr_a[7]                             ; octaver:octaver_R|RAM_Octaver:RAM_inst|altsyncram:altsyncram_component|altsyncram_1pp3:auto_generated|ram_block1a12~porta_address_reg0   ; CLOCK_50     ; CLOCK_50    ; 0.000        ; 0.245      ; 0.628      ;
; 0.280 ; chorus:chorus_inst_L|lfo_counter[1]                     ; chorus:chorus_inst_L|lfo_counter[1]                                                                                                      ; CLOCK_50     ; CLOCK_50    ; 0.000        ; 0.050      ; 0.414      ;
; 0.280 ; octaver:octaver_L|addr_a[2]                             ; octaver:octaver_R|RAM_Octaver:RAM_inst|altsyncram:altsyncram_component|altsyncram_1pp3:auto_generated|ram_block1a4~porta_address_reg0    ; CLOCK_50     ; CLOCK_50    ; 0.000        ; 0.245      ; 0.629      ;
; 0.280 ; chorus:chorus_inst_L|ram_write_adr[10]                  ; chorus:chorus_inst_R|RAM_chorus:RAM_INST|altsyncram:altsyncram_component|altsyncram_n5o3:auto_generated|ram_block1a4~porta_address_reg0  ; CLOCK_50     ; CLOCK_50    ; 0.000        ; 0.224      ; 0.608      ;
; 0.281 ; chorus:chorus_inst_L|phase_acc[0]                       ; chorus:chorus_inst_L|phase_acc[1]                                                                                                        ; CLOCK_50     ; CLOCK_50    ; 0.000        ; 0.067      ; 0.432      ;
; 0.281 ; auto_wah:u_auto_wah_L|svf_bp[1]                         ; auto_wah:u_auto_wah_L|svf_bp[1]                                                                                                          ; CLOCK_50     ; CLOCK_50    ; 0.000        ; 0.049      ; 0.414      ;
; 0.281 ; chorus:chorus_inst_L|ram_write_adr[2]                   ; chorus:chorus_inst_R|RAM_chorus:RAM_INST|altsyncram:altsyncram_component|altsyncram_n5o3:auto_generated|ram_block1a4~porta_address_reg0  ; CLOCK_50     ; CLOCK_50    ; 0.000        ; 0.225      ; 0.610      ;
; 0.284 ; chorus:chorus_inst_L|lfo_counter[17]                    ; chorus:chorus_inst_L|lfo_counter[17]                                                                                                     ; CLOCK_50     ; CLOCK_50    ; 0.000        ; 0.051      ; 0.419      ;
; 0.284 ; auto_wah:u_auto_wah_R|env_acc[31]                       ; auto_wah:u_auto_wah_R|envelope[15]                                                                                                       ; CLOCK_50     ; CLOCK_50    ; 0.000        ; 0.040      ; 0.408      ;
; 0.285 ; chorus:chorus_inst_L|lfo_counter[18]                    ; chorus:chorus_inst_L|lfo_counter[18]                                                                                                     ; CLOCK_50     ; CLOCK_50    ; 0.000        ; 0.051      ; 0.420      ;
; 0.285 ; chorus:chorus_inst_L|lfo_counter[16]                    ; chorus:chorus_inst_L|lfo_counter[16]                                                                                                     ; CLOCK_50     ; CLOCK_50    ; 0.000        ; 0.051      ; 0.420      ;
; 0.285 ; auto_wah:u_auto_wah_R|svf_bp[0]                         ; auto_wah:u_auto_wah_R|svf_bp[0]                                                                                                          ; CLOCK_50     ; CLOCK_50    ; 0.000        ; 0.050      ; 0.419      ;
; 0.285 ; auto_wah:u_auto_wah_R|env_acc[27]                       ; auto_wah:u_auto_wah_R|envelope[11]                                                                                                       ; CLOCK_50     ; CLOCK_50    ; 0.000        ; 0.040      ; 0.409      ;
; 0.286 ; chorus:chorus_inst_L|ram_read_adr[1]                    ; chorus:chorus_inst_R|RAM_chorus:RAM_INST|altsyncram:altsyncram_component|altsyncram_n5o3:auto_generated|ram_block1a3~portb_address_reg0  ; CLOCK_50     ; CLOCK_50    ; 0.000        ; 0.181      ; 0.571      ;
; 0.286 ; chorus:chorus_inst_L|lfo_counter[13]                    ; chorus:chorus_inst_L|lfo_counter[13]                                                                                                     ; CLOCK_50     ; CLOCK_50    ; 0.000        ; 0.051      ; 0.421      ;
; 0.286 ; octaver:octaver_L|addr_a[4]                             ; octaver:octaver_R|RAM_Octaver:RAM_inst|altsyncram:altsyncram_component|altsyncram_1pp3:auto_generated|ram_block1a4~porta_address_reg0    ; CLOCK_50     ; CLOCK_50    ; 0.000        ; 0.245      ; 0.635      ;
; 0.287 ; chorus:chorus_inst_L|lfo_counter[10]                    ; chorus:chorus_inst_L|lfo_counter[10]                                                                                                     ; CLOCK_50     ; CLOCK_50    ; 0.000        ; 0.051      ; 0.422      ;
; 0.287 ; chorus:chorus_inst_L|lfo_counter[11]                    ; chorus:chorus_inst_L|lfo_counter[11]                                                                                                     ; CLOCK_50     ; CLOCK_50    ; 0.000        ; 0.051      ; 0.422      ;
; 0.287 ; config_CODEC:u_CODEC_config|counter[2]                  ; config_CODEC:u_CODEC_config|counter[2]                                                                                                   ; CLOCK_50     ; CLOCK_50    ; 0.000        ; 0.042      ; 0.413      ;
; 0.287 ; chorus:chorus_inst_L|ram_write_adr[6]                   ; chorus:chorus_inst_R|RAM_chorus:RAM_INST|altsyncram:altsyncram_component|altsyncram_n5o3:auto_generated|ram_block1a4~porta_address_reg0  ; CLOCK_50     ; CLOCK_50    ; 0.000        ; 0.228      ; 0.619      ;
; 0.288 ; config_CODEC:u_CODEC_config|counter[6]                  ; config_CODEC:u_CODEC_config|counter[6]                                                                                                   ; CLOCK_50     ; CLOCK_50    ; 0.000        ; 0.042      ; 0.414      ;
; 0.288 ; config_CODEC:u_CODEC_config|counter[4]                  ; config_CODEC:u_CODEC_config|counter[4]                                                                                                   ; CLOCK_50     ; CLOCK_50    ; 0.000        ; 0.042      ; 0.414      ;
; 0.288 ; config_CODEC:u_CODEC_config|counter[3]                  ; config_CODEC:u_CODEC_config|counter[3]                                                                                                   ; CLOCK_50     ; CLOCK_50    ; 0.000        ; 0.042      ; 0.414      ;
; 0.289 ; chorus:chorus_inst_L|lfo_counter[12]                    ; chorus:chorus_inst_L|lfo_counter[12]                                                                                                     ; CLOCK_50     ; CLOCK_50    ; 0.000        ; 0.051      ; 0.424      ;
; 0.289 ; chorus:chorus_inst_L|lfo_counter[15]                    ; chorus:chorus_inst_L|lfo_counter[15]                                                                                                     ; CLOCK_50     ; CLOCK_50    ; 0.000        ; 0.051      ; 0.424      ;
; 0.289 ; digital_distortion:digital_distortion_L|bitRegister1[3] ; digital_distortion:digital_distortion_L|increase_counter                                                                                 ; CLOCK_50     ; CLOCK_50    ; 0.000        ; 0.050      ; 0.423      ;
; 0.289 ; config_CODEC:u_CODEC_config|counter[7]                  ; config_CODEC:u_CODEC_config|counter[7]                                                                                                   ; CLOCK_50     ; CLOCK_50    ; 0.000        ; 0.042      ; 0.415      ;
; 0.289 ; config_CODEC:u_CODEC_config|counter[5]                  ; config_CODEC:u_CODEC_config|counter[5]                                                                                                   ; CLOCK_50     ; CLOCK_50    ; 0.000        ; 0.042      ; 0.415      ;
; 0.289 ; octaver:octaver_L|rd_ptr1[10]                           ; octaver:octaver_L|addr_a[10]                                                                                                             ; CLOCK_50     ; CLOCK_50    ; 0.000        ; 0.038      ; 0.411      ;
; 0.290 ; chorus:chorus_inst_L|lfo_counter[7]                     ; chorus:chorus_inst_L|lfo_counter[7]                                                                                                      ; CLOCK_50     ; CLOCK_50    ; 0.000        ; 0.050      ; 0.424      ;
; 0.290 ; chorus:chorus_inst_L|lfo_counter[14]                    ; chorus:chorus_inst_L|lfo_counter[14]                                                                                                     ; CLOCK_50     ; CLOCK_50    ; 0.000        ; 0.051      ; 0.425      ;
; 0.290 ; chorus:chorus_inst_L|phase_acc[6]                       ; chorus:chorus_inst_L|phase_acc[6]                                                                                                        ; CLOCK_50     ; CLOCK_50    ; 0.000        ; 0.051      ; 0.425      ;
; 0.290 ; chorus:chorus_inst_L|phase_acc[4]                       ; chorus:chorus_inst_L|phase_acc[4]                                                                                                        ; CLOCK_50     ; CLOCK_50    ; 0.000        ; 0.051      ; 0.425      ;
; 0.290 ; octaver:octaver_L|rd_ptr1[7]                            ; octaver:octaver_L|addr_a[7]                                                                                                              ; CLOCK_50     ; CLOCK_50    ; 0.000        ; 0.038      ; 0.412      ;
; 0.291 ; chorus:chorus_inst_L|phase_acc[2]                       ; chorus:chorus_inst_L|phase_acc[2]                                                                                                        ; CLOCK_50     ; CLOCK_50    ; 0.000        ; 0.051      ; 0.426      ;
; 0.291 ; auto_wah:u_auto_wah_R|svf_lp[23]                        ; auto_wah:u_auto_wah_R|svf_lp[23]                                                                                                         ; CLOCK_50     ; CLOCK_50    ; 0.000        ; 0.050      ; 0.425      ;
; 0.291 ; auto_wah:u_auto_wah_R|svf_lp[24]                        ; auto_wah:u_auto_wah_R|svf_lp[24]                                                                                                         ; CLOCK_50     ; CLOCK_50    ; 0.000        ; 0.050      ; 0.425      ;
; 0.291 ; auto_wah:u_auto_wah_R|svf_lp[25]                        ; auto_wah:u_auto_wah_R|svf_lp[25]                                                                                                         ; CLOCK_50     ; CLOCK_50    ; 0.000        ; 0.050      ; 0.425      ;
; 0.291 ; auto_wah:u_auto_wah_L|svf_lp[23]                        ; auto_wah:u_auto_wah_L|svf_lp[23]                                                                                                         ; CLOCK_50     ; CLOCK_50    ; 0.000        ; 0.050      ; 0.425      ;
+-------+---------------------------------------------------------+------------------------------------------------------------------------------------------------------------------------------------------+--------------+-------------+--------------+------------+------------+


+----------------------------------------------------------------------------------------------------------------------------------------------------------------------------------------------------------------------------------------------------------------------------------------------------------------------------------------------------------------------------------------------------------------------+
; Fast 1200mV 0C Model Hold: 'PLL_inst|altpll_component|auto_generated|pll1|clk[0]'                                                                                                                                                                                                                                                                                                                                    ;
+-------+---------------------------------------------------------------------------------------------------------------------+---------------------------------------------------------------------------------------------------------------------------------+------------------------------------------------------+------------------------------------------------------+--------------+------------+------------+
; Slack ; From Node                                                                                                           ; To Node                                                                                                                         ; Launch Clock                                         ; Latch Clock                                          ; Relationship ; Clock Skew ; Data Delay ;
+-------+---------------------------------------------------------------------------------------------------------------------+---------------------------------------------------------------------------------------------------------------------------------+------------------------------------------------------+------------------------------------------------------+--------------+------------+------------+
; 0.116 ; delay:delay_inst_L|ram_write_adr[0]                                                                                 ; delay:delay_inst_R|RAM:RAM_inst|altsyncram:altsyncram_component|altsyncram_79o3:auto_generated|ram_block1a43~porta_address_reg0 ; PLL_inst|altpll_component|auto_generated|pll1|clk[0] ; PLL_inst|altpll_component|auto_generated|pll1|clk[0] ; 0.000        ; 0.223      ; 0.443      ;
; 0.146 ; delay:delay_inst_L|ram_data[4]                                                                                      ; delay:delay_inst_L|RAM:RAM_inst|altsyncram:altsyncram_component|altsyncram_79o3:auto_generated|ram_block1a4~porta_datain_reg0   ; PLL_inst|altpll_component|auto_generated|pll1|clk[0] ; PLL_inst|altpll_component|auto_generated|pll1|clk[0] ; 0.000        ; 0.234      ; 0.484      ;
; 0.147 ; delay:delay_inst_L|ram_data[12]                                                                                     ; delay:delay_inst_L|RAM:RAM_inst|altsyncram:altsyncram_component|altsyncram_79o3:auto_generated|ram_block1a44~porta_datain_reg0  ; PLL_inst|altpll_component|auto_generated|pll1|clk[0] ; PLL_inst|altpll_component|auto_generated|pll1|clk[0] ; 0.000        ; 0.225      ; 0.476      ;
; 0.152 ; delay:delay_inst_L|ram_data[11]                                                                                     ; delay:delay_inst_L|RAM:RAM_inst|altsyncram:altsyncram_component|altsyncram_79o3:auto_generated|ram_block1a27~porta_datain_reg0  ; PLL_inst|altpll_component|auto_generated|pll1|clk[0] ; PLL_inst|altpll_component|auto_generated|pll1|clk[0] ; 0.000        ; 0.225      ; 0.481      ;
; 0.152 ; delay:delay_inst_R|ram_data[9]                                                                                      ; delay:delay_inst_R|RAM:RAM_inst|altsyncram:altsyncram_component|altsyncram_79o3:auto_generated|ram_block1a57~porta_datain_reg0  ; PLL_inst|altpll_component|auto_generated|pll1|clk[0] ; PLL_inst|altpll_component|auto_generated|pll1|clk[0] ; 0.000        ; 0.231      ; 0.487      ;
; 0.157 ; delay:delay_inst_L|ram_write_adr[1]                                                                                 ; delay:delay_inst_R|RAM:RAM_inst|altsyncram:altsyncram_component|altsyncram_79o3:auto_generated|ram_block1a21~porta_address_reg0 ; PLL_inst|altpll_component|auto_generated|pll1|clk[0] ; PLL_inst|altpll_component|auto_generated|pll1|clk[0] ; 0.000        ; 0.230      ; 0.491      ;
; 0.158 ; delay:delay_inst_L|ram_data[15]                                                                                     ; delay:delay_inst_L|RAM:RAM_inst|altsyncram:altsyncram_component|altsyncram_79o3:auto_generated|ram_block1a47~porta_datain_reg0  ; PLL_inst|altpll_component|auto_generated|pll1|clk[0] ; PLL_inst|altpll_component|auto_generated|pll1|clk[0] ; 0.000        ; 0.228      ; 0.490      ;
; 0.159 ; delay:delay_inst_L|ram_read_adr[6]                                                                                  ; delay:delay_inst_R|RAM:RAM_inst|altsyncram:altsyncram_component|altsyncram_79o3:auto_generated|ram_block1a59~portb_address_reg0 ; PLL_inst|altpll_component|auto_generated|pll1|clk[0] ; PLL_inst|altpll_component|auto_generated|pll1|clk[0] ; 0.000        ; 0.189      ; 0.452      ;
; 0.165 ; delay:delay_inst_L|ram_write_adr[4]                                                                                 ; delay:delay_inst_R|RAM:RAM_inst|altsyncram:altsyncram_component|altsyncram_79o3:auto_generated|ram_block1a21~porta_address_reg0 ; PLL_inst|altpll_component|auto_generated|pll1|clk[0] ; PLL_inst|altpll_component|auto_generated|pll1|clk[0] ; 0.000        ; 0.230      ; 0.499      ;
; 0.168 ; delay:delay_inst_L|ram_write_adr[2]                                                                                 ; delay:delay_inst_R|RAM:RAM_inst|altsyncram:altsyncram_component|altsyncram_79o3:auto_generated|ram_block1a21~porta_address_reg0 ; PLL_inst|altpll_component|auto_generated|pll1|clk[0] ; PLL_inst|altpll_component|auto_generated|pll1|clk[0] ; 0.000        ; 0.230      ; 0.502      ;
; 0.179 ; delay:delay_inst_L|ram_read_adr[5]                                                                                  ; delay:delay_inst_R|RAM:RAM_inst|altsyncram:altsyncram_component|altsyncram_79o3:auto_generated|ram_block1a21~portb_address_reg0 ; PLL_inst|altpll_component|auto_generated|pll1|clk[0] ; PLL_inst|altpll_component|auto_generated|pll1|clk[0] ; 0.000        ; 0.189      ; 0.472      ;
; 0.189 ; delay:delay_inst_L|produit_brut_s[26]                                                                               ; delay:delay_inst_L|amorti_s[10]                                                                                                 ; PLL_inst|altpll_component|auto_generated|pll1|clk[0] ; PLL_inst|altpll_component|auto_generated|pll1|clk[0] ; 0.000        ; 0.042      ; 0.315      ;
; 0.189 ; delay:delay_inst_R|produit_brut_s[30]                                                                               ; delay:delay_inst_R|amorti_s[14]                                                                                                 ; PLL_inst|altpll_component|auto_generated|pll1|clk[0] ; PLL_inst|altpll_component|auto_generated|pll1|clk[0] ; 0.000        ; 0.041      ; 0.314      ;
; 0.190 ; delay:delay_inst_L|produit_brut_s[25]                                                                               ; delay:delay_inst_L|amorti_s[9]                                                                                                  ; PLL_inst|altpll_component|auto_generated|pll1|clk[0] ; PLL_inst|altpll_component|auto_generated|pll1|clk[0] ; 0.000        ; 0.042      ; 0.316      ;
; 0.190 ; delay:delay_inst_R|produit_brut_s[18]                                                                               ; delay:delay_inst_R|amorti_s[2]                                                                                                  ; PLL_inst|altpll_component|auto_generated|pll1|clk[0] ; PLL_inst|altpll_component|auto_generated|pll1|clk[0] ; 0.000        ; 0.042      ; 0.316      ;
; 0.190 ; delay:delay_inst_R|produit_brut_s[25]                                                                               ; delay:delay_inst_R|amorti_s[9]                                                                                                  ; PLL_inst|altpll_component|auto_generated|pll1|clk[0] ; PLL_inst|altpll_component|auto_generated|pll1|clk[0] ; 0.000        ; 0.041      ; 0.315      ;
; 0.190 ; delay:delay_inst_L|RAM:RAM_inst|altsyncram:altsyncram_component|altsyncram_79o3:auto_generated|address_reg_b[0]     ; delay:delay_inst_L|RAM:RAM_inst|altsyncram:altsyncram_component|altsyncram_79o3:auto_generated|out_address_reg_b[0]             ; PLL_inst|altpll_component|auto_generated|pll1|clk[0] ; PLL_inst|altpll_component|auto_generated|pll1|clk[0] ; 0.000        ; 0.042      ; 0.316      ;
; 0.199 ; delay:delay_inst_L|ram_read_adr[9]                                                                                  ; delay:delay_inst_L|ram_write_adr[9]                                                                                             ; PLL_inst|altpll_component|auto_generated|pll1|clk[0] ; PLL_inst|altpll_component|auto_generated|pll1|clk[0] ; 0.000        ; 0.042      ; 0.325      ;
; 0.200 ; delay:delay_inst_L|ram_read_adr[1]                                                                                  ; delay:delay_inst_L|ram_write_adr[1]                                                                                             ; PLL_inst|altpll_component|auto_generated|pll1|clk[0] ; PLL_inst|altpll_component|auto_generated|pll1|clk[0] ; 0.000        ; 0.042      ; 0.326      ;
; 0.201 ; delay:delay_inst_L|ram_read_adr[8]                                                                                  ; delay:delay_inst_R|RAM:RAM_inst|altsyncram:altsyncram_component|altsyncram_79o3:auto_generated|ram_block1a59~portb_address_reg0 ; PLL_inst|altpll_component|auto_generated|pll1|clk[0] ; PLL_inst|altpll_component|auto_generated|pll1|clk[0] ; 0.000        ; 0.187      ; 0.492      ;
; 0.202 ; delay:delay_inst_L|RAM:RAM_inst|altsyncram:altsyncram_component|altsyncram_79o3:auto_generated|out_address_reg_b[1] ; delay:delay_inst_L|echantillon_retard[8]                                                                                        ; PLL_inst|altpll_component|auto_generated|pll1|clk[0] ; PLL_inst|altpll_component|auto_generated|pll1|clk[0] ; 0.000        ; 0.042      ; 0.328      ;
; 0.204 ; delay:delay_inst_L|ram_read_adr[13]                                                                                 ; delay:delay_inst_L|RAM:RAM_inst|altsyncram:altsyncram_component|altsyncram_79o3:auto_generated|address_reg_b[0]                 ; PLL_inst|altpll_component|auto_generated|pll1|clk[0] ; PLL_inst|altpll_component|auto_generated|pll1|clk[0] ; 0.000        ; 0.042      ; 0.330      ;
; 0.205 ; delay:delay_inst_L|ram_read_adr[13]                                                                                 ; delay:delay_inst_L|ram_write_adr[13]                                                                                            ; PLL_inst|altpll_component|auto_generated|pll1|clk[0] ; PLL_inst|altpll_component|auto_generated|pll1|clk[0] ; 0.000        ; 0.042      ; 0.331      ;
; 0.211 ; delay:delay_inst_L|ram_read_adr[5]                                                                                  ; delay:delay_inst_L|ram_write_adr[5]                                                                                             ; PLL_inst|altpll_component|auto_generated|pll1|clk[0] ; PLL_inst|altpll_component|auto_generated|pll1|clk[0] ; 0.000        ; 0.042      ; 0.337      ;
; 0.231 ; config_CODEC:u_CODEC_config|counter[9]                                                                              ; delay:delay_inst_L|clock_48kHz_sample[0]                                                                                        ; config_CODEC:u_CODEC_config|counter[9]               ; PLL_inst|altpll_component|auto_generated|pll1|clk[0] ; 0.000        ; 0.026      ; 0.546      ;
; 0.255 ; delay:delay_inst_R|produit_brut_s[29]                                                                               ; delay:delay_inst_R|amorti_s[13]                                                                                                 ; PLL_inst|altpll_component|auto_generated|pll1|clk[0] ; PLL_inst|altpll_component|auto_generated|pll1|clk[0] ; 0.000        ; 0.041      ; 0.380      ;
; 0.255 ; delay:delay_inst_R|produit_brut_s[24]                                                                               ; delay:delay_inst_R|amorti_s[8]                                                                                                  ; PLL_inst|altpll_component|auto_generated|pll1|clk[0] ; PLL_inst|altpll_component|auto_generated|pll1|clk[0] ; 0.000        ; 0.041      ; 0.380      ;
; 0.258 ; delay:delay_inst_L|ram_write_adr[0]                                                                                 ; delay:delay_inst_R|RAM:RAM_inst|altsyncram:altsyncram_component|altsyncram_79o3:auto_generated|ram_block1a14~porta_address_reg0 ; PLL_inst|altpll_component|auto_generated|pll1|clk[0] ; PLL_inst|altpll_component|auto_generated|pll1|clk[0] ; 0.000        ; 0.222      ; 0.584      ;
; 0.263 ; delay:delay_inst_L|produit_brut_s[24]                                                                               ; delay:delay_inst_L|amorti_s[8]                                                                                                  ; PLL_inst|altpll_component|auto_generated|pll1|clk[0] ; PLL_inst|altpll_component|auto_generated|pll1|clk[0] ; 0.000        ; 0.042      ; 0.389      ;
; 0.263 ; delay:delay_inst_L|produit_brut_s[22]                                                                               ; delay:delay_inst_L|amorti_s[6]                                                                                                  ; PLL_inst|altpll_component|auto_generated|pll1|clk[0] ; PLL_inst|altpll_component|auto_generated|pll1|clk[0] ; 0.000        ; 0.042      ; 0.389      ;
; 0.263 ; delay:delay_inst_L|RAM:RAM_inst|altsyncram:altsyncram_component|altsyncram_79o3:auto_generated|address_reg_b[1]     ; delay:delay_inst_L|RAM:RAM_inst|altsyncram:altsyncram_component|altsyncram_79o3:auto_generated|out_address_reg_b[1]             ; PLL_inst|altpll_component|auto_generated|pll1|clk[0] ; PLL_inst|altpll_component|auto_generated|pll1|clk[0] ; 0.000        ; 0.042      ; 0.389      ;
; 0.264 ; delay:delay_inst_L|ram_read_adr[9]                                                                                  ; delay:delay_inst_L|RAM:RAM_inst|altsyncram:altsyncram_component|altsyncram_79o3:auto_generated|ram_block1a47~portb_address_reg0 ; PLL_inst|altpll_component|auto_generated|pll1|clk[0] ; PLL_inst|altpll_component|auto_generated|pll1|clk[0] ; 0.000        ; 0.191      ; 0.559      ;
; 0.267 ; delay:delay_inst_L|ram_write_adr[0]                                                                                 ; delay:delay_inst_R|RAM:RAM_inst|altsyncram:altsyncram_component|altsyncram_79o3:auto_generated|ram_block1a57~porta_address_reg0 ; PLL_inst|altpll_component|auto_generated|pll1|clk[0] ; PLL_inst|altpll_component|auto_generated|pll1|clk[0] ; 0.000        ; 0.224      ; 0.595      ;
; 0.271 ; delay:delay_inst_R|amorti_s[3]                                                                                      ; delay:delay_inst_R|sortie_calc_s[3]                                                                                             ; PLL_inst|altpll_component|auto_generated|pll1|clk[0] ; PLL_inst|altpll_component|auto_generated|pll1|clk[0] ; 0.000        ; 0.244      ; 0.599      ;
; 0.272 ; delay:delay_inst_L|ram_read_adr[6]                                                                                  ; delay:delay_inst_L|ram_write_adr[6]                                                                                             ; PLL_inst|altpll_component|auto_generated|pll1|clk[0] ; PLL_inst|altpll_component|auto_generated|pll1|clk[0] ; 0.000        ; 0.042      ; 0.398      ;
; 0.273 ; delay:delay_inst_L|ram_read_adr[0]                                                                                  ; delay:delay_inst_L|ram_write_adr[0]                                                                                             ; PLL_inst|altpll_component|auto_generated|pll1|clk[0] ; PLL_inst|altpll_component|auto_generated|pll1|clk[0] ; 0.000        ; 0.042      ; 0.399      ;
; 0.277 ; delay:delay_inst_L|ram_write_adr[12]                                                                                ; delay:delay_inst_R|RAM:RAM_inst|altsyncram:altsyncram_component|altsyncram_79o3:auto_generated|ram_block1a57~porta_address_reg0 ; PLL_inst|altpll_component|auto_generated|pll1|clk[0] ; PLL_inst|altpll_component|auto_generated|pll1|clk[0] ; 0.000        ; 0.229      ; 0.610      ;
; 0.279 ; delay:delay_inst_L|ram_read_adr[14]                                                                                 ; delay:delay_inst_L|RAM:RAM_inst|altsyncram:altsyncram_component|altsyncram_79o3:auto_generated|address_reg_b[1]                 ; PLL_inst|altpll_component|auto_generated|pll1|clk[0] ; PLL_inst|altpll_component|auto_generated|pll1|clk[0] ; 0.000        ; 0.042      ; 0.405      ;
; 0.280 ; delay:delay_inst_L|ram_read_adr[14]                                                                                 ; delay:delay_inst_L|ram_write_adr[14]                                                                                            ; PLL_inst|altpll_component|auto_generated|pll1|clk[0] ; PLL_inst|altpll_component|auto_generated|pll1|clk[0] ; 0.000        ; 0.042      ; 0.406      ;
; 0.282 ; delay:delay_inst_L|ram_write_adr[0]                                                                                 ; delay:delay_inst_R|RAM:RAM_inst|altsyncram:altsyncram_component|altsyncram_79o3:auto_generated|ram_block1a21~porta_address_reg0 ; PLL_inst|altpll_component|auto_generated|pll1|clk[0] ; PLL_inst|altpll_component|auto_generated|pll1|clk[0] ; 0.000        ; 0.225      ; 0.611      ;
; 0.283 ; delay:delay_inst_L|ram_write_adr[0]                                                                                 ; delay:delay_inst_L|RAM:RAM_inst|altsyncram:altsyncram_component|altsyncram_79o3:auto_generated|ram_block1a6~porta_address_reg0  ; PLL_inst|altpll_component|auto_generated|pll1|clk[0] ; PLL_inst|altpll_component|auto_generated|pll1|clk[0] ; 0.000        ; 0.221      ; 0.608      ;
; 0.288 ; delay:delay_inst_L|ram_write_adr[1]                                                                                 ; delay:delay_inst_R|RAM:RAM_inst|altsyncram:altsyncram_component|altsyncram_79o3:auto_generated|ram_block1a57~porta_address_reg0 ; PLL_inst|altpll_component|auto_generated|pll1|clk[0] ; PLL_inst|altpll_component|auto_generated|pll1|clk[0] ; 0.000        ; 0.229      ; 0.621      ;
; 0.290 ; delay:delay_inst_L|counter[15]                                                                                      ; delay:delay_inst_L|counter[15]                                                                                                  ; PLL_inst|altpll_component|auto_generated|pll1|clk[0] ; PLL_inst|altpll_component|auto_generated|pll1|clk[0] ; 0.000        ; 0.050      ; 0.424      ;
; 0.291 ; delay:delay_inst_R|ram_data[5]                                                                                      ; delay:delay_inst_R|RAM:RAM_inst|altsyncram:altsyncram_component|altsyncram_79o3:auto_generated|ram_block1a21~porta_datain_reg0  ; PLL_inst|altpll_component|auto_generated|pll1|clk[0] ; PLL_inst|altpll_component|auto_generated|pll1|clk[0] ; 0.000        ; 0.232      ; 0.627      ;
; 0.291 ; delay:delay_inst_L|counter[13]                                                                                      ; delay:delay_inst_L|counter[13]                                                                                                  ; PLL_inst|altpll_component|auto_generated|pll1|clk[0] ; PLL_inst|altpll_component|auto_generated|pll1|clk[0] ; 0.000        ; 0.050      ; 0.425      ;
; 0.291 ; delay:delay_inst_L|counter[1]                                                                                       ; delay:delay_inst_L|counter[1]                                                                                                   ; PLL_inst|altpll_component|auto_generated|pll1|clk[0] ; PLL_inst|altpll_component|auto_generated|pll1|clk[0] ; 0.000        ; 0.050      ; 0.425      ;
; 0.291 ; delay:delay_inst_L|counter[3]                                                                                       ; delay:delay_inst_L|counter[3]                                                                                                   ; PLL_inst|altpll_component|auto_generated|pll1|clk[0] ; PLL_inst|altpll_component|auto_generated|pll1|clk[0] ; 0.000        ; 0.050      ; 0.425      ;
; 0.291 ; delay:delay_inst_L|counter[5]                                                                                       ; delay:delay_inst_L|counter[5]                                                                                                   ; PLL_inst|altpll_component|auto_generated|pll1|clk[0] ; PLL_inst|altpll_component|auto_generated|pll1|clk[0] ; 0.000        ; 0.050      ; 0.425      ;
; 0.291 ; delay:delay_inst_L|counter[11]                                                                                      ; delay:delay_inst_L|counter[11]                                                                                                  ; PLL_inst|altpll_component|auto_generated|pll1|clk[0] ; PLL_inst|altpll_component|auto_generated|pll1|clk[0] ; 0.000        ; 0.050      ; 0.425      ;
; 0.292 ; delay:delay_inst_L|ram_data[5]                                                                                      ; delay:delay_inst_L|RAM:RAM_inst|altsyncram:altsyncram_component|altsyncram_79o3:auto_generated|ram_block1a5~porta_datain_reg0   ; PLL_inst|altpll_component|auto_generated|pll1|clk[0] ; PLL_inst|altpll_component|auto_generated|pll1|clk[0] ; 0.000        ; 0.223      ; 0.619      ;
; 0.292 ; delay:delay_inst_L|counter[7]                                                                                       ; delay:delay_inst_L|counter[7]                                                                                                   ; PLL_inst|altpll_component|auto_generated|pll1|clk[0] ; PLL_inst|altpll_component|auto_generated|pll1|clk[0] ; 0.000        ; 0.050      ; 0.426      ;
; 0.293 ; delay:delay_inst_L|counter[14]                                                                                      ; delay:delay_inst_L|counter[14]                                                                                                  ; PLL_inst|altpll_component|auto_generated|pll1|clk[0] ; PLL_inst|altpll_component|auto_generated|pll1|clk[0] ; 0.000        ; 0.050      ; 0.427      ;
; 0.293 ; delay:delay_inst_L|counter[2]                                                                                       ; delay:delay_inst_L|counter[2]                                                                                                   ; PLL_inst|altpll_component|auto_generated|pll1|clk[0] ; PLL_inst|altpll_component|auto_generated|pll1|clk[0] ; 0.000        ; 0.050      ; 0.427      ;
; 0.293 ; delay:delay_inst_L|counter[4]                                                                                       ; delay:delay_inst_L|counter[4]                                                                                                   ; PLL_inst|altpll_component|auto_generated|pll1|clk[0] ; PLL_inst|altpll_component|auto_generated|pll1|clk[0] ; 0.000        ; 0.050      ; 0.427      ;
; 0.293 ; delay:delay_inst_L|counter[8]                                                                                       ; delay:delay_inst_L|counter[8]                                                                                                   ; PLL_inst|altpll_component|auto_generated|pll1|clk[0] ; PLL_inst|altpll_component|auto_generated|pll1|clk[0] ; 0.000        ; 0.050      ; 0.427      ;
; 0.294 ; delay:delay_inst_L|ram_write_adr[6]                                                                                 ; delay:delay_inst_L|RAM:RAM_inst|altsyncram:altsyncram_component|altsyncram_79o3:auto_generated|ram_block1a30~porta_address_reg0 ; PLL_inst|altpll_component|auto_generated|pll1|clk[0] ; PLL_inst|altpll_component|auto_generated|pll1|clk[0] ; 0.000        ; 0.254      ; 0.652      ;
; 0.294 ; delay:delay_inst_L|counter[12]                                                                                      ; delay:delay_inst_L|counter[12]                                                                                                  ; PLL_inst|altpll_component|auto_generated|pll1|clk[0] ; PLL_inst|altpll_component|auto_generated|pll1|clk[0] ; 0.000        ; 0.050      ; 0.428      ;
; 0.294 ; delay:delay_inst_L|counter[10]                                                                                      ; delay:delay_inst_L|counter[10]                                                                                                  ; PLL_inst|altpll_component|auto_generated|pll1|clk[0] ; PLL_inst|altpll_component|auto_generated|pll1|clk[0] ; 0.000        ; 0.050      ; 0.428      ;
; 0.295 ; delay:delay_inst_L|ram_write_adr[0]                                                                                 ; delay:delay_inst_R|RAM:RAM_inst|altsyncram:altsyncram_component|altsyncram_79o3:auto_generated|ram_block1a59~porta_address_reg0 ; PLL_inst|altpll_component|auto_generated|pll1|clk[0] ; PLL_inst|altpll_component|auto_generated|pll1|clk[0] ; 0.000        ; 0.225      ; 0.624      ;
; 0.296 ; delay:delay_inst_L|ram_write_adr[5]                                                                                 ; delay:delay_inst_L|RAM:RAM_inst|altsyncram:altsyncram_component|altsyncram_79o3:auto_generated|ram_block1a30~porta_address_reg0 ; PLL_inst|altpll_component|auto_generated|pll1|clk[0] ; PLL_inst|altpll_component|auto_generated|pll1|clk[0] ; 0.000        ; 0.254      ; 0.654      ;
; 0.298 ; delay:delay_inst_L|ram_data[7]                                                                                      ; delay:delay_inst_L|RAM:RAM_inst|altsyncram:altsyncram_component|altsyncram_79o3:auto_generated|ram_block1a7~porta_datain_reg0   ; PLL_inst|altpll_component|auto_generated|pll1|clk[0] ; PLL_inst|altpll_component|auto_generated|pll1|clk[0] ; 0.000        ; 0.204      ; 0.606      ;
; 0.298 ; delay:delay_inst_L|ram_write_adr[5]                                                                                 ; delay:delay_inst_R|RAM:RAM_inst|altsyncram:altsyncram_component|altsyncram_79o3:auto_generated|ram_block1a59~porta_address_reg0 ; PLL_inst|altpll_component|auto_generated|pll1|clk[0] ; PLL_inst|altpll_component|auto_generated|pll1|clk[0] ; 0.000        ; 0.230      ; 0.632      ;
; 0.300 ; delay:delay_inst_L|ram_write_adr[2]                                                                                 ; delay:delay_inst_L|RAM:RAM_inst|altsyncram:altsyncram_component|altsyncram_79o3:auto_generated|ram_block1a30~porta_address_reg0 ; PLL_inst|altpll_component|auto_generated|pll1|clk[0] ; PLL_inst|altpll_component|auto_generated|pll1|clk[0] ; 0.000        ; 0.254      ; 0.658      ;
; 0.302 ; delay:delay_inst_L|ram_data[12]                                                                                     ; delay:delay_inst_L|RAM:RAM_inst|altsyncram:altsyncram_component|altsyncram_79o3:auto_generated|ram_block1a12~porta_datain_reg0  ; PLL_inst|altpll_component|auto_generated|pll1|clk[0] ; PLL_inst|altpll_component|auto_generated|pll1|clk[0] ; 0.000        ; 0.226      ; 0.632      ;
; 0.303 ; delay:delay_inst_L|counter[0]                                                                                       ; delay:delay_inst_L|counter[0]                                                                                                   ; PLL_inst|altpll_component|auto_generated|pll1|clk[0] ; PLL_inst|altpll_component|auto_generated|pll1|clk[0] ; 0.000        ; 0.050      ; 0.437      ;
; 0.303 ; delay:delay_inst_L|counter[6]                                                                                       ; delay:delay_inst_L|counter[6]                                                                                                   ; PLL_inst|altpll_component|auto_generated|pll1|clk[0] ; PLL_inst|altpll_component|auto_generated|pll1|clk[0] ; 0.000        ; 0.050      ; 0.437      ;
; 0.304 ; delay:delay_inst_L|counter[9]                                                                                       ; delay:delay_inst_L|counter[9]                                                                                                   ; PLL_inst|altpll_component|auto_generated|pll1|clk[0] ; PLL_inst|altpll_component|auto_generated|pll1|clk[0] ; 0.000        ; 0.050      ; 0.438      ;
; 0.305 ; delay:delay_inst_R|ram_data[11]                                                                                     ; delay:delay_inst_R|RAM:RAM_inst|altsyncram:altsyncram_component|altsyncram_79o3:auto_generated|ram_block1a59~porta_datain_reg0  ; PLL_inst|altpll_component|auto_generated|pll1|clk[0] ; PLL_inst|altpll_component|auto_generated|pll1|clk[0] ; 0.000        ; 0.227      ; 0.636      ;
; 0.307 ; delay:delay_inst_L|ram_write_adr[7]                                                                                 ; delay:delay_inst_L|RAM:RAM_inst|altsyncram:altsyncram_component|altsyncram_79o3:auto_generated|ram_block1a30~porta_address_reg0 ; PLL_inst|altpll_component|auto_generated|pll1|clk[0] ; PLL_inst|altpll_component|auto_generated|pll1|clk[0] ; 0.000        ; 0.254      ; 0.665      ;
; 0.308 ; delay:delay_inst_L|ram_write_adr[7]                                                                                 ; delay:delay_inst_L|RAM:RAM_inst|altsyncram:altsyncram_component|altsyncram_79o3:auto_generated|ram_block1a56~porta_address_reg0 ; PLL_inst|altpll_component|auto_generated|pll1|clk[0] ; PLL_inst|altpll_component|auto_generated|pll1|clk[0] ; 0.000        ; 0.254      ; 0.666      ;
; 0.308 ; delay:delay_inst_L|ram_write_adr[0]                                                                                 ; delay:delay_inst_L|RAM:RAM_inst|altsyncram:altsyncram_component|altsyncram_79o3:auto_generated|ram_block1a10~porta_address_reg0 ; PLL_inst|altpll_component|auto_generated|pll1|clk[0] ; PLL_inst|altpll_component|auto_generated|pll1|clk[0] ; 0.000        ; 0.219      ; 0.631      ;
; 0.308 ; delay:delay_inst_L|ram_write_adr[6]                                                                                 ; delay:delay_inst_R|RAM:RAM_inst|altsyncram:altsyncram_component|altsyncram_79o3:auto_generated|ram_block1a14~porta_address_reg0 ; PLL_inst|altpll_component|auto_generated|pll1|clk[0] ; PLL_inst|altpll_component|auto_generated|pll1|clk[0] ; 0.000        ; 0.227      ; 0.639      ;
; 0.309 ; delay:delay_inst_L|ram_write_adr[5]                                                                                 ; delay:delay_inst_R|RAM:RAM_inst|altsyncram:altsyncram_component|altsyncram_79o3:auto_generated|ram_block1a57~porta_address_reg0 ; PLL_inst|altpll_component|auto_generated|pll1|clk[0] ; PLL_inst|altpll_component|auto_generated|pll1|clk[0] ; 0.000        ; 0.229      ; 0.642      ;
; 0.313 ; delay:delay_inst_L|ram_write_adr[6]                                                                                 ; delay:delay_inst_R|RAM:RAM_inst|altsyncram:altsyncram_component|altsyncram_79o3:auto_generated|ram_block1a43~porta_address_reg0 ; PLL_inst|altpll_component|auto_generated|pll1|clk[0] ; PLL_inst|altpll_component|auto_generated|pll1|clk[0] ; 0.000        ; 0.228      ; 0.645      ;
; 0.315 ; delay:delay_inst_L|ram_write_adr[5]                                                                                 ; delay:delay_inst_R|RAM:RAM_inst|altsyncram:altsyncram_component|altsyncram_79o3:auto_generated|ram_block1a21~porta_address_reg0 ; PLL_inst|altpll_component|auto_generated|pll1|clk[0] ; PLL_inst|altpll_component|auto_generated|pll1|clk[0] ; 0.000        ; 0.230      ; 0.649      ;
; 0.316 ; delay:delay_inst_L|ram_write_adr[1]                                                                                 ; delay:delay_inst_L|RAM:RAM_inst|altsyncram:altsyncram_component|altsyncram_79o3:auto_generated|ram_block1a30~porta_address_reg0 ; PLL_inst|altpll_component|auto_generated|pll1|clk[0] ; PLL_inst|altpll_component|auto_generated|pll1|clk[0] ; 0.000        ; 0.254      ; 0.674      ;
; 0.318 ; delay:delay_inst_L|ram_write_adr[2]                                                                                 ; delay:delay_inst_L|RAM:RAM_inst|altsyncram:altsyncram_component|altsyncram_79o3:auto_generated|ram_block1a56~porta_address_reg0 ; PLL_inst|altpll_component|auto_generated|pll1|clk[0] ; PLL_inst|altpll_component|auto_generated|pll1|clk[0] ; 0.000        ; 0.254      ; 0.676      ;
; 0.320 ; delay:delay_inst_L|ram_data[4]                                                                                      ; delay:delay_inst_L|RAM:RAM_inst|altsyncram:altsyncram_component|altsyncram_79o3:auto_generated|ram_block1a52~porta_datain_reg0  ; PLL_inst|altpll_component|auto_generated|pll1|clk[0] ; PLL_inst|altpll_component|auto_generated|pll1|clk[0] ; 0.000        ; 0.220      ; 0.644      ;
; 0.321 ; delay:delay_inst_L|amorti_s[15]                                                                                     ; delay:delay_inst_L|sortie_calc_s[15]                                                                                            ; PLL_inst|altpll_component|auto_generated|pll1|clk[0] ; PLL_inst|altpll_component|auto_generated|pll1|clk[0] ; 0.000        ; 0.241      ; 0.646      ;
; 0.321 ; delay:delay_inst_R|ram_data[11]                                                                                     ; delay:delay_inst_R|RAM:RAM_inst|altsyncram:altsyncram_component|altsyncram_79o3:auto_generated|ram_block1a43~porta_datain_reg0  ; PLL_inst|altpll_component|auto_generated|pll1|clk[0] ; PLL_inst|altpll_component|auto_generated|pll1|clk[0] ; 0.000        ; 0.225      ; 0.650      ;
; 0.321 ; delay:delay_inst_L|ram_read_adr[0]                                                                                  ; delay:delay_inst_R|RAM:RAM_inst|altsyncram:altsyncram_component|altsyncram_79o3:auto_generated|ram_block1a59~portb_address_reg0 ; PLL_inst|altpll_component|auto_generated|pll1|clk[0] ; PLL_inst|altpll_component|auto_generated|pll1|clk[0] ; 0.000        ; 0.184      ; 0.609      ;
; 0.322 ; delay:delay_inst_L|ram_write_adr[6]                                                                                 ; delay:delay_inst_L|RAM:RAM_inst|altsyncram:altsyncram_component|altsyncram_79o3:auto_generated|ram_block1a6~porta_address_reg0  ; PLL_inst|altpll_component|auto_generated|pll1|clk[0] ; PLL_inst|altpll_component|auto_generated|pll1|clk[0] ; 0.000        ; 0.226      ; 0.652      ;
; 0.322 ; delay:delay_inst_L|ram_write_adr[1]                                                                                 ; delay:delay_inst_R|RAM:RAM_inst|altsyncram:altsyncram_component|altsyncram_79o3:auto_generated|ram_block1a43~porta_address_reg0 ; PLL_inst|altpll_component|auto_generated|pll1|clk[0] ; PLL_inst|altpll_component|auto_generated|pll1|clk[0] ; 0.000        ; 0.228      ; 0.654      ;
; 0.323 ; delay:delay_inst_L|ram_write_adr[4]                                                                                 ; delay:delay_inst_R|RAM:RAM_inst|altsyncram:altsyncram_component|altsyncram_79o3:auto_generated|ram_block1a43~porta_address_reg0 ; PLL_inst|altpll_component|auto_generated|pll1|clk[0] ; PLL_inst|altpll_component|auto_generated|pll1|clk[0] ; 0.000        ; 0.228      ; 0.655      ;
; 0.324 ; delay:delay_inst_L|ram_write_adr[4]                                                                                 ; delay:delay_inst_R|RAM:RAM_inst|altsyncram:altsyncram_component|altsyncram_79o3:auto_generated|ram_block1a57~porta_address_reg0 ; PLL_inst|altpll_component|auto_generated|pll1|clk[0] ; PLL_inst|altpll_component|auto_generated|pll1|clk[0] ; 0.000        ; 0.229      ; 0.657      ;
; 0.325 ; delay:delay_inst_L|ram_read_adr[8]                                                                                  ; delay:delay_inst_L|RAM:RAM_inst|altsyncram:altsyncram_component|altsyncram_79o3:auto_generated|ram_block1a30~portb_address_reg0 ; PLL_inst|altpll_component|auto_generated|pll1|clk[0] ; PLL_inst|altpll_component|auto_generated|pll1|clk[0] ; 0.000        ; 0.211      ; 0.640      ;
; 0.326 ; delay:delay_inst_L|ram_write_adr[4]                                                                                 ; delay:delay_inst_L|RAM:RAM_inst|altsyncram:altsyncram_component|altsyncram_79o3:auto_generated|ram_block1a30~porta_address_reg0 ; PLL_inst|altpll_component|auto_generated|pll1|clk[0] ; PLL_inst|altpll_component|auto_generated|pll1|clk[0] ; 0.000        ; 0.254      ; 0.684      ;
; 0.326 ; delay:delay_inst_L|ram_read_adr[6]                                                                                  ; delay:delay_inst_R|RAM:RAM_inst|altsyncram:altsyncram_component|altsyncram_79o3:auto_generated|ram_block1a43~portb_address_reg0 ; PLL_inst|altpll_component|auto_generated|pll1|clk[0] ; PLL_inst|altpll_component|auto_generated|pll1|clk[0] ; 0.000        ; 0.187      ; 0.617      ;
; 0.327 ; delay:delay_inst_L|ram_write_adr[4]                                                                                 ; delay:delay_inst_L|RAM:RAM_inst|altsyncram:altsyncram_component|altsyncram_79o3:auto_generated|ram_block1a56~porta_address_reg0 ; PLL_inst|altpll_component|auto_generated|pll1|clk[0] ; PLL_inst|altpll_component|auto_generated|pll1|clk[0] ; 0.000        ; 0.254      ; 0.685      ;
; 0.327 ; delay:delay_inst_L|ram_write_adr[1]                                                                                 ; delay:delay_inst_R|RAM:RAM_inst|altsyncram:altsyncram_component|altsyncram_79o3:auto_generated|ram_block1a59~porta_address_reg0 ; PLL_inst|altpll_component|auto_generated|pll1|clk[0] ; PLL_inst|altpll_component|auto_generated|pll1|clk[0] ; 0.000        ; 0.230      ; 0.661      ;
; 0.328 ; delay:delay_inst_L|ram_write_adr[2]                                                                                 ; delay:delay_inst_R|RAM:RAM_inst|altsyncram:altsyncram_component|altsyncram_79o3:auto_generated|ram_block1a59~porta_address_reg0 ; PLL_inst|altpll_component|auto_generated|pll1|clk[0] ; PLL_inst|altpll_component|auto_generated|pll1|clk[0] ; 0.000        ; 0.230      ; 0.662      ;
; 0.328 ; delay:delay_inst_L|ram_read_adr[12]                                                                                 ; delay:delay_inst_L|RAM:RAM_inst|altsyncram:altsyncram_component|altsyncram_79o3:auto_generated|ram_block1a30~portb_address_reg0 ; PLL_inst|altpll_component|auto_generated|pll1|clk[0] ; PLL_inst|altpll_component|auto_generated|pll1|clk[0] ; 0.000        ; 0.211      ; 0.643      ;
; 0.328 ; delay:delay_inst_L|ram_read_adr[6]                                                                                  ; delay:delay_inst_R|RAM:RAM_inst|altsyncram:altsyncram_component|altsyncram_79o3:auto_generated|ram_block1a14~portb_address_reg0 ; PLL_inst|altpll_component|auto_generated|pll1|clk[0] ; PLL_inst|altpll_component|auto_generated|pll1|clk[0] ; 0.000        ; 0.186      ; 0.618      ;
; 0.330 ; delay:delay_inst_L|ram_write_adr[4]                                                                                 ; delay:delay_inst_R|RAM:RAM_inst|altsyncram:altsyncram_component|altsyncram_79o3:auto_generated|ram_block1a59~porta_address_reg0 ; PLL_inst|altpll_component|auto_generated|pll1|clk[0] ; PLL_inst|altpll_component|auto_generated|pll1|clk[0] ; 0.000        ; 0.230      ; 0.664      ;
; 0.330 ; delay:delay_inst_L|ram_write_adr[12]                                                                                ; delay:delay_inst_R|RAM:RAM_inst|altsyncram:altsyncram_component|altsyncram_79o3:auto_generated|ram_block1a14~porta_address_reg0 ; PLL_inst|altpll_component|auto_generated|pll1|clk[0] ; PLL_inst|altpll_component|auto_generated|pll1|clk[0] ; 0.000        ; 0.227      ; 0.661      ;
; 0.331 ; delay:delay_inst_L|ram_read_adr[8]                                                                                  ; delay:delay_inst_L|RAM:RAM_inst|altsyncram:altsyncram_component|altsyncram_79o3:auto_generated|ram_block1a56~portb_address_reg0 ; PLL_inst|altpll_component|auto_generated|pll1|clk[0] ; PLL_inst|altpll_component|auto_generated|pll1|clk[0] ; 0.000        ; 0.211      ; 0.646      ;
; 0.331 ; delay:delay_inst_L|ram_read_adr[6]                                                                                  ; delay:delay_inst_R|RAM:RAM_inst|altsyncram:altsyncram_component|altsyncram_79o3:auto_generated|ram_block1a57~portb_address_reg0 ; PLL_inst|altpll_component|auto_generated|pll1|clk[0] ; PLL_inst|altpll_component|auto_generated|pll1|clk[0] ; 0.000        ; 0.188      ; 0.623      ;
; 0.333 ; delay:delay_inst_L|produit_brut_s[18]                                                                               ; delay:delay_inst_L|amorti_s[2]                                                                                                  ; PLL_inst|altpll_component|auto_generated|pll1|clk[0] ; PLL_inst|altpll_component|auto_generated|pll1|clk[0] ; 0.000        ; 0.042      ; 0.459      ;
; 0.335 ; delay:delay_inst_L|ram_read_adr[12]                                                                                 ; delay:delay_inst_L|RAM:RAM_inst|altsyncram:altsyncram_component|altsyncram_79o3:auto_generated|ram_block1a56~portb_address_reg0 ; PLL_inst|altpll_component|auto_generated|pll1|clk[0] ; PLL_inst|altpll_component|auto_generated|pll1|clk[0] ; 0.000        ; 0.211      ; 0.650      ;
; 0.338 ; delay:delay_inst_L|ram_data[12]                                                                                     ; delay:delay_inst_L|RAM:RAM_inst|altsyncram:altsyncram_component|altsyncram_79o3:auto_generated|ram_block1a60~porta_datain_reg0  ; PLL_inst|altpll_component|auto_generated|pll1|clk[0] ; PLL_inst|altpll_component|auto_generated|pll1|clk[0] ; 0.000        ; 0.198      ; 0.640      ;
+-------+---------------------------------------------------------------------------------------------------------------------+---------------------------------------------------------------------------------------------------------------------------------+------------------------------------------------------+------------------------------------------------------+--------------+------------+------------+


+--------------------------------------------------------------------------------------------------------------------------------------------------------------------------------------------------------------------------------------------------------------------------------------------------------------------------------------------------+
; Fast 1200mV 0C Model Hold: 'config_CODEC:u_CODEC_config|counter[9]'                                                                                                                                                                                                                                                                              ;
+-------+---------------------------------------------------------------+---------------------------------------------------------------------------------------------------------------------------------+------------------------------------------------------+----------------------------------------+--------------+------------+------------+
; Slack ; From Node                                                     ; To Node                                                                                                                         ; Launch Clock                                         ; Latch Clock                            ; Relationship ; Clock Skew ; Data Delay ;
+-------+---------------------------------------------------------------+---------------------------------------------------------------------------------------------------------------------------------+------------------------------------------------------+----------------------------------------+--------------+------------+------------+
; 0.149 ; tremolo:tremolo_inst_L|phase_acc[14]                          ; tremolo:tremolo_inst_L|SinusLUT:sinus_inst|altsyncram:Mux6_rtl_0|altsyncram_lc21:auto_generated|ram_block1a0~porta_address_reg0 ; config_CODEC:u_CODEC_config|counter[9]               ; config_CODEC:u_CODEC_config|counter[9] ; 0.000        ; 0.228      ; 0.481      ;
; 0.150 ; tremolo:tremolo_inst_L|phase_acc[15]                          ; tremolo:tremolo_inst_L|SinusLUT:sinus_inst|altsyncram:Mux6_rtl_0|altsyncram_lc21:auto_generated|ram_block1a0~porta_address_reg0 ; config_CODEC:u_CODEC_config|counter[9]               ; config_CODEC:u_CODEC_config|counter[9] ; 0.000        ; 0.228      ; 0.482      ;
; 0.151 ; tremolo:tremolo_inst_L|phase_acc[11]                          ; tremolo:tremolo_inst_L|SinusLUT:sinus_inst|altsyncram:Mux6_rtl_0|altsyncram_lc21:auto_generated|ram_block1a0~porta_address_reg0 ; config_CODEC:u_CODEC_config|counter[9]               ; config_CODEC:u_CODEC_config|counter[9] ; 0.000        ; 0.228      ; 0.483      ;
; 0.153 ; tremolo:tremolo_inst_L|phase_acc[8]                           ; tremolo:tremolo_inst_L|SinusLUT:sinus_inst|altsyncram:Mux6_rtl_0|altsyncram_lc21:auto_generated|ram_block1a0~porta_address_reg0 ; config_CODEC:u_CODEC_config|counter[9]               ; config_CODEC:u_CODEC_config|counter[9] ; 0.000        ; 0.228      ; 0.485      ;
; 0.158 ; tremolo:tremolo_inst_L|phase_acc[12]                          ; tremolo:tremolo_inst_L|SinusLUT:sinus_inst|altsyncram:Mux6_rtl_0|altsyncram_lc21:auto_generated|ram_block1a0~porta_address_reg0 ; config_CODEC:u_CODEC_config|counter[9]               ; config_CODEC:u_CODEC_config|counter[9] ; 0.000        ; 0.228      ; 0.490      ;
; 0.170 ; tremolo:tremolo_inst_L|phase_acc[13]                          ; tremolo:tremolo_inst_L|SinusLUT:sinus_inst|altsyncram:Mux6_rtl_0|altsyncram_lc21:auto_generated|ram_block1a0~porta_address_reg0 ; config_CODEC:u_CODEC_config|counter[9]               ; config_CODEC:u_CODEC_config|counter[9] ; 0.000        ; 0.228      ; 0.502      ;
; 0.188 ; digital_distortion:digital_distortion_R|sortie_bitcrushed[6]  ; digital_distortion:digital_distortion_R|audio_out[6]                                                                            ; config_CODEC:u_CODEC_config|counter[9]               ; config_CODEC:u_CODEC_config|counter[9] ; 0.000        ; 0.042      ; 0.314      ;
; 0.189 ; digital_distortion:digital_distortion_R|sortie_bitcrushed[8]  ; digital_distortion:digital_distortion_R|audio_out[8]                                                                            ; config_CODEC:u_CODEC_config|counter[9]               ; config_CODEC:u_CODEC_config|counter[9] ; 0.000        ; 0.042      ; 0.315      ;
; 0.190 ; digital_distortion:digital_distortion_L|counter[4]            ; digital_distortion:digital_distortion_L|counter[4]                                                                              ; config_CODEC:u_CODEC_config|counter[9]               ; config_CODEC:u_CODEC_config|counter[9] ; 0.000        ; 0.043      ; 0.317      ;
; 0.192 ; tremolo:tremolo_inst_R|release_counter[13]                    ; tremolo:tremolo_inst_R|release_counter[13]                                                                                      ; config_CODEC:u_CODEC_config|counter[9]               ; config_CODEC:u_CODEC_config|counter[9] ; 0.000        ; 0.042      ; 0.318      ;
; 0.198 ; tremolo:tremolo_inst_L|release_counter[10]                    ; tremolo:tremolo_inst_L|gate_open                                                                                                ; config_CODEC:u_CODEC_config|counter[9]               ; config_CODEC:u_CODEC_config|counter[9] ; 0.000        ; 0.043      ; 0.325      ;
; 0.201 ; FIR_filter_37_tap:u_fir_filter_R|input_sample[16][14]         ; FIR_filter_37_tap:u_fir_filter_R|input_sample[17][14]                                                                           ; config_CODEC:u_CODEC_config|counter[9]               ; config_CODEC:u_CODEC_config|counter[9] ; 0.000        ; 0.042      ; 0.327      ;
; 0.202 ; digital_distortion:digital_distortion_L|max_counter[4]        ; digital_distortion:digital_distortion_L|max_counter[4]                                                                          ; config_CODEC:u_CODEC_config|counter[9]               ; config_CODEC:u_CODEC_config|counter[9] ; 0.000        ; 0.043      ; 0.329      ;
; 0.203 ; digital_distortion:digital_distortion_L|echantillon[10]       ; digital_distortion:digital_distortion_L|sortie_bitcrushed[10]                                                                   ; config_CODEC:u_CODEC_config|counter[9]               ; config_CODEC:u_CODEC_config|counter[9] ; 0.000        ; 0.042      ; 0.329      ;
; 0.205 ; FIR_filter_37_tap:u_fir_filter_L|input_sample[18][11]         ; FIR_filter_37_tap:u_fir_filter_L|input_sample[19][11]                                                                           ; config_CODEC:u_CODEC_config|counter[9]               ; config_CODEC:u_CODEC_config|counter[9] ; 0.000        ; 0.042      ; 0.331      ;
; 0.208 ; auto_wah:u_auto_wah_L|audio_o[9]                              ; audio_out_L[9]                                                                                                                  ; CLOCK_50                                             ; config_CODEC:u_CODEC_config|counter[9] ; 0.000        ; 0.843      ; 1.165      ;
; 0.208 ; I2C_driver:u_I2C_Config|SENT                                  ; I2C_driver:u_I2C_Config|I2C_counter[1]                                                                                          ; I2C_driver:u_I2C_Config|SENT                         ; config_CODEC:u_CODEC_config|counter[9] ; 0.000        ; 2.358      ; 2.775      ;
; 0.208 ; I2C_driver:u_I2C_Config|SENT                                  ; I2C_driver:u_I2C_Config|I2C_counter[5]                                                                                          ; I2C_driver:u_I2C_Config|SENT                         ; config_CODEC:u_CODEC_config|counter[9] ; 0.000        ; 2.358      ; 2.775      ;
; 0.208 ; I2C_driver:u_I2C_Config|SENT                                  ; I2C_driver:u_I2C_Config|I2C_counter[0]                                                                                          ; I2C_driver:u_I2C_Config|SENT                         ; config_CODEC:u_CODEC_config|counter[9] ; 0.000        ; 2.358      ; 2.775      ;
; 0.208 ; I2C_driver:u_I2C_Config|SENT                                  ; I2C_driver:u_I2C_Config|I2C_counter[3]                                                                                          ; I2C_driver:u_I2C_Config|SENT                         ; config_CODEC:u_CODEC_config|counter[9] ; 0.000        ; 2.358      ; 2.775      ;
; 0.208 ; I2C_driver:u_I2C_Config|SENT                                  ; I2C_driver:u_I2C_Config|I2C_counter[4]                                                                                          ; I2C_driver:u_I2C_Config|SENT                         ; config_CODEC:u_CODEC_config|counter[9] ; 0.000        ; 2.358      ; 2.775      ;
; 0.208 ; I2C_driver:u_I2C_Config|SENT                                  ; I2C_driver:u_I2C_Config|I2C_counter[2]                                                                                          ; I2C_driver:u_I2C_Config|SENT                         ; config_CODEC:u_CODEC_config|counter[9] ; 0.000        ; 2.358      ; 2.775      ;
; 0.211 ; auto_wah:u_auto_wah_L|audio_o[8]                              ; audio_out_L[8]                                                                                                                  ; CLOCK_50                                             ; config_CODEC:u_CODEC_config|counter[9] ; 0.000        ; 0.846      ; 1.171      ;
; 0.222 ; FIR_filter_37_tap:u_fir_filter_L|input_sample[18][9]          ; FIR_filter_37_tap:u_fir_filter_L|input_sample[19][9]                                                                            ; config_CODEC:u_CODEC_config|counter[9]               ; config_CODEC:u_CODEC_config|counter[9] ; 0.000        ; 0.042      ; 0.348      ;
; 0.228 ; config_CODEC:u_CODEC_config|DATA[2]                           ; I2C_driver:u_I2C_Config|data_to_send[2]                                                                                         ; I2C_driver:u_I2C_Config|SENT                         ; config_CODEC:u_CODEC_config|counter[9] ; 0.000        ; 0.174      ; 0.506      ;
; 0.233 ; FIR_filter_37_tap:u_fir_filter_L|input_sample[18][8]          ; FIR_filter_37_tap:u_fir_filter_L|input_sample[19][8]                                                                            ; config_CODEC:u_CODEC_config|counter[9]               ; config_CODEC:u_CODEC_config|counter[9] ; 0.000        ; 0.042      ; 0.359      ;
; 0.253 ; tremolo:tremolo_inst_R|release_counter[10]                    ; tremolo:tremolo_inst_R|gate_open                                                                                                ; config_CODEC:u_CODEC_config|counter[9]               ; config_CODEC:u_CODEC_config|counter[9] ; 0.000        ; 0.042      ; 0.379      ;
; 0.257 ; config_CODEC:u_CODEC_config|DATA[4]                           ; I2C_driver:u_I2C_Config|data_to_send[4]                                                                                         ; I2C_driver:u_I2C_Config|SENT                         ; config_CODEC:u_CODEC_config|counter[9] ; 0.000        ; 0.174      ; 0.535      ;
; 0.258 ; FIR_filter_37_tap:u_fir_filter_L|input_sample[11][9]          ; FIR_filter_37_tap:u_fir_filter_L|input_sample[12][9]                                                                            ; config_CODEC:u_CODEC_config|counter[9]               ; config_CODEC:u_CODEC_config|counter[9] ; 0.000        ; 0.044      ; 0.386      ;
; 0.259 ; FIR_filter_37_tap:u_fir_filter_R|input_sample[26][8]          ; FIR_filter_37_tap:u_fir_filter_R|input_sample[27][8]                                                                            ; config_CODEC:u_CODEC_config|counter[9]               ; config_CODEC:u_CODEC_config|counter[9] ; 0.000        ; 0.041      ; 0.384      ;
; 0.260 ; FIR_filter_37_tap:u_fir_filter_L|input_sample[28][2]          ; FIR_filter_37_tap:u_fir_filter_L|input_sample[29][2]                                                                            ; config_CODEC:u_CODEC_config|counter[9]               ; config_CODEC:u_CODEC_config|counter[9] ; 0.000        ; 0.045      ; 0.389      ;
; 0.260 ; digital_distortion:digital_distortion_L|sortie_bitcrushed[6]  ; digital_distortion:digital_distortion_L|audio_out[6]                                                                            ; config_CODEC:u_CODEC_config|counter[9]               ; config_CODEC:u_CODEC_config|counter[9] ; 0.000        ; 0.042      ; 0.386      ;
; 0.260 ; digital_distortion:digital_distortion_R|sortie_bitcrushed[12] ; digital_distortion:digital_distortion_R|audio_out[12]                                                                           ; config_CODEC:u_CODEC_config|counter[9]               ; config_CODEC:u_CODEC_config|counter[9] ; 0.000        ; 0.043      ; 0.387      ;
; 0.260 ; digital_distortion:digital_distortion_R|echantillon[10]       ; digital_distortion:digital_distortion_R|sortie_bitcrushed[10]                                                                   ; config_CODEC:u_CODEC_config|counter[9]               ; config_CODEC:u_CODEC_config|counter[9] ; 0.000        ; 0.043      ; 0.387      ;
; 0.261 ; FIR_filter_37_tap:u_fir_filter_L|input_sample[22][9]          ; FIR_filter_37_tap:u_fir_filter_L|input_sample[23][9]                                                                            ; config_CODEC:u_CODEC_config|counter[9]               ; config_CODEC:u_CODEC_config|counter[9] ; 0.000        ; 0.043      ; 0.388      ;
; 0.261 ; FIR_filter_37_tap:u_fir_filter_L|input_sample[13][9]          ; FIR_filter_37_tap:u_fir_filter_L|input_sample[14][9]                                                                            ; config_CODEC:u_CODEC_config|counter[9]               ; config_CODEC:u_CODEC_config|counter[9] ; 0.000        ; 0.041      ; 0.386      ;
; 0.261 ; digital_distortion:digital_distortion_R|sortie_bitcrushed[7]  ; digital_distortion:digital_distortion_R|audio_out[7]                                                                            ; config_CODEC:u_CODEC_config|counter[9]               ; config_CODEC:u_CODEC_config|counter[9] ; 0.000        ; 0.042      ; 0.387      ;
; 0.261 ; digital_distortion:digital_distortion_R|sortie_bitcrushed[13] ; digital_distortion:digital_distortion_R|audio_out[13]                                                                           ; config_CODEC:u_CODEC_config|counter[9]               ; config_CODEC:u_CODEC_config|counter[9] ; 0.000        ; 0.043      ; 0.388      ;
; 0.261 ; FIR_filter_37_tap:u_fir_filter_L|input_sample[24][8]          ; FIR_filter_37_tap:u_fir_filter_L|input_sample[25][8]                                                                            ; config_CODEC:u_CODEC_config|counter[9]               ; config_CODEC:u_CODEC_config|counter[9] ; 0.000        ; 0.042      ; 0.387      ;
; 0.262 ; FIR_filter_37_tap:u_fir_filter_L|input_sample[22][1]          ; FIR_filter_37_tap:u_fir_filter_L|input_sample[23][1]                                                                            ; config_CODEC:u_CODEC_config|counter[9]               ; config_CODEC:u_CODEC_config|counter[9] ; 0.000        ; 0.043      ; 0.389      ;
; 0.262 ; digital_distortion:digital_distortion_L|sortie_bitcrushed[7]  ; digital_distortion:digital_distortion_L|audio_out[7]                                                                            ; config_CODEC:u_CODEC_config|counter[9]               ; config_CODEC:u_CODEC_config|counter[9] ; 0.000        ; 0.042      ; 0.388      ;
; 0.262 ; digital_distortion:digital_distortion_L|sortie_bitcrushed[10] ; digital_distortion:digital_distortion_L|audio_out[10]                                                                           ; config_CODEC:u_CODEC_config|counter[9]               ; config_CODEC:u_CODEC_config|counter[9] ; 0.000        ; 0.042      ; 0.388      ;
; 0.262 ; digital_distortion:digital_distortion_L|sortie_bitcrushed[11] ; digital_distortion:digital_distortion_L|audio_out[11]                                                                           ; config_CODEC:u_CODEC_config|counter[9]               ; config_CODEC:u_CODEC_config|counter[9] ; 0.000        ; 0.042      ; 0.388      ;
; 0.262 ; FIR_filter_37_tap:u_fir_filter_R|input_sample[26][10]         ; FIR_filter_37_tap:u_fir_filter_R|input_sample[27][10]                                                                           ; config_CODEC:u_CODEC_config|counter[9]               ; config_CODEC:u_CODEC_config|counter[9] ; 0.000        ; 0.041      ; 0.387      ;
; 0.263 ; digital_distortion:digital_distortion_L|sortie_bitcrushed[8]  ; digital_distortion:digital_distortion_L|audio_out[8]                                                                            ; config_CODEC:u_CODEC_config|counter[9]               ; config_CODEC:u_CODEC_config|counter[9] ; 0.000        ; 0.042      ; 0.389      ;
; 0.263 ; FIR_filter_37_tap:u_fir_filter_L|input_sample[26][8]          ; FIR_filter_37_tap:u_fir_filter_L|input_sample[27][8]                                                                            ; config_CODEC:u_CODEC_config|counter[9]               ; config_CODEC:u_CODEC_config|counter[9] ; 0.000        ; 0.041      ; 0.388      ;
; 0.263 ; FIR_filter_37_tap:u_fir_filter_R|input_sample[13][11]         ; FIR_filter_37_tap:u_fir_filter_R|input_sample[14][11]                                                                           ; config_CODEC:u_CODEC_config|counter[9]               ; config_CODEC:u_CODEC_config|counter[9] ; 0.000        ; 0.040      ; 0.387      ;
; 0.264 ; FIR_filter_37_tap:u_fir_filter_L|input_sample[17][5]          ; FIR_filter_37_tap:u_fir_filter_L|input_sample[18][5]                                                                            ; config_CODEC:u_CODEC_config|counter[9]               ; config_CODEC:u_CODEC_config|counter[9] ; 0.000        ; 0.043      ; 0.391      ;
; 0.264 ; FIR_filter_37_tap:u_fir_filter_L|input_sample[24][1]          ; FIR_filter_37_tap:u_fir_filter_L|input_sample[25][1]                                                                            ; config_CODEC:u_CODEC_config|counter[9]               ; config_CODEC:u_CODEC_config|counter[9] ; 0.000        ; 0.041      ; 0.389      ;
; 0.264 ; FIR_filter_37_tap:u_fir_filter_R|input_sample[25][9]          ; FIR_filter_37_tap:u_fir_filter_R|input_sample[26][9]                                                                            ; config_CODEC:u_CODEC_config|counter[9]               ; config_CODEC:u_CODEC_config|counter[9] ; 0.000        ; 0.040      ; 0.388      ;
; 0.265 ; FIR_filter_37_tap:u_fir_filter_L|input_sample[17][7]          ; FIR_filter_37_tap:u_fir_filter_L|input_sample[18][7]                                                                            ; config_CODEC:u_CODEC_config|counter[9]               ; config_CODEC:u_CODEC_config|counter[9] ; 0.000        ; 0.043      ; 0.392      ;
; 0.265 ; FIR_filter_37_tap:u_fir_filter_L|input_sample[26][3]          ; FIR_filter_37_tap:u_fir_filter_L|input_sample[27][3]                                                                            ; config_CODEC:u_CODEC_config|counter[9]               ; config_CODEC:u_CODEC_config|counter[9] ; 0.000        ; 0.042      ; 0.391      ;
; 0.265 ; FIR_filter_37_tap:u_fir_filter_R|input_sample[26][9]          ; FIR_filter_37_tap:u_fir_filter_R|input_sample[27][9]                                                                            ; config_CODEC:u_CODEC_config|counter[9]               ; config_CODEC:u_CODEC_config|counter[9] ; 0.000        ; 0.041      ; 0.390      ;
; 0.265 ; FIR_filter_37_tap:u_fir_filter_R|input_sample[26][3]          ; FIR_filter_37_tap:u_fir_filter_R|input_sample[27][3]                                                                            ; config_CODEC:u_CODEC_config|counter[9]               ; config_CODEC:u_CODEC_config|counter[9] ; 0.000        ; 0.041      ; 0.390      ;
; 0.265 ; FIR_filter_37_tap:u_fir_filter_R|input_sample[17][1]          ; FIR_filter_37_tap:u_fir_filter_R|input_sample[18][1]                                                                            ; config_CODEC:u_CODEC_config|counter[9]               ; config_CODEC:u_CODEC_config|counter[9] ; 0.000        ; 0.042      ; 0.391      ;
; 0.266 ; FIR_filter_37_tap:u_fir_filter_L|input_sample[2][3]           ; FIR_filter_37_tap:u_fir_filter_L|input_sample[3][3]                                                                             ; config_CODEC:u_CODEC_config|counter[9]               ; config_CODEC:u_CODEC_config|counter[9] ; 0.000        ; 0.044      ; 0.394      ;
; 0.266 ; FIR_filter_37_tap:u_fir_filter_L|input_sample[11][1]          ; FIR_filter_37_tap:u_fir_filter_L|input_sample[12][1]                                                                            ; config_CODEC:u_CODEC_config|counter[9]               ; config_CODEC:u_CODEC_config|counter[9] ; 0.000        ; 0.044      ; 0.394      ;
; 0.266 ; FIR_filter_37_tap:u_fir_filter_R|input_sample[17][2]          ; FIR_filter_37_tap:u_fir_filter_R|input_sample[18][2]                                                                            ; config_CODEC:u_CODEC_config|counter[9]               ; config_CODEC:u_CODEC_config|counter[9] ; 0.000        ; 0.042      ; 0.392      ;
; 0.266 ; config_CODEC:u_CODEC_config|DATA[3]                           ; I2C_driver:u_I2C_Config|data_to_send[3]                                                                                         ; I2C_driver:u_I2C_Config|SENT                         ; config_CODEC:u_CODEC_config|counter[9] ; 0.000        ; 0.173      ; 0.543      ;
; 0.267 ; FIR_filter_37_tap:u_fir_filter_L|input_sample[24][9]          ; FIR_filter_37_tap:u_fir_filter_L|input_sample[25][9]                                                                            ; config_CODEC:u_CODEC_config|counter[9]               ; config_CODEC:u_CODEC_config|counter[9] ; 0.000        ; 0.042      ; 0.393      ;
; 0.267 ; FIR_filter_37_tap:u_fir_filter_R|input_sample[9][11]          ; FIR_filter_37_tap:u_fir_filter_R|input_sample[10][11]                                                                           ; config_CODEC:u_CODEC_config|counter[9]               ; config_CODEC:u_CODEC_config|counter[9] ; 0.000        ; 0.051      ; 0.402      ;
; 0.267 ; FIR_filter_37_tap:u_fir_filter_R|input_sample[2][3]           ; FIR_filter_37_tap:u_fir_filter_R|input_sample[3][3]                                                                             ; config_CODEC:u_CODEC_config|counter[9]               ; config_CODEC:u_CODEC_config|counter[9] ; 0.000        ; 0.043      ; 0.394      ;
; 0.268 ; auto_wah:u_auto_wah_L|audio_o[15]                             ; audio_out_L[15]                                                                                                                 ; CLOCK_50                                             ; config_CODEC:u_CODEC_config|counter[9] ; 0.000        ; 0.829      ; 1.211      ;
; 0.268 ; FIR_filter_37_tap:u_fir_filter_L|input_sample[11][2]          ; FIR_filter_37_tap:u_fir_filter_L|input_sample[12][2]                                                                            ; config_CODEC:u_CODEC_config|counter[9]               ; config_CODEC:u_CODEC_config|counter[9] ; 0.000        ; 0.044      ; 0.396      ;
; 0.269 ; FIR_filter_37_tap:u_fir_filter_L|input_sample[13][1]          ; FIR_filter_37_tap:u_fir_filter_L|input_sample[14][1]                                                                            ; config_CODEC:u_CODEC_config|counter[9]               ; config_CODEC:u_CODEC_config|counter[9] ; 0.000        ; 0.041      ; 0.394      ;
; 0.269 ; config_CODEC:u_CODEC_config|DATA[10]                          ; I2C_driver:u_I2C_Config|data_to_send[10]                                                                                        ; I2C_driver:u_I2C_Config|SENT                         ; config_CODEC:u_CODEC_config|counter[9] ; 0.000        ; 0.173      ; 0.546      ;
; 0.270 ; FIR_filter_37_tap:u_fir_filter_L|input_sample[13][2]          ; FIR_filter_37_tap:u_fir_filter_L|input_sample[14][2]                                                                            ; config_CODEC:u_CODEC_config|counter[9]               ; config_CODEC:u_CODEC_config|counter[9] ; 0.000        ; 0.041      ; 0.395      ;
; 0.270 ; FIR_filter_37_tap:u_fir_filter_L|input_sample[7][8]           ; FIR_filter_37_tap:u_fir_filter_L|input_sample[8][8]                                                                             ; config_CODEC:u_CODEC_config|counter[9]               ; config_CODEC:u_CODEC_config|counter[9] ; 0.000        ; 0.041      ; 0.395      ;
; 0.270 ; FIR_filter_37_tap:u_fir_filter_L|input_sample[28][1]          ; FIR_filter_37_tap:u_fir_filter_L|input_sample[29][1]                                                                            ; config_CODEC:u_CODEC_config|counter[9]               ; config_CODEC:u_CODEC_config|counter[9] ; 0.000        ; 0.045      ; 0.399      ;
; 0.270 ; FIR_filter_37_tap:u_fir_filter_R|input_sample[25][2]          ; FIR_filter_37_tap:u_fir_filter_R|input_sample[26][2]                                                                            ; config_CODEC:u_CODEC_config|counter[9]               ; config_CODEC:u_CODEC_config|counter[9] ; 0.000        ; 0.040      ; 0.394      ;
; 0.270 ; FIR_filter_37_tap:u_fir_filter_R|input_sample[13][0]          ; FIR_filter_37_tap:u_fir_filter_R|input_sample[14][0]                                                                            ; config_CODEC:u_CODEC_config|counter[9]               ; config_CODEC:u_CODEC_config|counter[9] ; 0.000        ; 0.040      ; 0.394      ;
; 0.271 ; FIR_filter_37_tap:u_fir_filter_L|input_sample[16][6]          ; FIR_filter_37_tap:u_fir_filter_L|input_sample[17][6]                                                                            ; config_CODEC:u_CODEC_config|counter[9]               ; config_CODEC:u_CODEC_config|counter[9] ; 0.000        ; 0.041      ; 0.396      ;
; 0.271 ; FIR_filter_37_tap:u_fir_filter_L|input_sample[16][0]          ; FIR_filter_37_tap:u_fir_filter_L|input_sample[17][0]                                                                            ; config_CODEC:u_CODEC_config|counter[9]               ; config_CODEC:u_CODEC_config|counter[9] ; 0.000        ; 0.041      ; 0.396      ;
; 0.271 ; FIR_filter_37_tap:u_fir_filter_R|input_sample[25][8]          ; FIR_filter_37_tap:u_fir_filter_R|input_sample[26][8]                                                                            ; config_CODEC:u_CODEC_config|counter[9]               ; config_CODEC:u_CODEC_config|counter[9] ; 0.000        ; 0.040      ; 0.395      ;
; 0.271 ; FIR_filter_37_tap:u_fir_filter_R|input_sample[17][15]         ; FIR_filter_37_tap:u_fir_filter_R|input_sample[18][15]                                                                           ; config_CODEC:u_CODEC_config|counter[9]               ; config_CODEC:u_CODEC_config|counter[9] ; 0.000        ; 0.041      ; 0.396      ;
; 0.271 ; config_CODEC:u_CODEC_config|DATA[12]                          ; I2C_driver:u_I2C_Config|data_to_send[12]                                                                                        ; I2C_driver:u_I2C_Config|SENT                         ; config_CODEC:u_CODEC_config|counter[9] ; 0.000        ; 0.173      ; 0.548      ;
; 0.272 ; FIR_filter_37_tap:u_fir_filter_R|input_sample[17][8]          ; FIR_filter_37_tap:u_fir_filter_R|input_sample[18][8]                                                                            ; config_CODEC:u_CODEC_config|counter[9]               ; config_CODEC:u_CODEC_config|counter[9] ; 0.000        ; 0.042      ; 0.398      ;
; 0.272 ; FIR_filter_37_tap:u_fir_filter_R|input_sample[2][8]           ; FIR_filter_37_tap:u_fir_filter_R|input_sample[3][8]                                                                             ; config_CODEC:u_CODEC_config|counter[9]               ; config_CODEC:u_CODEC_config|counter[9] ; 0.000        ; 0.043      ; 0.399      ;
; 0.272 ; FIR_filter_37_tap:u_fir_filter_R|input_sample[14][0]          ; FIR_filter_37_tap:u_fir_filter_R|input_sample[15][0]                                                                            ; config_CODEC:u_CODEC_config|counter[9]               ; config_CODEC:u_CODEC_config|counter[9] ; 0.000        ; 0.040      ; 0.396      ;
; 0.272 ; config_CODEC:u_CODEC_config|DATA[1]                           ; I2C_driver:u_I2C_Config|data_to_send[1]                                                                                         ; I2C_driver:u_I2C_Config|SENT                         ; config_CODEC:u_CODEC_config|counter[9] ; 0.000        ; 0.173      ; 0.549      ;
; 0.273 ; delay:delay_inst_R|sortie_calc_s[2]                           ; audio_out_R[2]                                                                                                                  ; PLL_inst|altpll_component|auto_generated|pll1|clk[0] ; config_CODEC:u_CODEC_config|counter[9] ; 0.000        ; 2.387      ; 2.814      ;
; 0.273 ; FIR_filter_37_tap:u_fir_filter_L|input_sample[22][0]          ; FIR_filter_37_tap:u_fir_filter_L|input_sample[23][0]                                                                            ; config_CODEC:u_CODEC_config|counter[9]               ; config_CODEC:u_CODEC_config|counter[9] ; 0.000        ; 0.043      ; 0.400      ;
; 0.273 ; FIR_filter_37_tap:u_fir_filter_L|input_sample[24][11]         ; FIR_filter_37_tap:u_fir_filter_L|input_sample[25][11]                                                                           ; config_CODEC:u_CODEC_config|counter[9]               ; config_CODEC:u_CODEC_config|counter[9] ; 0.000        ; 0.042      ; 0.399      ;
; 0.273 ; FIR_filter_37_tap:u_fir_filter_L|input_sample[2][2]           ; FIR_filter_37_tap:u_fir_filter_L|input_sample[3][2]                                                                             ; config_CODEC:u_CODEC_config|counter[9]               ; config_CODEC:u_CODEC_config|counter[9] ; 0.000        ; 0.044      ; 0.401      ;
; 0.273 ; FIR_filter_37_tap:u_fir_filter_L|input_sample[26][0]          ; FIR_filter_37_tap:u_fir_filter_L|input_sample[27][0]                                                                            ; config_CODEC:u_CODEC_config|counter[9]               ; config_CODEC:u_CODEC_config|counter[9] ; 0.000        ; 0.042      ; 0.399      ;
; 0.273 ; FIR_filter_37_tap:u_fir_filter_L|input_sample[2][0]           ; FIR_filter_37_tap:u_fir_filter_L|input_sample[3][0]                                                                             ; config_CODEC:u_CODEC_config|counter[9]               ; config_CODEC:u_CODEC_config|counter[9] ; 0.000        ; 0.044      ; 0.401      ;
; 0.274 ; FIR_filter_37_tap:u_fir_filter_L|input_sample[22][11]         ; FIR_filter_37_tap:u_fir_filter_L|input_sample[23][11]                                                                           ; config_CODEC:u_CODEC_config|counter[9]               ; config_CODEC:u_CODEC_config|counter[9] ; 0.000        ; 0.043      ; 0.401      ;
; 0.274 ; FIR_filter_37_tap:u_fir_filter_L|input_sample[17][10]         ; FIR_filter_37_tap:u_fir_filter_L|input_sample[18][10]                                                                           ; config_CODEC:u_CODEC_config|counter[9]               ; config_CODEC:u_CODEC_config|counter[9] ; 0.000        ; 0.042      ; 0.400      ;
; 0.274 ; FIR_filter_37_tap:u_fir_filter_L|input_sample[16][8]          ; FIR_filter_37_tap:u_fir_filter_L|input_sample[17][8]                                                                            ; config_CODEC:u_CODEC_config|counter[9]               ; config_CODEC:u_CODEC_config|counter[9] ; 0.000        ; 0.042      ; 0.400      ;
; 0.274 ; FIR_filter_37_tap:u_fir_filter_R|input_sample[26][11]         ; FIR_filter_37_tap:u_fir_filter_R|input_sample[27][11]                                                                           ; config_CODEC:u_CODEC_config|counter[9]               ; config_CODEC:u_CODEC_config|counter[9] ; 0.000        ; 0.041      ; 0.399      ;
; 0.274 ; FIR_filter_37_tap:u_fir_filter_R|input_sample[26][2]          ; FIR_filter_37_tap:u_fir_filter_R|input_sample[27][2]                                                                            ; config_CODEC:u_CODEC_config|counter[9]               ; config_CODEC:u_CODEC_config|counter[9] ; 0.000        ; 0.041      ; 0.399      ;
; 0.274 ; FIR_filter_37_tap:u_fir_filter_R|input_sample[13][9]          ; FIR_filter_37_tap:u_fir_filter_R|input_sample[14][9]                                                                            ; config_CODEC:u_CODEC_config|counter[9]               ; config_CODEC:u_CODEC_config|counter[9] ; 0.000        ; 0.040      ; 0.398      ;
; 0.274 ; FIR_filter_37_tap:u_fir_filter_R|input_sample[2][9]           ; FIR_filter_37_tap:u_fir_filter_R|input_sample[3][9]                                                                             ; config_CODEC:u_CODEC_config|counter[9]               ; config_CODEC:u_CODEC_config|counter[9] ; 0.000        ; 0.043      ; 0.401      ;
; 0.274 ; FIR_filter_37_tap:u_fir_filter_R|input_sample[14][8]          ; FIR_filter_37_tap:u_fir_filter_R|input_sample[15][8]                                                                            ; config_CODEC:u_CODEC_config|counter[9]               ; config_CODEC:u_CODEC_config|counter[9] ; 0.000        ; 0.041      ; 0.399      ;
; 0.274 ; FIR_filter_37_tap:u_fir_filter_R|input_sample[16][6]          ; FIR_filter_37_tap:u_fir_filter_R|input_sample[17][6]                                                                            ; config_CODEC:u_CODEC_config|counter[9]               ; config_CODEC:u_CODEC_config|counter[9] ; 0.000        ; 0.042      ; 0.400      ;
; 0.274 ; FIR_filter_37_tap:u_fir_filter_R|input_sample[13][2]          ; FIR_filter_37_tap:u_fir_filter_R|input_sample[14][2]                                                                            ; config_CODEC:u_CODEC_config|counter[9]               ; config_CODEC:u_CODEC_config|counter[9] ; 0.000        ; 0.040      ; 0.398      ;
; 0.274 ; FIR_filter_37_tap:u_fir_filter_R|input_sample[2][2]           ; FIR_filter_37_tap:u_fir_filter_R|input_sample[3][2]                                                                             ; config_CODEC:u_CODEC_config|counter[9]               ; config_CODEC:u_CODEC_config|counter[9] ; 0.000        ; 0.043      ; 0.401      ;
; 0.274 ; FIR_filter_37_tap:u_fir_filter_R|input_sample[13][1]          ; FIR_filter_37_tap:u_fir_filter_R|input_sample[14][1]                                                                            ; config_CODEC:u_CODEC_config|counter[9]               ; config_CODEC:u_CODEC_config|counter[9] ; 0.000        ; 0.040      ; 0.398      ;
; 0.274 ; config_CODEC:u_CODEC_config|DATA[11]                          ; I2C_driver:u_I2C_Config|data_to_send[11]                                                                                        ; I2C_driver:u_I2C_Config|SENT                         ; config_CODEC:u_CODEC_config|counter[9] ; 0.000        ; 0.173      ; 0.551      ;
; 0.275 ; I2C_driver:u_I2C_Config|I2C_counter[5]                        ; I2C_driver:u_I2C_Config|SCLK                                                                                                    ; config_CODEC:u_CODEC_config|counter[9]               ; config_CODEC:u_CODEC_config|counter[9] ; 0.000        ; 0.043      ; 0.402      ;
+-------+---------------------------------------------------------------+---------------------------------------------------------------------------------------------------------------------------------+------------------------------------------------------+----------------------------------------+--------------+------------+------------+


+----------------------------------------------------------------------------------------------------------------------------------------------------------------------------------------------------------+
; Fast 1200mV 0C Model Hold: 'I2C_driver:u_I2C_Config|SENT'                                                                                                                                                ;
+-------+----------------------------------------+----------------------------------------+----------------------------------------+------------------------------+--------------+------------+------------+
; Slack ; From Node                              ; To Node                                ; Launch Clock                           ; Latch Clock                  ; Relationship ; Clock Skew ; Data Delay ;
+-------+----------------------------------------+----------------------------------------+----------------------------------------+------------------------------+--------------+------------+------------+
; 0.180 ; config_CODEC:u_CODEC_config|address[0] ; config_CODEC:u_CODEC_config|address[0] ; I2C_driver:u_I2C_Config|SENT           ; I2C_driver:u_I2C_Config|SENT ; 0.000        ; 0.043      ; 0.307      ;
; 0.197 ; config_CODEC:u_CODEC_config|vol[0]     ; config_CODEC:u_CODEC_config|DATA[0]    ; config_CODEC:u_CODEC_config|counter[9] ; I2C_driver:u_I2C_Config|SENT ; 0.000        ; 0.032      ; 0.333      ;
; 0.212 ; config_CODEC:u_CODEC_config|vol[4]     ; config_CODEC:u_CODEC_config|DATA[4]    ; config_CODEC:u_CODEC_config|counter[9] ; I2C_driver:u_I2C_Config|SENT ; 0.000        ; 0.032      ; 0.348      ;
; 0.215 ; config_CODEC:u_CODEC_config|vol[2]     ; config_CODEC:u_CODEC_config|DATA[2]    ; config_CODEC:u_CODEC_config|counter[9] ; I2C_driver:u_I2C_Config|SENT ; 0.000        ; 0.032      ; 0.351      ;
; 0.301 ; config_CODEC:u_CODEC_config|address[4] ; config_CODEC:u_CODEC_config|address[4] ; I2C_driver:u_I2C_Config|SENT           ; I2C_driver:u_I2C_Config|SENT ; 0.000        ; 0.043      ; 0.428      ;
; 0.310 ; config_CODEC:u_CODEC_config|address[1] ; config_CODEC:u_CODEC_config|address[1] ; I2C_driver:u_I2C_Config|SENT           ; I2C_driver:u_I2C_Config|SENT ; 0.000        ; 0.043      ; 0.437      ;
; 0.323 ; config_CODEC:u_CODEC_config|address[2] ; config_CODEC:u_CODEC_config|address[2] ; I2C_driver:u_I2C_Config|SENT           ; I2C_driver:u_I2C_Config|SENT ; 0.000        ; 0.043      ; 0.450      ;
; 0.324 ; config_CODEC:u_CODEC_config|address[3] ; config_CODEC:u_CODEC_config|address[3] ; I2C_driver:u_I2C_Config|SENT           ; I2C_driver:u_I2C_Config|SENT ; 0.000        ; 0.043      ; 0.451      ;
; 0.335 ; config_CODEC:u_CODEC_config|address[4] ; config_CODEC:u_CODEC_config|DATA[6]    ; I2C_driver:u_I2C_Config|SENT           ; I2C_driver:u_I2C_Config|SENT ; 0.000        ; 0.231      ; 0.650      ;
; 0.385 ; config_CODEC:u_CODEC_config|address[0] ; config_CODEC:u_CODEC_config|DATA[6]    ; I2C_driver:u_I2C_Config|SENT           ; I2C_driver:u_I2C_Config|SENT ; 0.000        ; 0.231      ; 0.700      ;
; 0.404 ; config_CODEC:u_CODEC_config|address[4] ; config_CODEC:u_CODEC_config|DATA[0]    ; I2C_driver:u_I2C_Config|SENT           ; I2C_driver:u_I2C_Config|SENT ; 0.000        ; 0.043      ; 0.531      ;
; 0.412 ; config_CODEC:u_CODEC_config|address[4] ; config_CODEC:u_CODEC_config|DATA[5]    ; I2C_driver:u_I2C_Config|SENT           ; I2C_driver:u_I2C_Config|SENT ; 0.000        ; 0.231      ; 0.727      ;
; 0.412 ; config_CODEC:u_CODEC_config|address[0] ; config_CODEC:u_CODEC_config|address[1] ; I2C_driver:u_I2C_Config|SENT           ; I2C_driver:u_I2C_Config|SENT ; 0.000        ; 0.043      ; 0.539      ;
; 0.422 ; config_CODEC:u_CODEC_config|vol[1]     ; config_CODEC:u_CODEC_config|DATA[1]    ; config_CODEC:u_CODEC_config|counter[9] ; I2C_driver:u_I2C_Config|SENT ; 0.000        ; 0.033      ; 0.559      ;
; 0.422 ; config_CODEC:u_CODEC_config|address[2] ; config_CODEC:u_CODEC_config|DATA[2]    ; I2C_driver:u_I2C_Config|SENT           ; I2C_driver:u_I2C_Config|SENT ; 0.000        ; 0.043      ; 0.549      ;
; 0.428 ; config_CODEC:u_CODEC_config|vol[3]     ; config_CODEC:u_CODEC_config|DATA[3]    ; config_CODEC:u_CODEC_config|counter[9] ; I2C_driver:u_I2C_Config|SENT ; 0.000        ; 0.033      ; 0.565      ;
; 0.446 ; config_CODEC:u_CODEC_config|address[2] ; config_CODEC:u_CODEC_config|DATA[5]    ; I2C_driver:u_I2C_Config|SENT           ; I2C_driver:u_I2C_Config|SENT ; 0.000        ; 0.231      ; 0.761      ;
; 0.463 ; config_CODEC:u_CODEC_config|address[1] ; config_CODEC:u_CODEC_config|address[2] ; I2C_driver:u_I2C_Config|SENT           ; I2C_driver:u_I2C_Config|SENT ; 0.000        ; 0.043      ; 0.590      ;
; 0.466 ; config_CODEC:u_CODEC_config|address[1] ; config_CODEC:u_CODEC_config|address[3] ; I2C_driver:u_I2C_Config|SENT           ; I2C_driver:u_I2C_Config|SENT ; 0.000        ; 0.043      ; 0.593      ;
; 0.466 ; config_CODEC:u_CODEC_config|address[3] ; config_CODEC:u_CODEC_config|DATA[6]    ; I2C_driver:u_I2C_Config|SENT           ; I2C_driver:u_I2C_Config|SENT ; 0.000        ; 0.231      ; 0.781      ;
; 0.472 ; config_CODEC:u_CODEC_config|address[2] ; config_CODEC:u_CODEC_config|address[3] ; I2C_driver:u_I2C_Config|SENT           ; I2C_driver:u_I2C_Config|SENT ; 0.000        ; 0.043      ; 0.599      ;
; 0.476 ; config_CODEC:u_CODEC_config|address[2] ; config_CODEC:u_CODEC_config|DATA[6]    ; I2C_driver:u_I2C_Config|SENT           ; I2C_driver:u_I2C_Config|SENT ; 0.000        ; 0.231      ; 0.791      ;
; 0.482 ; config_CODEC:u_CODEC_config|address[3] ; config_CODEC:u_CODEC_config|address[4] ; I2C_driver:u_I2C_Config|SENT           ; I2C_driver:u_I2C_Config|SENT ; 0.000        ; 0.043      ; 0.609      ;
; 0.499 ; config_CODEC:u_CODEC_config|address[1] ; config_CODEC:u_CODEC_config|DATA[6]    ; I2C_driver:u_I2C_Config|SENT           ; I2C_driver:u_I2C_Config|SENT ; 0.000        ; 0.231      ; 0.814      ;
; 0.520 ; config_CODEC:u_CODEC_config|address[1] ; config_CODEC:u_CODEC_config|DATA[5]    ; I2C_driver:u_I2C_Config|SENT           ; I2C_driver:u_I2C_Config|SENT ; 0.000        ; 0.231      ; 0.835      ;
; 0.526 ; config_CODEC:u_CODEC_config|address[1] ; config_CODEC:u_CODEC_config|DATA[2]    ; I2C_driver:u_I2C_Config|SENT           ; I2C_driver:u_I2C_Config|SENT ; 0.000        ; 0.043      ; 0.653      ;
; 0.529 ; config_CODEC:u_CODEC_config|address[1] ; config_CODEC:u_CODEC_config|address[4] ; I2C_driver:u_I2C_Config|SENT           ; I2C_driver:u_I2C_Config|SENT ; 0.000        ; 0.043      ; 0.656      ;
; 0.533 ; config_CODEC:u_CODEC_config|address[3] ; config_CODEC:u_CODEC_config|DATA[10]   ; I2C_driver:u_I2C_Config|SENT           ; I2C_driver:u_I2C_Config|SENT ; 0.000        ; 0.044      ; 0.661      ;
; 0.535 ; config_CODEC:u_CODEC_config|address[2] ; config_CODEC:u_CODEC_config|address[4] ; I2C_driver:u_I2C_Config|SENT           ; I2C_driver:u_I2C_Config|SENT ; 0.000        ; 0.043      ; 0.662      ;
; 0.537 ; config_CODEC:u_CODEC_config|address[3] ; config_CODEC:u_CODEC_config|DATA[5]    ; I2C_driver:u_I2C_Config|SENT           ; I2C_driver:u_I2C_Config|SENT ; 0.000        ; 0.231      ; 0.852      ;
; 0.564 ; config_CODEC:u_CODEC_config|address[0] ; config_CODEC:u_CODEC_config|address[2] ; I2C_driver:u_I2C_Config|SENT           ; I2C_driver:u_I2C_Config|SENT ; 0.000        ; 0.043      ; 0.691      ;
; 0.567 ; config_CODEC:u_CODEC_config|address[0] ; config_CODEC:u_CODEC_config|address[3] ; I2C_driver:u_I2C_Config|SENT           ; I2C_driver:u_I2C_Config|SENT ; 0.000        ; 0.043      ; 0.694      ;
; 0.570 ; config_CODEC:u_CODEC_config|address[0] ; config_CODEC:u_CODEC_config|DATA[0]    ; I2C_driver:u_I2C_Config|SENT           ; I2C_driver:u_I2C_Config|SENT ; 0.000        ; 0.043      ; 0.697      ;
; 0.608 ; config_CODEC:u_CODEC_config|address[4] ; config_CODEC:u_CODEC_config|DATA[12]   ; I2C_driver:u_I2C_Config|SENT           ; I2C_driver:u_I2C_Config|SENT ; 0.000        ; 0.044      ; 0.736      ;
; 0.608 ; config_CODEC:u_CODEC_config|address[4] ; config_CODEC:u_CODEC_config|DATA[11]   ; I2C_driver:u_I2C_Config|SENT           ; I2C_driver:u_I2C_Config|SENT ; 0.000        ; 0.044      ; 0.736      ;
; 0.610 ; config_CODEC:u_CODEC_config|address[4] ; config_CODEC:u_CODEC_config|DATA[10]   ; I2C_driver:u_I2C_Config|SENT           ; I2C_driver:u_I2C_Config|SENT ; 0.000        ; 0.044      ; 0.738      ;
; 0.611 ; config_CODEC:u_CODEC_config|address[4] ; config_CODEC:u_CODEC_config|DATA[9]    ; I2C_driver:u_I2C_Config|SENT           ; I2C_driver:u_I2C_Config|SENT ; 0.000        ; 0.044      ; 0.739      ;
; 0.630 ; config_CODEC:u_CODEC_config|address[0] ; config_CODEC:u_CODEC_config|address[4] ; I2C_driver:u_I2C_Config|SENT           ; I2C_driver:u_I2C_Config|SENT ; 0.000        ; 0.043      ; 0.757      ;
; 0.653 ; config_CODEC:u_CODEC_config|address[3] ; config_CODEC:u_CODEC_config|DATA[0]    ; I2C_driver:u_I2C_Config|SENT           ; I2C_driver:u_I2C_Config|SENT ; 0.000        ; 0.043      ; 0.780      ;
; 0.675 ; config_CODEC:u_CODEC_config|address[0] ; config_CODEC:u_CODEC_config|DATA[4]    ; I2C_driver:u_I2C_Config|SENT           ; I2C_driver:u_I2C_Config|SENT ; 0.000        ; 0.043      ; 0.802      ;
; 0.679 ; config_CODEC:u_CODEC_config|address[2] ; config_CODEC:u_CODEC_config|DATA[0]    ; I2C_driver:u_I2C_Config|SENT           ; I2C_driver:u_I2C_Config|SENT ; 0.000        ; 0.043      ; 0.806      ;
; 0.690 ; config_CODEC:u_CODEC_config|address[2] ; config_CODEC:u_CODEC_config|DATA[10]   ; I2C_driver:u_I2C_Config|SENT           ; I2C_driver:u_I2C_Config|SENT ; 0.000        ; 0.044      ; 0.818      ;
; 0.716 ; config_CODEC:u_CODEC_config|address[1] ; config_CODEC:u_CODEC_config|DATA[0]    ; I2C_driver:u_I2C_Config|SENT           ; I2C_driver:u_I2C_Config|SENT ; 0.000        ; 0.043      ; 0.843      ;
; 0.716 ; config_CODEC:u_CODEC_config|address[2] ; config_CODEC:u_CODEC_config|DATA[4]    ; I2C_driver:u_I2C_Config|SENT           ; I2C_driver:u_I2C_Config|SENT ; 0.000        ; 0.043      ; 0.843      ;
; 0.719 ; config_CODEC:u_CODEC_config|address[4] ; config_CODEC:u_CODEC_config|DATA[2]    ; I2C_driver:u_I2C_Config|SENT           ; I2C_driver:u_I2C_Config|SENT ; 0.000        ; 0.043      ; 0.846      ;
; 0.723 ; config_CODEC:u_CODEC_config|address[4] ; config_CODEC:u_CODEC_config|address[2] ; I2C_driver:u_I2C_Config|SENT           ; I2C_driver:u_I2C_Config|SENT ; 0.000        ; 0.043      ; 0.850      ;
; 0.723 ; config_CODEC:u_CODEC_config|address[4] ; config_CODEC:u_CODEC_config|address[1] ; I2C_driver:u_I2C_Config|SENT           ; I2C_driver:u_I2C_Config|SENT ; 0.000        ; 0.043      ; 0.850      ;
; 0.723 ; config_CODEC:u_CODEC_config|address[4] ; config_CODEC:u_CODEC_config|address[3] ; I2C_driver:u_I2C_Config|SENT           ; I2C_driver:u_I2C_Config|SENT ; 0.000        ; 0.043      ; 0.850      ;
; 0.735 ; config_CODEC:u_CODEC_config|address[4] ; config_CODEC:u_CODEC_config|DATA[4]    ; I2C_driver:u_I2C_Config|SENT           ; I2C_driver:u_I2C_Config|SENT ; 0.000        ; 0.043      ; 0.862      ;
; 0.749 ; config_CODEC:u_CODEC_config|address[1] ; config_CODEC:u_CODEC_config|DATA[4]    ; I2C_driver:u_I2C_Config|SENT           ; I2C_driver:u_I2C_Config|SENT ; 0.000        ; 0.043      ; 0.876      ;
; 0.755 ; config_CODEC:u_CODEC_config|address[2] ; config_CODEC:u_CODEC_config|address[1] ; I2C_driver:u_I2C_Config|SENT           ; I2C_driver:u_I2C_Config|SENT ; 0.000        ; 0.043      ; 0.882      ;
; 0.757 ; config_CODEC:u_CODEC_config|address[0] ; config_CODEC:u_CODEC_config|DATA[12]   ; I2C_driver:u_I2C_Config|SENT           ; I2C_driver:u_I2C_Config|SENT ; 0.000        ; 0.044      ; 0.885      ;
; 0.774 ; config_CODEC:u_CODEC_config|address[1] ; config_CODEC:u_CODEC_config|DATA[12]   ; I2C_driver:u_I2C_Config|SENT           ; I2C_driver:u_I2C_Config|SENT ; 0.000        ; 0.044      ; 0.902      ;
; 0.781 ; config_CODEC:u_CODEC_config|address[2] ; config_CODEC:u_CODEC_config|DATA[11]   ; I2C_driver:u_I2C_Config|SENT           ; I2C_driver:u_I2C_Config|SENT ; 0.000        ; 0.044      ; 0.909      ;
; 0.782 ; config_CODEC:u_CODEC_config|address[0] ; config_CODEC:u_CODEC_config|DATA[9]    ; I2C_driver:u_I2C_Config|SENT           ; I2C_driver:u_I2C_Config|SENT ; 0.000        ; 0.044      ; 0.910      ;
; 0.791 ; config_CODEC:u_CODEC_config|address[0] ; config_CODEC:u_CODEC_config|DATA[11]   ; I2C_driver:u_I2C_Config|SENT           ; I2C_driver:u_I2C_Config|SENT ; 0.000        ; 0.044      ; 0.919      ;
; 0.800 ; config_CODEC:u_CODEC_config|address[3] ; config_CODEC:u_CODEC_config|address[2] ; I2C_driver:u_I2C_Config|SENT           ; I2C_driver:u_I2C_Config|SENT ; 0.000        ; 0.043      ; 0.927      ;
; 0.800 ; config_CODEC:u_CODEC_config|address[3] ; config_CODEC:u_CODEC_config|address[1] ; I2C_driver:u_I2C_Config|SENT           ; I2C_driver:u_I2C_Config|SENT ; 0.000        ; 0.043      ; 0.927      ;
; 0.811 ; config_CODEC:u_CODEC_config|address[3] ; config_CODEC:u_CODEC_config|DATA[12]   ; I2C_driver:u_I2C_Config|SENT           ; I2C_driver:u_I2C_Config|SENT ; 0.000        ; 0.044      ; 0.939      ;
; 0.812 ; config_CODEC:u_CODEC_config|address[4] ; config_CODEC:u_CODEC_config|DATA[3]    ; I2C_driver:u_I2C_Config|SENT           ; I2C_driver:u_I2C_Config|SENT ; 0.000        ; 0.044      ; 0.940      ;
; 0.819 ; config_CODEC:u_CODEC_config|address[2] ; config_CODEC:u_CODEC_config|DATA[12]   ; I2C_driver:u_I2C_Config|SENT           ; I2C_driver:u_I2C_Config|SENT ; 0.000        ; 0.044      ; 0.947      ;
; 0.822 ; config_CODEC:u_CODEC_config|address[2] ; config_CODEC:u_CODEC_config|DATA[9]    ; I2C_driver:u_I2C_Config|SENT           ; I2C_driver:u_I2C_Config|SENT ; 0.000        ; 0.044      ; 0.950      ;
; 0.822 ; config_CODEC:u_CODEC_config|address[3] ; config_CODEC:u_CODEC_config|DATA[9]    ; I2C_driver:u_I2C_Config|SENT           ; I2C_driver:u_I2C_Config|SENT ; 0.000        ; 0.044      ; 0.950      ;
; 0.823 ; config_CODEC:u_CODEC_config|address[4] ; config_CODEC:u_CODEC_config|DATA[1]    ; I2C_driver:u_I2C_Config|SENT           ; I2C_driver:u_I2C_Config|SENT ; 0.000        ; 0.044      ; 0.951      ;
; 0.824 ; config_CODEC:u_CODEC_config|address[2] ; config_CODEC:u_CODEC_config|DATA[1]    ; I2C_driver:u_I2C_Config|SENT           ; I2C_driver:u_I2C_Config|SENT ; 0.000        ; 0.044      ; 0.952      ;
; 0.828 ; config_CODEC:u_CODEC_config|address[2] ; config_CODEC:u_CODEC_config|DATA[3]    ; I2C_driver:u_I2C_Config|SENT           ; I2C_driver:u_I2C_Config|SENT ; 0.000        ; 0.044      ; 0.956      ;
; 0.830 ; config_CODEC:u_CODEC_config|address[3] ; config_CODEC:u_CODEC_config|DATA[11]   ; I2C_driver:u_I2C_Config|SENT           ; I2C_driver:u_I2C_Config|SENT ; 0.000        ; 0.044      ; 0.958      ;
; 0.857 ; config_CODEC:u_CODEC_config|address[3] ; config_CODEC:u_CODEC_config|DATA[2]    ; I2C_driver:u_I2C_Config|SENT           ; I2C_driver:u_I2C_Config|SENT ; 0.000        ; 0.043      ; 0.984      ;
; 0.860 ; config_CODEC:u_CODEC_config|address[3] ; config_CODEC:u_CODEC_config|DATA[4]    ; I2C_driver:u_I2C_Config|SENT           ; I2C_driver:u_I2C_Config|SENT ; 0.000        ; 0.043      ; 0.987      ;
; 0.862 ; config_CODEC:u_CODEC_config|address[1] ; config_CODEC:u_CODEC_config|DATA[1]    ; I2C_driver:u_I2C_Config|SENT           ; I2C_driver:u_I2C_Config|SENT ; 0.000        ; 0.044      ; 0.990      ;
; 0.881 ; config_CODEC:u_CODEC_config|address[1] ; config_CODEC:u_CODEC_config|DATA[10]   ; I2C_driver:u_I2C_Config|SENT           ; I2C_driver:u_I2C_Config|SENT ; 0.000        ; 0.044      ; 1.009      ;
; 0.884 ; config_CODEC:u_CODEC_config|address[1] ; config_CODEC:u_CODEC_config|DATA[9]    ; I2C_driver:u_I2C_Config|SENT           ; I2C_driver:u_I2C_Config|SENT ; 0.000        ; 0.044      ; 1.012      ;
; 0.899 ; config_CODEC:u_CODEC_config|address[1] ; config_CODEC:u_CODEC_config|DATA[11]   ; I2C_driver:u_I2C_Config|SENT           ; I2C_driver:u_I2C_Config|SENT ; 0.000        ; 0.044      ; 1.027      ;
; 0.902 ; config_CODEC:u_CODEC_config|address[1] ; config_CODEC:u_CODEC_config|DATA[3]    ; I2C_driver:u_I2C_Config|SENT           ; I2C_driver:u_I2C_Config|SENT ; 0.000        ; 0.044      ; 1.030      ;
; 0.937 ; config_CODEC:u_CODEC_config|address[3] ; config_CODEC:u_CODEC_config|DATA[3]    ; I2C_driver:u_I2C_Config|SENT           ; I2C_driver:u_I2C_Config|SENT ; 0.000        ; 0.044      ; 1.065      ;
; 0.945 ; config_CODEC:u_CODEC_config|address[3] ; config_CODEC:u_CODEC_config|DATA[1]    ; I2C_driver:u_I2C_Config|SENT           ; I2C_driver:u_I2C_Config|SENT ; 0.000        ; 0.044      ; 1.073      ;
; 0.955 ; config_CODEC:u_CODEC_config|address[4] ; config_CODEC:u_CODEC_config|address[0] ; I2C_driver:u_I2C_Config|SENT           ; I2C_driver:u_I2C_Config|SENT ; 0.000        ; 0.043      ; 1.082      ;
; 1.005 ; config_CODEC:u_CODEC_config|address[2] ; config_CODEC:u_CODEC_config|address[0] ; I2C_driver:u_I2C_Config|SENT           ; I2C_driver:u_I2C_Config|SENT ; 0.000        ; 0.043      ; 1.132      ;
; 1.047 ; config_CODEC:u_CODEC_config|address[3] ; config_CODEC:u_CODEC_config|address[0] ; I2C_driver:u_I2C_Config|SENT           ; I2C_driver:u_I2C_Config|SENT ; 0.000        ; 0.043      ; 1.174      ;
; 1.082 ; config_CODEC:u_CODEC_config|address[0] ; config_CODEC:u_CODEC_config|DATA[1]    ; I2C_driver:u_I2C_Config|SENT           ; I2C_driver:u_I2C_Config|SENT ; 0.000        ; 0.044      ; 1.210      ;
; 1.172 ; config_CODEC:u_CODEC_config|address[1] ; config_CODEC:u_CODEC_config|address[0] ; I2C_driver:u_I2C_Config|SENT           ; I2C_driver:u_I2C_Config|SENT ; 0.000        ; 0.043      ; 1.299      ;
+-------+----------------------------------------+----------------------------------------+----------------------------------------+------------------------------+--------------+------------+------------+


+----------------------------------------------------------------------------------------------------------------------------------------------------------------------------------+
; Fast 1200mV 0C Model Recovery: 'I2C_driver:u_I2C_Config|SENT'                                                                                                                    ;
+-------+------------------------------------------+----------------------------------------+--------------+------------------------------+--------------+------------+------------+
; Slack ; From Node                                ; To Node                                ; Launch Clock ; Latch Clock                  ; Relationship ; Clock Skew ; Data Delay ;
+-------+------------------------------------------+----------------------------------------+--------------+------------------------------+--------------+------------+------------+
; 0.298 ; key_detect:u_switch_trigger|key1_pressed ; config_CODEC:u_CODEC_config|address[0] ; CLOCK_50     ; I2C_driver:u_I2C_Config|SENT ; 1.000        ; 0.617      ; 1.296      ;
; 0.322 ; key_detect:u_switch_trigger|key0_pressed ; config_CODEC:u_CODEC_config|address[0] ; CLOCK_50     ; I2C_driver:u_I2C_Config|SENT ; 1.000        ; 0.617      ; 1.272      ;
; 0.373 ; key_detect:u_switch_trigger|key1_pressed ; config_CODEC:u_CODEC_config|address[1] ; CLOCK_50     ; I2C_driver:u_I2C_Config|SENT ; 1.000        ; 0.617      ; 1.221      ;
; 0.373 ; key_detect:u_switch_trigger|key1_pressed ; config_CODEC:u_CODEC_config|address[2] ; CLOCK_50     ; I2C_driver:u_I2C_Config|SENT ; 1.000        ; 0.617      ; 1.221      ;
; 0.373 ; key_detect:u_switch_trigger|key1_pressed ; config_CODEC:u_CODEC_config|address[3] ; CLOCK_50     ; I2C_driver:u_I2C_Config|SENT ; 1.000        ; 0.617      ; 1.221      ;
; 0.373 ; key_detect:u_switch_trigger|key1_pressed ; config_CODEC:u_CODEC_config|address[4] ; CLOCK_50     ; I2C_driver:u_I2C_Config|SENT ; 1.000        ; 0.617      ; 1.221      ;
; 0.397 ; key_detect:u_switch_trigger|key0_pressed ; config_CODEC:u_CODEC_config|address[1] ; CLOCK_50     ; I2C_driver:u_I2C_Config|SENT ; 1.000        ; 0.617      ; 1.197      ;
; 0.397 ; key_detect:u_switch_trigger|key0_pressed ; config_CODEC:u_CODEC_config|address[2] ; CLOCK_50     ; I2C_driver:u_I2C_Config|SENT ; 1.000        ; 0.617      ; 1.197      ;
; 0.397 ; key_detect:u_switch_trigger|key0_pressed ; config_CODEC:u_CODEC_config|address[3] ; CLOCK_50     ; I2C_driver:u_I2C_Config|SENT ; 1.000        ; 0.617      ; 1.197      ;
; 0.397 ; key_detect:u_switch_trigger|key0_pressed ; config_CODEC:u_CODEC_config|address[4] ; CLOCK_50     ; I2C_driver:u_I2C_Config|SENT ; 1.000        ; 0.617      ; 1.197      ;
+-------+------------------------------------------+----------------------------------------+--------------+------------------------------+--------------+------------+------------+


+----------------------------------------------------------------------------------------------------------------------------------------------------------------------------------+
; Fast 1200mV 0C Model Removal: 'I2C_driver:u_I2C_Config|SENT'                                                                                                                     ;
+-------+------------------------------------------+----------------------------------------+--------------+------------------------------+--------------+------------+------------+
; Slack ; From Node                                ; To Node                                ; Launch Clock ; Latch Clock                  ; Relationship ; Clock Skew ; Data Delay ;
+-------+------------------------------------------+----------------------------------------+--------------+------------------------------+--------------+------------+------------+
; 0.235 ; key_detect:u_switch_trigger|key1_pressed ; config_CODEC:u_CODEC_config|address[1] ; CLOCK_50     ; I2C_driver:u_I2C_Config|SENT ; 0.000        ; 0.780      ; 1.129      ;
; 0.235 ; key_detect:u_switch_trigger|key1_pressed ; config_CODEC:u_CODEC_config|address[2] ; CLOCK_50     ; I2C_driver:u_I2C_Config|SENT ; 0.000        ; 0.780      ; 1.129      ;
; 0.235 ; key_detect:u_switch_trigger|key1_pressed ; config_CODEC:u_CODEC_config|address[3] ; CLOCK_50     ; I2C_driver:u_I2C_Config|SENT ; 0.000        ; 0.780      ; 1.129      ;
; 0.235 ; key_detect:u_switch_trigger|key1_pressed ; config_CODEC:u_CODEC_config|address[4] ; CLOCK_50     ; I2C_driver:u_I2C_Config|SENT ; 0.000        ; 0.780      ; 1.129      ;
; 0.247 ; key_detect:u_switch_trigger|key0_pressed ; config_CODEC:u_CODEC_config|address[1] ; CLOCK_50     ; I2C_driver:u_I2C_Config|SENT ; 0.000        ; 0.780      ; 1.141      ;
; 0.247 ; key_detect:u_switch_trigger|key0_pressed ; config_CODEC:u_CODEC_config|address[2] ; CLOCK_50     ; I2C_driver:u_I2C_Config|SENT ; 0.000        ; 0.780      ; 1.141      ;
; 0.247 ; key_detect:u_switch_trigger|key0_pressed ; config_CODEC:u_CODEC_config|address[3] ; CLOCK_50     ; I2C_driver:u_I2C_Config|SENT ; 0.000        ; 0.780      ; 1.141      ;
; 0.247 ; key_detect:u_switch_trigger|key0_pressed ; config_CODEC:u_CODEC_config|address[4] ; CLOCK_50     ; I2C_driver:u_I2C_Config|SENT ; 0.000        ; 0.780      ; 1.141      ;
; 0.307 ; key_detect:u_switch_trigger|key1_pressed ; config_CODEC:u_CODEC_config|address[0] ; CLOCK_50     ; I2C_driver:u_I2C_Config|SENT ; 0.000        ; 0.780      ; 1.201      ;
; 0.319 ; key_detect:u_switch_trigger|key0_pressed ; config_CODEC:u_CODEC_config|address[0] ; CLOCK_50     ; I2C_driver:u_I2C_Config|SENT ; 0.000        ; 0.780      ; 1.213      ;
+-------+------------------------------------------+----------------------------------------+--------------+------------------------------+--------------+------------+------------+


----------------------------------------------
; Fast 1200mV 0C Model Metastability Summary ;
----------------------------------------------
The design MTBF is not calculated because there are no specified synchronizers in the design.
Number of Synchronizer Chains Found: 28
Shortest Synchronizer Chain: 2 Registers
Fraction of Chains for which MTBFs Could Not be Calculated: 1.000
Worst Case Available Settling Time: 18.272 ns




+-----------------------------------------------------------------------------------------------------------------------+
; Multicorner Timing Analysis Summary                                                                                   ;
+-------------------------------------------------------+-----------+--------+----------+---------+---------------------+
; Clock                                                 ; Setup     ; Hold   ; Recovery ; Removal ; Minimum Pulse Width ;
+-------------------------------------------------------+-----------+--------+----------+---------+---------------------+
; Worst-case Slack                                      ; -25.990   ; -0.022 ; -0.564   ; 0.235   ; -3.000              ;
;  AUD_BCLK                                             ; -3.776    ; -0.022 ; N/A      ; N/A     ; -3.000              ;
;  CLOCK_50                                             ; -23.717   ; 0.088  ; N/A      ; N/A     ; 9.199               ;
;  I2C_driver:u_I2C_Config|SENT                         ; -1.927    ; 0.180  ; -0.564   ; 0.235   ; -1.285              ;
;  PLL_inst|altpll_component|auto_generated|pll1|clk[0] ; -8.854    ; 0.116  ; N/A      ; N/A     ; 4.694               ;
;  config_CODEC:u_CODEC_config|counter[9]               ; -25.990   ; 0.149  ; N/A      ; N/A     ; -3.000              ;
; Design-wide TNS                                       ; -7894.111 ; -0.08  ; -2.168   ; 0.0     ; -2034.832           ;
;  AUD_BCLK                                             ; -297.696  ; -0.080 ; N/A      ; N/A     ; -190.727            ;
;  CLOCK_50                                             ; -4761.321 ; 0.000  ; N/A      ; N/A     ; 0.000               ;
;  I2C_driver:u_I2C_Config|SENT                         ; -21.742   ; 0.000  ; -2.168   ; 0.000   ; -20.560             ;
;  PLL_inst|altpll_component|auto_generated|pll1|clk[0] ; -318.355  ; 0.000  ; N/A      ; N/A     ; 0.000               ;
;  config_CODEC:u_CODEC_config|counter[9]               ; -2494.997 ; 0.000  ; N/A      ; N/A     ; -1869.579           ;
+-------------------------------------------------------+-----------+--------+----------+---------+---------------------+


+------------------------------------------------------------------------------------------------------------------------------------------------------------------------------------------------------------------------------------------------------------------------------------------------------------------------------------------------------------------------------------------------------------------+
; Board Trace Model Assignments                                                                                                                                                                                                                                                                                                                                                                                    ;
+---------------+--------------+-------------------+-------------------------+-------------------------+---------------+---------------------+----------------+------------------+--------+------------------+------------------------+------------------------+--------------+---------------+-----------------+-------+---------------------+--------------------+---------------+-----------------+-------------+
; Pin           ; I/O Standard ; Near Tline Length ; Near Tline L per Length ; Near Tline C per Length ; Near Series R ; Near Differential R ; Near Pull-up R ; Near Pull-down R ; Near C ; Far Tline Length ; Far Tline L per Length ; Far Tline C per Length ; Far Series R ; Far Pull-up R ; Far Pull-down R ; Far C ; Termination Voltage ; Far Differential R ; EBD File Name ; EBD Signal Name ; EBD Far-end ;
+---------------+--------------+-------------------+-------------------------+-------------------------+---------------+---------------------+----------------+------------------+--------+------------------+------------------------+------------------------+--------------+---------------+-----------------+-------+---------------------+--------------------+---------------+-----------------+-------------+
; LEDR[0]       ; 2.5 V        ; 0 in              ; 0 H/in                  ; 0 F/in                  ; short         ; -                   ; open           ; open             ; open   ; 0 in             ; 0 H/in                 ; 0 F/in                 ; short        ; open          ; open            ; open  ; 0 V                 ; -                  ; n/a           ; n/a             ; n/a         ;
; LEDR[1]       ; 2.5 V        ; 0 in              ; 0 H/in                  ; 0 F/in                  ; short         ; -                   ; open           ; open             ; open   ; 0 in             ; 0 H/in                 ; 0 F/in                 ; short        ; open          ; open            ; open  ; 0 V                 ; -                  ; n/a           ; n/a             ; n/a         ;
; LEDR[2]       ; 2.5 V        ; 0 in              ; 0 H/in                  ; 0 F/in                  ; short         ; -                   ; open           ; open             ; open   ; 0 in             ; 0 H/in                 ; 0 F/in                 ; short        ; open          ; open            ; open  ; 0 V                 ; -                  ; n/a           ; n/a             ; n/a         ;
; LEDR[3]       ; 2.5 V        ; 0 in              ; 0 H/in                  ; 0 F/in                  ; short         ; -                   ; open           ; open             ; open   ; 0 in             ; 0 H/in                 ; 0 F/in                 ; short        ; open          ; open            ; open  ; 0 V                 ; -                  ; n/a           ; n/a             ; n/a         ;
; LEDR[4]       ; 2.5 V        ; 0 in              ; 0 H/in                  ; 0 F/in                  ; short         ; -                   ; open           ; open             ; open   ; 0 in             ; 0 H/in                 ; 0 F/in                 ; short        ; open          ; open            ; open  ; 0 V                 ; -                  ; n/a           ; n/a             ; n/a         ;
; LEDR[5]       ; 2.5 V        ; 0 in              ; 0 H/in                  ; 0 F/in                  ; short         ; -                   ; open           ; open             ; open   ; 0 in             ; 0 H/in                 ; 0 F/in                 ; short        ; open          ; open            ; open  ; 0 V                 ; -                  ; n/a           ; n/a             ; n/a         ;
; LEDR[6]       ; 2.5 V        ; 0 in              ; 0 H/in                  ; 0 F/in                  ; short         ; -                   ; open           ; open             ; open   ; 0 in             ; 0 H/in                 ; 0 F/in                 ; short        ; open          ; open            ; open  ; 0 V                 ; -                  ; n/a           ; n/a             ; n/a         ;
; LEDR[7]       ; 2.5 V        ; 0 in              ; 0 H/in                  ; 0 F/in                  ; short         ; -                   ; open           ; open             ; open   ; 0 in             ; 0 H/in                 ; 0 F/in                 ; short        ; open          ; open            ; open  ; 0 V                 ; -                  ; n/a           ; n/a             ; n/a         ;
; LEDR[8]       ; 2.5 V        ; 0 in              ; 0 H/in                  ; 0 F/in                  ; short         ; -                   ; open           ; open             ; open   ; 0 in             ; 0 H/in                 ; 0 F/in                 ; short        ; open          ; open            ; open  ; 0 V                 ; -                  ; n/a           ; n/a             ; n/a         ;
; LEDR[9]       ; 2.5 V        ; 0 in              ; 0 H/in                  ; 0 F/in                  ; short         ; -                   ; open           ; open             ; open   ; 0 in             ; 0 H/in                 ; 0 F/in                 ; short        ; open          ; open            ; open  ; 0 V                 ; -                  ; n/a           ; n/a             ; n/a         ;
; LEDR[10]      ; 2.5 V        ; 0 in              ; 0 H/in                  ; 0 F/in                  ; short         ; -                   ; open           ; open             ; open   ; 0 in             ; 0 H/in                 ; 0 F/in                 ; short        ; open          ; open            ; open  ; 0 V                 ; -                  ; n/a           ; n/a             ; n/a         ;
; LEDR[11]      ; 2.5 V        ; 0 in              ; 0 H/in                  ; 0 F/in                  ; short         ; -                   ; open           ; open             ; open   ; 0 in             ; 0 H/in                 ; 0 F/in                 ; short        ; open          ; open            ; open  ; 0 V                 ; -                  ; n/a           ; n/a             ; n/a         ;
; LEDR[12]      ; 2.5 V        ; 0 in              ; 0 H/in                  ; 0 F/in                  ; short         ; -                   ; open           ; open             ; open   ; 0 in             ; 0 H/in                 ; 0 F/in                 ; short        ; open          ; open            ; open  ; 0 V                 ; -                  ; n/a           ; n/a             ; n/a         ;
; LEDR[13]      ; 2.5 V        ; 0 in              ; 0 H/in                  ; 0 F/in                  ; short         ; -                   ; open           ; open             ; open   ; 0 in             ; 0 H/in                 ; 0 F/in                 ; short        ; open          ; open            ; open  ; 0 V                 ; -                  ; n/a           ; n/a             ; n/a         ;
; LEDR[14]      ; 2.5 V        ; 0 in              ; 0 H/in                  ; 0 F/in                  ; short         ; -                   ; open           ; open             ; open   ; 0 in             ; 0 H/in                 ; 0 F/in                 ; short        ; open          ; open            ; open  ; 0 V                 ; -                  ; n/a           ; n/a             ; n/a         ;
; LEDR[15]      ; 2.5 V        ; 0 in              ; 0 H/in                  ; 0 F/in                  ; short         ; -                   ; open           ; open             ; open   ; 0 in             ; 0 H/in                 ; 0 F/in                 ; short        ; open          ; open            ; open  ; 0 V                 ; -                  ; n/a           ; n/a             ; n/a         ;
; LEDR[16]      ; 2.5 V        ; 0 in              ; 0 H/in                  ; 0 F/in                  ; short         ; -                   ; open           ; open             ; open   ; 0 in             ; 0 H/in                 ; 0 F/in                 ; short        ; open          ; open            ; open  ; 0 V                 ; -                  ; n/a           ; n/a             ; n/a         ;
; LEDR[17]      ; 2.5 V        ; 0 in              ; 0 H/in                  ; 0 F/in                  ; short         ; -                   ; open           ; open             ; open   ; 0 in             ; 0 H/in                 ; 0 F/in                 ; short        ; open          ; open            ; open  ; 0 V                 ; -                  ; n/a           ; n/a             ; n/a         ;
; LEDG[0]       ; 2.5 V        ; 0 in              ; 0 H/in                  ; 0 F/in                  ; short         ; -                   ; open           ; open             ; open   ; 0 in             ; 0 H/in                 ; 0 F/in                 ; short        ; open          ; open            ; open  ; 0 V                 ; -                  ; n/a           ; n/a             ; n/a         ;
; LEDG[1]       ; 2.5 V        ; 0 in              ; 0 H/in                  ; 0 F/in                  ; short         ; -                   ; open           ; open             ; open   ; 0 in             ; 0 H/in                 ; 0 F/in                 ; short        ; open          ; open            ; open  ; 0 V                 ; -                  ; n/a           ; n/a             ; n/a         ;
; LEDG[2]       ; 2.5 V        ; 0 in              ; 0 H/in                  ; 0 F/in                  ; short         ; -                   ; open           ; open             ; open   ; 0 in             ; 0 H/in                 ; 0 F/in                 ; short        ; open          ; open            ; open  ; 0 V                 ; -                  ; n/a           ; n/a             ; n/a         ;
; LEDG[3]       ; 2.5 V        ; 0 in              ; 0 H/in                  ; 0 F/in                  ; short         ; -                   ; open           ; open             ; open   ; 0 in             ; 0 H/in                 ; 0 F/in                 ; short        ; open          ; open            ; open  ; 0 V                 ; -                  ; n/a           ; n/a             ; n/a         ;
; LEDG[4]       ; 2.5 V        ; 0 in              ; 0 H/in                  ; 0 F/in                  ; short         ; -                   ; open           ; open             ; open   ; 0 in             ; 0 H/in                 ; 0 F/in                 ; short        ; open          ; open            ; open  ; 0 V                 ; -                  ; n/a           ; n/a             ; n/a         ;
; LEDG[5]       ; 2.5 V        ; 0 in              ; 0 H/in                  ; 0 F/in                  ; short         ; -                   ; open           ; open             ; open   ; 0 in             ; 0 H/in                 ; 0 F/in                 ; short        ; open          ; open            ; open  ; 0 V                 ; -                  ; n/a           ; n/a             ; n/a         ;
; LEDG[6]       ; 2.5 V        ; 0 in              ; 0 H/in                  ; 0 F/in                  ; short         ; -                   ; open           ; open             ; open   ; 0 in             ; 0 H/in                 ; 0 F/in                 ; short        ; open          ; open            ; open  ; 0 V                 ; -                  ; n/a           ; n/a             ; n/a         ;
; LEDG[7]       ; 2.5 V        ; 0 in              ; 0 H/in                  ; 0 F/in                  ; short         ; -                   ; open           ; open             ; open   ; 0 in             ; 0 H/in                 ; 0 F/in                 ; short        ; open          ; open            ; open  ; 0 V                 ; -                  ; n/a           ; n/a             ; n/a         ;
; HEX0[0]       ; 2.5 V        ; 0 in              ; 0 H/in                  ; 0 F/in                  ; short         ; -                   ; open           ; open             ; open   ; 0 in             ; 0 H/in                 ; 0 F/in                 ; short        ; open          ; open            ; open  ; 0 V                 ; -                  ; n/a           ; n/a             ; n/a         ;
; HEX0[1]       ; 2.5 V        ; 0 in              ; 0 H/in                  ; 0 F/in                  ; short         ; -                   ; open           ; open             ; open   ; 0 in             ; 0 H/in                 ; 0 F/in                 ; short        ; open          ; open            ; open  ; 0 V                 ; -                  ; n/a           ; n/a             ; n/a         ;
; HEX0[2]       ; 2.5 V        ; 0 in              ; 0 H/in                  ; 0 F/in                  ; short         ; -                   ; open           ; open             ; open   ; 0 in             ; 0 H/in                 ; 0 F/in                 ; short        ; open          ; open            ; open  ; 0 V                 ; -                  ; n/a           ; n/a             ; n/a         ;
; HEX0[3]       ; 2.5 V        ; 0 in              ; 0 H/in                  ; 0 F/in                  ; short         ; -                   ; open           ; open             ; open   ; 0 in             ; 0 H/in                 ; 0 F/in                 ; short        ; open          ; open            ; open  ; 0 V                 ; -                  ; n/a           ; n/a             ; n/a         ;
; HEX0[4]       ; 2.5 V        ; 0 in              ; 0 H/in                  ; 0 F/in                  ; short         ; -                   ; open           ; open             ; open   ; 0 in             ; 0 H/in                 ; 0 F/in                 ; short        ; open          ; open            ; open  ; 0 V                 ; -                  ; n/a           ; n/a             ; n/a         ;
; HEX0[5]       ; 2.5 V        ; 0 in              ; 0 H/in                  ; 0 F/in                  ; short         ; -                   ; open           ; open             ; open   ; 0 in             ; 0 H/in                 ; 0 F/in                 ; short        ; open          ; open            ; open  ; 0 V                 ; -                  ; n/a           ; n/a             ; n/a         ;
; HEX0[6]       ; 2.5 V        ; 0 in              ; 0 H/in                  ; 0 F/in                  ; short         ; -                   ; open           ; open             ; open   ; 0 in             ; 0 H/in                 ; 0 F/in                 ; short        ; open          ; open            ; open  ; 0 V                 ; -                  ; n/a           ; n/a             ; n/a         ;
; HEX1[0]       ; 2.5 V        ; 0 in              ; 0 H/in                  ; 0 F/in                  ; short         ; -                   ; open           ; open             ; open   ; 0 in             ; 0 H/in                 ; 0 F/in                 ; short        ; open          ; open            ; open  ; 0 V                 ; -                  ; n/a           ; n/a             ; n/a         ;
; HEX1[1]       ; 2.5 V        ; 0 in              ; 0 H/in                  ; 0 F/in                  ; short         ; -                   ; open           ; open             ; open   ; 0 in             ; 0 H/in                 ; 0 F/in                 ; short        ; open          ; open            ; open  ; 0 V                 ; -                  ; n/a           ; n/a             ; n/a         ;
; HEX1[2]       ; 2.5 V        ; 0 in              ; 0 H/in                  ; 0 F/in                  ; short         ; -                   ; open           ; open             ; open   ; 0 in             ; 0 H/in                 ; 0 F/in                 ; short        ; open          ; open            ; open  ; 0 V                 ; -                  ; n/a           ; n/a             ; n/a         ;
; HEX1[3]       ; 2.5 V        ; 0 in              ; 0 H/in                  ; 0 F/in                  ; short         ; -                   ; open           ; open             ; open   ; 0 in             ; 0 H/in                 ; 0 F/in                 ; short        ; open          ; open            ; open  ; 0 V                 ; -                  ; n/a           ; n/a             ; n/a         ;
; HEX1[4]       ; 2.5 V        ; 0 in              ; 0 H/in                  ; 0 F/in                  ; short         ; -                   ; open           ; open             ; open   ; 0 in             ; 0 H/in                 ; 0 F/in                 ; short        ; open          ; open            ; open  ; 0 V                 ; -                  ; n/a           ; n/a             ; n/a         ;
; HEX1[5]       ; 2.5 V        ; 0 in              ; 0 H/in                  ; 0 F/in                  ; short         ; -                   ; open           ; open             ; open   ; 0 in             ; 0 H/in                 ; 0 F/in                 ; short        ; open          ; open            ; open  ; 0 V                 ; -                  ; n/a           ; n/a             ; n/a         ;
; HEX1[6]       ; 2.5 V        ; 0 in              ; 0 H/in                  ; 0 F/in                  ; short         ; -                   ; open           ; open             ; open   ; 0 in             ; 0 H/in                 ; 0 F/in                 ; short        ; open          ; open            ; open  ; 0 V                 ; -                  ; n/a           ; n/a             ; n/a         ;
; HEX6[0]       ; 3.3-V LVTTL  ; 0 in              ; 0 H/in                  ; 0 F/in                  ; short         ; -                   ; open           ; open             ; open   ; 0 in             ; 0 H/in                 ; 0 F/in                 ; short        ; open          ; open            ; open  ; 0 V                 ; -                  ; n/a           ; n/a             ; n/a         ;
; HEX6[1]       ; 3.3-V LVTTL  ; 0 in              ; 0 H/in                  ; 0 F/in                  ; short         ; -                   ; open           ; open             ; open   ; 0 in             ; 0 H/in                 ; 0 F/in                 ; short        ; open          ; open            ; open  ; 0 V                 ; -                  ; n/a           ; n/a             ; n/a         ;
; HEX6[2]       ; 3.3-V LVTTL  ; 0 in              ; 0 H/in                  ; 0 F/in                  ; short         ; -                   ; open           ; open             ; open   ; 0 in             ; 0 H/in                 ; 0 F/in                 ; short        ; open          ; open            ; open  ; 0 V                 ; -                  ; n/a           ; n/a             ; n/a         ;
; HEX6[3]       ; 3.3-V LVTTL  ; 0 in              ; 0 H/in                  ; 0 F/in                  ; short         ; -                   ; open           ; open             ; open   ; 0 in             ; 0 H/in                 ; 0 F/in                 ; short        ; open          ; open            ; open  ; 0 V                 ; -                  ; n/a           ; n/a             ; n/a         ;
; HEX6[4]       ; 3.3-V LVTTL  ; 0 in              ; 0 H/in                  ; 0 F/in                  ; short         ; -                   ; open           ; open             ; open   ; 0 in             ; 0 H/in                 ; 0 F/in                 ; short        ; open          ; open            ; open  ; 0 V                 ; -                  ; n/a           ; n/a             ; n/a         ;
; HEX6[5]       ; 3.3-V LVTTL  ; 0 in              ; 0 H/in                  ; 0 F/in                  ; short         ; -                   ; open           ; open             ; open   ; 0 in             ; 0 H/in                 ; 0 F/in                 ; short        ; open          ; open            ; open  ; 0 V                 ; -                  ; n/a           ; n/a             ; n/a         ;
; HEX6[6]       ; 3.3-V LVTTL  ; 0 in              ; 0 H/in                  ; 0 F/in                  ; short         ; -                   ; open           ; open             ; open   ; 0 in             ; 0 H/in                 ; 0 F/in                 ; short        ; open          ; open            ; open  ; 0 V                 ; -                  ; n/a           ; n/a             ; n/a         ;
; HEX7[0]       ; 3.3-V LVTTL  ; 0 in              ; 0 H/in                  ; 0 F/in                  ; short         ; -                   ; open           ; open             ; open   ; 0 in             ; 0 H/in                 ; 0 F/in                 ; short        ; open          ; open            ; open  ; 0 V                 ; -                  ; n/a           ; n/a             ; n/a         ;
; HEX7[1]       ; 3.3-V LVTTL  ; 0 in              ; 0 H/in                  ; 0 F/in                  ; short         ; -                   ; open           ; open             ; open   ; 0 in             ; 0 H/in                 ; 0 F/in                 ; short        ; open          ; open            ; open  ; 0 V                 ; -                  ; n/a           ; n/a             ; n/a         ;
; HEX7[2]       ; 3.3-V LVTTL  ; 0 in              ; 0 H/in                  ; 0 F/in                  ; short         ; -                   ; open           ; open             ; open   ; 0 in             ; 0 H/in                 ; 0 F/in                 ; short        ; open          ; open            ; open  ; 0 V                 ; -                  ; n/a           ; n/a             ; n/a         ;
; HEX7[3]       ; 3.3-V LVTTL  ; 0 in              ; 0 H/in                  ; 0 F/in                  ; short         ; -                   ; open           ; open             ; open   ; 0 in             ; 0 H/in                 ; 0 F/in                 ; short        ; open          ; open            ; open  ; 0 V                 ; -                  ; n/a           ; n/a             ; n/a         ;
; HEX7[4]       ; 3.3-V LVTTL  ; 0 in              ; 0 H/in                  ; 0 F/in                  ; short         ; -                   ; open           ; open             ; open   ; 0 in             ; 0 H/in                 ; 0 F/in                 ; short        ; open          ; open            ; open  ; 0 V                 ; -                  ; n/a           ; n/a             ; n/a         ;
; HEX7[5]       ; 3.3-V LVTTL  ; 0 in              ; 0 H/in                  ; 0 F/in                  ; short         ; -                   ; open           ; open             ; open   ; 0 in             ; 0 H/in                 ; 0 F/in                 ; short        ; open          ; open            ; open  ; 0 V                 ; -                  ; n/a           ; n/a             ; n/a         ;
; HEX7[6]       ; 3.3-V LVTTL  ; 0 in              ; 0 H/in                  ; 0 F/in                  ; short         ; -                   ; open           ; open             ; open   ; 0 in             ; 0 H/in                 ; 0 F/in                 ; short        ; open          ; open            ; open  ; 0 V                 ; -                  ; n/a           ; n/a             ; n/a         ;
; AUD_DACDAT    ; 3.3-V LVTTL  ; 0 in              ; 0 H/in                  ; 0 F/in                  ; short         ; -                   ; open           ; open             ; open   ; 0 in             ; 0 H/in                 ; 0 F/in                 ; short        ; open          ; open            ; open  ; 0 V                 ; -                  ; n/a           ; n/a             ; n/a         ;
; AUD_XCK       ; 3.3-V LVTTL  ; 0 in              ; 0 H/in                  ; 0 F/in                  ; short         ; -                   ; open           ; open             ; open   ; 0 in             ; 0 H/in                 ; 0 F/in                 ; short        ; open          ; open            ; open  ; 0 V                 ; -                  ; n/a           ; n/a             ; n/a         ;
; I2C_SCLK      ; 3.3-V LVTTL  ; 0 in              ; 0 H/in                  ; 0 F/in                  ; short         ; -                   ; open           ; open             ; open   ; 0 in             ; 0 H/in                 ; 0 F/in                 ; short        ; open          ; open            ; open  ; 0 V                 ; -                  ; n/a           ; n/a             ; n/a         ;
; I2C_SDAT      ; 3.3-V LVTTL  ; 0 in              ; 0 H/in                  ; 0 F/in                  ; short         ; -                   ; open           ; open             ; open   ; 0 in             ; 0 H/in                 ; 0 F/in                 ; short        ; open          ; open            ; open  ; 0 V                 ; -                  ; n/a           ; n/a             ; n/a         ;
; ~ALTERA_DCLK~ ; 3.3-V LVTTL  ; 0 in              ; 0 H/in                  ; 0 F/in                  ; short         ; -                   ; open           ; open             ; open   ; 0 in             ; 0 H/in                 ; 0 F/in                 ; short        ; open          ; open            ; open  ; 0 V                 ; -                  ; n/a           ; n/a             ; n/a         ;
; ~ALTERA_nCEO~ ; 2.5 V        ; 0 in              ; 0 H/in                  ; 0 F/in                  ; short         ; -                   ; open           ; open             ; open   ; 0 in             ; 0 H/in                 ; 0 F/in                 ; short        ; open          ; open            ; open  ; 0 V                 ; -                  ; n/a           ; n/a             ; n/a         ;
+---------------+--------------+-------------------+-------------------------+-------------------------+---------------+---------------------+----------------+------------------+--------+------------------+------------------------+------------------------+--------------+---------------+-----------------+-------+---------------------+--------------------+---------------+-----------------+-------------+


+----------------------------------------------------------------------------+
; Input Transition Times                                                     ;
+-------------------------+--------------+-----------------+-----------------+
; Pin                     ; I/O Standard ; 10-90 Rise Time ; 90-10 Fall Time ;
+-------------------------+--------------+-----------------+-----------------+
; I2C_SDAT                ; 3.3-V LVTTL  ; 2640 ps         ; 2640 ps         ;
; SW[10]                  ; 2.5 V        ; 2000 ps         ; 2000 ps         ;
; SW[11]                  ; 2.5 V        ; 2000 ps         ; 2000 ps         ;
; SW[15]                  ; 2.5 V        ; 2000 ps         ; 2000 ps         ;
; SW[16]                  ; 2.5 V        ; 2000 ps         ; 2000 ps         ;
; SW[17]                  ; 2.5 V        ; 2000 ps         ; 2000 ps         ;
; SW[12]                  ; 2.5 V        ; 2000 ps         ; 2000 ps         ;
; SW[13]                  ; 2.5 V        ; 2000 ps         ; 2000 ps         ;
; SW[14]                  ; 2.5 V        ; 2000 ps         ; 2000 ps         ;
; SW[8]                   ; 2.5 V        ; 2000 ps         ; 2000 ps         ;
; SW[9]                   ; 2.5 V        ; 2000 ps         ; 2000 ps         ;
; SW[5]                   ; 2.5 V        ; 2000 ps         ; 2000 ps         ;
; SW[6]                   ; 2.5 V        ; 2000 ps         ; 2000 ps         ;
; SW[7]                   ; 2.5 V        ; 2000 ps         ; 2000 ps         ;
; SW[2]                   ; 2.5 V        ; 2000 ps         ; 2000 ps         ;
; SW[3]                   ; 2.5 V        ; 2000 ps         ; 2000 ps         ;
; SW[4]                   ; 2.5 V        ; 2000 ps         ; 2000 ps         ;
; SW[0]                   ; 2.5 V        ; 2000 ps         ; 2000 ps         ;
; SW[1]                   ; 2.5 V        ; 2000 ps         ; 2000 ps         ;
; CLOCK_50                ; 3.3-V LVTTL  ; 2640 ps         ; 2640 ps         ;
; AUD_ADCLRCK             ; 3.3-V LVTTL  ; 2640 ps         ; 2640 ps         ;
; AUD_BCLK                ; 3.3-V LVTTL  ; 2640 ps         ; 2640 ps         ;
; KEY[0]                  ; 2.5 V        ; 2000 ps         ; 2000 ps         ;
; KEY[1]                  ; 2.5 V        ; 2000 ps         ; 2000 ps         ;
; KEY[3]                  ; 2.5 V        ; 2000 ps         ; 2000 ps         ;
; KEY[2]                  ; 2.5 V        ; 2000 ps         ; 2000 ps         ;
; AUD_ADCDAT              ; 3.3-V LVTTL  ; 2640 ps         ; 2640 ps         ;
; ~ALTERA_ASDO_DATA1~     ; 3.3-V LVTTL  ; 2640 ps         ; 2640 ps         ;
; ~ALTERA_FLASH_nCE_nCSO~ ; 3.3-V LVTTL  ; 2640 ps         ; 2640 ps         ;
; ~ALTERA_DATA0~          ; 3.3-V LVTTL  ; 2640 ps         ; 2640 ps         ;
+-------------------------+--------------+-----------------+-----------------+


+--------------------------------------------------------------------------------------------------------------------------------------------------------------------------------------------------------------------------------------------------------------------------------------------------------------------------------------------------------------------------------------------------------------------------------------------------------------------------------------------------------------------------------------------------------------------------------------------------------------------------------------------------------------------------------------------+
; Signal Integrity Metrics (Slow 1200mv 0c Model)                                                                                                                                                                                                                                                                                                                                                                                                                                                                                                                                                                                                                                            ;
+---------------+--------------+---------------------+---------------------+------------------------------+------------------------------+---------------------+---------------------+--------------------------------------+--------------------------------------+-----------------------------+-----------------------------+----------------------------+----------------------------+-----------------------------+-----------------------------+--------------------+--------------------+-------------------------------------+-------------------------------------+----------------------------+----------------------------+---------------------------+---------------------------+
; Pin           ; I/O Standard ; Board Delay on Rise ; Board Delay on Fall ; Steady State Voh at FPGA Pin ; Steady State Vol at FPGA Pin ; Voh Max at FPGA Pin ; Vol Min at FPGA Pin ; Ringback Voltage on Rise at FPGA Pin ; Ringback Voltage on Fall at FPGA Pin ; 10-90 Rise Time at FPGA Pin ; 90-10 Fall Time at FPGA Pin ; Monotonic Rise at FPGA Pin ; Monotonic Fall at FPGA Pin ; Steady State Voh at Far-end ; Steady State Vol at Far-end ; Voh Max at Far-end ; Vol Min at Far-end ; Ringback Voltage on Rise at Far-end ; Ringback Voltage on Fall at Far-end ; 10-90 Rise Time at Far-end ; 90-10 Fall Time at Far-end ; Monotonic Rise at Far-end ; Monotonic Fall at Far-end ;
+---------------+--------------+---------------------+---------------------+------------------------------+------------------------------+---------------------+---------------------+--------------------------------------+--------------------------------------+-----------------------------+-----------------------------+----------------------------+----------------------------+-----------------------------+-----------------------------+--------------------+--------------------+-------------------------------------+-------------------------------------+----------------------------+----------------------------+---------------------------+---------------------------+
; LEDR[0]       ; 2.5 V        ; 0 s                 ; 0 s                 ; 2.32 V                       ; 4.49e-09 V                   ; 2.38 V              ; -0.00552 V          ; 0.096 V                              ; 0.019 V                              ; 4.18e-10 s                  ; 3.59e-10 s                  ; No                         ; Yes                        ; 2.32 V                      ; 4.49e-09 V                  ; 2.38 V             ; -0.00552 V         ; 0.096 V                             ; 0.019 V                             ; 4.18e-10 s                 ; 3.59e-10 s                 ; No                        ; Yes                       ;
; LEDR[1]       ; 2.5 V        ; 0 s                 ; 0 s                 ; 2.32 V                       ; 4.49e-09 V                   ; 2.38 V              ; -0.00552 V          ; 0.096 V                              ; 0.019 V                              ; 4.18e-10 s                  ; 3.59e-10 s                  ; No                         ; Yes                        ; 2.32 V                      ; 4.49e-09 V                  ; 2.38 V             ; -0.00552 V         ; 0.096 V                             ; 0.019 V                             ; 4.18e-10 s                 ; 3.59e-10 s                 ; No                        ; Yes                       ;
; LEDR[2]       ; 2.5 V        ; 0 s                 ; 0 s                 ; 2.32 V                       ; 4.49e-09 V                   ; 2.38 V              ; -0.00552 V          ; 0.096 V                              ; 0.019 V                              ; 4.18e-10 s                  ; 3.59e-10 s                  ; No                         ; Yes                        ; 2.32 V                      ; 4.49e-09 V                  ; 2.38 V             ; -0.00552 V         ; 0.096 V                             ; 0.019 V                             ; 4.18e-10 s                 ; 3.59e-10 s                 ; No                        ; Yes                       ;
; LEDR[3]       ; 2.5 V        ; 0 s                 ; 0 s                 ; 2.32 V                       ; 4.49e-09 V                   ; 2.38 V              ; -0.00552 V          ; 0.096 V                              ; 0.019 V                              ; 4.18e-10 s                  ; 3.59e-10 s                  ; No                         ; Yes                        ; 2.32 V                      ; 4.49e-09 V                  ; 2.38 V             ; -0.00552 V         ; 0.096 V                             ; 0.019 V                             ; 4.18e-10 s                 ; 3.59e-10 s                 ; No                        ; Yes                       ;
; LEDR[4]       ; 2.5 V        ; 0 s                 ; 0 s                 ; 2.32 V                       ; 4.49e-09 V                   ; 2.38 V              ; -0.00552 V          ; 0.096 V                              ; 0.019 V                              ; 4.18e-10 s                  ; 3.59e-10 s                  ; No                         ; Yes                        ; 2.32 V                      ; 4.49e-09 V                  ; 2.38 V             ; -0.00552 V         ; 0.096 V                             ; 0.019 V                             ; 4.18e-10 s                 ; 3.59e-10 s                 ; No                        ; Yes                       ;
; LEDR[5]       ; 2.5 V        ; 0 s                 ; 0 s                 ; 2.32 V                       ; 4.49e-09 V                   ; 2.38 V              ; -0.00552 V          ; 0.096 V                              ; 0.019 V                              ; 4.18e-10 s                  ; 3.59e-10 s                  ; No                         ; Yes                        ; 2.32 V                      ; 4.49e-09 V                  ; 2.38 V             ; -0.00552 V         ; 0.096 V                             ; 0.019 V                             ; 4.18e-10 s                 ; 3.59e-10 s                 ; No                        ; Yes                       ;
; LEDR[6]       ; 2.5 V        ; 0 s                 ; 0 s                 ; 2.32 V                       ; 4.49e-09 V                   ; 2.38 V              ; -0.00552 V          ; 0.096 V                              ; 0.019 V                              ; 4.18e-10 s                  ; 3.59e-10 s                  ; No                         ; Yes                        ; 2.32 V                      ; 4.49e-09 V                  ; 2.38 V             ; -0.00552 V         ; 0.096 V                             ; 0.019 V                             ; 4.18e-10 s                 ; 3.59e-10 s                 ; No                        ; Yes                       ;
; LEDR[7]       ; 2.5 V        ; 0 s                 ; 0 s                 ; 2.32 V                       ; 4.49e-09 V                   ; 2.38 V              ; -0.00552 V          ; 0.096 V                              ; 0.019 V                              ; 4.18e-10 s                  ; 3.59e-10 s                  ; No                         ; Yes                        ; 2.32 V                      ; 4.49e-09 V                  ; 2.38 V             ; -0.00552 V         ; 0.096 V                             ; 0.019 V                             ; 4.18e-10 s                 ; 3.59e-10 s                 ; No                        ; Yes                       ;
; LEDR[8]       ; 2.5 V        ; 0 s                 ; 0 s                 ; 2.32 V                       ; 4.49e-09 V                   ; 2.38 V              ; -0.00552 V          ; 0.096 V                              ; 0.019 V                              ; 4.18e-10 s                  ; 3.59e-10 s                  ; No                         ; Yes                        ; 2.32 V                      ; 4.49e-09 V                  ; 2.38 V             ; -0.00552 V         ; 0.096 V                             ; 0.019 V                             ; 4.18e-10 s                 ; 3.59e-10 s                 ; No                        ; Yes                       ;
; LEDR[9]       ; 2.5 V        ; 0 s                 ; 0 s                 ; 2.32 V                       ; 4.49e-09 V                   ; 2.33 V              ; -0.00467 V          ; 0.226 V                              ; 0.087 V                              ; 2.91e-09 s                  ; 2.74e-09 s                  ; Yes                        ; Yes                        ; 2.32 V                      ; 4.49e-09 V                  ; 2.33 V             ; -0.00467 V         ; 0.226 V                             ; 0.087 V                             ; 2.91e-09 s                 ; 2.74e-09 s                 ; Yes                       ; Yes                       ;
; LEDR[10]      ; 2.5 V        ; 0 s                 ; 0 s                 ; 2.32 V                       ; 4.49e-09 V                   ; 2.38 V              ; -0.00552 V          ; 0.096 V                              ; 0.019 V                              ; 4.18e-10 s                  ; 3.59e-10 s                  ; No                         ; Yes                        ; 2.32 V                      ; 4.49e-09 V                  ; 2.38 V             ; -0.00552 V         ; 0.096 V                             ; 0.019 V                             ; 4.18e-10 s                 ; 3.59e-10 s                 ; No                        ; Yes                       ;
; LEDR[11]      ; 2.5 V        ; 0 s                 ; 0 s                 ; 2.32 V                       ; 4.49e-09 V                   ; 2.38 V              ; -0.00552 V          ; 0.096 V                              ; 0.019 V                              ; 4.18e-10 s                  ; 3.59e-10 s                  ; No                         ; Yes                        ; 2.32 V                      ; 4.49e-09 V                  ; 2.38 V             ; -0.00552 V         ; 0.096 V                             ; 0.019 V                             ; 4.18e-10 s                 ; 3.59e-10 s                 ; No                        ; Yes                       ;
; LEDR[12]      ; 2.5 V        ; 0 s                 ; 0 s                 ; 2.32 V                       ; 4.49e-09 V                   ; 2.38 V              ; -0.00552 V          ; 0.096 V                              ; 0.019 V                              ; 4.18e-10 s                  ; 3.59e-10 s                  ; No                         ; Yes                        ; 2.32 V                      ; 4.49e-09 V                  ; 2.38 V             ; -0.00552 V         ; 0.096 V                             ; 0.019 V                             ; 4.18e-10 s                 ; 3.59e-10 s                 ; No                        ; Yes                       ;
; LEDR[13]      ; 2.5 V        ; 0 s                 ; 0 s                 ; 2.32 V                       ; 4.49e-09 V                   ; 2.38 V              ; -0.00552 V          ; 0.096 V                              ; 0.019 V                              ; 4.18e-10 s                  ; 3.59e-10 s                  ; No                         ; Yes                        ; 2.32 V                      ; 4.49e-09 V                  ; 2.38 V             ; -0.00552 V         ; 0.096 V                             ; 0.019 V                             ; 4.18e-10 s                 ; 3.59e-10 s                 ; No                        ; Yes                       ;
; LEDR[14]      ; 2.5 V        ; 0 s                 ; 0 s                 ; 2.32 V                       ; 4.49e-09 V                   ; 2.38 V              ; -0.00552 V          ; 0.096 V                              ; 0.019 V                              ; 4.18e-10 s                  ; 3.59e-10 s                  ; No                         ; Yes                        ; 2.32 V                      ; 4.49e-09 V                  ; 2.38 V             ; -0.00552 V         ; 0.096 V                             ; 0.019 V                             ; 4.18e-10 s                 ; 3.59e-10 s                 ; No                        ; Yes                       ;
; LEDR[15]      ; 2.5 V        ; 0 s                 ; 0 s                 ; 2.32 V                       ; 4.49e-09 V                   ; 2.33 V              ; -0.00467 V          ; 0.226 V                              ; 0.087 V                              ; 2.91e-09 s                  ; 2.74e-09 s                  ; Yes                        ; Yes                        ; 2.32 V                      ; 4.49e-09 V                  ; 2.33 V             ; -0.00467 V         ; 0.226 V                             ; 0.087 V                             ; 2.91e-09 s                 ; 2.74e-09 s                 ; Yes                       ; Yes                       ;
; LEDR[16]      ; 2.5 V        ; 0 s                 ; 0 s                 ; 2.32 V                       ; 4.49e-09 V                   ; 2.38 V              ; -0.00552 V          ; 0.096 V                              ; 0.019 V                              ; 4.18e-10 s                  ; 3.59e-10 s                  ; No                         ; Yes                        ; 2.32 V                      ; 4.49e-09 V                  ; 2.38 V             ; -0.00552 V         ; 0.096 V                             ; 0.019 V                             ; 4.18e-10 s                 ; 3.59e-10 s                 ; No                        ; Yes                       ;
; LEDR[17]      ; 2.5 V        ; 0 s                 ; 0 s                 ; 2.32 V                       ; 4.49e-09 V                   ; 2.38 V              ; -0.00552 V          ; 0.096 V                              ; 0.019 V                              ; 4.18e-10 s                  ; 3.59e-10 s                  ; No                         ; Yes                        ; 2.32 V                      ; 4.49e-09 V                  ; 2.38 V             ; -0.00552 V         ; 0.096 V                             ; 0.019 V                             ; 4.18e-10 s                 ; 3.59e-10 s                 ; No                        ; Yes                       ;
; LEDG[0]       ; 2.5 V        ; 0 s                 ; 0 s                 ; 2.32 V                       ; 4.49e-09 V                   ; 2.38 V              ; -0.00552 V          ; 0.096 V                              ; 0.019 V                              ; 4.18e-10 s                  ; 3.59e-10 s                  ; No                         ; Yes                        ; 2.32 V                      ; 4.49e-09 V                  ; 2.38 V             ; -0.00552 V         ; 0.096 V                             ; 0.019 V                             ; 4.18e-10 s                 ; 3.59e-10 s                 ; No                        ; Yes                       ;
; LEDG[1]       ; 2.5 V        ; 0 s                 ; 0 s                 ; 2.32 V                       ; 4.49e-09 V                   ; 2.38 V              ; -0.00552 V          ; 0.096 V                              ; 0.019 V                              ; 4.18e-10 s                  ; 3.59e-10 s                  ; No                         ; Yes                        ; 2.32 V                      ; 4.49e-09 V                  ; 2.38 V             ; -0.00552 V         ; 0.096 V                             ; 0.019 V                             ; 4.18e-10 s                 ; 3.59e-10 s                 ; No                        ; Yes                       ;
; LEDG[2]       ; 2.5 V        ; 0 s                 ; 0 s                 ; 2.32 V                       ; 4.49e-09 V                   ; 2.38 V              ; -0.00552 V          ; 0.096 V                              ; 0.019 V                              ; 4.18e-10 s                  ; 3.59e-10 s                  ; No                         ; Yes                        ; 2.32 V                      ; 4.49e-09 V                  ; 2.38 V             ; -0.00552 V         ; 0.096 V                             ; 0.019 V                             ; 4.18e-10 s                 ; 3.59e-10 s                 ; No                        ; Yes                       ;
; LEDG[3]       ; 2.5 V        ; 0 s                 ; 0 s                 ; 2.32 V                       ; 4.49e-09 V                   ; 2.38 V              ; -0.00552 V          ; 0.096 V                              ; 0.019 V                              ; 4.18e-10 s                  ; 3.59e-10 s                  ; No                         ; Yes                        ; 2.32 V                      ; 4.49e-09 V                  ; 2.38 V             ; -0.00552 V         ; 0.096 V                             ; 0.019 V                             ; 4.18e-10 s                 ; 3.59e-10 s                 ; No                        ; Yes                       ;
; LEDG[4]       ; 2.5 V        ; 0 s                 ; 0 s                 ; 2.32 V                       ; 4.49e-09 V                   ; 2.38 V              ; -0.00552 V          ; 0.096 V                              ; 0.019 V                              ; 4.18e-10 s                  ; 3.59e-10 s                  ; No                         ; Yes                        ; 2.32 V                      ; 4.49e-09 V                  ; 2.38 V             ; -0.00552 V         ; 0.096 V                             ; 0.019 V                             ; 4.18e-10 s                 ; 3.59e-10 s                 ; No                        ; Yes                       ;
; LEDG[5]       ; 2.5 V        ; 0 s                 ; 0 s                 ; 2.32 V                       ; 4.49e-09 V                   ; 2.38 V              ; -0.00552 V          ; 0.096 V                              ; 0.019 V                              ; 4.18e-10 s                  ; 3.59e-10 s                  ; No                         ; Yes                        ; 2.32 V                      ; 4.49e-09 V                  ; 2.38 V             ; -0.00552 V         ; 0.096 V                             ; 0.019 V                             ; 4.18e-10 s                 ; 3.59e-10 s                 ; No                        ; Yes                       ;
; LEDG[6]       ; 2.5 V        ; 0 s                 ; 0 s                 ; 2.32 V                       ; 4.49e-09 V                   ; 2.38 V              ; -0.00552 V          ; 0.096 V                              ; 0.019 V                              ; 4.18e-10 s                  ; 3.59e-10 s                  ; No                         ; Yes                        ; 2.32 V                      ; 4.49e-09 V                  ; 2.38 V             ; -0.00552 V         ; 0.096 V                             ; 0.019 V                             ; 4.18e-10 s                 ; 3.59e-10 s                 ; No                        ; Yes                       ;
; LEDG[7]       ; 2.5 V        ; 0 s                 ; 0 s                 ; 2.32 V                       ; 4.49e-09 V                   ; 2.38 V              ; -0.00552 V          ; 0.096 V                              ; 0.019 V                              ; 4.18e-10 s                  ; 3.59e-10 s                  ; No                         ; Yes                        ; 2.32 V                      ; 4.49e-09 V                  ; 2.38 V             ; -0.00552 V         ; 0.096 V                             ; 0.019 V                             ; 4.18e-10 s                 ; 3.59e-10 s                 ; No                        ; Yes                       ;
; HEX0[0]       ; 2.5 V        ; 0 s                 ; 0 s                 ; 2.32 V                       ; 4.49e-09 V                   ; 2.38 V              ; -0.00552 V          ; 0.096 V                              ; 0.019 V                              ; 4.18e-10 s                  ; 3.59e-10 s                  ; No                         ; Yes                        ; 2.32 V                      ; 4.49e-09 V                  ; 2.38 V             ; -0.00552 V         ; 0.096 V                             ; 0.019 V                             ; 4.18e-10 s                 ; 3.59e-10 s                 ; No                        ; Yes                       ;
; HEX0[1]       ; 2.5 V        ; 0 s                 ; 0 s                 ; 2.32 V                       ; 4.49e-09 V                   ; 2.33 V              ; -0.00467 V          ; 0.226 V                              ; 0.087 V                              ; 2.91e-09 s                  ; 2.74e-09 s                  ; Yes                        ; Yes                        ; 2.32 V                      ; 4.49e-09 V                  ; 2.33 V             ; -0.00467 V         ; 0.226 V                             ; 0.087 V                             ; 2.91e-09 s                 ; 2.74e-09 s                 ; Yes                       ; Yes                       ;
; HEX0[2]       ; 2.5 V        ; 0 s                 ; 0 s                 ; 2.32 V                       ; 4.49e-09 V                   ; 2.38 V              ; -0.00552 V          ; 0.096 V                              ; 0.019 V                              ; 4.18e-10 s                  ; 3.59e-10 s                  ; No                         ; Yes                        ; 2.32 V                      ; 4.49e-09 V                  ; 2.38 V             ; -0.00552 V         ; 0.096 V                             ; 0.019 V                             ; 4.18e-10 s                 ; 3.59e-10 s                 ; No                        ; Yes                       ;
; HEX0[3]       ; 2.5 V        ; 0 s                 ; 0 s                 ; 2.32 V                       ; 3.07e-09 V                   ; 2.38 V              ; -0.0144 V           ; 0.227 V                              ; 0.024 V                              ; 3.14e-10 s                  ; 3.39e-10 s                  ; Yes                        ; Yes                        ; 2.32 V                      ; 3.07e-09 V                  ; 2.38 V             ; -0.0144 V          ; 0.227 V                             ; 0.024 V                             ; 3.14e-10 s                 ; 3.39e-10 s                 ; Yes                       ; Yes                       ;
; HEX0[4]       ; 2.5 V        ; 0 s                 ; 0 s                 ; 2.32 V                       ; 3.07e-09 V                   ; 2.38 V              ; -0.0144 V           ; 0.227 V                              ; 0.024 V                              ; 3.14e-10 s                  ; 3.39e-10 s                  ; Yes                        ; Yes                        ; 2.32 V                      ; 3.07e-09 V                  ; 2.38 V             ; -0.0144 V          ; 0.227 V                             ; 0.024 V                             ; 3.14e-10 s                 ; 3.39e-10 s                 ; Yes                       ; Yes                       ;
; HEX0[5]       ; 2.5 V        ; 0 s                 ; 0 s                 ; 2.32 V                       ; 3.07e-09 V                   ; 2.33 V              ; -0.00496 V          ; 0.223 V                              ; 0.086 V                              ; 2.9e-09 s                   ; 2.73e-09 s                  ; Yes                        ; Yes                        ; 2.32 V                      ; 3.07e-09 V                  ; 2.33 V             ; -0.00496 V         ; 0.223 V                             ; 0.086 V                             ; 2.9e-09 s                  ; 2.73e-09 s                 ; Yes                       ; Yes                       ;
; HEX0[6]       ; 2.5 V        ; 0 s                 ; 0 s                 ; 2.32 V                       ; 3.07e-09 V                   ; 2.38 V              ; -0.0144 V           ; 0.227 V                              ; 0.024 V                              ; 3.14e-10 s                  ; 3.39e-10 s                  ; Yes                        ; Yes                        ; 2.32 V                      ; 3.07e-09 V                  ; 2.38 V             ; -0.0144 V          ; 0.227 V                             ; 0.024 V                             ; 3.14e-10 s                 ; 3.39e-10 s                 ; Yes                       ; Yes                       ;
; HEX1[0]       ; 2.5 V        ; 0 s                 ; 0 s                 ; 2.32 V                       ; 3.07e-09 V                   ; 2.38 V              ; -0.0144 V           ; 0.227 V                              ; 0.024 V                              ; 3.14e-10 s                  ; 3.39e-10 s                  ; Yes                        ; Yes                        ; 2.32 V                      ; 3.07e-09 V                  ; 2.38 V             ; -0.0144 V          ; 0.227 V                             ; 0.024 V                             ; 3.14e-10 s                 ; 3.39e-10 s                 ; Yes                       ; Yes                       ;
; HEX1[1]       ; 2.5 V        ; 0 s                 ; 0 s                 ; 2.32 V                       ; 3.07e-09 V                   ; 2.37 V              ; -0.00994 V          ; 0.186 V                              ; 0.028 V                              ; 4.98e-10 s                  ; 4.96e-10 s                  ; Yes                        ; Yes                        ; 2.32 V                      ; 3.07e-09 V                  ; 2.37 V             ; -0.00994 V         ; 0.186 V                             ; 0.028 V                             ; 4.98e-10 s                 ; 4.96e-10 s                 ; Yes                       ; Yes                       ;
; HEX1[2]       ; 2.5 V        ; 0 s                 ; 0 s                 ; 2.32 V                       ; 3.07e-09 V                   ; 2.37 V              ; -0.00994 V          ; 0.186 V                              ; 0.028 V                              ; 4.98e-10 s                  ; 4.96e-10 s                  ; Yes                        ; Yes                        ; 2.32 V                      ; 3.07e-09 V                  ; 2.37 V             ; -0.00994 V         ; 0.186 V                             ; 0.028 V                             ; 4.98e-10 s                 ; 4.96e-10 s                 ; Yes                       ; Yes                       ;
; HEX1[3]       ; 2.5 V        ; 0 s                 ; 0 s                 ; 2.32 V                       ; 3.07e-09 V                   ; 2.37 V              ; -0.00994 V          ; 0.186 V                              ; 0.028 V                              ; 4.98e-10 s                  ; 4.96e-10 s                  ; Yes                        ; Yes                        ; 2.32 V                      ; 3.07e-09 V                  ; 2.37 V             ; -0.00994 V         ; 0.186 V                             ; 0.028 V                             ; 4.98e-10 s                 ; 4.96e-10 s                 ; Yes                       ; Yes                       ;
; HEX1[4]       ; 2.5 V        ; 0 s                 ; 0 s                 ; 2.32 V                       ; 3.07e-09 V                   ; 2.37 V              ; -0.00994 V          ; 0.186 V                              ; 0.028 V                              ; 4.98e-10 s                  ; 4.96e-10 s                  ; Yes                        ; Yes                        ; 2.32 V                      ; 3.07e-09 V                  ; 2.37 V             ; -0.00994 V         ; 0.186 V                             ; 0.028 V                             ; 4.98e-10 s                 ; 4.96e-10 s                 ; Yes                       ; Yes                       ;
; HEX1[5]       ; 2.5 V        ; 0 s                 ; 0 s                 ; 2.32 V                       ; 3.07e-09 V                   ; 2.33 V              ; -0.00496 V          ; 0.223 V                              ; 0.086 V                              ; 2.9e-09 s                   ; 2.73e-09 s                  ; Yes                        ; Yes                        ; 2.32 V                      ; 3.07e-09 V                  ; 2.33 V             ; -0.00496 V         ; 0.223 V                             ; 0.086 V                             ; 2.9e-09 s                  ; 2.73e-09 s                 ; Yes                       ; Yes                       ;
; HEX1[6]       ; 2.5 V        ; 0 s                 ; 0 s                 ; 2.32 V                       ; 3.07e-09 V                   ; 2.33 V              ; -0.00496 V          ; 0.223 V                              ; 0.086 V                              ; 2.9e-09 s                   ; 2.73e-09 s                  ; Yes                        ; Yes                        ; 2.32 V                      ; 3.07e-09 V                  ; 2.33 V             ; -0.00496 V         ; 0.223 V                             ; 0.086 V                             ; 2.9e-09 s                  ; 2.73e-09 s                 ; Yes                       ; Yes                       ;
; HEX6[0]       ; 3.3-V LVTTL  ; 0 s                 ; 0 s                 ; 3.08 V                       ; 1.58e-08 V                   ; 3.13 V              ; -0.117 V            ; 0.143 V                              ; 0.259 V                              ; 6.22e-10 s                  ; 4.46e-10 s                  ; No                         ; No                         ; 3.08 V                      ; 1.58e-08 V                  ; 3.13 V             ; -0.117 V           ; 0.143 V                             ; 0.259 V                             ; 6.22e-10 s                 ; 4.46e-10 s                 ; No                        ; No                        ;
; HEX6[1]       ; 3.3-V LVTTL  ; 0 s                 ; 0 s                 ; 3.08 V                       ; 1.58e-08 V                   ; 3.13 V              ; -0.117 V            ; 0.143 V                              ; 0.259 V                              ; 6.22e-10 s                  ; 4.46e-10 s                  ; No                         ; No                         ; 3.08 V                      ; 1.58e-08 V                  ; 3.13 V             ; -0.117 V           ; 0.143 V                             ; 0.259 V                             ; 6.22e-10 s                 ; 4.46e-10 s                 ; No                        ; No                        ;
; HEX6[2]       ; 3.3-V LVTTL  ; 0 s                 ; 0 s                 ; 3.08 V                       ; 1.58e-08 V                   ; 3.13 V              ; -0.117 V            ; 0.143 V                              ; 0.259 V                              ; 6.22e-10 s                  ; 4.46e-10 s                  ; No                         ; No                         ; 3.08 V                      ; 1.58e-08 V                  ; 3.13 V             ; -0.117 V           ; 0.143 V                             ; 0.259 V                             ; 6.22e-10 s                 ; 4.46e-10 s                 ; No                        ; No                        ;
; HEX6[3]       ; 3.3-V LVTTL  ; 0 s                 ; 0 s                 ; 3.08 V                       ; 1.58e-08 V                   ; 3.13 V              ; -0.117 V            ; 0.143 V                              ; 0.259 V                              ; 6.22e-10 s                  ; 4.46e-10 s                  ; No                         ; No                         ; 3.08 V                      ; 1.58e-08 V                  ; 3.13 V             ; -0.117 V           ; 0.143 V                             ; 0.259 V                             ; 6.22e-10 s                 ; 4.46e-10 s                 ; No                        ; No                        ;
; HEX6[4]       ; 3.3-V LVTTL  ; 0 s                 ; 0 s                 ; 3.08 V                       ; 1.58e-08 V                   ; 3.13 V              ; -0.117 V            ; 0.143 V                              ; 0.259 V                              ; 6.22e-10 s                  ; 4.46e-10 s                  ; No                         ; No                         ; 3.08 V                      ; 1.58e-08 V                  ; 3.13 V             ; -0.117 V           ; 0.143 V                             ; 0.259 V                             ; 6.22e-10 s                 ; 4.46e-10 s                 ; No                        ; No                        ;
; HEX6[5]       ; 3.3-V LVTTL  ; 0 s                 ; 0 s                 ; 3.08 V                       ; 1.58e-08 V                   ; 3.09 V              ; -0.012 V            ; 0.232 V                              ; 0.268 V                              ; 4.75e-09 s                  ; 3.5e-09 s                   ; Yes                        ; No                         ; 3.08 V                      ; 1.58e-08 V                  ; 3.09 V             ; -0.012 V           ; 0.232 V                             ; 0.268 V                             ; 4.75e-09 s                 ; 3.5e-09 s                  ; Yes                       ; No                        ;
; HEX6[6]       ; 3.3-V LVTTL  ; 0 s                 ; 0 s                 ; 3.08 V                       ; 1.58e-08 V                   ; 3.13 V              ; -0.117 V            ; 0.143 V                              ; 0.259 V                              ; 6.22e-10 s                  ; 4.46e-10 s                  ; No                         ; No                         ; 3.08 V                      ; 1.58e-08 V                  ; 3.13 V             ; -0.117 V           ; 0.143 V                             ; 0.259 V                             ; 6.22e-10 s                 ; 4.46e-10 s                 ; No                        ; No                        ;
; HEX7[0]       ; 3.3-V LVTTL  ; 0 s                 ; 0 s                 ; 3.08 V                       ; 1.58e-08 V                   ; 3.13 V              ; -0.117 V            ; 0.143 V                              ; 0.259 V                              ; 6.22e-10 s                  ; 4.46e-10 s                  ; No                         ; No                         ; 3.08 V                      ; 1.58e-08 V                  ; 3.13 V             ; -0.117 V           ; 0.143 V                             ; 0.259 V                             ; 6.22e-10 s                 ; 4.46e-10 s                 ; No                        ; No                        ;
; HEX7[1]       ; 3.3-V LVTTL  ; 0 s                 ; 0 s                 ; 3.08 V                       ; 1.58e-08 V                   ; 3.13 V              ; -0.117 V            ; 0.143 V                              ; 0.259 V                              ; 6.22e-10 s                  ; 4.46e-10 s                  ; No                         ; No                         ; 3.08 V                      ; 1.58e-08 V                  ; 3.13 V             ; -0.117 V           ; 0.143 V                             ; 0.259 V                             ; 6.22e-10 s                 ; 4.46e-10 s                 ; No                        ; No                        ;
; HEX7[2]       ; 3.3-V LVTTL  ; 0 s                 ; 0 s                 ; 3.08 V                       ; 1.58e-08 V                   ; 3.13 V              ; -0.117 V            ; 0.143 V                              ; 0.259 V                              ; 6.22e-10 s                  ; 4.46e-10 s                  ; No                         ; No                         ; 3.08 V                      ; 1.58e-08 V                  ; 3.13 V             ; -0.117 V           ; 0.143 V                             ; 0.259 V                             ; 6.22e-10 s                 ; 4.46e-10 s                 ; No                        ; No                        ;
; HEX7[3]       ; 3.3-V LVTTL  ; 0 s                 ; 0 s                 ; 3.08 V                       ; 1.58e-08 V                   ; 3.13 V              ; -0.117 V            ; 0.143 V                              ; 0.259 V                              ; 6.22e-10 s                  ; 4.46e-10 s                  ; No                         ; No                         ; 3.08 V                      ; 1.58e-08 V                  ; 3.13 V             ; -0.117 V           ; 0.143 V                             ; 0.259 V                             ; 6.22e-10 s                 ; 4.46e-10 s                 ; No                        ; No                        ;
; HEX7[4]       ; 3.3-V LVTTL  ; 0 s                 ; 0 s                 ; 3.08 V                       ; 1.58e-08 V                   ; 3.13 V              ; -0.117 V            ; 0.143 V                              ; 0.259 V                              ; 6.22e-10 s                  ; 4.46e-10 s                  ; No                         ; No                         ; 3.08 V                      ; 1.58e-08 V                  ; 3.13 V             ; -0.117 V           ; 0.143 V                             ; 0.259 V                             ; 6.22e-10 s                 ; 4.46e-10 s                 ; No                        ; No                        ;
; HEX7[5]       ; 3.3-V LVTTL  ; 0 s                 ; 0 s                 ; 3.08 V                       ; 1.58e-08 V                   ; 3.13 V              ; -0.117 V            ; 0.143 V                              ; 0.259 V                              ; 6.22e-10 s                  ; 4.46e-10 s                  ; No                         ; No                         ; 3.08 V                      ; 1.58e-08 V                  ; 3.13 V             ; -0.117 V           ; 0.143 V                             ; 0.259 V                             ; 6.22e-10 s                 ; 4.46e-10 s                 ; No                        ; No                        ;
; HEX7[6]       ; 3.3-V LVTTL  ; 0 s                 ; 0 s                 ; 3.08 V                       ; 1.58e-08 V                   ; 3.13 V              ; -0.117 V            ; 0.143 V                              ; 0.259 V                              ; 6.22e-10 s                  ; 4.46e-10 s                  ; No                         ; No                         ; 3.08 V                      ; 1.58e-08 V                  ; 3.13 V             ; -0.117 V           ; 0.143 V                             ; 0.259 V                             ; 6.22e-10 s                 ; 4.46e-10 s                 ; No                        ; No                        ;
; AUD_DACDAT    ; 3.3-V LVTTL  ; 0 s                 ; 0 s                 ; 3.08 V                       ; 1.11e-08 V                   ; 3.13 V              ; -0.0798 V           ; 0.192 V                              ; 0.22 V                               ; 8.68e-10 s                  ; 6.46e-10 s                  ; No                         ; No                         ; 3.08 V                      ; 1.11e-08 V                  ; 3.13 V             ; -0.0798 V          ; 0.192 V                             ; 0.22 V                              ; 8.68e-10 s                 ; 6.46e-10 s                 ; No                        ; No                        ;
; AUD_XCK       ; 3.3-V LVTTL  ; 0 s                 ; 0 s                 ; 3.08 V                       ; 1.11e-08 V                   ; 3.13 V              ; -0.0798 V           ; 0.192 V                              ; 0.22 V                               ; 8.68e-10 s                  ; 6.46e-10 s                  ; No                         ; No                         ; 3.08 V                      ; 1.11e-08 V                  ; 3.13 V             ; -0.0798 V          ; 0.192 V                             ; 0.22 V                              ; 8.68e-10 s                 ; 6.46e-10 s                 ; No                        ; No                        ;
; I2C_SCLK      ; 3.3-V LVTTL  ; 0 s                 ; 0 s                 ; 3.08 V                       ; 1.58e-08 V                   ; 3.13 V              ; -0.117 V            ; 0.143 V                              ; 0.259 V                              ; 6.22e-10 s                  ; 4.46e-10 s                  ; No                         ; No                         ; 3.08 V                      ; 1.58e-08 V                  ; 3.13 V             ; -0.117 V           ; 0.143 V                             ; 0.259 V                             ; 6.22e-10 s                 ; 4.46e-10 s                 ; No                        ; No                        ;
; I2C_SDAT      ; 3.3-V LVTTL  ; 0 s                 ; 0 s                 ; 3.08 V                       ; 1.58e-08 V                   ; 3.13 V              ; -0.117 V            ; 0.143 V                              ; 0.259 V                              ; 6.22e-10 s                  ; 4.46e-10 s                  ; No                         ; No                         ; 3.08 V                      ; 1.58e-08 V                  ; 3.13 V             ; -0.117 V           ; 0.143 V                             ; 0.259 V                             ; 6.22e-10 s                 ; 4.46e-10 s                 ; No                        ; No                        ;
; ~ALTERA_DCLK~ ; 3.3-V LVTTL  ; 0 s                 ; 0 s                 ; 3.08 V                       ; 5.73e-09 V                   ; 3.19 V              ; -0.173 V            ; 0.149 V                              ; 0.259 V                              ; 2.79e-10 s                  ; 2.42e-10 s                  ; Yes                        ; Yes                        ; 3.08 V                      ; 5.73e-09 V                  ; 3.19 V             ; -0.173 V           ; 0.149 V                             ; 0.259 V                             ; 2.79e-10 s                 ; 2.42e-10 s                 ; Yes                       ; Yes                       ;
; ~ALTERA_nCEO~ ; 2.5 V        ; 0 s                 ; 0 s                 ; 2.32 V                       ; 4.18e-09 V                   ; 2.38 V              ; -0.00483 V          ; 0.152 V                              ; 0.012 V                              ; 4.81e-10 s                  ; 6.29e-10 s                  ; Yes                        ; Yes                        ; 2.32 V                      ; 4.18e-09 V                  ; 2.38 V             ; -0.00483 V         ; 0.152 V                             ; 0.012 V                             ; 4.81e-10 s                 ; 6.29e-10 s                 ; Yes                       ; Yes                       ;
+---------------+--------------+---------------------+---------------------+------------------------------+------------------------------+---------------------+---------------------+--------------------------------------+--------------------------------------+-----------------------------+-----------------------------+----------------------------+----------------------------+-----------------------------+-----------------------------+--------------------+--------------------+-------------------------------------+-------------------------------------+----------------------------+----------------------------+---------------------------+---------------------------+


+--------------------------------------------------------------------------------------------------------------------------------------------------------------------------------------------------------------------------------------------------------------------------------------------------------------------------------------------------------------------------------------------------------------------------------------------------------------------------------------------------------------------------------------------------------------------------------------------------------------------------------------------------------------------------------------------+
; Signal Integrity Metrics (Slow 1200mv 85c Model)                                                                                                                                                                                                                                                                                                                                                                                                                                                                                                                                                                                                                                           ;
+---------------+--------------+---------------------+---------------------+------------------------------+------------------------------+---------------------+---------------------+--------------------------------------+--------------------------------------+-----------------------------+-----------------------------+----------------------------+----------------------------+-----------------------------+-----------------------------+--------------------+--------------------+-------------------------------------+-------------------------------------+----------------------------+----------------------------+---------------------------+---------------------------+
; Pin           ; I/O Standard ; Board Delay on Rise ; Board Delay on Fall ; Steady State Voh at FPGA Pin ; Steady State Vol at FPGA Pin ; Voh Max at FPGA Pin ; Vol Min at FPGA Pin ; Ringback Voltage on Rise at FPGA Pin ; Ringback Voltage on Fall at FPGA Pin ; 10-90 Rise Time at FPGA Pin ; 90-10 Fall Time at FPGA Pin ; Monotonic Rise at FPGA Pin ; Monotonic Fall at FPGA Pin ; Steady State Voh at Far-end ; Steady State Vol at Far-end ; Voh Max at Far-end ; Vol Min at Far-end ; Ringback Voltage on Rise at Far-end ; Ringback Voltage on Fall at Far-end ; 10-90 Rise Time at Far-end ; 90-10 Fall Time at Far-end ; Monotonic Rise at Far-end ; Monotonic Fall at Far-end ;
+---------------+--------------+---------------------+---------------------+------------------------------+------------------------------+---------------------+---------------------+--------------------------------------+--------------------------------------+-----------------------------+-----------------------------+----------------------------+----------------------------+-----------------------------+-----------------------------+--------------------+--------------------+-------------------------------------+-------------------------------------+----------------------------+----------------------------+---------------------------+---------------------------+
; LEDR[0]       ; 2.5 V        ; 0 s                 ; 0 s                 ; 2.32 V                       ; 6.92e-07 V                   ; 2.35 V              ; -0.00996 V          ; 0.121 V                              ; 0.03 V                               ; 4.64e-10 s                  ; 4.47e-10 s                  ; Yes                        ; Yes                        ; 2.32 V                      ; 6.92e-07 V                  ; 2.35 V             ; -0.00996 V         ; 0.121 V                             ; 0.03 V                              ; 4.64e-10 s                 ; 4.47e-10 s                 ; Yes                       ; Yes                       ;
; LEDR[1]       ; 2.5 V        ; 0 s                 ; 0 s                 ; 2.32 V                       ; 6.92e-07 V                   ; 2.35 V              ; -0.00996 V          ; 0.121 V                              ; 0.03 V                               ; 4.64e-10 s                  ; 4.47e-10 s                  ; Yes                        ; Yes                        ; 2.32 V                      ; 6.92e-07 V                  ; 2.35 V             ; -0.00996 V         ; 0.121 V                             ; 0.03 V                              ; 4.64e-10 s                 ; 4.47e-10 s                 ; Yes                       ; Yes                       ;
; LEDR[2]       ; 2.5 V        ; 0 s                 ; 0 s                 ; 2.32 V                       ; 6.92e-07 V                   ; 2.35 V              ; -0.00996 V          ; 0.121 V                              ; 0.03 V                               ; 4.64e-10 s                  ; 4.47e-10 s                  ; Yes                        ; Yes                        ; 2.32 V                      ; 6.92e-07 V                  ; 2.35 V             ; -0.00996 V         ; 0.121 V                             ; 0.03 V                              ; 4.64e-10 s                 ; 4.47e-10 s                 ; Yes                       ; Yes                       ;
; LEDR[3]       ; 2.5 V        ; 0 s                 ; 0 s                 ; 2.32 V                       ; 6.92e-07 V                   ; 2.35 V              ; -0.00996 V          ; 0.121 V                              ; 0.03 V                               ; 4.64e-10 s                  ; 4.47e-10 s                  ; Yes                        ; Yes                        ; 2.32 V                      ; 6.92e-07 V                  ; 2.35 V             ; -0.00996 V         ; 0.121 V                             ; 0.03 V                              ; 4.64e-10 s                 ; 4.47e-10 s                 ; Yes                       ; Yes                       ;
; LEDR[4]       ; 2.5 V        ; 0 s                 ; 0 s                 ; 2.32 V                       ; 6.92e-07 V                   ; 2.35 V              ; -0.00996 V          ; 0.121 V                              ; 0.03 V                               ; 4.64e-10 s                  ; 4.47e-10 s                  ; Yes                        ; Yes                        ; 2.32 V                      ; 6.92e-07 V                  ; 2.35 V             ; -0.00996 V         ; 0.121 V                             ; 0.03 V                              ; 4.64e-10 s                 ; 4.47e-10 s                 ; Yes                       ; Yes                       ;
; LEDR[5]       ; 2.5 V        ; 0 s                 ; 0 s                 ; 2.32 V                       ; 6.92e-07 V                   ; 2.35 V              ; -0.00996 V          ; 0.121 V                              ; 0.03 V                               ; 4.64e-10 s                  ; 4.47e-10 s                  ; Yes                        ; Yes                        ; 2.32 V                      ; 6.92e-07 V                  ; 2.35 V             ; -0.00996 V         ; 0.121 V                             ; 0.03 V                              ; 4.64e-10 s                 ; 4.47e-10 s                 ; Yes                       ; Yes                       ;
; LEDR[6]       ; 2.5 V        ; 0 s                 ; 0 s                 ; 2.32 V                       ; 6.92e-07 V                   ; 2.35 V              ; -0.00996 V          ; 0.121 V                              ; 0.03 V                               ; 4.64e-10 s                  ; 4.47e-10 s                  ; Yes                        ; Yes                        ; 2.32 V                      ; 6.92e-07 V                  ; 2.35 V             ; -0.00996 V         ; 0.121 V                             ; 0.03 V                              ; 4.64e-10 s                 ; 4.47e-10 s                 ; Yes                       ; Yes                       ;
; LEDR[7]       ; 2.5 V        ; 0 s                 ; 0 s                 ; 2.32 V                       ; 6.92e-07 V                   ; 2.35 V              ; -0.00996 V          ; 0.121 V                              ; 0.03 V                               ; 4.64e-10 s                  ; 4.47e-10 s                  ; Yes                        ; Yes                        ; 2.32 V                      ; 6.92e-07 V                  ; 2.35 V             ; -0.00996 V         ; 0.121 V                             ; 0.03 V                              ; 4.64e-10 s                 ; 4.47e-10 s                 ; Yes                       ; Yes                       ;
; LEDR[8]       ; 2.5 V        ; 0 s                 ; 0 s                 ; 2.32 V                       ; 6.92e-07 V                   ; 2.35 V              ; -0.00996 V          ; 0.121 V                              ; 0.03 V                               ; 4.64e-10 s                  ; 4.47e-10 s                  ; Yes                        ; Yes                        ; 2.32 V                      ; 6.92e-07 V                  ; 2.35 V             ; -0.00996 V         ; 0.121 V                             ; 0.03 V                              ; 4.64e-10 s                 ; 4.47e-10 s                 ; Yes                       ; Yes                       ;
; LEDR[9]       ; 2.5 V        ; 0 s                 ; 0 s                 ; 2.32 V                       ; 6.92e-07 V                   ; 2.33 V              ; -0.00265 V          ; 0.133 V                              ; 0.056 V                              ; 3.55e-09 s                  ; 3.31e-09 s                  ; Yes                        ; Yes                        ; 2.32 V                      ; 6.92e-07 V                  ; 2.33 V             ; -0.00265 V         ; 0.133 V                             ; 0.056 V                             ; 3.55e-09 s                 ; 3.31e-09 s                 ; Yes                       ; Yes                       ;
; LEDR[10]      ; 2.5 V        ; 0 s                 ; 0 s                 ; 2.32 V                       ; 6.92e-07 V                   ; 2.35 V              ; -0.00996 V          ; 0.121 V                              ; 0.03 V                               ; 4.64e-10 s                  ; 4.47e-10 s                  ; Yes                        ; Yes                        ; 2.32 V                      ; 6.92e-07 V                  ; 2.35 V             ; -0.00996 V         ; 0.121 V                             ; 0.03 V                              ; 4.64e-10 s                 ; 4.47e-10 s                 ; Yes                       ; Yes                       ;
; LEDR[11]      ; 2.5 V        ; 0 s                 ; 0 s                 ; 2.32 V                       ; 6.92e-07 V                   ; 2.35 V              ; -0.00996 V          ; 0.121 V                              ; 0.03 V                               ; 4.64e-10 s                  ; 4.47e-10 s                  ; Yes                        ; Yes                        ; 2.32 V                      ; 6.92e-07 V                  ; 2.35 V             ; -0.00996 V         ; 0.121 V                             ; 0.03 V                              ; 4.64e-10 s                 ; 4.47e-10 s                 ; Yes                       ; Yes                       ;
; LEDR[12]      ; 2.5 V        ; 0 s                 ; 0 s                 ; 2.32 V                       ; 6.92e-07 V                   ; 2.35 V              ; -0.00996 V          ; 0.121 V                              ; 0.03 V                               ; 4.64e-10 s                  ; 4.47e-10 s                  ; Yes                        ; Yes                        ; 2.32 V                      ; 6.92e-07 V                  ; 2.35 V             ; -0.00996 V         ; 0.121 V                             ; 0.03 V                              ; 4.64e-10 s                 ; 4.47e-10 s                 ; Yes                       ; Yes                       ;
; LEDR[13]      ; 2.5 V        ; 0 s                 ; 0 s                 ; 2.32 V                       ; 6.92e-07 V                   ; 2.35 V              ; -0.00996 V          ; 0.121 V                              ; 0.03 V                               ; 4.64e-10 s                  ; 4.47e-10 s                  ; Yes                        ; Yes                        ; 2.32 V                      ; 6.92e-07 V                  ; 2.35 V             ; -0.00996 V         ; 0.121 V                             ; 0.03 V                              ; 4.64e-10 s                 ; 4.47e-10 s                 ; Yes                       ; Yes                       ;
; LEDR[14]      ; 2.5 V        ; 0 s                 ; 0 s                 ; 2.32 V                       ; 6.92e-07 V                   ; 2.35 V              ; -0.00996 V          ; 0.121 V                              ; 0.03 V                               ; 4.64e-10 s                  ; 4.47e-10 s                  ; Yes                        ; Yes                        ; 2.32 V                      ; 6.92e-07 V                  ; 2.35 V             ; -0.00996 V         ; 0.121 V                             ; 0.03 V                              ; 4.64e-10 s                 ; 4.47e-10 s                 ; Yes                       ; Yes                       ;
; LEDR[15]      ; 2.5 V        ; 0 s                 ; 0 s                 ; 2.32 V                       ; 6.92e-07 V                   ; 2.33 V              ; -0.00265 V          ; 0.133 V                              ; 0.056 V                              ; 3.55e-09 s                  ; 3.31e-09 s                  ; Yes                        ; Yes                        ; 2.32 V                      ; 6.92e-07 V                  ; 2.33 V             ; -0.00265 V         ; 0.133 V                             ; 0.056 V                             ; 3.55e-09 s                 ; 3.31e-09 s                 ; Yes                       ; Yes                       ;
; LEDR[16]      ; 2.5 V        ; 0 s                 ; 0 s                 ; 2.32 V                       ; 6.92e-07 V                   ; 2.35 V              ; -0.00996 V          ; 0.121 V                              ; 0.03 V                               ; 4.64e-10 s                  ; 4.47e-10 s                  ; Yes                        ; Yes                        ; 2.32 V                      ; 6.92e-07 V                  ; 2.35 V             ; -0.00996 V         ; 0.121 V                             ; 0.03 V                              ; 4.64e-10 s                 ; 4.47e-10 s                 ; Yes                       ; Yes                       ;
; LEDR[17]      ; 2.5 V        ; 0 s                 ; 0 s                 ; 2.32 V                       ; 6.92e-07 V                   ; 2.35 V              ; -0.00996 V          ; 0.121 V                              ; 0.03 V                               ; 4.64e-10 s                  ; 4.47e-10 s                  ; Yes                        ; Yes                        ; 2.32 V                      ; 6.92e-07 V                  ; 2.35 V             ; -0.00996 V         ; 0.121 V                             ; 0.03 V                              ; 4.64e-10 s                 ; 4.47e-10 s                 ; Yes                       ; Yes                       ;
; LEDG[0]       ; 2.5 V        ; 0 s                 ; 0 s                 ; 2.32 V                       ; 6.92e-07 V                   ; 2.35 V              ; -0.00996 V          ; 0.121 V                              ; 0.03 V                               ; 4.64e-10 s                  ; 4.47e-10 s                  ; Yes                        ; Yes                        ; 2.32 V                      ; 6.92e-07 V                  ; 2.35 V             ; -0.00996 V         ; 0.121 V                             ; 0.03 V                              ; 4.64e-10 s                 ; 4.47e-10 s                 ; Yes                       ; Yes                       ;
; LEDG[1]       ; 2.5 V        ; 0 s                 ; 0 s                 ; 2.32 V                       ; 6.92e-07 V                   ; 2.35 V              ; -0.00996 V          ; 0.121 V                              ; 0.03 V                               ; 4.64e-10 s                  ; 4.47e-10 s                  ; Yes                        ; Yes                        ; 2.32 V                      ; 6.92e-07 V                  ; 2.35 V             ; -0.00996 V         ; 0.121 V                             ; 0.03 V                              ; 4.64e-10 s                 ; 4.47e-10 s                 ; Yes                       ; Yes                       ;
; LEDG[2]       ; 2.5 V        ; 0 s                 ; 0 s                 ; 2.32 V                       ; 6.92e-07 V                   ; 2.35 V              ; -0.00996 V          ; 0.121 V                              ; 0.03 V                               ; 4.64e-10 s                  ; 4.47e-10 s                  ; Yes                        ; Yes                        ; 2.32 V                      ; 6.92e-07 V                  ; 2.35 V             ; -0.00996 V         ; 0.121 V                             ; 0.03 V                              ; 4.64e-10 s                 ; 4.47e-10 s                 ; Yes                       ; Yes                       ;
; LEDG[3]       ; 2.5 V        ; 0 s                 ; 0 s                 ; 2.32 V                       ; 6.92e-07 V                   ; 2.35 V              ; -0.00996 V          ; 0.121 V                              ; 0.03 V                               ; 4.64e-10 s                  ; 4.47e-10 s                  ; Yes                        ; Yes                        ; 2.32 V                      ; 6.92e-07 V                  ; 2.35 V             ; -0.00996 V         ; 0.121 V                             ; 0.03 V                              ; 4.64e-10 s                 ; 4.47e-10 s                 ; Yes                       ; Yes                       ;
; LEDG[4]       ; 2.5 V        ; 0 s                 ; 0 s                 ; 2.32 V                       ; 6.92e-07 V                   ; 2.35 V              ; -0.00996 V          ; 0.121 V                              ; 0.03 V                               ; 4.64e-10 s                  ; 4.47e-10 s                  ; Yes                        ; Yes                        ; 2.32 V                      ; 6.92e-07 V                  ; 2.35 V             ; -0.00996 V         ; 0.121 V                             ; 0.03 V                              ; 4.64e-10 s                 ; 4.47e-10 s                 ; Yes                       ; Yes                       ;
; LEDG[5]       ; 2.5 V        ; 0 s                 ; 0 s                 ; 2.32 V                       ; 6.92e-07 V                   ; 2.35 V              ; -0.00996 V          ; 0.121 V                              ; 0.03 V                               ; 4.64e-10 s                  ; 4.47e-10 s                  ; Yes                        ; Yes                        ; 2.32 V                      ; 6.92e-07 V                  ; 2.35 V             ; -0.00996 V         ; 0.121 V                             ; 0.03 V                              ; 4.64e-10 s                 ; 4.47e-10 s                 ; Yes                       ; Yes                       ;
; LEDG[6]       ; 2.5 V        ; 0 s                 ; 0 s                 ; 2.32 V                       ; 6.92e-07 V                   ; 2.35 V              ; -0.00996 V          ; 0.121 V                              ; 0.03 V                               ; 4.64e-10 s                  ; 4.47e-10 s                  ; Yes                        ; Yes                        ; 2.32 V                      ; 6.92e-07 V                  ; 2.35 V             ; -0.00996 V         ; 0.121 V                             ; 0.03 V                              ; 4.64e-10 s                 ; 4.47e-10 s                 ; Yes                       ; Yes                       ;
; LEDG[7]       ; 2.5 V        ; 0 s                 ; 0 s                 ; 2.32 V                       ; 6.92e-07 V                   ; 2.35 V              ; -0.00996 V          ; 0.121 V                              ; 0.03 V                               ; 4.64e-10 s                  ; 4.47e-10 s                  ; Yes                        ; Yes                        ; 2.32 V                      ; 6.92e-07 V                  ; 2.35 V             ; -0.00996 V         ; 0.121 V                             ; 0.03 V                              ; 4.64e-10 s                 ; 4.47e-10 s                 ; Yes                       ; Yes                       ;
; HEX0[0]       ; 2.5 V        ; 0 s                 ; 0 s                 ; 2.32 V                       ; 6.92e-07 V                   ; 2.35 V              ; -0.00996 V          ; 0.121 V                              ; 0.03 V                               ; 4.64e-10 s                  ; 4.47e-10 s                  ; Yes                        ; Yes                        ; 2.32 V                      ; 6.92e-07 V                  ; 2.35 V             ; -0.00996 V         ; 0.121 V                             ; 0.03 V                              ; 4.64e-10 s                 ; 4.47e-10 s                 ; Yes                       ; Yes                       ;
; HEX0[1]       ; 2.5 V        ; 0 s                 ; 0 s                 ; 2.32 V                       ; 6.92e-07 V                   ; 2.33 V              ; -0.00265 V          ; 0.133 V                              ; 0.056 V                              ; 3.55e-09 s                  ; 3.31e-09 s                  ; Yes                        ; Yes                        ; 2.32 V                      ; 6.92e-07 V                  ; 2.33 V             ; -0.00265 V         ; 0.133 V                             ; 0.056 V                             ; 3.55e-09 s                 ; 3.31e-09 s                 ; Yes                       ; Yes                       ;
; HEX0[2]       ; 2.5 V        ; 0 s                 ; 0 s                 ; 2.32 V                       ; 6.92e-07 V                   ; 2.35 V              ; -0.00996 V          ; 0.121 V                              ; 0.03 V                               ; 4.64e-10 s                  ; 4.47e-10 s                  ; Yes                        ; Yes                        ; 2.32 V                      ; 6.92e-07 V                  ; 2.35 V             ; -0.00996 V         ; 0.121 V                             ; 0.03 V                              ; 4.64e-10 s                 ; 4.47e-10 s                 ; Yes                       ; Yes                       ;
; HEX0[3]       ; 2.5 V        ; 0 s                 ; 0 s                 ; 2.32 V                       ; 4.67e-07 V                   ; 2.36 V              ; -0.00552 V          ; 0.11 V                               ; 0.007 V                              ; 4.54e-10 s                  ; 4.35e-10 s                  ; Yes                        ; Yes                        ; 2.32 V                      ; 4.67e-07 V                  ; 2.36 V             ; -0.00552 V         ; 0.11 V                              ; 0.007 V                             ; 4.54e-10 s                 ; 4.35e-10 s                 ; Yes                       ; Yes                       ;
; HEX0[4]       ; 2.5 V        ; 0 s                 ; 0 s                 ; 2.32 V                       ; 4.67e-07 V                   ; 2.36 V              ; -0.00552 V          ; 0.11 V                               ; 0.007 V                              ; 4.54e-10 s                  ; 4.35e-10 s                  ; Yes                        ; Yes                        ; 2.32 V                      ; 4.67e-07 V                  ; 2.36 V             ; -0.00552 V         ; 0.11 V                              ; 0.007 V                             ; 4.54e-10 s                 ; 4.35e-10 s                 ; Yes                       ; Yes                       ;
; HEX0[5]       ; 2.5 V        ; 0 s                 ; 0 s                 ; 2.32 V                       ; 4.67e-07 V                   ; 2.33 V              ; -0.00269 V          ; 0.13 V                               ; 0.055 V                              ; 3.54e-09 s                  ; 3.29e-09 s                  ; Yes                        ; Yes                        ; 2.32 V                      ; 4.67e-07 V                  ; 2.33 V             ; -0.00269 V         ; 0.13 V                              ; 0.055 V                             ; 3.54e-09 s                 ; 3.29e-09 s                 ; Yes                       ; Yes                       ;
; HEX0[6]       ; 2.5 V        ; 0 s                 ; 0 s                 ; 2.32 V                       ; 4.67e-07 V                   ; 2.36 V              ; -0.00552 V          ; 0.11 V                               ; 0.007 V                              ; 4.54e-10 s                  ; 4.35e-10 s                  ; Yes                        ; Yes                        ; 2.32 V                      ; 4.67e-07 V                  ; 2.36 V             ; -0.00552 V         ; 0.11 V                              ; 0.007 V                             ; 4.54e-10 s                 ; 4.35e-10 s                 ; Yes                       ; Yes                       ;
; HEX1[0]       ; 2.5 V        ; 0 s                 ; 0 s                 ; 2.32 V                       ; 4.67e-07 V                   ; 2.36 V              ; -0.00552 V          ; 0.11 V                               ; 0.007 V                              ; 4.54e-10 s                  ; 4.35e-10 s                  ; Yes                        ; Yes                        ; 2.32 V                      ; 4.67e-07 V                  ; 2.36 V             ; -0.00552 V         ; 0.11 V                              ; 0.007 V                             ; 4.54e-10 s                 ; 4.35e-10 s                 ; Yes                       ; Yes                       ;
; HEX1[1]       ; 2.5 V        ; 0 s                 ; 0 s                 ; 2.32 V                       ; 4.67e-07 V                   ; 2.35 V              ; -0.00942 V          ; 0.116 V                              ; 0.033 V                              ; 6.66e-10 s                  ; 6.27e-10 s                  ; Yes                        ; Yes                        ; 2.32 V                      ; 4.67e-07 V                  ; 2.35 V             ; -0.00942 V         ; 0.116 V                             ; 0.033 V                             ; 6.66e-10 s                 ; 6.27e-10 s                 ; Yes                       ; Yes                       ;
; HEX1[2]       ; 2.5 V        ; 0 s                 ; 0 s                 ; 2.32 V                       ; 4.67e-07 V                   ; 2.35 V              ; -0.00942 V          ; 0.116 V                              ; 0.033 V                              ; 6.66e-10 s                  ; 6.27e-10 s                  ; Yes                        ; Yes                        ; 2.32 V                      ; 4.67e-07 V                  ; 2.35 V             ; -0.00942 V         ; 0.116 V                             ; 0.033 V                             ; 6.66e-10 s                 ; 6.27e-10 s                 ; Yes                       ; Yes                       ;
; HEX1[3]       ; 2.5 V        ; 0 s                 ; 0 s                 ; 2.32 V                       ; 4.67e-07 V                   ; 2.35 V              ; -0.00942 V          ; 0.116 V                              ; 0.033 V                              ; 6.66e-10 s                  ; 6.27e-10 s                  ; Yes                        ; Yes                        ; 2.32 V                      ; 4.67e-07 V                  ; 2.35 V             ; -0.00942 V         ; 0.116 V                             ; 0.033 V                             ; 6.66e-10 s                 ; 6.27e-10 s                 ; Yes                       ; Yes                       ;
; HEX1[4]       ; 2.5 V        ; 0 s                 ; 0 s                 ; 2.32 V                       ; 4.67e-07 V                   ; 2.35 V              ; -0.00942 V          ; 0.116 V                              ; 0.033 V                              ; 6.66e-10 s                  ; 6.27e-10 s                  ; Yes                        ; Yes                        ; 2.32 V                      ; 4.67e-07 V                  ; 2.35 V             ; -0.00942 V         ; 0.116 V                             ; 0.033 V                             ; 6.66e-10 s                 ; 6.27e-10 s                 ; Yes                       ; Yes                       ;
; HEX1[5]       ; 2.5 V        ; 0 s                 ; 0 s                 ; 2.32 V                       ; 4.67e-07 V                   ; 2.33 V              ; -0.00269 V          ; 0.13 V                               ; 0.055 V                              ; 3.54e-09 s                  ; 3.29e-09 s                  ; Yes                        ; Yes                        ; 2.32 V                      ; 4.67e-07 V                  ; 2.33 V             ; -0.00269 V         ; 0.13 V                              ; 0.055 V                             ; 3.54e-09 s                 ; 3.29e-09 s                 ; Yes                       ; Yes                       ;
; HEX1[6]       ; 2.5 V        ; 0 s                 ; 0 s                 ; 2.32 V                       ; 4.67e-07 V                   ; 2.33 V              ; -0.00269 V          ; 0.13 V                               ; 0.055 V                              ; 3.54e-09 s                  ; 3.29e-09 s                  ; Yes                        ; Yes                        ; 2.32 V                      ; 4.67e-07 V                  ; 2.33 V             ; -0.00269 V         ; 0.13 V                              ; 0.055 V                             ; 3.54e-09 s                 ; 3.29e-09 s                 ; Yes                       ; Yes                       ;
; HEX6[0]       ; 3.3-V LVTTL  ; 0 s                 ; 0 s                 ; 3.08 V                       ; 1.9e-06 V                    ; 3.11 V              ; -0.0625 V           ; 0.224 V                              ; 0.17 V                               ; 6.86e-10 s                  ; 6.31e-10 s                  ; Yes                        ; No                         ; 3.08 V                      ; 1.9e-06 V                   ; 3.11 V             ; -0.0625 V          ; 0.224 V                             ; 0.17 V                              ; 6.86e-10 s                 ; 6.31e-10 s                 ; Yes                       ; No                        ;
; HEX6[1]       ; 3.3-V LVTTL  ; 0 s                 ; 0 s                 ; 3.08 V                       ; 1.9e-06 V                    ; 3.11 V              ; -0.0625 V           ; 0.224 V                              ; 0.17 V                               ; 6.86e-10 s                  ; 6.31e-10 s                  ; Yes                        ; No                         ; 3.08 V                      ; 1.9e-06 V                   ; 3.11 V             ; -0.0625 V          ; 0.224 V                             ; 0.17 V                              ; 6.86e-10 s                 ; 6.31e-10 s                 ; Yes                       ; No                        ;
; HEX6[2]       ; 3.3-V LVTTL  ; 0 s                 ; 0 s                 ; 3.08 V                       ; 1.9e-06 V                    ; 3.11 V              ; -0.0625 V           ; 0.224 V                              ; 0.17 V                               ; 6.86e-10 s                  ; 6.31e-10 s                  ; Yes                        ; No                         ; 3.08 V                      ; 1.9e-06 V                   ; 3.11 V             ; -0.0625 V          ; 0.224 V                             ; 0.17 V                              ; 6.86e-10 s                 ; 6.31e-10 s                 ; Yes                       ; No                        ;
; HEX6[3]       ; 3.3-V LVTTL  ; 0 s                 ; 0 s                 ; 3.08 V                       ; 1.9e-06 V                    ; 3.11 V              ; -0.0625 V           ; 0.224 V                              ; 0.17 V                               ; 6.86e-10 s                  ; 6.31e-10 s                  ; Yes                        ; No                         ; 3.08 V                      ; 1.9e-06 V                   ; 3.11 V             ; -0.0625 V          ; 0.224 V                             ; 0.17 V                              ; 6.86e-10 s                 ; 6.31e-10 s                 ; Yes                       ; No                        ;
; HEX6[4]       ; 3.3-V LVTTL  ; 0 s                 ; 0 s                 ; 3.08 V                       ; 1.9e-06 V                    ; 3.11 V              ; -0.0625 V           ; 0.224 V                              ; 0.17 V                               ; 6.86e-10 s                  ; 6.31e-10 s                  ; Yes                        ; No                         ; 3.08 V                      ; 1.9e-06 V                   ; 3.11 V             ; -0.0625 V          ; 0.224 V                             ; 0.17 V                              ; 6.86e-10 s                 ; 6.31e-10 s                 ; Yes                       ; No                        ;
; HEX6[5]       ; 3.3-V LVTTL  ; 0 s                 ; 0 s                 ; 3.08 V                       ; 1.9e-06 V                    ; 3.08 V              ; -0.00581 V          ; 0.138 V                              ; 0.22 V                               ; 5.55e-09 s                  ; 4.38e-09 s                  ; Yes                        ; Yes                        ; 3.08 V                      ; 1.9e-06 V                   ; 3.08 V             ; -0.00581 V         ; 0.138 V                             ; 0.22 V                              ; 5.55e-09 s                 ; 4.38e-09 s                 ; Yes                       ; Yes                       ;
; HEX6[6]       ; 3.3-V LVTTL  ; 0 s                 ; 0 s                 ; 3.08 V                       ; 1.9e-06 V                    ; 3.11 V              ; -0.0625 V           ; 0.224 V                              ; 0.17 V                               ; 6.86e-10 s                  ; 6.31e-10 s                  ; Yes                        ; No                         ; 3.08 V                      ; 1.9e-06 V                   ; 3.11 V             ; -0.0625 V          ; 0.224 V                             ; 0.17 V                              ; 6.86e-10 s                 ; 6.31e-10 s                 ; Yes                       ; No                        ;
; HEX7[0]       ; 3.3-V LVTTL  ; 0 s                 ; 0 s                 ; 3.08 V                       ; 1.9e-06 V                    ; 3.11 V              ; -0.0625 V           ; 0.224 V                              ; 0.17 V                               ; 6.86e-10 s                  ; 6.31e-10 s                  ; Yes                        ; No                         ; 3.08 V                      ; 1.9e-06 V                   ; 3.11 V             ; -0.0625 V          ; 0.224 V                             ; 0.17 V                              ; 6.86e-10 s                 ; 6.31e-10 s                 ; Yes                       ; No                        ;
; HEX7[1]       ; 3.3-V LVTTL  ; 0 s                 ; 0 s                 ; 3.08 V                       ; 1.9e-06 V                    ; 3.11 V              ; -0.0625 V           ; 0.224 V                              ; 0.17 V                               ; 6.86e-10 s                  ; 6.31e-10 s                  ; Yes                        ; No                         ; 3.08 V                      ; 1.9e-06 V                   ; 3.11 V             ; -0.0625 V          ; 0.224 V                             ; 0.17 V                              ; 6.86e-10 s                 ; 6.31e-10 s                 ; Yes                       ; No                        ;
; HEX7[2]       ; 3.3-V LVTTL  ; 0 s                 ; 0 s                 ; 3.08 V                       ; 1.9e-06 V                    ; 3.11 V              ; -0.0625 V           ; 0.224 V                              ; 0.17 V                               ; 6.86e-10 s                  ; 6.31e-10 s                  ; Yes                        ; No                         ; 3.08 V                      ; 1.9e-06 V                   ; 3.11 V             ; -0.0625 V          ; 0.224 V                             ; 0.17 V                              ; 6.86e-10 s                 ; 6.31e-10 s                 ; Yes                       ; No                        ;
; HEX7[3]       ; 3.3-V LVTTL  ; 0 s                 ; 0 s                 ; 3.08 V                       ; 1.9e-06 V                    ; 3.11 V              ; -0.0625 V           ; 0.224 V                              ; 0.17 V                               ; 6.86e-10 s                  ; 6.31e-10 s                  ; Yes                        ; No                         ; 3.08 V                      ; 1.9e-06 V                   ; 3.11 V             ; -0.0625 V          ; 0.224 V                             ; 0.17 V                              ; 6.86e-10 s                 ; 6.31e-10 s                 ; Yes                       ; No                        ;
; HEX7[4]       ; 3.3-V LVTTL  ; 0 s                 ; 0 s                 ; 3.08 V                       ; 1.9e-06 V                    ; 3.11 V              ; -0.0625 V           ; 0.224 V                              ; 0.17 V                               ; 6.86e-10 s                  ; 6.31e-10 s                  ; Yes                        ; No                         ; 3.08 V                      ; 1.9e-06 V                   ; 3.11 V             ; -0.0625 V          ; 0.224 V                             ; 0.17 V                              ; 6.86e-10 s                 ; 6.31e-10 s                 ; Yes                       ; No                        ;
; HEX7[5]       ; 3.3-V LVTTL  ; 0 s                 ; 0 s                 ; 3.08 V                       ; 1.9e-06 V                    ; 3.11 V              ; -0.0625 V           ; 0.224 V                              ; 0.17 V                               ; 6.86e-10 s                  ; 6.31e-10 s                  ; Yes                        ; No                         ; 3.08 V                      ; 1.9e-06 V                   ; 3.11 V             ; -0.0625 V          ; 0.224 V                             ; 0.17 V                              ; 6.86e-10 s                 ; 6.31e-10 s                 ; Yes                       ; No                        ;
; HEX7[6]       ; 3.3-V LVTTL  ; 0 s                 ; 0 s                 ; 3.08 V                       ; 1.9e-06 V                    ; 3.11 V              ; -0.0625 V           ; 0.224 V                              ; 0.17 V                               ; 6.86e-10 s                  ; 6.31e-10 s                  ; Yes                        ; No                         ; 3.08 V                      ; 1.9e-06 V                   ; 3.11 V             ; -0.0625 V          ; 0.224 V                             ; 0.17 V                              ; 6.86e-10 s                 ; 6.31e-10 s                 ; Yes                       ; No                        ;
; AUD_DACDAT    ; 3.3-V LVTTL  ; 0 s                 ; 0 s                 ; 3.08 V                       ; 1.28e-06 V                   ; 3.11 V              ; -0.0528 V           ; 0.302 V                              ; 0.199 V                              ; 9.51e-10 s                  ; 8.47e-10 s                  ; Yes                        ; No                         ; 3.08 V                      ; 1.28e-06 V                  ; 3.11 V             ; -0.0528 V          ; 0.302 V                             ; 0.199 V                             ; 9.51e-10 s                 ; 8.47e-10 s                 ; Yes                       ; No                        ;
; AUD_XCK       ; 3.3-V LVTTL  ; 0 s                 ; 0 s                 ; 3.08 V                       ; 1.28e-06 V                   ; 3.11 V              ; -0.0528 V           ; 0.302 V                              ; 0.199 V                              ; 9.51e-10 s                  ; 8.47e-10 s                  ; Yes                        ; No                         ; 3.08 V                      ; 1.28e-06 V                  ; 3.11 V             ; -0.0528 V          ; 0.302 V                             ; 0.199 V                             ; 9.51e-10 s                 ; 8.47e-10 s                 ; Yes                       ; No                        ;
; I2C_SCLK      ; 3.3-V LVTTL  ; 0 s                 ; 0 s                 ; 3.08 V                       ; 1.9e-06 V                    ; 3.11 V              ; -0.0625 V           ; 0.224 V                              ; 0.17 V                               ; 6.86e-10 s                  ; 6.31e-10 s                  ; Yes                        ; No                         ; 3.08 V                      ; 1.9e-06 V                   ; 3.11 V             ; -0.0625 V          ; 0.224 V                             ; 0.17 V                              ; 6.86e-10 s                 ; 6.31e-10 s                 ; Yes                       ; No                        ;
; I2C_SDAT      ; 3.3-V LVTTL  ; 0 s                 ; 0 s                 ; 3.08 V                       ; 1.9e-06 V                    ; 3.11 V              ; -0.0625 V           ; 0.224 V                              ; 0.17 V                               ; 6.86e-10 s                  ; 6.31e-10 s                  ; Yes                        ; No                         ; 3.08 V                      ; 1.9e-06 V                   ; 3.11 V             ; -0.0625 V          ; 0.224 V                             ; 0.17 V                              ; 6.86e-10 s                 ; 6.31e-10 s                 ; Yes                       ; No                        ;
; ~ALTERA_DCLK~ ; 3.3-V LVTTL  ; 0 s                 ; 0 s                 ; 3.08 V                       ; 6.54e-07 V                   ; 3.14 V              ; -0.115 V            ; 0.146 V                              ; 0.141 V                              ; 3.07e-10 s                  ; 3.96e-10 s                  ; Yes                        ; No                         ; 3.08 V                      ; 6.54e-07 V                  ; 3.14 V             ; -0.115 V           ; 0.146 V                             ; 0.141 V                             ; 3.07e-10 s                 ; 3.96e-10 s                 ; Yes                       ; No                        ;
; ~ALTERA_nCEO~ ; 2.5 V        ; 0 s                 ; 0 s                 ; 2.32 V                       ; 6.15e-07 V                   ; 2.35 V              ; -0.00712 V          ; 0.093 V                              ; 0.02 V                               ; 6.21e-10 s                  ; 7.9e-10 s                   ; Yes                        ; Yes                        ; 2.32 V                      ; 6.15e-07 V                  ; 2.35 V             ; -0.00712 V         ; 0.093 V                             ; 0.02 V                              ; 6.21e-10 s                 ; 7.9e-10 s                  ; Yes                       ; Yes                       ;
+---------------+--------------+---------------------+---------------------+------------------------------+------------------------------+---------------------+---------------------+--------------------------------------+--------------------------------------+-----------------------------+-----------------------------+----------------------------+----------------------------+-----------------------------+-----------------------------+--------------------+--------------------+-------------------------------------+-------------------------------------+----------------------------+----------------------------+---------------------------+---------------------------+


+--------------------------------------------------------------------------------------------------------------------------------------------------------------------------------------------------------------------------------------------------------------------------------------------------------------------------------------------------------------------------------------------------------------------------------------------------------------------------------------------------------------------------------------------------------------------------------------------------------------------------------------------------------------------------------------------+
; Signal Integrity Metrics (Fast 1200mv 0c Model)                                                                                                                                                                                                                                                                                                                                                                                                                                                                                                                                                                                                                                            ;
+---------------+--------------+---------------------+---------------------+------------------------------+------------------------------+---------------------+---------------------+--------------------------------------+--------------------------------------+-----------------------------+-----------------------------+----------------------------+----------------------------+-----------------------------+-----------------------------+--------------------+--------------------+-------------------------------------+-------------------------------------+----------------------------+----------------------------+---------------------------+---------------------------+
; Pin           ; I/O Standard ; Board Delay on Rise ; Board Delay on Fall ; Steady State Voh at FPGA Pin ; Steady State Vol at FPGA Pin ; Voh Max at FPGA Pin ; Vol Min at FPGA Pin ; Ringback Voltage on Rise at FPGA Pin ; Ringback Voltage on Fall at FPGA Pin ; 10-90 Rise Time at FPGA Pin ; 90-10 Fall Time at FPGA Pin ; Monotonic Rise at FPGA Pin ; Monotonic Fall at FPGA Pin ; Steady State Voh at Far-end ; Steady State Vol at Far-end ; Voh Max at Far-end ; Vol Min at Far-end ; Ringback Voltage on Rise at Far-end ; Ringback Voltage on Fall at Far-end ; 10-90 Rise Time at Far-end ; 90-10 Fall Time at Far-end ; Monotonic Rise at Far-end ; Monotonic Fall at Far-end ;
+---------------+--------------+---------------------+---------------------+------------------------------+------------------------------+---------------------+---------------------+--------------------------------------+--------------------------------------+-----------------------------+-----------------------------+----------------------------+----------------------------+-----------------------------+-----------------------------+--------------------+--------------------+-------------------------------------+-------------------------------------+----------------------------+----------------------------+---------------------------+---------------------------+
; LEDR[0]       ; 2.5 V        ; 0 s                 ; 0 s                 ; 2.62 V                       ; 4.05e-08 V                   ; 2.72 V              ; -0.0349 V           ; 0.173 V                              ; 0.1 V                                ; 2.72e-10 s                  ; 2.69e-10 s                  ; Yes                        ; Yes                        ; 2.62 V                      ; 4.05e-08 V                  ; 2.72 V             ; -0.0349 V          ; 0.173 V                             ; 0.1 V                               ; 2.72e-10 s                 ; 2.69e-10 s                 ; Yes                       ; Yes                       ;
; LEDR[1]       ; 2.5 V        ; 0 s                 ; 0 s                 ; 2.62 V                       ; 4.05e-08 V                   ; 2.72 V              ; -0.0349 V           ; 0.173 V                              ; 0.1 V                                ; 2.72e-10 s                  ; 2.69e-10 s                  ; Yes                        ; Yes                        ; 2.62 V                      ; 4.05e-08 V                  ; 2.72 V             ; -0.0349 V          ; 0.173 V                             ; 0.1 V                               ; 2.72e-10 s                 ; 2.69e-10 s                 ; Yes                       ; Yes                       ;
; LEDR[2]       ; 2.5 V        ; 0 s                 ; 0 s                 ; 2.62 V                       ; 4.05e-08 V                   ; 2.72 V              ; -0.0349 V           ; 0.173 V                              ; 0.1 V                                ; 2.72e-10 s                  ; 2.69e-10 s                  ; Yes                        ; Yes                        ; 2.62 V                      ; 4.05e-08 V                  ; 2.72 V             ; -0.0349 V          ; 0.173 V                             ; 0.1 V                               ; 2.72e-10 s                 ; 2.69e-10 s                 ; Yes                       ; Yes                       ;
; LEDR[3]       ; 2.5 V        ; 0 s                 ; 0 s                 ; 2.62 V                       ; 4.05e-08 V                   ; 2.72 V              ; -0.0349 V           ; 0.173 V                              ; 0.1 V                                ; 2.72e-10 s                  ; 2.69e-10 s                  ; Yes                        ; Yes                        ; 2.62 V                      ; 4.05e-08 V                  ; 2.72 V             ; -0.0349 V          ; 0.173 V                             ; 0.1 V                               ; 2.72e-10 s                 ; 2.69e-10 s                 ; Yes                       ; Yes                       ;
; LEDR[4]       ; 2.5 V        ; 0 s                 ; 0 s                 ; 2.62 V                       ; 4.05e-08 V                   ; 2.72 V              ; -0.0349 V           ; 0.173 V                              ; 0.1 V                                ; 2.72e-10 s                  ; 2.69e-10 s                  ; Yes                        ; Yes                        ; 2.62 V                      ; 4.05e-08 V                  ; 2.72 V             ; -0.0349 V          ; 0.173 V                             ; 0.1 V                               ; 2.72e-10 s                 ; 2.69e-10 s                 ; Yes                       ; Yes                       ;
; LEDR[5]       ; 2.5 V        ; 0 s                 ; 0 s                 ; 2.62 V                       ; 4.05e-08 V                   ; 2.72 V              ; -0.0349 V           ; 0.173 V                              ; 0.1 V                                ; 2.72e-10 s                  ; 2.69e-10 s                  ; Yes                        ; Yes                        ; 2.62 V                      ; 4.05e-08 V                  ; 2.72 V             ; -0.0349 V          ; 0.173 V                             ; 0.1 V                               ; 2.72e-10 s                 ; 2.69e-10 s                 ; Yes                       ; Yes                       ;
; LEDR[6]       ; 2.5 V        ; 0 s                 ; 0 s                 ; 2.62 V                       ; 4.05e-08 V                   ; 2.72 V              ; -0.0349 V           ; 0.173 V                              ; 0.1 V                                ; 2.72e-10 s                  ; 2.69e-10 s                  ; Yes                        ; Yes                        ; 2.62 V                      ; 4.05e-08 V                  ; 2.72 V             ; -0.0349 V          ; 0.173 V                             ; 0.1 V                               ; 2.72e-10 s                 ; 2.69e-10 s                 ; Yes                       ; Yes                       ;
; LEDR[7]       ; 2.5 V        ; 0 s                 ; 0 s                 ; 2.62 V                       ; 4.05e-08 V                   ; 2.72 V              ; -0.0349 V           ; 0.173 V                              ; 0.1 V                                ; 2.72e-10 s                  ; 2.69e-10 s                  ; Yes                        ; Yes                        ; 2.62 V                      ; 4.05e-08 V                  ; 2.72 V             ; -0.0349 V          ; 0.173 V                             ; 0.1 V                               ; 2.72e-10 s                 ; 2.69e-10 s                 ; Yes                       ; Yes                       ;
; LEDR[8]       ; 2.5 V        ; 0 s                 ; 0 s                 ; 2.62 V                       ; 4.05e-08 V                   ; 2.72 V              ; -0.0349 V           ; 0.173 V                              ; 0.1 V                                ; 2.72e-10 s                  ; 2.69e-10 s                  ; Yes                        ; Yes                        ; 2.62 V                      ; 4.05e-08 V                  ; 2.72 V             ; -0.0349 V          ; 0.173 V                             ; 0.1 V                               ; 2.72e-10 s                 ; 2.69e-10 s                 ; Yes                       ; Yes                       ;
; LEDR[9]       ; 2.5 V        ; 0 s                 ; 0 s                 ; 2.62 V                       ; 4.05e-08 V                   ; 2.64 V              ; -0.0113 V           ; 0.208 V                              ; 0.179 V                              ; 2.38e-09 s                  ; 2.23e-09 s                  ; No                         ; Yes                        ; 2.62 V                      ; 4.05e-08 V                  ; 2.64 V             ; -0.0113 V          ; 0.208 V                             ; 0.179 V                             ; 2.38e-09 s                 ; 2.23e-09 s                 ; No                        ; Yes                       ;
; LEDR[10]      ; 2.5 V        ; 0 s                 ; 0 s                 ; 2.62 V                       ; 4.05e-08 V                   ; 2.72 V              ; -0.0349 V           ; 0.173 V                              ; 0.1 V                                ; 2.72e-10 s                  ; 2.69e-10 s                  ; Yes                        ; Yes                        ; 2.62 V                      ; 4.05e-08 V                  ; 2.72 V             ; -0.0349 V          ; 0.173 V                             ; 0.1 V                               ; 2.72e-10 s                 ; 2.69e-10 s                 ; Yes                       ; Yes                       ;
; LEDR[11]      ; 2.5 V        ; 0 s                 ; 0 s                 ; 2.62 V                       ; 4.05e-08 V                   ; 2.72 V              ; -0.0349 V           ; 0.173 V                              ; 0.1 V                                ; 2.72e-10 s                  ; 2.69e-10 s                  ; Yes                        ; Yes                        ; 2.62 V                      ; 4.05e-08 V                  ; 2.72 V             ; -0.0349 V          ; 0.173 V                             ; 0.1 V                               ; 2.72e-10 s                 ; 2.69e-10 s                 ; Yes                       ; Yes                       ;
; LEDR[12]      ; 2.5 V        ; 0 s                 ; 0 s                 ; 2.62 V                       ; 4.05e-08 V                   ; 2.72 V              ; -0.0349 V           ; 0.173 V                              ; 0.1 V                                ; 2.72e-10 s                  ; 2.69e-10 s                  ; Yes                        ; Yes                        ; 2.62 V                      ; 4.05e-08 V                  ; 2.72 V             ; -0.0349 V          ; 0.173 V                             ; 0.1 V                               ; 2.72e-10 s                 ; 2.69e-10 s                 ; Yes                       ; Yes                       ;
; LEDR[13]      ; 2.5 V        ; 0 s                 ; 0 s                 ; 2.62 V                       ; 4.05e-08 V                   ; 2.72 V              ; -0.0349 V           ; 0.173 V                              ; 0.1 V                                ; 2.72e-10 s                  ; 2.69e-10 s                  ; Yes                        ; Yes                        ; 2.62 V                      ; 4.05e-08 V                  ; 2.72 V             ; -0.0349 V          ; 0.173 V                             ; 0.1 V                               ; 2.72e-10 s                 ; 2.69e-10 s                 ; Yes                       ; Yes                       ;
; LEDR[14]      ; 2.5 V        ; 0 s                 ; 0 s                 ; 2.62 V                       ; 4.05e-08 V                   ; 2.72 V              ; -0.0349 V           ; 0.173 V                              ; 0.1 V                                ; 2.72e-10 s                  ; 2.69e-10 s                  ; Yes                        ; Yes                        ; 2.62 V                      ; 4.05e-08 V                  ; 2.72 V             ; -0.0349 V          ; 0.173 V                             ; 0.1 V                               ; 2.72e-10 s                 ; 2.69e-10 s                 ; Yes                       ; Yes                       ;
; LEDR[15]      ; 2.5 V        ; 0 s                 ; 0 s                 ; 2.62 V                       ; 4.05e-08 V                   ; 2.64 V              ; -0.0113 V           ; 0.208 V                              ; 0.179 V                              ; 2.38e-09 s                  ; 2.23e-09 s                  ; No                         ; Yes                        ; 2.62 V                      ; 4.05e-08 V                  ; 2.64 V             ; -0.0113 V          ; 0.208 V                             ; 0.179 V                             ; 2.38e-09 s                 ; 2.23e-09 s                 ; No                        ; Yes                       ;
; LEDR[16]      ; 2.5 V        ; 0 s                 ; 0 s                 ; 2.62 V                       ; 4.05e-08 V                   ; 2.72 V              ; -0.0349 V           ; 0.173 V                              ; 0.1 V                                ; 2.72e-10 s                  ; 2.69e-10 s                  ; Yes                        ; Yes                        ; 2.62 V                      ; 4.05e-08 V                  ; 2.72 V             ; -0.0349 V          ; 0.173 V                             ; 0.1 V                               ; 2.72e-10 s                 ; 2.69e-10 s                 ; Yes                       ; Yes                       ;
; LEDR[17]      ; 2.5 V        ; 0 s                 ; 0 s                 ; 2.62 V                       ; 4.05e-08 V                   ; 2.72 V              ; -0.0349 V           ; 0.173 V                              ; 0.1 V                                ; 2.72e-10 s                  ; 2.69e-10 s                  ; Yes                        ; Yes                        ; 2.62 V                      ; 4.05e-08 V                  ; 2.72 V             ; -0.0349 V          ; 0.173 V                             ; 0.1 V                               ; 2.72e-10 s                 ; 2.69e-10 s                 ; Yes                       ; Yes                       ;
; LEDG[0]       ; 2.5 V        ; 0 s                 ; 0 s                 ; 2.62 V                       ; 4.05e-08 V                   ; 2.72 V              ; -0.0349 V           ; 0.173 V                              ; 0.1 V                                ; 2.72e-10 s                  ; 2.69e-10 s                  ; Yes                        ; Yes                        ; 2.62 V                      ; 4.05e-08 V                  ; 2.72 V             ; -0.0349 V          ; 0.173 V                             ; 0.1 V                               ; 2.72e-10 s                 ; 2.69e-10 s                 ; Yes                       ; Yes                       ;
; LEDG[1]       ; 2.5 V        ; 0 s                 ; 0 s                 ; 2.62 V                       ; 4.05e-08 V                   ; 2.72 V              ; -0.0349 V           ; 0.173 V                              ; 0.1 V                                ; 2.72e-10 s                  ; 2.69e-10 s                  ; Yes                        ; Yes                        ; 2.62 V                      ; 4.05e-08 V                  ; 2.72 V             ; -0.0349 V          ; 0.173 V                             ; 0.1 V                               ; 2.72e-10 s                 ; 2.69e-10 s                 ; Yes                       ; Yes                       ;
; LEDG[2]       ; 2.5 V        ; 0 s                 ; 0 s                 ; 2.62 V                       ; 4.05e-08 V                   ; 2.72 V              ; -0.0349 V           ; 0.173 V                              ; 0.1 V                                ; 2.72e-10 s                  ; 2.69e-10 s                  ; Yes                        ; Yes                        ; 2.62 V                      ; 4.05e-08 V                  ; 2.72 V             ; -0.0349 V          ; 0.173 V                             ; 0.1 V                               ; 2.72e-10 s                 ; 2.69e-10 s                 ; Yes                       ; Yes                       ;
; LEDG[3]       ; 2.5 V        ; 0 s                 ; 0 s                 ; 2.62 V                       ; 4.05e-08 V                   ; 2.72 V              ; -0.0349 V           ; 0.173 V                              ; 0.1 V                                ; 2.72e-10 s                  ; 2.69e-10 s                  ; Yes                        ; Yes                        ; 2.62 V                      ; 4.05e-08 V                  ; 2.72 V             ; -0.0349 V          ; 0.173 V                             ; 0.1 V                               ; 2.72e-10 s                 ; 2.69e-10 s                 ; Yes                       ; Yes                       ;
; LEDG[4]       ; 2.5 V        ; 0 s                 ; 0 s                 ; 2.62 V                       ; 4.05e-08 V                   ; 2.72 V              ; -0.0349 V           ; 0.173 V                              ; 0.1 V                                ; 2.72e-10 s                  ; 2.69e-10 s                  ; Yes                        ; Yes                        ; 2.62 V                      ; 4.05e-08 V                  ; 2.72 V             ; -0.0349 V          ; 0.173 V                             ; 0.1 V                               ; 2.72e-10 s                 ; 2.69e-10 s                 ; Yes                       ; Yes                       ;
; LEDG[5]       ; 2.5 V        ; 0 s                 ; 0 s                 ; 2.62 V                       ; 4.05e-08 V                   ; 2.72 V              ; -0.0349 V           ; 0.173 V                              ; 0.1 V                                ; 2.72e-10 s                  ; 2.69e-10 s                  ; Yes                        ; Yes                        ; 2.62 V                      ; 4.05e-08 V                  ; 2.72 V             ; -0.0349 V          ; 0.173 V                             ; 0.1 V                               ; 2.72e-10 s                 ; 2.69e-10 s                 ; Yes                       ; Yes                       ;
; LEDG[6]       ; 2.5 V        ; 0 s                 ; 0 s                 ; 2.62 V                       ; 4.05e-08 V                   ; 2.72 V              ; -0.0349 V           ; 0.173 V                              ; 0.1 V                                ; 2.72e-10 s                  ; 2.69e-10 s                  ; Yes                        ; Yes                        ; 2.62 V                      ; 4.05e-08 V                  ; 2.72 V             ; -0.0349 V          ; 0.173 V                             ; 0.1 V                               ; 2.72e-10 s                 ; 2.69e-10 s                 ; Yes                       ; Yes                       ;
; LEDG[7]       ; 2.5 V        ; 0 s                 ; 0 s                 ; 2.62 V                       ; 4.05e-08 V                   ; 2.72 V              ; -0.0349 V           ; 0.173 V                              ; 0.1 V                                ; 2.72e-10 s                  ; 2.69e-10 s                  ; Yes                        ; Yes                        ; 2.62 V                      ; 4.05e-08 V                  ; 2.72 V             ; -0.0349 V          ; 0.173 V                             ; 0.1 V                               ; 2.72e-10 s                 ; 2.69e-10 s                 ; Yes                       ; Yes                       ;
; HEX0[0]       ; 2.5 V        ; 0 s                 ; 0 s                 ; 2.62 V                       ; 4.05e-08 V                   ; 2.72 V              ; -0.0349 V           ; 0.173 V                              ; 0.1 V                                ; 2.72e-10 s                  ; 2.69e-10 s                  ; Yes                        ; Yes                        ; 2.62 V                      ; 4.05e-08 V                  ; 2.72 V             ; -0.0349 V          ; 0.173 V                             ; 0.1 V                               ; 2.72e-10 s                 ; 2.69e-10 s                 ; Yes                       ; Yes                       ;
; HEX0[1]       ; 2.5 V        ; 0 s                 ; 0 s                 ; 2.62 V                       ; 4.05e-08 V                   ; 2.64 V              ; -0.0113 V           ; 0.208 V                              ; 0.179 V                              ; 2.38e-09 s                  ; 2.23e-09 s                  ; No                         ; Yes                        ; 2.62 V                      ; 4.05e-08 V                  ; 2.64 V             ; -0.0113 V          ; 0.208 V                             ; 0.179 V                             ; 2.38e-09 s                 ; 2.23e-09 s                 ; No                        ; Yes                       ;
; HEX0[2]       ; 2.5 V        ; 0 s                 ; 0 s                 ; 2.62 V                       ; 4.05e-08 V                   ; 2.72 V              ; -0.0349 V           ; 0.173 V                              ; 0.1 V                                ; 2.72e-10 s                  ; 2.69e-10 s                  ; Yes                        ; Yes                        ; 2.62 V                      ; 4.05e-08 V                  ; 2.72 V             ; -0.0349 V          ; 0.173 V                             ; 0.1 V                               ; 2.72e-10 s                 ; 2.69e-10 s                 ; Yes                       ; Yes                       ;
; HEX0[3]       ; 2.5 V        ; 0 s                 ; 0 s                 ; 2.62 V                       ; 2.74e-08 V                   ; 2.73 V              ; -0.0384 V           ; 0.169 V                              ; 0.089 V                              ; 2.7e-10 s                   ; 2.62e-10 s                  ; Yes                        ; Yes                        ; 2.62 V                      ; 2.74e-08 V                  ; 2.73 V             ; -0.0384 V          ; 0.169 V                             ; 0.089 V                             ; 2.7e-10 s                  ; 2.62e-10 s                 ; Yes                       ; Yes                       ;
; HEX0[4]       ; 2.5 V        ; 0 s                 ; 0 s                 ; 2.62 V                       ; 2.74e-08 V                   ; 2.73 V              ; -0.0384 V           ; 0.169 V                              ; 0.089 V                              ; 2.7e-10 s                   ; 2.62e-10 s                  ; Yes                        ; Yes                        ; 2.62 V                      ; 2.74e-08 V                  ; 2.73 V             ; -0.0384 V          ; 0.169 V                             ; 0.089 V                             ; 2.7e-10 s                  ; 2.62e-10 s                 ; Yes                       ; Yes                       ;
; HEX0[5]       ; 2.5 V        ; 0 s                 ; 0 s                 ; 2.62 V                       ; 2.74e-08 V                   ; 2.64 V              ; -0.0117 V           ; 0.202 V                              ; 0.176 V                              ; 2.38e-09 s                  ; 2.22e-09 s                  ; No                         ; Yes                        ; 2.62 V                      ; 2.74e-08 V                  ; 2.64 V             ; -0.0117 V          ; 0.202 V                             ; 0.176 V                             ; 2.38e-09 s                 ; 2.22e-09 s                 ; No                        ; Yes                       ;
; HEX0[6]       ; 2.5 V        ; 0 s                 ; 0 s                 ; 2.62 V                       ; 2.74e-08 V                   ; 2.73 V              ; -0.0384 V           ; 0.169 V                              ; 0.089 V                              ; 2.7e-10 s                   ; 2.62e-10 s                  ; Yes                        ; Yes                        ; 2.62 V                      ; 2.74e-08 V                  ; 2.73 V             ; -0.0384 V          ; 0.169 V                             ; 0.089 V                             ; 2.7e-10 s                  ; 2.62e-10 s                 ; Yes                       ; Yes                       ;
; HEX1[0]       ; 2.5 V        ; 0 s                 ; 0 s                 ; 2.62 V                       ; 2.74e-08 V                   ; 2.73 V              ; -0.0384 V           ; 0.169 V                              ; 0.089 V                              ; 2.7e-10 s                   ; 2.62e-10 s                  ; Yes                        ; Yes                        ; 2.62 V                      ; 2.74e-08 V                  ; 2.73 V             ; -0.0384 V          ; 0.169 V                             ; 0.089 V                             ; 2.7e-10 s                  ; 2.62e-10 s                 ; Yes                       ; Yes                       ;
; HEX1[1]       ; 2.5 V        ; 0 s                 ; 0 s                 ; 2.62 V                       ; 2.74e-08 V                   ; 2.71 V              ; -0.0317 V           ; 0.148 V                              ; 0.064 V                              ; 4.51e-10 s                  ; 4.15e-10 s                  ; No                         ; Yes                        ; 2.62 V                      ; 2.74e-08 V                  ; 2.71 V             ; -0.0317 V          ; 0.148 V                             ; 0.064 V                             ; 4.51e-10 s                 ; 4.15e-10 s                 ; No                        ; Yes                       ;
; HEX1[2]       ; 2.5 V        ; 0 s                 ; 0 s                 ; 2.62 V                       ; 2.74e-08 V                   ; 2.71 V              ; -0.0317 V           ; 0.148 V                              ; 0.064 V                              ; 4.51e-10 s                  ; 4.15e-10 s                  ; No                         ; Yes                        ; 2.62 V                      ; 2.74e-08 V                  ; 2.71 V             ; -0.0317 V          ; 0.148 V                             ; 0.064 V                             ; 4.51e-10 s                 ; 4.15e-10 s                 ; No                        ; Yes                       ;
; HEX1[3]       ; 2.5 V        ; 0 s                 ; 0 s                 ; 2.62 V                       ; 2.74e-08 V                   ; 2.71 V              ; -0.0317 V           ; 0.148 V                              ; 0.064 V                              ; 4.51e-10 s                  ; 4.15e-10 s                  ; No                         ; Yes                        ; 2.62 V                      ; 2.74e-08 V                  ; 2.71 V             ; -0.0317 V          ; 0.148 V                             ; 0.064 V                             ; 4.51e-10 s                 ; 4.15e-10 s                 ; No                        ; Yes                       ;
; HEX1[4]       ; 2.5 V        ; 0 s                 ; 0 s                 ; 2.62 V                       ; 2.74e-08 V                   ; 2.71 V              ; -0.0317 V           ; 0.148 V                              ; 0.064 V                              ; 4.51e-10 s                  ; 4.15e-10 s                  ; No                         ; Yes                        ; 2.62 V                      ; 2.74e-08 V                  ; 2.71 V             ; -0.0317 V          ; 0.148 V                             ; 0.064 V                             ; 4.51e-10 s                 ; 4.15e-10 s                 ; No                        ; Yes                       ;
; HEX1[5]       ; 2.5 V        ; 0 s                 ; 0 s                 ; 2.62 V                       ; 2.74e-08 V                   ; 2.64 V              ; -0.0117 V           ; 0.202 V                              ; 0.176 V                              ; 2.38e-09 s                  ; 2.22e-09 s                  ; No                         ; Yes                        ; 2.62 V                      ; 2.74e-08 V                  ; 2.64 V             ; -0.0117 V          ; 0.202 V                             ; 0.176 V                             ; 2.38e-09 s                 ; 2.22e-09 s                 ; No                        ; Yes                       ;
; HEX1[6]       ; 2.5 V        ; 0 s                 ; 0 s                 ; 2.62 V                       ; 2.74e-08 V                   ; 2.64 V              ; -0.0117 V           ; 0.202 V                              ; 0.176 V                              ; 2.38e-09 s                  ; 2.22e-09 s                  ; No                         ; Yes                        ; 2.62 V                      ; 2.74e-08 V                  ; 2.64 V             ; -0.0117 V          ; 0.202 V                             ; 0.176 V                             ; 2.38e-09 s                 ; 2.22e-09 s                 ; No                        ; Yes                       ;
; HEX6[0]       ; 3.3-V LVTTL  ; 0 s                 ; 0 s                 ; 3.46 V                       ; 1.85e-07 V                   ; 3.57 V              ; -0.141 V            ; 0.301 V                              ; 0.239 V                              ; 4.61e-10 s                  ; 4.2e-10 s                   ; No                         ; No                         ; 3.46 V                      ; 1.85e-07 V                  ; 3.57 V             ; -0.141 V           ; 0.301 V                             ; 0.239 V                             ; 4.61e-10 s                 ; 4.2e-10 s                  ; No                        ; No                        ;
; HEX6[1]       ; 3.3-V LVTTL  ; 0 s                 ; 0 s                 ; 3.46 V                       ; 1.85e-07 V                   ; 3.57 V              ; -0.141 V            ; 0.301 V                              ; 0.239 V                              ; 4.61e-10 s                  ; 4.2e-10 s                   ; No                         ; No                         ; 3.46 V                      ; 1.85e-07 V                  ; 3.57 V             ; -0.141 V           ; 0.301 V                             ; 0.239 V                             ; 4.61e-10 s                 ; 4.2e-10 s                  ; No                        ; No                        ;
; HEX6[2]       ; 3.3-V LVTTL  ; 0 s                 ; 0 s                 ; 3.46 V                       ; 1.85e-07 V                   ; 3.57 V              ; -0.141 V            ; 0.301 V                              ; 0.239 V                              ; 4.61e-10 s                  ; 4.2e-10 s                   ; No                         ; No                         ; 3.46 V                      ; 1.85e-07 V                  ; 3.57 V             ; -0.141 V           ; 0.301 V                             ; 0.239 V                             ; 4.61e-10 s                 ; 4.2e-10 s                  ; No                        ; No                        ;
; HEX6[3]       ; 3.3-V LVTTL  ; 0 s                 ; 0 s                 ; 3.46 V                       ; 1.85e-07 V                   ; 3.57 V              ; -0.141 V            ; 0.301 V                              ; 0.239 V                              ; 4.61e-10 s                  ; 4.2e-10 s                   ; No                         ; No                         ; 3.46 V                      ; 1.85e-07 V                  ; 3.57 V             ; -0.141 V           ; 0.301 V                             ; 0.239 V                             ; 4.61e-10 s                 ; 4.2e-10 s                  ; No                        ; No                        ;
; HEX6[4]       ; 3.3-V LVTTL  ; 0 s                 ; 0 s                 ; 3.46 V                       ; 1.85e-07 V                   ; 3.57 V              ; -0.141 V            ; 0.301 V                              ; 0.239 V                              ; 4.61e-10 s                  ; 4.2e-10 s                   ; No                         ; No                         ; 3.46 V                      ; 1.85e-07 V                  ; 3.57 V             ; -0.141 V           ; 0.301 V                             ; 0.239 V                             ; 4.61e-10 s                 ; 4.2e-10 s                  ; No                        ; No                        ;
; HEX6[5]       ; 3.3-V LVTTL  ; 0 s                 ; 0 s                 ; 3.46 V                       ; 1.85e-07 V                   ; 3.48 V              ; -0.0173 V           ; 0.356 V                              ; 0.324 V                              ; 3.89e-09 s                  ; 3.06e-09 s                  ; No                         ; No                         ; 3.46 V                      ; 1.85e-07 V                  ; 3.48 V             ; -0.0173 V          ; 0.356 V                             ; 0.324 V                             ; 3.89e-09 s                 ; 3.06e-09 s                 ; No                        ; No                        ;
; HEX6[6]       ; 3.3-V LVTTL  ; 0 s                 ; 0 s                 ; 3.46 V                       ; 1.85e-07 V                   ; 3.57 V              ; -0.141 V            ; 0.301 V                              ; 0.239 V                              ; 4.61e-10 s                  ; 4.2e-10 s                   ; No                         ; No                         ; 3.46 V                      ; 1.85e-07 V                  ; 3.57 V             ; -0.141 V           ; 0.301 V                             ; 0.239 V                             ; 4.61e-10 s                 ; 4.2e-10 s                  ; No                        ; No                        ;
; HEX7[0]       ; 3.3-V LVTTL  ; 0 s                 ; 0 s                 ; 3.46 V                       ; 1.85e-07 V                   ; 3.57 V              ; -0.141 V            ; 0.301 V                              ; 0.239 V                              ; 4.61e-10 s                  ; 4.2e-10 s                   ; No                         ; No                         ; 3.46 V                      ; 1.85e-07 V                  ; 3.57 V             ; -0.141 V           ; 0.301 V                             ; 0.239 V                             ; 4.61e-10 s                 ; 4.2e-10 s                  ; No                        ; No                        ;
; HEX7[1]       ; 3.3-V LVTTL  ; 0 s                 ; 0 s                 ; 3.46 V                       ; 1.85e-07 V                   ; 3.57 V              ; -0.141 V            ; 0.301 V                              ; 0.239 V                              ; 4.61e-10 s                  ; 4.2e-10 s                   ; No                         ; No                         ; 3.46 V                      ; 1.85e-07 V                  ; 3.57 V             ; -0.141 V           ; 0.301 V                             ; 0.239 V                             ; 4.61e-10 s                 ; 4.2e-10 s                  ; No                        ; No                        ;
; HEX7[2]       ; 3.3-V LVTTL  ; 0 s                 ; 0 s                 ; 3.46 V                       ; 1.85e-07 V                   ; 3.57 V              ; -0.141 V            ; 0.301 V                              ; 0.239 V                              ; 4.61e-10 s                  ; 4.2e-10 s                   ; No                         ; No                         ; 3.46 V                      ; 1.85e-07 V                  ; 3.57 V             ; -0.141 V           ; 0.301 V                             ; 0.239 V                             ; 4.61e-10 s                 ; 4.2e-10 s                  ; No                        ; No                        ;
; HEX7[3]       ; 3.3-V LVTTL  ; 0 s                 ; 0 s                 ; 3.46 V                       ; 1.85e-07 V                   ; 3.57 V              ; -0.141 V            ; 0.301 V                              ; 0.239 V                              ; 4.61e-10 s                  ; 4.2e-10 s                   ; No                         ; No                         ; 3.46 V                      ; 1.85e-07 V                  ; 3.57 V             ; -0.141 V           ; 0.301 V                             ; 0.239 V                             ; 4.61e-10 s                 ; 4.2e-10 s                  ; No                        ; No                        ;
; HEX7[4]       ; 3.3-V LVTTL  ; 0 s                 ; 0 s                 ; 3.46 V                       ; 1.85e-07 V                   ; 3.57 V              ; -0.141 V            ; 0.301 V                              ; 0.239 V                              ; 4.61e-10 s                  ; 4.2e-10 s                   ; No                         ; No                         ; 3.46 V                      ; 1.85e-07 V                  ; 3.57 V             ; -0.141 V           ; 0.301 V                             ; 0.239 V                             ; 4.61e-10 s                 ; 4.2e-10 s                  ; No                        ; No                        ;
; HEX7[5]       ; 3.3-V LVTTL  ; 0 s                 ; 0 s                 ; 3.46 V                       ; 1.85e-07 V                   ; 3.57 V              ; -0.141 V            ; 0.301 V                              ; 0.239 V                              ; 4.61e-10 s                  ; 4.2e-10 s                   ; No                         ; No                         ; 3.46 V                      ; 1.85e-07 V                  ; 3.57 V             ; -0.141 V           ; 0.301 V                             ; 0.239 V                             ; 4.61e-10 s                 ; 4.2e-10 s                  ; No                        ; No                        ;
; HEX7[6]       ; 3.3-V LVTTL  ; 0 s                 ; 0 s                 ; 3.46 V                       ; 1.85e-07 V                   ; 3.57 V              ; -0.141 V            ; 0.301 V                              ; 0.239 V                              ; 4.61e-10 s                  ; 4.2e-10 s                   ; No                         ; No                         ; 3.46 V                      ; 1.85e-07 V                  ; 3.57 V             ; -0.141 V           ; 0.301 V                             ; 0.239 V                             ; 4.61e-10 s                 ; 4.2e-10 s                  ; No                        ; No                        ;
; AUD_DACDAT    ; 3.3-V LVTTL  ; 0 s                 ; 0 s                 ; 3.46 V                       ; 1.25e-07 V                   ; 3.57 V              ; -0.0855 V           ; 0.315 V                              ; 0.175 V                              ; 6.79e-10 s                  ; 6.15e-10 s                  ; No                         ; No                         ; 3.46 V                      ; 1.25e-07 V                  ; 3.57 V             ; -0.0855 V          ; 0.315 V                             ; 0.175 V                             ; 6.79e-10 s                 ; 6.15e-10 s                 ; No                        ; No                        ;
; AUD_XCK       ; 3.3-V LVTTL  ; 0 s                 ; 0 s                 ; 3.46 V                       ; 1.25e-07 V                   ; 3.57 V              ; -0.0855 V           ; 0.315 V                              ; 0.175 V                              ; 6.79e-10 s                  ; 6.15e-10 s                  ; No                         ; No                         ; 3.46 V                      ; 1.25e-07 V                  ; 3.57 V             ; -0.0855 V          ; 0.315 V                             ; 0.175 V                             ; 6.79e-10 s                 ; 6.15e-10 s                 ; No                        ; No                        ;
; I2C_SCLK      ; 3.3-V LVTTL  ; 0 s                 ; 0 s                 ; 3.46 V                       ; 1.85e-07 V                   ; 3.57 V              ; -0.141 V            ; 0.301 V                              ; 0.239 V                              ; 4.61e-10 s                  ; 4.2e-10 s                   ; No                         ; No                         ; 3.46 V                      ; 1.85e-07 V                  ; 3.57 V             ; -0.141 V           ; 0.301 V                             ; 0.239 V                             ; 4.61e-10 s                 ; 4.2e-10 s                  ; No                        ; No                        ;
; I2C_SDAT      ; 3.3-V LVTTL  ; 0 s                 ; 0 s                 ; 3.46 V                       ; 1.85e-07 V                   ; 3.57 V              ; -0.141 V            ; 0.301 V                              ; 0.239 V                              ; 4.61e-10 s                  ; 4.2e-10 s                   ; No                         ; No                         ; 3.46 V                      ; 1.85e-07 V                  ; 3.57 V             ; -0.141 V           ; 0.301 V                             ; 0.239 V                             ; 4.61e-10 s                 ; 4.2e-10 s                  ; No                        ; No                        ;
; ~ALTERA_DCLK~ ; 3.3-V LVTTL  ; 0 s                 ; 0 s                 ; 3.46 V                       ; 6.54e-08 V                   ; 3.66 V              ; -0.26 V             ; 0.41 V                               ; 0.32 V                               ; 1.57e-10 s                  ; 2.15e-10 s                  ; No                         ; Yes                        ; 3.46 V                      ; 6.54e-08 V                  ; 3.66 V             ; -0.26 V            ; 0.41 V                              ; 0.32 V                              ; 1.57e-10 s                 ; 2.15e-10 s                 ; No                        ; Yes                       ;
; ~ALTERA_nCEO~ ; 2.5 V        ; 0 s                 ; 0 s                 ; 2.62 V                       ; 3.54e-08 V                   ; 2.7 V               ; -0.00943 V          ; 0.276 V                              ; 0.035 V                              ; 3.19e-10 s                  ; 4.99e-10 s                  ; No                         ; Yes                        ; 2.62 V                      ; 3.54e-08 V                  ; 2.7 V              ; -0.00943 V         ; 0.276 V                             ; 0.035 V                             ; 3.19e-10 s                 ; 4.99e-10 s                 ; No                        ; Yes                       ;
+---------------+--------------+---------------------+---------------------+------------------------------+------------------------------+---------------------+---------------------+--------------------------------------+--------------------------------------+-----------------------------+-----------------------------+----------------------------+----------------------------+-----------------------------+-----------------------------+--------------------+--------------------+-------------------------------------+-------------------------------------+----------------------------+----------------------------+---------------------------+---------------------------+


+-------------------------------------------------------------------------------------------------------------------------------------------------------------+
; Setup Transfers                                                                                                                                             ;
+------------------------------------------------------+------------------------------------------------------+--------------+----------+----------+----------+
; From Clock                                           ; To Clock                                             ; RR Paths     ; FR Paths ; RF Paths ; FF Paths ;
+------------------------------------------------------+------------------------------------------------------+--------------+----------+----------+----------+
; AUD_BCLK                                             ; AUD_BCLK                                             ; 103          ; 212      ; 224      ; 72       ;
; config_CODEC:u_CODEC_config|counter[9]               ; AUD_BCLK                                             ; 0            ; 0        ; 32       ; 0        ;
; AUD_BCLK                                             ; CLOCK_50                                             ; > 2147483647 ; 0        ; 0        ; 0        ;
; CLOCK_50                                             ; CLOCK_50                                             ; > 2147483647 ; 0        ; 0        ; 0        ;
; config_CODEC:u_CODEC_config|counter[9]               ; CLOCK_50                                             ; 908          ; 16       ; 0        ; 0        ;
; AUD_BCLK                                             ; config_CODEC:u_CODEC_config|counter[9]               ; 28354        ; 0        ; 0        ; 0        ;
; CLOCK_50                                             ; config_CODEC:u_CODEC_config|counter[9]               ; 158          ; 0        ; 0        ; 0        ;
; config_CODEC:u_CODEC_config|counter[9]               ; config_CODEC:u_CODEC_config|counter[9]               ; > 2147483647 ; 0        ; 0        ; 0        ;
; I2C_driver:u_I2C_Config|SENT                         ; config_CODEC:u_CODEC_config|counter[9]               ; 71           ; 12       ; 0        ; 0        ;
; PLL_inst|altpll_component|auto_generated|pll1|clk[0] ; config_CODEC:u_CODEC_config|counter[9]               ; 32           ; 0        ; 0        ; 0        ;
; config_CODEC:u_CODEC_config|counter[9]               ; I2C_driver:u_I2C_Config|SENT                         ; 5            ; 0        ; 0        ; 0        ;
; I2C_driver:u_I2C_Config|SENT                         ; I2C_driver:u_I2C_Config|SENT                         ; 98           ; 0        ; 0        ; 0        ;
; AUD_BCLK                                             ; PLL_inst|altpll_component|auto_generated|pll1|clk[0] ; 272          ; 0        ; 0        ; 0        ;
; config_CODEC:u_CODEC_config|counter[9]               ; PLL_inst|altpll_component|auto_generated|pll1|clk[0] ; 3089         ; 1        ; 0        ; 0        ;
; PLL_inst|altpll_component|auto_generated|pll1|clk[0] ; PLL_inst|altpll_component|auto_generated|pll1|clk[0] ; 69193        ; 0        ; 0        ; 0        ;
+------------------------------------------------------+------------------------------------------------------+--------------+----------+----------+----------+
Entries labeled "false path" only account for clock-to-clock false paths and not path-based false paths. As a result, actual path counts may be lower than reported.


+-------------------------------------------------------------------------------------------------------------------------------------------------------------+
; Hold Transfers                                                                                                                                              ;
+------------------------------------------------------+------------------------------------------------------+--------------+----------+----------+----------+
; From Clock                                           ; To Clock                                             ; RR Paths     ; FR Paths ; RF Paths ; FF Paths ;
+------------------------------------------------------+------------------------------------------------------+--------------+----------+----------+----------+
; AUD_BCLK                                             ; AUD_BCLK                                             ; 103          ; 212      ; 224      ; 72       ;
; config_CODEC:u_CODEC_config|counter[9]               ; AUD_BCLK                                             ; 0            ; 0        ; 32       ; 0        ;
; AUD_BCLK                                             ; CLOCK_50                                             ; > 2147483647 ; 0        ; 0        ; 0        ;
; CLOCK_50                                             ; CLOCK_50                                             ; > 2147483647 ; 0        ; 0        ; 0        ;
; config_CODEC:u_CODEC_config|counter[9]               ; CLOCK_50                                             ; 908          ; 16       ; 0        ; 0        ;
; AUD_BCLK                                             ; config_CODEC:u_CODEC_config|counter[9]               ; 28354        ; 0        ; 0        ; 0        ;
; CLOCK_50                                             ; config_CODEC:u_CODEC_config|counter[9]               ; 158          ; 0        ; 0        ; 0        ;
; config_CODEC:u_CODEC_config|counter[9]               ; config_CODEC:u_CODEC_config|counter[9]               ; > 2147483647 ; 0        ; 0        ; 0        ;
; I2C_driver:u_I2C_Config|SENT                         ; config_CODEC:u_CODEC_config|counter[9]               ; 71           ; 12       ; 0        ; 0        ;
; PLL_inst|altpll_component|auto_generated|pll1|clk[0] ; config_CODEC:u_CODEC_config|counter[9]               ; 32           ; 0        ; 0        ; 0        ;
; config_CODEC:u_CODEC_config|counter[9]               ; I2C_driver:u_I2C_Config|SENT                         ; 5            ; 0        ; 0        ; 0        ;
; I2C_driver:u_I2C_Config|SENT                         ; I2C_driver:u_I2C_Config|SENT                         ; 98           ; 0        ; 0        ; 0        ;
; AUD_BCLK                                             ; PLL_inst|altpll_component|auto_generated|pll1|clk[0] ; 272          ; 0        ; 0        ; 0        ;
; config_CODEC:u_CODEC_config|counter[9]               ; PLL_inst|altpll_component|auto_generated|pll1|clk[0] ; 3089         ; 1        ; 0        ; 0        ;
; PLL_inst|altpll_component|auto_generated|pll1|clk[0] ; PLL_inst|altpll_component|auto_generated|pll1|clk[0] ; 69193        ; 0        ; 0        ; 0        ;
+------------------------------------------------------+------------------------------------------------------+--------------+----------+----------+----------+
Entries labeled "false path" only account for clock-to-clock false paths and not path-based false paths. As a result, actual path counts may be lower than reported.


+---------------------------------------------------------------------------------------+
; Recovery Transfers                                                                    ;
+------------+------------------------------+----------+----------+----------+----------+
; From Clock ; To Clock                     ; RR Paths ; FR Paths ; RF Paths ; FF Paths ;
+------------+------------------------------+----------+----------+----------+----------+
; CLOCK_50   ; I2C_driver:u_I2C_Config|SENT ; 10       ; 0        ; 0        ; 0        ;
+------------+------------------------------+----------+----------+----------+----------+
Entries labeled "false path" only account for clock-to-clock false paths and not path-based false paths. As a result, actual path counts may be lower than reported.


+---------------------------------------------------------------------------------------+
; Removal Transfers                                                                     ;
+------------+------------------------------+----------+----------+----------+----------+
; From Clock ; To Clock                     ; RR Paths ; FR Paths ; RF Paths ; FF Paths ;
+------------+------------------------------+----------+----------+----------+----------+
; CLOCK_50   ; I2C_driver:u_I2C_Config|SENT ; 10       ; 0        ; 0        ; 0        ;
+------------+------------------------------+----------+----------+----------+----------+
Entries labeled "false path" only account for clock-to-clock false paths and not path-based false paths. As a result, actual path counts may be lower than reported.


---------------
; Report TCCS ;
---------------
No dedicated SERDES Transmitter circuitry present in device or used in design


---------------
; Report RSKM ;
---------------
No non-DPA dedicated SERDES Receiver circuitry present in device or used in design


+------------------------------------------------+
; Unconstrained Paths Summary                    ;
+---------------------------------+-------+------+
; Property                        ; Setup ; Hold ;
+---------------------------------+-------+------+
; Illegal Clocks                  ; 0     ; 0    ;
; Unconstrained Clocks            ; 0     ; 0    ;
; Unconstrained Input Ports       ; 25    ; 25   ;
; Unconstrained Input Port Paths  ; 3642  ; 3642 ;
; Unconstrained Output Ports      ; 53    ; 53   ;
; Unconstrained Output Port Paths ; 317   ; 317  ;
+---------------------------------+-------+------+


+---------------------------------------------------------------------------------------------------------------------------------------+
; Clock Status Summary                                                                                                                  ;
+------------------------------------------------------+------------------------------------------------------+-----------+-------------+
; Target                                               ; Clock                                                ; Type      ; Status      ;
+------------------------------------------------------+------------------------------------------------------+-----------+-------------+
; AUD_BCLK                                             ; AUD_BCLK                                             ; Base      ; Constrained ;
; CLOCK_50                                             ; CLOCK_50                                             ; Base      ; Constrained ;
; I2C_driver:u_I2C_Config|SENT                         ; I2C_driver:u_I2C_Config|SENT                         ; Base      ; Constrained ;
; PLL_inst|altpll_component|auto_generated|pll1|clk[0] ; PLL_inst|altpll_component|auto_generated|pll1|clk[0] ; Generated ; Constrained ;
; config_CODEC:u_CODEC_config|counter[9]               ; config_CODEC:u_CODEC_config|counter[9]               ; Base      ; Constrained ;
+------------------------------------------------------+------------------------------------------------------+-----------+-------------+


+----------------------------------------------------------------------------------------------------+
; Unconstrained Input Ports                                                                          ;
+-------------+--------------------------------------------------------------------------------------+
; Input Port  ; Comment                                                                              ;
+-------------+--------------------------------------------------------------------------------------+
; AUD_ADCDAT  ; No input delay, min/max delays, false-path exceptions, or max skew assignments found ;
; AUD_ADCLRCK ; No input delay, min/max delays, false-path exceptions, or max skew assignments found ;
; CLOCK_50    ; No input delay, min/max delays, false-path exceptions, or max skew assignments found ;
; KEY[0]      ; No input delay, min/max delays, false-path exceptions, or max skew assignments found ;
; KEY[1]      ; No input delay, min/max delays, false-path exceptions, or max skew assignments found ;
; KEY[2]      ; No input delay, min/max delays, false-path exceptions, or max skew assignments found ;
; KEY[3]      ; No input delay, min/max delays, false-path exceptions, or max skew assignments found ;
; SW[0]       ; No input delay, min/max delays, false-path exceptions, or max skew assignments found ;
; SW[1]       ; No input delay, min/max delays, false-path exceptions, or max skew assignments found ;
; SW[2]       ; No input delay, min/max delays, false-path exceptions, or max skew assignments found ;
; SW[3]       ; No input delay, min/max delays, false-path exceptions, or max skew assignments found ;
; SW[4]       ; No input delay, min/max delays, false-path exceptions, or max skew assignments found ;
; SW[5]       ; No input delay, min/max delays, false-path exceptions, or max skew assignments found ;
; SW[6]       ; No input delay, min/max delays, false-path exceptions, or max skew assignments found ;
; SW[7]       ; No input delay, min/max delays, false-path exceptions, or max skew assignments found ;
; SW[8]       ; No input delay, min/max delays, false-path exceptions, or max skew assignments found ;
; SW[9]       ; No input delay, min/max delays, false-path exceptions, or max skew assignments found ;
; SW[10]      ; No input delay, min/max delays, false-path exceptions, or max skew assignments found ;
; SW[11]      ; No input delay, min/max delays, false-path exceptions, or max skew assignments found ;
; SW[12]      ; No input delay, min/max delays, false-path exceptions, or max skew assignments found ;
; SW[13]      ; No input delay, min/max delays, false-path exceptions, or max skew assignments found ;
; SW[14]      ; No input delay, min/max delays, false-path exceptions, or max skew assignments found ;
; SW[15]      ; No input delay, min/max delays, false-path exceptions, or max skew assignments found ;
; SW[16]      ; No input delay, min/max delays, false-path exceptions, or max skew assignments found ;
; SW[17]      ; No input delay, min/max delays, false-path exceptions, or max skew assignments found ;
+-------------+--------------------------------------------------------------------------------------+


+-----------------------------------------------------------------------------------------------------+
; Unconstrained Output Ports                                                                          ;
+-------------+---------------------------------------------------------------------------------------+
; Output Port ; Comment                                                                               ;
+-------------+---------------------------------------------------------------------------------------+
; AUD_DACDAT  ; No output delay, min/max delays, false-path exceptions, or max skew assignments found ;
; AUD_XCK     ; No output delay, min/max delays, false-path exceptions, or max skew assignments found ;
; HEX0[0]     ; No output delay, min/max delays, false-path exceptions, or max skew assignments found ;
; HEX0[1]     ; No output delay, min/max delays, false-path exceptions, or max skew assignments found ;
; HEX0[2]     ; No output delay, min/max delays, false-path exceptions, or max skew assignments found ;
; HEX0[3]     ; No output delay, min/max delays, false-path exceptions, or max skew assignments found ;
; HEX0[4]     ; No output delay, min/max delays, false-path exceptions, or max skew assignments found ;
; HEX0[5]     ; No output delay, min/max delays, false-path exceptions, or max skew assignments found ;
; HEX0[6]     ; No output delay, min/max delays, false-path exceptions, or max skew assignments found ;
; HEX1[0]     ; No output delay, min/max delays, false-path exceptions, or max skew assignments found ;
; HEX1[2]     ; No output delay, min/max delays, false-path exceptions, or max skew assignments found ;
; HEX1[3]     ; No output delay, min/max delays, false-path exceptions, or max skew assignments found ;
; HEX1[4]     ; No output delay, min/max delays, false-path exceptions, or max skew assignments found ;
; HEX1[5]     ; No output delay, min/max delays, false-path exceptions, or max skew assignments found ;
; HEX1[6]     ; No output delay, min/max delays, false-path exceptions, or max skew assignments found ;
; HEX6[0]     ; No output delay, min/max delays, false-path exceptions, or max skew assignments found ;
; HEX6[1]     ; No output delay, min/max delays, false-path exceptions, or max skew assignments found ;
; HEX6[2]     ; No output delay, min/max delays, false-path exceptions, or max skew assignments found ;
; HEX6[3]     ; No output delay, min/max delays, false-path exceptions, or max skew assignments found ;
; HEX6[4]     ; No output delay, min/max delays, false-path exceptions, or max skew assignments found ;
; HEX6[5]     ; No output delay, min/max delays, false-path exceptions, or max skew assignments found ;
; HEX6[6]     ; No output delay, min/max delays, false-path exceptions, or max skew assignments found ;
; HEX7[0]     ; No output delay, min/max delays, false-path exceptions, or max skew assignments found ;
; HEX7[2]     ; No output delay, min/max delays, false-path exceptions, or max skew assignments found ;
; HEX7[3]     ; No output delay, min/max delays, false-path exceptions, or max skew assignments found ;
; HEX7[4]     ; No output delay, min/max delays, false-path exceptions, or max skew assignments found ;
; HEX7[5]     ; No output delay, min/max delays, false-path exceptions, or max skew assignments found ;
; HEX7[6]     ; No output delay, min/max delays, false-path exceptions, or max skew assignments found ;
; I2C_SCLK    ; No output delay, min/max delays, false-path exceptions, or max skew assignments found ;
; I2C_SDAT    ; No output delay, min/max delays, false-path exceptions, or max skew assignments found ;
; LEDG[0]     ; No output delay, min/max delays, false-path exceptions, or max skew assignments found ;
; LEDG[1]     ; No output delay, min/max delays, false-path exceptions, or max skew assignments found ;
; LEDG[2]     ; No output delay, min/max delays, false-path exceptions, or max skew assignments found ;
; LEDG[3]     ; No output delay, min/max delays, false-path exceptions, or max skew assignments found ;
; LEDG[5]     ; No output delay, min/max delays, false-path exceptions, or max skew assignments found ;
; LEDR[0]     ; No output delay, min/max delays, false-path exceptions, or max skew assignments found ;
; LEDR[1]     ; No output delay, min/max delays, false-path exceptions, or max skew assignments found ;
; LEDR[2]     ; No output delay, min/max delays, false-path exceptions, or max skew assignments found ;
; LEDR[3]     ; No output delay, min/max delays, false-path exceptions, or max skew assignments found ;
; LEDR[4]     ; No output delay, min/max delays, false-path exceptions, or max skew assignments found ;
; LEDR[5]     ; No output delay, min/max delays, false-path exceptions, or max skew assignments found ;
; LEDR[6]     ; No output delay, min/max delays, false-path exceptions, or max skew assignments found ;
; LEDR[7]     ; No output delay, min/max delays, false-path exceptions, or max skew assignments found ;
; LEDR[8]     ; No output delay, min/max delays, false-path exceptions, or max skew assignments found ;
; LEDR[9]     ; No output delay, min/max delays, false-path exceptions, or max skew assignments found ;
; LEDR[10]    ; No output delay, min/max delays, false-path exceptions, or max skew assignments found ;
; LEDR[11]    ; No output delay, min/max delays, false-path exceptions, or max skew assignments found ;
; LEDR[12]    ; No output delay, min/max delays, false-path exceptions, or max skew assignments found ;
; LEDR[13]    ; No output delay, min/max delays, false-path exceptions, or max skew assignments found ;
; LEDR[14]    ; No output delay, min/max delays, false-path exceptions, or max skew assignments found ;
; LEDR[15]    ; No output delay, min/max delays, false-path exceptions, or max skew assignments found ;
; LEDR[16]    ; No output delay, min/max delays, false-path exceptions, or max skew assignments found ;
; LEDR[17]    ; No output delay, min/max delays, false-path exceptions, or max skew assignments found ;
+-------------+---------------------------------------------------------------------------------------+


+----------------------------------------------------------------------------------------------------+
; Unconstrained Input Ports                                                                          ;
+-------------+--------------------------------------------------------------------------------------+
; Input Port  ; Comment                                                                              ;
+-------------+--------------------------------------------------------------------------------------+
; AUD_ADCDAT  ; No input delay, min/max delays, false-path exceptions, or max skew assignments found ;
; AUD_ADCLRCK ; No input delay, min/max delays, false-path exceptions, or max skew assignments found ;
; CLOCK_50    ; No input delay, min/max delays, false-path exceptions, or max skew assignments found ;
; KEY[0]      ; No input delay, min/max delays, false-path exceptions, or max skew assignments found ;
; KEY[1]      ; No input delay, min/max delays, false-path exceptions, or max skew assignments found ;
; KEY[2]      ; No input delay, min/max delays, false-path exceptions, or max skew assignments found ;
; KEY[3]      ; No input delay, min/max delays, false-path exceptions, or max skew assignments found ;
; SW[0]       ; No input delay, min/max delays, false-path exceptions, or max skew assignments found ;
; SW[1]       ; No input delay, min/max delays, false-path exceptions, or max skew assignments found ;
; SW[2]       ; No input delay, min/max delays, false-path exceptions, or max skew assignments found ;
; SW[3]       ; No input delay, min/max delays, false-path exceptions, or max skew assignments found ;
; SW[4]       ; No input delay, min/max delays, false-path exceptions, or max skew assignments found ;
; SW[5]       ; No input delay, min/max delays, false-path exceptions, or max skew assignments found ;
; SW[6]       ; No input delay, min/max delays, false-path exceptions, or max skew assignments found ;
; SW[7]       ; No input delay, min/max delays, false-path exceptions, or max skew assignments found ;
; SW[8]       ; No input delay, min/max delays, false-path exceptions, or max skew assignments found ;
; SW[9]       ; No input delay, min/max delays, false-path exceptions, or max skew assignments found ;
; SW[10]      ; No input delay, min/max delays, false-path exceptions, or max skew assignments found ;
; SW[11]      ; No input delay, min/max delays, false-path exceptions, or max skew assignments found ;
; SW[12]      ; No input delay, min/max delays, false-path exceptions, or max skew assignments found ;
; SW[13]      ; No input delay, min/max delays, false-path exceptions, or max skew assignments found ;
; SW[14]      ; No input delay, min/max delays, false-path exceptions, or max skew assignments found ;
; SW[15]      ; No input delay, min/max delays, false-path exceptions, or max skew assignments found ;
; SW[16]      ; No input delay, min/max delays, false-path exceptions, or max skew assignments found ;
; SW[17]      ; No input delay, min/max delays, false-path exceptions, or max skew assignments found ;
+-------------+--------------------------------------------------------------------------------------+


+-----------------------------------------------------------------------------------------------------+
; Unconstrained Output Ports                                                                          ;
+-------------+---------------------------------------------------------------------------------------+
; Output Port ; Comment                                                                               ;
+-------------+---------------------------------------------------------------------------------------+
; AUD_DACDAT  ; No output delay, min/max delays, false-path exceptions, or max skew assignments found ;
; AUD_XCK     ; No output delay, min/max delays, false-path exceptions, or max skew assignments found ;
; HEX0[0]     ; No output delay, min/max delays, false-path exceptions, or max skew assignments found ;
; HEX0[1]     ; No output delay, min/max delays, false-path exceptions, or max skew assignments found ;
; HEX0[2]     ; No output delay, min/max delays, false-path exceptions, or max skew assignments found ;
; HEX0[3]     ; No output delay, min/max delays, false-path exceptions, or max skew assignments found ;
; HEX0[4]     ; No output delay, min/max delays, false-path exceptions, or max skew assignments found ;
; HEX0[5]     ; No output delay, min/max delays, false-path exceptions, or max skew assignments found ;
; HEX0[6]     ; No output delay, min/max delays, false-path exceptions, or max skew assignments found ;
; HEX1[0]     ; No output delay, min/max delays, false-path exceptions, or max skew assignments found ;
; HEX1[2]     ; No output delay, min/max delays, false-path exceptions, or max skew assignments found ;
; HEX1[3]     ; No output delay, min/max delays, false-path exceptions, or max skew assignments found ;
; HEX1[4]     ; No output delay, min/max delays, false-path exceptions, or max skew assignments found ;
; HEX1[5]     ; No output delay, min/max delays, false-path exceptions, or max skew assignments found ;
; HEX1[6]     ; No output delay, min/max delays, false-path exceptions, or max skew assignments found ;
; HEX6[0]     ; No output delay, min/max delays, false-path exceptions, or max skew assignments found ;
; HEX6[1]     ; No output delay, min/max delays, false-path exceptions, or max skew assignments found ;
; HEX6[2]     ; No output delay, min/max delays, false-path exceptions, or max skew assignments found ;
; HEX6[3]     ; No output delay, min/max delays, false-path exceptions, or max skew assignments found ;
; HEX6[4]     ; No output delay, min/max delays, false-path exceptions, or max skew assignments found ;
; HEX6[5]     ; No output delay, min/max delays, false-path exceptions, or max skew assignments found ;
; HEX6[6]     ; No output delay, min/max delays, false-path exceptions, or max skew assignments found ;
; HEX7[0]     ; No output delay, min/max delays, false-path exceptions, or max skew assignments found ;
; HEX7[2]     ; No output delay, min/max delays, false-path exceptions, or max skew assignments found ;
; HEX7[3]     ; No output delay, min/max delays, false-path exceptions, or max skew assignments found ;
; HEX7[4]     ; No output delay, min/max delays, false-path exceptions, or max skew assignments found ;
; HEX7[5]     ; No output delay, min/max delays, false-path exceptions, or max skew assignments found ;
; HEX7[6]     ; No output delay, min/max delays, false-path exceptions, or max skew assignments found ;
; I2C_SCLK    ; No output delay, min/max delays, false-path exceptions, or max skew assignments found ;
; I2C_SDAT    ; No output delay, min/max delays, false-path exceptions, or max skew assignments found ;
; LEDG[0]     ; No output delay, min/max delays, false-path exceptions, or max skew assignments found ;
; LEDG[1]     ; No output delay, min/max delays, false-path exceptions, or max skew assignments found ;
; LEDG[2]     ; No output delay, min/max delays, false-path exceptions, or max skew assignments found ;
; LEDG[3]     ; No output delay, min/max delays, false-path exceptions, or max skew assignments found ;
; LEDG[5]     ; No output delay, min/max delays, false-path exceptions, or max skew assignments found ;
; LEDR[0]     ; No output delay, min/max delays, false-path exceptions, or max skew assignments found ;
; LEDR[1]     ; No output delay, min/max delays, false-path exceptions, or max skew assignments found ;
; LEDR[2]     ; No output delay, min/max delays, false-path exceptions, or max skew assignments found ;
; LEDR[3]     ; No output delay, min/max delays, false-path exceptions, or max skew assignments found ;
; LEDR[4]     ; No output delay, min/max delays, false-path exceptions, or max skew assignments found ;
; LEDR[5]     ; No output delay, min/max delays, false-path exceptions, or max skew assignments found ;
; LEDR[6]     ; No output delay, min/max delays, false-path exceptions, or max skew assignments found ;
; LEDR[7]     ; No output delay, min/max delays, false-path exceptions, or max skew assignments found ;
; LEDR[8]     ; No output delay, min/max delays, false-path exceptions, or max skew assignments found ;
; LEDR[9]     ; No output delay, min/max delays, false-path exceptions, or max skew assignments found ;
; LEDR[10]    ; No output delay, min/max delays, false-path exceptions, or max skew assignments found ;
; LEDR[11]    ; No output delay, min/max delays, false-path exceptions, or max skew assignments found ;
; LEDR[12]    ; No output delay, min/max delays, false-path exceptions, or max skew assignments found ;
; LEDR[13]    ; No output delay, min/max delays, false-path exceptions, or max skew assignments found ;
; LEDR[14]    ; No output delay, min/max delays, false-path exceptions, or max skew assignments found ;
; LEDR[15]    ; No output delay, min/max delays, false-path exceptions, or max skew assignments found ;
; LEDR[16]    ; No output delay, min/max delays, false-path exceptions, or max skew assignments found ;
; LEDR[17]    ; No output delay, min/max delays, false-path exceptions, or max skew assignments found ;
+-------------+---------------------------------------------------------------------------------------+


+--------------------------+
; Timing Analyzer Messages ;
+--------------------------+
Info: *******************************************************************
Info: Running Quartus Prime Timing Analyzer
    Info: Version 19.1.0 Build 670 09/22/2019 SJ Lite Edition
    Info: Processing started: Fri Aug 21 16:12:48 2026
Info: Command: quartus_sta effets_audio_sur_FPGA_Projet -c effets_audio_sur_FPGA_Projet
Info: qsta_default_script.tcl version: #1
Warning (20013): Ignored 19 assignments for entity "CORDIC" -- entity does not exist in design
Warning (20013): Ignored 38 assignments for entity "CORDIC_CORDIC_0" -- entity does not exist in design
Warning (20013): Ignored 19 assignments for entity "FFT" -- entity does not exist in design
Warning (20013): Ignored 33 assignments for entity "FFT_fft_ii_0" -- entity does not exist in design
Warning (18236): Number of processors has not been specified which may cause overloading on shared machines.  Set the global assignment NUM_PARALLEL_PROCESSORS in your QSF to an appropriate value for best performance.
Info (20030): Parallel compilation is enabled and will use 4 of the 4 processors detected
Info (21077): Low junction temperature is 0 degrees C
Info (21077): High junction temperature is 85 degrees C
Warning (335093): The Timing Analyzer is analyzing 155 combinational loops as latches. For more details, run the Check Timing command in the Timing Analyzer or view the "User-Specified and Inferred Latches" table in the Analysis & Synthesis report.
Critical Warning (332012): Synopsys Design Constraints File file not found: 'effets_audio_sur_FPGA_Projet.sdc'. A Synopsys Design Constraints File is required by the Timing Analyzer to get proper timing constraints. Without it, the Compiler will not properly optimize the design.
Info (332142): No user constrained generated clocks found in the design. Calling "derive_pll_clocks -create_base_clocks"
Info (332110): Deriving PLL clocks
    Info (332110): create_clock -period 20.000 -waveform {0.000 10.000} -name CLOCK_50 CLOCK_50
    Info (332110): create_generated_clock -source {PLL_inst|altpll_component|auto_generated|pll1|inclk[0]} -multiply_by 2 -duty_cycle 50.00 -name {PLL_inst|altpll_component|auto_generated|pll1|clk[0]} {PLL_inst|altpll_component|auto_generated|pll1|clk[0]}
Info (332142): No user constrained base clocks found in the design. Calling "derive_clocks -period 1.0"
Info (332105): Deriving Clocks
    Info (332105): create_clock -period 1.000 -name config_CODEC:u_CODEC_config|counter[9] config_CODEC:u_CODEC_config|counter[9]
    Info (332105): create_clock -period 1.000 -name I2C_driver:u_I2C_Config|SENT I2C_driver:u_I2C_Config|SENT
    Info (332105): create_clock -period 1.000 -name AUD_BCLK AUD_BCLK
Info (332143): No user constrained clock uncertainty found in the design. Calling "derive_clock_uncertainty"
Info (332123): Deriving Clock Uncertainty. Please refer to report_sdc in the Timing Analyzer to see clock uncertainties.
Info: Found TIMING_ANALYZER_REPORT_SCRIPT_INCLUDE_DEFAULT_ANALYSIS = ON
Info: Analyzing Slow 1200mV 85C Model
Critical Warning (332148): Timing requirements not met
    Info (11105): For recommendations on closing timing, run Report Timing Closure Recommendations in the Timing Analyzer.
Info (332146): Worst-case setup slack is -25.990
    Info (332119):     Slack       End Point TNS Clock 
    Info (332119): ========= =================== =====================
    Info (332119):   -25.990           -2494.997 config_CODEC:u_CODEC_config|counter[9] 
    Info (332119):   -23.717           -4761.321 CLOCK_50 
    Info (332119):    -8.854            -318.355 PLL_inst|altpll_component|auto_generated|pll1|clk[0] 
    Info (332119):    -3.776            -297.696 AUD_BCLK 
    Info (332119):    -1.927             -21.742 I2C_driver:u_I2C_Config|SENT 
Info (332146): Worst-case hold slack is 0.266
    Info (332119):     Slack       End Point TNS Clock 
    Info (332119): ========= =================== =====================
    Info (332119):     0.266               0.000 CLOCK_50 
    Info (332119):     0.304               0.000 PLL_inst|altpll_component|auto_generated|pll1|clk[0] 
    Info (332119):     0.357               0.000 config_CODEC:u_CODEC_config|counter[9] 
    Info (332119):     0.399               0.000 I2C_driver:u_I2C_Config|SENT 
    Info (332119):     0.440               0.000 AUD_BCLK 
Info (332146): Worst-case recovery slack is -0.564
    Info (332119):     Slack       End Point TNS Clock 
    Info (332119): ========= =================== =====================
    Info (332119):    -0.564              -2.168 I2C_driver:u_I2C_Config|SENT 
Info (332146): Worst-case removal slack is 0.624
    Info (332119):     Slack       End Point TNS Clock 
    Info (332119): ========= =================== =====================
    Info (332119):     0.624               0.000 I2C_driver:u_I2C_Config|SENT 
Info (332146): Worst-case minimum pulse width slack is -3.000
    Info (332119):     Slack       End Point TNS Clock 
    Info (332119): ========= =================== =====================
    Info (332119):    -3.000           -1869.579 config_CODEC:u_CODEC_config|counter[9] 
    Info (332119):    -3.000            -144.693 AUD_BCLK 
    Info (332119):    -1.285             -20.560 I2C_driver:u_I2C_Config|SENT 
    Info (332119):     4.709               0.000 PLL_inst|altpll_component|auto_generated|pll1|clk[0] 
    Info (332119):     9.412               0.000 CLOCK_50 
Info (332114): Report Metastability: Found 28 synchronizer chains.
    Info (332114): The design MTBF is not calculated because there are no specified synchronizers in the design.
    Info (332114): Number of Synchronizer Chains Found: 28
    Info (332114): Shortest Synchronizer Chain: 2 Registers
    Info (332114): Fraction of Chains for which MTBFs Could Not be Calculated: 1.000
    Info (332114): Worst Case Available Settling Time: 16.933 ns
    Info (332114): 
Info: Analyzing Slow 1200mV 0C Model
Info (334003): Started post-fitting delay annotation
Info (334004): Delay annotation completed successfully
Info (332123): Deriving Clock Uncertainty. Please refer to report_sdc in the Timing Analyzer to see clock uncertainties.
Critical Warning (332148): Timing requirements not met
    Info (11105): For recommendations on closing timing, run Report Timing Closure Recommendations in the Timing Analyzer.
Info (332146): Worst-case setup slack is -23.590
    Info (332119):     Slack       End Point TNS Clock 
    Info (332119): ========= =================== =====================
    Info (332119):   -23.590           -2173.459 config_CODEC:u_CODEC_config|counter[9] 
    Info (332119):   -21.489           -4240.804 CLOCK_50 
    Info (332119):    -7.843            -283.226 PLL_inst|altpll_component|auto_generated|pll1|clk[0] 
    Info (332119):    -3.341            -265.918 AUD_BCLK 
    Info (332119):    -1.682             -18.416 I2C_driver:u_I2C_Config|SENT 
Info (332146): Worst-case hold slack is 0.271
    Info (332119):     Slack       End Point TNS Clock 
    Info (332119): ========= =================== =====================
    Info (332119):     0.271               0.000 CLOCK_50 
    Info (332119):     0.305               0.000 PLL_inst|altpll_component|auto_generated|pll1|clk[0] 
    Info (332119):     0.353               0.000 I2C_driver:u_I2C_Config|SENT 
    Info (332119):     0.362               0.000 config_CODEC:u_CODEC_config|counter[9] 
    Info (332119):     0.387               0.000 AUD_BCLK 
Info (332146): Worst-case recovery slack is -0.423
    Info (332119):     Slack       End Point TNS Clock 
    Info (332119): ========= =================== =====================
    Info (332119):    -0.423              -1.471 I2C_driver:u_I2C_Config|SENT 
Info (332146): Worst-case removal slack is 0.536
    Info (332119):     Slack       End Point TNS Clock 
    Info (332119): ========= =================== =====================
    Info (332119):     0.536               0.000 I2C_driver:u_I2C_Config|SENT 
Info (332146): Worst-case minimum pulse width slack is -3.000
    Info (332119):     Slack       End Point TNS Clock 
    Info (332119): ========= =================== =====================
    Info (332119):    -3.000           -1869.052 config_CODEC:u_CODEC_config|counter[9] 
    Info (332119):    -3.000            -144.350 AUD_BCLK 
    Info (332119):    -1.285             -20.560 I2C_driver:u_I2C_Config|SENT 
    Info (332119):     4.694               0.000 PLL_inst|altpll_component|auto_generated|pll1|clk[0] 
    Info (332119):     9.439               0.000 CLOCK_50 
Info (332114): Report Metastability: Found 28 synchronizer chains.
    Info (332114): The design MTBF is not calculated because there are no specified synchronizers in the design.
    Info (332114): Number of Synchronizer Chains Found: 28
    Info (332114): Shortest Synchronizer Chain: 2 Registers
    Info (332114): Fraction of Chains for which MTBFs Could Not be Calculated: 1.000
    Info (332114): Worst Case Available Settling Time: 17.100 ns
    Info (332114): 
Info: Analyzing Fast 1200mV 0C Model
Info (332123): Deriving Clock Uncertainty. Please refer to report_sdc in the Timing Analyzer to see clock uncertainties.
Critical Warning (332148): Timing requirements not met
    Info (11105): For recommendations on closing timing, run Report Timing Closure Recommendations in the Timing Analyzer.
Info (332146): Worst-case setup slack is -12.308
    Info (332119):     Slack       End Point TNS Clock 
    Info (332119): ========= =================== =====================
    Info (332119):   -12.308            -762.560 config_CODEC:u_CODEC_config|counter[9] 
    Info (332119):   -10.918           -1972.441 CLOCK_50 
    Info (332119):    -4.097            -140.822 PLL_inst|altpll_component|auto_generated|pll1|clk[0] 
    Info (332119):    -2.221            -140.970 AUD_BCLK 
    Info (332119):    -0.459              -3.149 I2C_driver:u_I2C_Config|SENT 
Info (332146): Worst-case hold slack is -0.022
    Info (332119):     Slack       End Point TNS Clock 
    Info (332119): ========= =================== =====================
    Info (332119):    -0.022              -0.080 AUD_BCLK 
    Info (332119):     0.088               0.000 CLOCK_50 
    Info (332119):     0.116               0.000 PLL_inst|altpll_component|auto_generated|pll1|clk[0] 
    Info (332119):     0.149               0.000 config_CODEC:u_CODEC_config|counter[9] 
    Info (332119):     0.180               0.000 I2C_driver:u_I2C_Config|SENT 
Info (332146): Worst-case recovery slack is 0.298
    Info (332119):     Slack       End Point TNS Clock 
    Info (332119): ========= =================== =====================
    Info (332119):     0.298               0.000 I2C_driver:u_I2C_Config|SENT 
Info (332146): Worst-case removal slack is 0.235
    Info (332119):     Slack       End Point TNS Clock 
    Info (332119): ========= =================== =====================
    Info (332119):     0.235               0.000 I2C_driver:u_I2C_Config|SENT 
Info (332146): Worst-case minimum pulse width slack is -3.000
    Info (332119):     Slack       End Point TNS Clock 
    Info (332119): ========= =================== =====================
    Info (332119):    -3.000            -190.727 AUD_BCLK 
    Info (332119):    -1.000           -1422.000 config_CODEC:u_CODEC_config|counter[9] 
    Info (332119):    -1.000             -16.000 I2C_driver:u_I2C_Config|SENT 
    Info (332119):     4.750               0.000 PLL_inst|altpll_component|auto_generated|pll1|clk[0] 
    Info (332119):     9.199               0.000 CLOCK_50 
Info (332114): Report Metastability: Found 28 synchronizer chains.
    Info (332114): The design MTBF is not calculated because there are no specified synchronizers in the design.
    Info (332114): Number of Synchronizer Chains Found: 28
    Info (332114): Shortest Synchronizer Chain: 2 Registers
    Info (332114): Fraction of Chains for which MTBFs Could Not be Calculated: 1.000
    Info (332114): Worst Case Available Settling Time: 18.272 ns
    Info (332114): 
Info (332102): Design is not fully constrained for setup requirements
Info (332102): Design is not fully constrained for hold requirements
Info: Quartus Prime Timing Analyzer was successful. 0 errors, 10 warnings
    Info: Peak virtual memory: 4953 megabytes
    Info: Processing ended: Fri Aug 21 16:12:59 2026
    Info: Elapsed time: 00:00:11
    Info: Total CPU time (on all processors): 00:00:12


