Analysis & Synthesis report for effets_audio_sur_FPGA_Projet
Fri Aug 21 16:10:18 2026
Quartus Prime Version 19.1.0 Build 670 09/22/2019 SJ Lite Edition


---------------------
; Table of Contents ;
---------------------
  1. Legal Notice
  2. Analysis & Synthesis Summary
  3. Analysis & Synthesis Settings
  4. Parallel Compilation
  5. Analysis & Synthesis Source Files Read
  6. Analysis & Synthesis Resource Usage Summary
  7. Analysis & Synthesis Resource Utilization by Entity
  8. Analysis & Synthesis RAM Summary
  9. Analysis & Synthesis DSP Block Usage Summary
 10. Analysis & Synthesis IP Cores Summary
 11. User-Specified and Inferred Latches
 12. Registers Removed During Synthesis
 13. Removed Registers Triggering Further Register Optimizations
 14. General Register Statistics
 15. Inverted Register Statistics
 16. Registers Packed Into Inferred Megafunctions
 17. Multiplexer Restructuring Statistics (Restructuring Performed)
 18. Source assignments for delay:delay_inst_L|RAM:RAM_inst|altsyncram:altsyncram_component|altsyncram_79o3:auto_generated
 19. Source assignments for delay:delay_inst_R|RAM:RAM_inst|altsyncram:altsyncram_component|altsyncram_79o3:auto_generated
 20. Source assignments for octaver:octaver_R|RAM_Octaver:RAM_inst|altsyncram:altsyncram_component|altsyncram_1pp3:auto_generated
 21. Source assignments for octaver:octaver_L|RAM_Octaver:RAM_inst|altsyncram:altsyncram_component|altsyncram_1pp3:auto_generated
 22. Source assignments for chorus:chorus_inst_L|RAM_chorus:RAM_INST|altsyncram:altsyncram_component|altsyncram_n5o3:auto_generated
 23. Source assignments for chorus:chorus_inst_R|RAM_chorus:RAM_INST|altsyncram:altsyncram_component|altsyncram_n5o3:auto_generated
 24. Source assignments for tremolo:tremolo_inst_L|SinusLUT:sinus_inst|altsyncram:Mux6_rtl_0|altsyncram_lc21:auto_generated
 25. Source assignments for chorus:chorus_inst_L|SinusLUT:SINE_INST|altsyncram:Mux6_rtl_0|altsyncram_mc21:auto_generated
 26. Parameter Settings for User Entity Instance: PLL:PLL_inst|altpll:altpll_component
 27. Parameter Settings for User Entity Instance: delay:delay_inst_L|RAM:RAM_inst|altsyncram:altsyncram_component
 28. Parameter Settings for User Entity Instance: delay:delay_inst_R|RAM:RAM_inst|altsyncram:altsyncram_component
 29. Parameter Settings for User Entity Instance: octaver:octaver_R|RAM_Octaver:RAM_inst|altsyncram:altsyncram_component
 30. Parameter Settings for User Entity Instance: octaver:octaver_L|RAM_Octaver:RAM_inst|altsyncram:altsyncram_component
 31. Parameter Settings for User Entity Instance: chorus:chorus_inst_L|RAM_chorus:RAM_INST|altsyncram:altsyncram_component
 32. Parameter Settings for User Entity Instance: chorus:chorus_inst_R|RAM_chorus:RAM_INST|altsyncram:altsyncram_component
 33. Parameter Settings for User Entity Instance: auto_wah:u_auto_wah_R
 34. Parameter Settings for User Entity Instance: auto_wah:u_auto_wah_L
 35. Parameter Settings for Inferred Entity Instance: tremolo:tremolo_inst_L|SinusLUT:sinus_inst|altsyncram:Mux6_rtl_0
 36. Parameter Settings for Inferred Entity Instance: chorus:chorus_inst_L|SinusLUT:SINE_INST|altsyncram:Mux6_rtl_0
 37. Parameter Settings for Inferred Entity Instance: distortion:distortion_L|booster:s1|lpm_mult:Mult0
 38. Parameter Settings for Inferred Entity Instance: distortion:distortion_R|booster:s1|lpm_mult:Mult0
 39. Parameter Settings for Inferred Entity Instance: auto_wah:u_auto_wah_L|lpm_mult:Mult1
 40. Parameter Settings for Inferred Entity Instance: tremolo:tremolo_inst_L|lpm_mult:Mult0
 41. Parameter Settings for Inferred Entity Instance: FIR_filter_37_tap:u_fir_filter_L|lpm_mult:Mult18
 42. Parameter Settings for Inferred Entity Instance: FIR_filter_37_tap:u_fir_filter_L|lpm_mult:Mult17
 43. Parameter Settings for Inferred Entity Instance: auto_wah:u_auto_wah_R|lpm_mult:Mult1
 44. Parameter Settings for Inferred Entity Instance: FIR_filter_37_tap:u_fir_filter_R|lpm_mult:Mult18
 45. Parameter Settings for Inferred Entity Instance: FIR_filter_37_tap:u_fir_filter_R|lpm_mult:Mult17
 46. Parameter Settings for Inferred Entity Instance: tremolo:tremolo_inst_R|lpm_mult:Mult0
 47. Parameter Settings for Inferred Entity Instance: delay:delay_inst_L|lpm_mult:Mult0
 48. Parameter Settings for Inferred Entity Instance: octaver:octaver_L|lpm_mult:Mult1
 49. Parameter Settings for Inferred Entity Instance: octaver:octaver_L|lpm_mult:Mult0
 50. Parameter Settings for Inferred Entity Instance: auto_wah:u_auto_wah_L|lpm_mult:Mult0
 51. Parameter Settings for Inferred Entity Instance: auto_wah:u_auto_wah_R|lpm_mult:Mult0
 52. Parameter Settings for Inferred Entity Instance: delay:delay_inst_R|lpm_mult:Mult0
 53. Parameter Settings for Inferred Entity Instance: octaver:octaver_R|lpm_mult:Mult1
 54. Parameter Settings for Inferred Entity Instance: octaver:octaver_R|lpm_mult:Mult0
 55. Parameter Settings for Inferred Entity Instance: auto_wah:u_auto_wah_L|lpm_mult:Mult2
 56. Parameter Settings for Inferred Entity Instance: FIR_filter_37_tap:u_fir_filter_L|lpm_mult:Mult12
 57. Parameter Settings for Inferred Entity Instance: FIR_filter_37_tap:u_fir_filter_L|lpm_mult:Mult11
 58. Parameter Settings for Inferred Entity Instance: FIR_filter_37_tap:u_fir_filter_L|lpm_mult:Mult15
 59. Parameter Settings for Inferred Entity Instance: FIR_filter_37_tap:u_fir_filter_L|lpm_mult:Mult16
 60. Parameter Settings for Inferred Entity Instance: FIR_filter_37_tap:u_fir_filter_L|lpm_mult:Mult13
 61. Parameter Settings for Inferred Entity Instance: FIR_filter_37_tap:u_fir_filter_L|lpm_mult:Mult14
 62. Parameter Settings for Inferred Entity Instance: auto_wah:u_auto_wah_R|lpm_mult:Mult2
 63. Parameter Settings for Inferred Entity Instance: FIR_filter_37_tap:u_fir_filter_R|lpm_mult:Mult12
 64. Parameter Settings for Inferred Entity Instance: FIR_filter_37_tap:u_fir_filter_R|lpm_mult:Mult11
 65. Parameter Settings for Inferred Entity Instance: FIR_filter_37_tap:u_fir_filter_R|lpm_mult:Mult15
 66. Parameter Settings for Inferred Entity Instance: FIR_filter_37_tap:u_fir_filter_R|lpm_mult:Mult16
 67. Parameter Settings for Inferred Entity Instance: FIR_filter_37_tap:u_fir_filter_R|lpm_mult:Mult13
 68. Parameter Settings for Inferred Entity Instance: FIR_filter_37_tap:u_fir_filter_R|lpm_mult:Mult14
 69. Parameter Settings for Inferred Entity Instance: FIR_filter_37_tap:u_fir_filter_L|lpm_mult:Mult10
 70. Parameter Settings for Inferred Entity Instance: FIR_filter_37_tap:u_fir_filter_L|lpm_mult:Mult9
 71. Parameter Settings for Inferred Entity Instance: FIR_filter_37_tap:u_fir_filter_R|lpm_mult:Mult10
 72. Parameter Settings for Inferred Entity Instance: FIR_filter_37_tap:u_fir_filter_R|lpm_mult:Mult9
 73. Parameter Settings for Inferred Entity Instance: FIR_filter_37_tap:u_fir_filter_L|lpm_mult:Mult3
 74. Parameter Settings for Inferred Entity Instance: FIR_filter_37_tap:u_fir_filter_L|lpm_mult:Mult4
 75. Parameter Settings for Inferred Entity Instance: FIR_filter_37_tap:u_fir_filter_R|lpm_mult:Mult3
 76. Parameter Settings for Inferred Entity Instance: FIR_filter_37_tap:u_fir_filter_R|lpm_mult:Mult4
 77. Parameter Settings for Inferred Entity Instance: chorus:chorus_inst_L|lpm_divide:Mod1
 78. Parameter Settings for Inferred Entity Instance: chorus:chorus_inst_L|lpm_divide:Mod2
 79. Parameter Settings for Inferred Entity Instance: chorus:chorus_inst_L|lpm_divide:Mod0
 80. Parameter Settings for Inferred Entity Instance: FIR_filter_37_tap:u_fir_filter_L|lpm_mult:Mult2
 81. Parameter Settings for Inferred Entity Instance: FIR_filter_37_tap:u_fir_filter_R|lpm_mult:Mult2
 82. Parameter Settings for Inferred Entity Instance: lpm_mult:Mult0
 83. Parameter Settings for Inferred Entity Instance: FIR_filter_37_tap:u_fir_filter_L|lpm_mult:Mult1
 84. Parameter Settings for Inferred Entity Instance: FIR_filter_37_tap:u_fir_filter_L|lpm_mult:Mult0
 85. Parameter Settings for Inferred Entity Instance: FIR_filter_37_tap:u_fir_filter_L|lpm_mult:Mult6
 86. Parameter Settings for Inferred Entity Instance: FIR_filter_37_tap:u_fir_filter_L|lpm_mult:Mult5
 87. Parameter Settings for Inferred Entity Instance: FIR_filter_37_tap:u_fir_filter_L|lpm_mult:Mult8
 88. Parameter Settings for Inferred Entity Instance: FIR_filter_37_tap:u_fir_filter_L|lpm_mult:Mult7
 89. Parameter Settings for Inferred Entity Instance: FIR_filter_37_tap:u_fir_filter_R|lpm_mult:Mult1
 90. Parameter Settings for Inferred Entity Instance: FIR_filter_37_tap:u_fir_filter_R|lpm_mult:Mult0
 91. Parameter Settings for Inferred Entity Instance: FIR_filter_37_tap:u_fir_filter_R|lpm_mult:Mult6
 92. Parameter Settings for Inferred Entity Instance: FIR_filter_37_tap:u_fir_filter_R|lpm_mult:Mult5
 93. Parameter Settings for Inferred Entity Instance: FIR_filter_37_tap:u_fir_filter_R|lpm_mult:Mult8
 94. Parameter Settings for Inferred Entity Instance: FIR_filter_37_tap:u_fir_filter_R|lpm_mult:Mult7
 95. altpll Parameter Settings by Entity Instance
 96. altsyncram Parameter Settings by Entity Instance
 97. lpm_mult Parameter Settings by Entity Instance
 98. Port Connectivity Checks: "FIR_filter_37_tap:u_fir_filter_R"
 99. Port Connectivity Checks: "FIR_filter_37_tap:u_fir_filter_L"
100. Port Connectivity Checks: "auto_wah:u_auto_wah_L"
101. Port Connectivity Checks: "auto_wah:u_auto_wah_R"
102. Port Connectivity Checks: "chorus:chorus_inst_R"
103. Port Connectivity Checks: "chorus:chorus_inst_L|RAM_chorus:RAM_INST"
104. Port Connectivity Checks: "chorus:chorus_inst_L"
105. Port Connectivity Checks: "octaver:octaver_L"
106. Port Connectivity Checks: "octaver:octaver_R|RAM_Octaver:RAM_inst"
107. Port Connectivity Checks: "octaver:octaver_R"
108. Port Connectivity Checks: "tremolo:tremolo_inst_R"
109. Port Connectivity Checks: "tremolo:tremolo_inst_L"
110. Port Connectivity Checks: "digital_distortion:digital_distortion_R"
111. Port Connectivity Checks: "distortion:distortion_R"
112. Port Connectivity Checks: "distortion:distortion_L"
113. Port Connectivity Checks: "PLL:PLL_inst"
114. Port Connectivity Checks: "I2C_driver:u_I2C_Config"
115. Post-Synthesis Netlist Statistics for Top Partition
116. Elapsed Time Per Partition
117. Analysis & Synthesis Messages



----------------
; Legal Notice ;
----------------
Copyright (C) 2019  Intel Corporation. All rights reserved.
Your use of Intel Corporation's design tools, logic functions 
and other software and tools, and any partner logic 
functions, and any output files from any of the foregoing 
(including device programming or simulation files), and any 
associated documentation or information are expressly subject 
to the terms and conditions of the Intel Program License 
Subscription Agreement, the Intel Quartus Prime License Agreement,
the Intel FPGA IP License Agreement, or other applicable license
agreement, including, without limitation, that your use is for
the sole purpose of programming logic devices manufactured by
Intel and sold by Intel or its authorized distributors.  Please
refer to the applicable agreement for further details, at
https://fpgasoftware.intel.com/eula.



+----------------------------------------------------------------------------------+
; Analysis & Synthesis Summary                                                     ;
+------------------------------------+---------------------------------------------+
; Analysis & Synthesis Status        ; Successful - Fri Aug 21 16:10:18 2026       ;
; Quartus Prime Version              ; 19.1.0 Build 670 09/22/2019 SJ Lite Edition ;
; Revision Name                      ; effets_audio_sur_FPGA_Projet                ;
; Top-level Entity Name              ; Audio_Project                               ;
; Family                             ; Cyclone IV E                                ;
; Total logic elements               ; 7,429                                       ;
;     Total combinational functions  ; 5,726                                       ;
;     Dedicated logic registers      ; 2,559                                       ;
; Total registers                    ; 2559                                        ;
; Total pins                         ; 84                                          ;
; Total virtual pins                 ; 0                                           ;
; Total memory bits                  ; 1,347,072                                   ;
; Embedded Multiplier 9-bit elements ; 108                                         ;
; Total PLLs                         ; 1                                           ;
+------------------------------------+---------------------------------------------+


+----------------------------------------------------------------------------------------------------------------------+
; Analysis & Synthesis Settings                                                                                        ;
+------------------------------------------------------------------+--------------------+------------------------------+
; Option                                                           ; Setting            ; Default Value                ;
+------------------------------------------------------------------+--------------------+------------------------------+
; Device                                                           ; EP4CE115F29C7      ;                              ;
; Top-level entity name                                            ; Audio_Project      ; effets_audio_sur_FPGA_Projet ;
; Family name                                                      ; Cyclone IV E       ; Cyclone V                    ;
; VHDL Show LMF Mapping Messages                                   ; Off                ;                              ;
; VHDL Version                                                     ; VHDL_2008          ; VHDL_1993                    ;
; Use smart compilation                                            ; Off                ; Off                          ;
; Enable parallel Assembler and Timing Analyzer during compilation ; On                 ; On                           ;
; Enable compact report table                                      ; Off                ; Off                          ;
; Restructure Multiplexers                                         ; Auto               ; Auto                         ;
; Create Debugging Nodes for IP Cores                              ; Off                ; Off                          ;
; Preserve fewer node names                                        ; On                 ; On                           ;
; Intel FPGA IP Evaluation Mode                                    ; Enable             ; Enable                       ;
; Verilog Version                                                  ; Verilog_2001       ; Verilog_2001                 ;
; State Machine Processing                                         ; Auto               ; Auto                         ;
; Safe State Machine                                               ; Off                ; Off                          ;
; Extract Verilog State Machines                                   ; On                 ; On                           ;
; Extract VHDL State Machines                                      ; On                 ; On                           ;
; Ignore Verilog initial constructs                                ; Off                ; Off                          ;
; Iteration limit for constant Verilog loops                       ; 5000               ; 5000                         ;
; Iteration limit for non-constant Verilog loops                   ; 250                ; 250                          ;
; Add Pass-Through Logic to Inferred RAMs                          ; On                 ; On                           ;
; Infer RAMs from Raw Logic                                        ; On                 ; On                           ;
; Parallel Synthesis                                               ; On                 ; On                           ;
; DSP Block Balancing                                              ; Auto               ; Auto                         ;
; NOT Gate Push-Back                                               ; On                 ; On                           ;
; Power-Up Don't Care                                              ; On                 ; On                           ;
; Remove Redundant Logic Cells                                     ; Off                ; Off                          ;
; Remove Duplicate Registers                                       ; On                 ; On                           ;
; Ignore CARRY Buffers                                             ; Off                ; Off                          ;
; Ignore CASCADE Buffers                                           ; Off                ; Off                          ;
; Ignore GLOBAL Buffers                                            ; Off                ; Off                          ;
; Ignore ROW GLOBAL Buffers                                        ; Off                ; Off                          ;
; Ignore LCELL Buffers                                             ; Off                ; Off                          ;
; Ignore SOFT Buffers                                              ; On                 ; On                           ;
; Limit AHDL Integers to 32 Bits                                   ; Off                ; Off                          ;
; Optimization Technique                                           ; Balanced           ; Balanced                     ;
; Carry Chain Length                                               ; 70                 ; 70                           ;
; Auto Carry Chains                                                ; On                 ; On                           ;
; Auto Open-Drain Pins                                             ; On                 ; On                           ;
; Perform WYSIWYG Primitive Resynthesis                            ; Off                ; Off                          ;
; Auto ROM Replacement                                             ; On                 ; On                           ;
; Auto RAM Replacement                                             ; On                 ; On                           ;
; Auto DSP Block Replacement                                       ; On                 ; On                           ;
; Auto Shift Register Replacement                                  ; Auto               ; Auto                         ;
; Allow Shift Register Merging across Hierarchies                  ; Auto               ; Auto                         ;
; Auto Clock Enable Replacement                                    ; On                 ; On                           ;
; Strict RAM Replacement                                           ; Off                ; Off                          ;
; Allow Synchronous Control Signals                                ; On                 ; On                           ;
; Force Use of Synchronous Clear Signals                           ; Off                ; Off                          ;
; Auto RAM Block Balancing                                         ; On                 ; On                           ;
; Auto RAM to Logic Cell Conversion                                ; Off                ; Off                          ;
; Auto Resource Sharing                                            ; Off                ; Off                          ;
; Allow Any RAM Size For Recognition                               ; Off                ; Off                          ;
; Allow Any ROM Size For Recognition                               ; Off                ; Off                          ;
; Allow Any Shift Register Size For Recognition                    ; Off                ; Off                          ;
; Use LogicLock Constraints during Resource Balancing              ; On                 ; On                           ;
; Ignore translate_off and synthesis_off directives                ; Off                ; Off                          ;
; Timing-Driven Synthesis                                          ; On                 ; On                           ;
; Report Parameter Settings                                        ; On                 ; On                           ;
; Report Source Assignments                                        ; On                 ; On                           ;
; Report Connectivity Checks                                       ; On                 ; On                           ;
; Ignore Maximum Fan-Out Assignments                               ; Off                ; Off                          ;
; Synchronization Register Chain Length                            ; 2                  ; 2                            ;
; Power Optimization During Synthesis                              ; Normal compilation ; Normal compilation           ;
; HDL message level                                                ; Level2             ; Level2                       ;
; Suppress Register Optimization Related Messages                  ; Off                ; Off                          ;
; Number of Removed Registers Reported in Synthesis Report         ; 5000               ; 5000                         ;
; Number of Swept Nodes Reported in Synthesis Report               ; 5000               ; 5000                         ;
; Number of Inverted Registers Reported in Synthesis Report        ; 100                ; 100                          ;
; Clock MUX Protection                                             ; On                 ; On                           ;
; Auto Gated Clock Conversion                                      ; Off                ; Off                          ;
; Block Design Naming                                              ; Auto               ; Auto                         ;
; SDC constraint protection                                        ; Off                ; Off                          ;
; Synthesis Effort                                                 ; Auto               ; Auto                         ;
; Shift Register Replacement - Allow Asynchronous Clear Signal     ; On                 ; On                           ;
; Pre-Mapping Resynthesis Optimization                             ; Off                ; Off                          ;
; Analysis & Synthesis Message Level                               ; Medium             ; Medium                       ;
; Disable Register Merging Across Hierarchies                      ; Auto               ; Auto                         ;
; Resource Aware Inference For Block RAM                           ; On                 ; On                           ;
+------------------------------------------------------------------+--------------------+------------------------------+


+------------------------------------------+
; Parallel Compilation                     ;
+----------------------------+-------------+
; Processors                 ; Number      ;
+----------------------------+-------------+
; Number detected on machine ; 8           ;
; Maximum allowed            ; 4           ;
;                            ;             ;
; Average used               ; 1.00        ;
; Maximum used               ; 4           ;
;                            ;             ;
; Usage by Processor         ; % Time Used ;
;     Processor 1            ; 100.0%      ;
;     Processor 2            ;   0.1%      ;
;     Processor 3            ;   0.1%      ;
;     Processor 4            ;   0.1%      ;
+----------------------------+-------------+


+-------------------------------------------------------------------------------------------------------------------------------------------------------------------------------------------------------------------------------------------------------------------------------------+
; Analysis & Synthesis Source Files Read                                                                                                                                                                                                                                              ;
+-----------------------------------------------------+-----------------+-------------------------------------------------------+-------------------------------------------------------------------------------------------------------------------------------------------+---------+
; File Name with User-Entered Path                    ; Used in Netlist ; File Type                                             ; File Name with Absolute Path                                                                                                              ; Library ;
+-----------------------------------------------------+-----------------+-------------------------------------------------------+-------------------------------------------------------------------------------------------------------------------------------------------+---------+
; FFT/synthesis/submodules/FFT_fft_ii_0.sv            ; yes             ; User SystemVerilog HDL File                           ; C:/intelFPGA_lite/19.1/Audio_Effects_On_FPGA_Project/Audio_Effects_On_FPGA_Project/FFT/synthesis/submodules/FFT_fft_ii_0.sv               ; FFT     ;
; main.vhd                                            ; yes             ; User VHDL File                                        ; C:/intelFPGA_lite/19.1/Audio_Effects_On_FPGA_Project/Audio_Effects_On_FPGA_Project/main.vhd                                               ;         ;
; coef_banks.vhd                                      ; yes             ; User VHDL File                                        ; C:/intelFPGA_lite/19.1/Audio_Effects_On_FPGA_Project/Audio_Effects_On_FPGA_Project/coef_banks.vhd                                         ;         ;
; config_CODEC.vhd                                    ; yes             ; User VHDL File                                        ; C:/intelFPGA_lite/19.1/Audio_Effects_On_FPGA_Project/Audio_Effects_On_FPGA_Project/config_CODEC.vhd                                       ;         ;
; fir_filter.vhd                                      ; yes             ; User VHDL File                                        ; C:/intelFPGA_lite/19.1/Audio_Effects_On_FPGA_Project/Audio_Effects_On_FPGA_Project/fir_filter.vhd                                         ;         ;
; I2C_driver.vhd                                      ; yes             ; User VHDL File                                        ; C:/intelFPGA_lite/19.1/Audio_Effects_On_FPGA_Project/Audio_Effects_On_FPGA_Project/I2C_driver.vhd                                         ;         ;
; key_detect.vhd                                      ; yes             ; User VHDL File                                        ; C:/intelFPGA_lite/19.1/Audio_Effects_On_FPGA_Project/Audio_Effects_On_FPGA_Project/key_detect.vhd                                         ;         ;
; effect_select.vhd                                   ; yes             ; User VHDL File                                        ; C:/intelFPGA_lite/19.1/Audio_Effects_On_FPGA_Project/Audio_Effects_On_FPGA_Project/effect_select.vhd                                      ;         ;
; hex_display.vhd                                     ; yes             ; User VHDL File                                        ; C:/intelFPGA_lite/19.1/Audio_Effects_On_FPGA_Project/Audio_Effects_On_FPGA_Project/hex_display.vhd                                        ;         ;
; serie_to_parallel.vhd                               ; yes             ; User VHDL File                                        ; C:/intelFPGA_lite/19.1/Audio_Effects_On_FPGA_Project/Audio_Effects_On_FPGA_Project/serie_to_parallel.vhd                                  ;         ;
; parallel_to_serie.vhd                               ; yes             ; User VHDL File                                        ; C:/intelFPGA_lite/19.1/Audio_Effects_On_FPGA_Project/Audio_Effects_On_FPGA_Project/parallel_to_serie.vhd                                  ;         ;
; PLL.vhd                                             ; yes             ; User Wizard-Generated File                            ; C:/intelFPGA_lite/19.1/Audio_Effects_On_FPGA_Project/Audio_Effects_On_FPGA_Project/PLL.vhd                                                ;         ;
; RAM.vhd                                             ; yes             ; User Wizard-Generated File                            ; C:/intelFPGA_lite/19.1/Audio_Effects_On_FPGA_Project/Audio_Effects_On_FPGA_Project/RAM.vhd                                                ;         ;
; delay.vhd                                           ; yes             ; User VHDL File                                        ; C:/intelFPGA_lite/19.1/Audio_Effects_On_FPGA_Project/Audio_Effects_On_FPGA_Project/delay.vhd                                              ;         ;
; booster.vhd                                         ; yes             ; User VHDL File                                        ; C:/intelFPGA_lite/19.1/Audio_Effects_On_FPGA_Project/Audio_Effects_On_FPGA_Project/booster.vhd                                            ;         ;
; tremolo.vhd                                         ; yes             ; User VHDL File                                        ; C:/intelFPGA_lite/19.1/Audio_Effects_On_FPGA_Project/Audio_Effects_On_FPGA_Project/tremolo.vhd                                            ;         ;
; SinusLUT.vhd                                        ; yes             ; User VHDL File                                        ; C:/intelFPGA_lite/19.1/Audio_Effects_On_FPGA_Project/Audio_Effects_On_FPGA_Project/SinusLUT.vhd                                           ;         ;
; octaver.vhd                                         ; yes             ; User VHDL File                                        ; C:/intelFPGA_lite/19.1/Audio_Effects_On_FPGA_Project/Audio_Effects_On_FPGA_Project/octaver.vhd                                            ;         ;
; RAM_Octaver.vhd                                     ; yes             ; User Wizard-Generated File                            ; C:/intelFPGA_lite/19.1/Audio_Effects_On_FPGA_Project/Audio_Effects_On_FPGA_Project/RAM_Octaver.vhd                                        ;         ;
; chorus.vhd                                          ; yes             ; User VHDL File                                        ; C:/intelFPGA_lite/19.1/Audio_Effects_On_FPGA_Project/Audio_Effects_On_FPGA_Project/chorus.vhd                                             ;         ;
; RAM_chorus.vhd                                      ; yes             ; User Wizard-Generated File                            ; C:/intelFPGA_lite/19.1/Audio_Effects_On_FPGA_Project/Audio_Effects_On_FPGA_Project/RAM_chorus.vhd                                         ;         ;
; wah_wah.vhd                                         ; yes             ; User VHDL File                                        ; C:/intelFPGA_lite/19.1/Audio_Effects_On_FPGA_Project/Audio_Effects_On_FPGA_Project/wah_wah.vhd                                            ;         ;
; vocoder_2.vhd                                       ; yes             ; User VHDL File                                        ; C:/intelFPGA_lite/19.1/Audio_Effects_On_FPGA_Project/Audio_Effects_On_FPGA_Project/vocoder_2.vhd                                          ;         ;
; altpll.tdf                                          ; yes             ; Megafunction                                          ; c:/intelfpga_lite/19.1/quartus/libraries/megafunctions/altpll.tdf                                                                         ;         ;
; aglobal191.inc                                      ; yes             ; Megafunction                                          ; c:/intelfpga_lite/19.1/quartus/libraries/megafunctions/aglobal191.inc                                                                     ;         ;
; stratix_pll.inc                                     ; yes             ; Megafunction                                          ; c:/intelfpga_lite/19.1/quartus/libraries/megafunctions/stratix_pll.inc                                                                    ;         ;
; stratixii_pll.inc                                   ; yes             ; Megafunction                                          ; c:/intelfpga_lite/19.1/quartus/libraries/megafunctions/stratixii_pll.inc                                                                  ;         ;
; cycloneii_pll.inc                                   ; yes             ; Megafunction                                          ; c:/intelfpga_lite/19.1/quartus/libraries/megafunctions/cycloneii_pll.inc                                                                  ;         ;
; db/pll_altpll.v                                     ; yes             ; Auto-Generated Megafunction                           ; C:/intelFPGA_lite/19.1/Audio_Effects_On_FPGA_Project/Audio_Effects_On_FPGA_Project/db/pll_altpll.v                                        ;         ;
; altsyncram.tdf                                      ; yes             ; Megafunction                                          ; c:/intelfpga_lite/19.1/quartus/libraries/megafunctions/altsyncram.tdf                                                                     ;         ;
; stratix_ram_block.inc                               ; yes             ; Megafunction                                          ; c:/intelfpga_lite/19.1/quartus/libraries/megafunctions/stratix_ram_block.inc                                                              ;         ;
; lpm_mux.inc                                         ; yes             ; Megafunction                                          ; c:/intelfpga_lite/19.1/quartus/libraries/megafunctions/lpm_mux.inc                                                                        ;         ;
; lpm_decode.inc                                      ; yes             ; Megafunction                                          ; c:/intelfpga_lite/19.1/quartus/libraries/megafunctions/lpm_decode.inc                                                                     ;         ;
; a_rdenreg.inc                                       ; yes             ; Megafunction                                          ; c:/intelfpga_lite/19.1/quartus/libraries/megafunctions/a_rdenreg.inc                                                                      ;         ;
; altrom.inc                                          ; yes             ; Megafunction                                          ; c:/intelfpga_lite/19.1/quartus/libraries/megafunctions/altrom.inc                                                                         ;         ;
; altram.inc                                          ; yes             ; Megafunction                                          ; c:/intelfpga_lite/19.1/quartus/libraries/megafunctions/altram.inc                                                                         ;         ;
; altdpram.inc                                        ; yes             ; Megafunction                                          ; c:/intelfpga_lite/19.1/quartus/libraries/megafunctions/altdpram.inc                                                                       ;         ;
; db/altsyncram_79o3.tdf                              ; yes             ; Auto-Generated Megafunction                           ; C:/intelFPGA_lite/19.1/Audio_Effects_On_FPGA_Project/Audio_Effects_On_FPGA_Project/db/altsyncram_79o3.tdf                                 ;         ;
; db/decode_msa.tdf                                   ; yes             ; Auto-Generated Megafunction                           ; C:/intelFPGA_lite/19.1/Audio_Effects_On_FPGA_Project/Audio_Effects_On_FPGA_Project/db/decode_msa.tdf                                      ;         ;
; db/decode_f8a.tdf                                   ; yes             ; Auto-Generated Megafunction                           ; C:/intelFPGA_lite/19.1/Audio_Effects_On_FPGA_Project/Audio_Effects_On_FPGA_Project/db/decode_f8a.tdf                                      ;         ;
; db/mux_lob.tdf                                      ; yes             ; Auto-Generated Megafunction                           ; C:/intelFPGA_lite/19.1/Audio_Effects_On_FPGA_Project/Audio_Effects_On_FPGA_Project/db/mux_lob.tdf                                         ;         ;
; distortion.vhd                                      ; yes             ; Auto-Found VHDL File                                  ; C:/intelFPGA_lite/19.1/Audio_Effects_On_FPGA_Project/Audio_Effects_On_FPGA_Project/distortion.vhd                                         ;         ;
; digital_distortion.vhd                              ; yes             ; Auto-Found VHDL File                                  ; C:/intelFPGA_lite/19.1/Audio_Effects_On_FPGA_Project/Audio_Effects_On_FPGA_Project/digital_distortion.vhd                                 ;         ;
; db/altsyncram_1pp3.tdf                              ; yes             ; Auto-Generated Megafunction                           ; C:/intelFPGA_lite/19.1/Audio_Effects_On_FPGA_Project/Audio_Effects_On_FPGA_Project/db/altsyncram_1pp3.tdf                                 ;         ;
; db/decode_jsa.tdf                                   ; yes             ; Auto-Generated Megafunction                           ; C:/intelFPGA_lite/19.1/Audio_Effects_On_FPGA_Project/Audio_Effects_On_FPGA_Project/db/decode_jsa.tdf                                      ;         ;
; db/decode_c8a.tdf                                   ; yes             ; Auto-Generated Megafunction                           ; C:/intelFPGA_lite/19.1/Audio_Effects_On_FPGA_Project/Audio_Effects_On_FPGA_Project/db/decode_c8a.tdf                                      ;         ;
; db/mux_iob.tdf                                      ; yes             ; Auto-Generated Megafunction                           ; C:/intelFPGA_lite/19.1/Audio_Effects_On_FPGA_Project/Audio_Effects_On_FPGA_Project/db/mux_iob.tdf                                         ;         ;
; db/altsyncram_n5o3.tdf                              ; yes             ; Auto-Generated Megafunction                           ; C:/intelFPGA_lite/19.1/Audio_Effects_On_FPGA_Project/Audio_Effects_On_FPGA_Project/db/altsyncram_n5o3.tdf                                 ;         ;
; db/altsyncram_lc21.tdf                              ; yes             ; Auto-Generated Megafunction                           ; C:/intelFPGA_lite/19.1/Audio_Effects_On_FPGA_Project/Audio_Effects_On_FPGA_Project/db/altsyncram_lc21.tdf                                 ;         ;
; effets_audio_sur_FPGA_Projet.Audio_Project0.rtl.mif ; yes             ; Auto-Generated Auto-Found Memory Initialization File  ; C:/intelFPGA_lite/19.1/Audio_Effects_On_FPGA_Project/Audio_Effects_On_FPGA_Project/db/effets_audio_sur_FPGA_Projet.Audio_Project0.rtl.mif ;         ;
; db/altsyncram_mc21.tdf                              ; yes             ; Auto-Generated Megafunction                           ; C:/intelFPGA_lite/19.1/Audio_Effects_On_FPGA_Project/Audio_Effects_On_FPGA_Project/db/altsyncram_mc21.tdf                                 ;         ;
; effets_audio_sur_FPGA_Projet.Audio_Project1.rtl.mif ; yes             ; Auto-Generated Auto-Found Memory Initialization File  ; C:/intelFPGA_lite/19.1/Audio_Effects_On_FPGA_Project/Audio_Effects_On_FPGA_Project/db/effets_audio_sur_FPGA_Projet.Audio_Project1.rtl.mif ;         ;
; lpm_mult.tdf                                        ; yes             ; Megafunction                                          ; c:/intelfpga_lite/19.1/quartus/libraries/megafunctions/lpm_mult.tdf                                                                       ;         ;
; lpm_add_sub.inc                                     ; yes             ; Megafunction                                          ; c:/intelfpga_lite/19.1/quartus/libraries/megafunctions/lpm_add_sub.inc                                                                    ;         ;
; multcore.inc                                        ; yes             ; Megafunction                                          ; c:/intelfpga_lite/19.1/quartus/libraries/megafunctions/multcore.inc                                                                       ;         ;
; bypassff.inc                                        ; yes             ; Megafunction                                          ; c:/intelfpga_lite/19.1/quartus/libraries/megafunctions/bypassff.inc                                                                       ;         ;
; altshift.inc                                        ; yes             ; Megafunction                                          ; c:/intelfpga_lite/19.1/quartus/libraries/megafunctions/altshift.inc                                                                       ;         ;
; db/mult_v5t.tdf                                     ; yes             ; Auto-Generated Megafunction                           ; C:/intelFPGA_lite/19.1/Audio_Effects_On_FPGA_Project/Audio_Effects_On_FPGA_Project/db/mult_v5t.tdf                                        ;         ;
; db/mult_b6t.tdf                                     ; yes             ; Auto-Generated Megafunction                           ; C:/intelFPGA_lite/19.1/Audio_Effects_On_FPGA_Project/Audio_Effects_On_FPGA_Project/db/mult_b6t.tdf                                        ;         ;
; db/mult_n4t.tdf                                     ; yes             ; Auto-Generated Megafunction                           ; C:/intelFPGA_lite/19.1/Audio_Effects_On_FPGA_Project/Audio_Effects_On_FPGA_Project/db/mult_n4t.tdf                                        ;         ;
; multcore.tdf                                        ; yes             ; Megafunction                                          ; c:/intelfpga_lite/19.1/quartus/libraries/megafunctions/multcore.tdf                                                                       ;         ;
; csa_add.inc                                         ; yes             ; Megafunction                                          ; c:/intelfpga_lite/19.1/quartus/libraries/megafunctions/csa_add.inc                                                                        ;         ;
; mpar_add.inc                                        ; yes             ; Megafunction                                          ; c:/intelfpga_lite/19.1/quartus/libraries/megafunctions/mpar_add.inc                                                                       ;         ;
; muleabz.inc                                         ; yes             ; Megafunction                                          ; c:/intelfpga_lite/19.1/quartus/libraries/megafunctions/muleabz.inc                                                                        ;         ;
; mul_lfrg.inc                                        ; yes             ; Megafunction                                          ; c:/intelfpga_lite/19.1/quartus/libraries/megafunctions/mul_lfrg.inc                                                                       ;         ;
; mul_boothc.inc                                      ; yes             ; Megafunction                                          ; c:/intelfpga_lite/19.1/quartus/libraries/megafunctions/mul_boothc.inc                                                                     ;         ;
; alt_ded_mult.inc                                    ; yes             ; Megafunction                                          ; c:/intelfpga_lite/19.1/quartus/libraries/megafunctions/alt_ded_mult.inc                                                                   ;         ;
; alt_ded_mult_y.inc                                  ; yes             ; Megafunction                                          ; c:/intelfpga_lite/19.1/quartus/libraries/megafunctions/alt_ded_mult_y.inc                                                                 ;         ;
; dffpipe.inc                                         ; yes             ; Megafunction                                          ; c:/intelfpga_lite/19.1/quartus/libraries/megafunctions/dffpipe.inc                                                                        ;         ;
; mpar_add.tdf                                        ; yes             ; Megafunction                                          ; c:/intelfpga_lite/19.1/quartus/libraries/megafunctions/mpar_add.tdf                                                                       ;         ;
; lpm_add_sub.tdf                                     ; yes             ; Megafunction                                          ; c:/intelfpga_lite/19.1/quartus/libraries/megafunctions/lpm_add_sub.tdf                                                                    ;         ;
; addcore.inc                                         ; yes             ; Megafunction                                          ; c:/intelfpga_lite/19.1/quartus/libraries/megafunctions/addcore.inc                                                                        ;         ;
; look_add.inc                                        ; yes             ; Megafunction                                          ; c:/intelfpga_lite/19.1/quartus/libraries/megafunctions/look_add.inc                                                                       ;         ;
; alt_stratix_add_sub.inc                             ; yes             ; Megafunction                                          ; c:/intelfpga_lite/19.1/quartus/libraries/megafunctions/alt_stratix_add_sub.inc                                                            ;         ;
; db/add_sub_bkh.tdf                                  ; yes             ; Auto-Generated Megafunction                           ; C:/intelFPGA_lite/19.1/Audio_Effects_On_FPGA_Project/Audio_Effects_On_FPGA_Project/db/add_sub_bkh.tdf                                     ;         ;
; db/add_sub_h9h.tdf                                  ; yes             ; Auto-Generated Megafunction                           ; C:/intelFPGA_lite/19.1/Audio_Effects_On_FPGA_Project/Audio_Effects_On_FPGA_Project/db/add_sub_h9h.tdf                                     ;         ;
; db/add_sub_fkh.tdf                                  ; yes             ; Auto-Generated Megafunction                           ; C:/intelFPGA_lite/19.1/Audio_Effects_On_FPGA_Project/Audio_Effects_On_FPGA_Project/db/add_sub_fkh.tdf                                     ;         ;
; altshift.tdf                                        ; yes             ; Megafunction                                          ; c:/intelfpga_lite/19.1/quartus/libraries/megafunctions/altshift.tdf                                                                       ;         ;
; db/mult_56t.tdf                                     ; yes             ; Auto-Generated Megafunction                           ; C:/intelFPGA_lite/19.1/Audio_Effects_On_FPGA_Project/Audio_Effects_On_FPGA_Project/db/mult_56t.tdf                                        ;         ;
; db/mult_36t.tdf                                     ; yes             ; Auto-Generated Megafunction                           ; C:/intelFPGA_lite/19.1/Audio_Effects_On_FPGA_Project/Audio_Effects_On_FPGA_Project/db/mult_36t.tdf                                        ;         ;
; db/mult_p9t.tdf                                     ; yes             ; Auto-Generated Megafunction                           ; C:/intelFPGA_lite/19.1/Audio_Effects_On_FPGA_Project/Audio_Effects_On_FPGA_Project/db/mult_p9t.tdf                                        ;         ;
; lpm_divide.tdf                                      ; yes             ; Megafunction                                          ; c:/intelfpga_lite/19.1/quartus/libraries/megafunctions/lpm_divide.tdf                                                                     ;         ;
; abs_divider.inc                                     ; yes             ; Megafunction                                          ; c:/intelfpga_lite/19.1/quartus/libraries/megafunctions/abs_divider.inc                                                                    ;         ;
; sign_div_unsign.inc                                 ; yes             ; Megafunction                                          ; c:/intelfpga_lite/19.1/quartus/libraries/megafunctions/sign_div_unsign.inc                                                                ;         ;
; db/lpm_divide_cqo.tdf                               ; yes             ; Auto-Generated Megafunction                           ; C:/intelFPGA_lite/19.1/Audio_Effects_On_FPGA_Project/Audio_Effects_On_FPGA_Project/db/lpm_divide_cqo.tdf                                  ;         ;
; db/abs_divider_4dg.tdf                              ; yes             ; Auto-Generated Megafunction                           ; C:/intelFPGA_lite/19.1/Audio_Effects_On_FPGA_Project/Audio_Effects_On_FPGA_Project/db/abs_divider_4dg.tdf                                 ;         ;
; db/alt_u_div_6af.tdf                                ; yes             ; Auto-Generated Megafunction                           ; C:/intelFPGA_lite/19.1/Audio_Effects_On_FPGA_Project/Audio_Effects_On_FPGA_Project/db/alt_u_div_6af.tdf                                   ;         ;
; db/add_sub_7pc.tdf                                  ; yes             ; Auto-Generated Megafunction                           ; C:/intelFPGA_lite/19.1/Audio_Effects_On_FPGA_Project/Audio_Effects_On_FPGA_Project/db/add_sub_7pc.tdf                                     ;         ;
; db/add_sub_8pc.tdf                                  ; yes             ; Auto-Generated Megafunction                           ; C:/intelFPGA_lite/19.1/Audio_Effects_On_FPGA_Project/Audio_Effects_On_FPGA_Project/db/add_sub_8pc.tdf                                     ;         ;
; db/lpm_abs_i0a.tdf                                  ; yes             ; Auto-Generated Megafunction                           ; C:/intelFPGA_lite/19.1/Audio_Effects_On_FPGA_Project/Audio_Effects_On_FPGA_Project/db/lpm_abs_i0a.tdf                                     ;         ;
; db/add_sub_pgh.tdf                                  ; yes             ; Auto-Generated Megafunction                           ; C:/intelFPGA_lite/19.1/Audio_Effects_On_FPGA_Project/Audio_Effects_On_FPGA_Project/db/add_sub_pgh.tdf                                     ;         ;
+-----------------------------------------------------+-----------------+-------------------------------------------------------+-------------------------------------------------------------------------------------------------------------------------------------------+---------+


+--------------------------------------------------------------------------------------+
; Analysis & Synthesis Resource Usage Summary                                          ;
+---------------------------------------------+----------------------------------------+
; Resource                                    ; Usage                                  ;
+---------------------------------------------+----------------------------------------+
; Estimated Total logic elements              ; 7,429                                  ;
;                                             ;                                        ;
; Total combinational functions               ; 5726                                   ;
; Logic element usage by number of LUT inputs ;                                        ;
;     -- 4 input functions                    ; 908                                    ;
;     -- 3 input functions                    ; 3353                                   ;
;     -- <=2 input functions                  ; 1465                                   ;
;                                             ;                                        ;
; Logic elements by mode                      ;                                        ;
;     -- normal mode                          ; 2099                                   ;
;     -- arithmetic mode                      ; 3627                                   ;
;                                             ;                                        ;
; Total registers                             ; 2559                                   ;
;     -- Dedicated logic registers            ; 2559                                   ;
;     -- I/O registers                        ; 0                                      ;
;                                             ;                                        ;
; I/O pins                                    ; 84                                     ;
; Total memory bits                           ; 1347072                                ;
;                                             ;                                        ;
; Embedded Multiplier 9-bit elements          ; 108                                    ;
;                                             ;                                        ;
; Total PLLs                                  ; 1                                      ;
;     -- PLLs                                 ; 1                                      ;
;                                             ;                                        ;
; Maximum fan-out node                        ; config_CODEC:u_CODEC_config|counter[9] ;
; Maximum fan-out                             ; 1459                                   ;
; Total fan-out                               ; 30193                                  ;
; Average fan-out                             ; 3.44                                   ;
+---------------------------------------------+----------------------------------------+


+--------------------------------------------------------------------------------------------------------------------------------------------------------------------------------------------------------------------------------------------------------------------------------------------------------------------------------------------------------------------------------------------+
; Analysis & Synthesis Resource Utilization by Entity                                                                                                                                                                                                                                                                                                                                        ;
+---------------------------------------------------+---------------------+---------------------------+-------------+--------------+---------+-----------+------+--------------+-------------------------------------------------------------------------------------------------------------------------------------------------------------------------+--------------------+--------------+
; Compilation Hierarchy Node                        ; Combinational ALUTs ; Dedicated Logic Registers ; Memory Bits ; DSP Elements ; DSP 9x9 ; DSP 18x18 ; Pins ; Virtual Pins ; Full Hierarchy Name                                                                                                                                                     ; Entity Name        ; Library Name ;
+---------------------------------------------------+---------------------+---------------------------+-------------+--------------+---------+-----------+------+--------------+-------------------------------------------------------------------------------------------------------------------------------------------------------------------------+--------------------+--------------+
; |Audio_Project                                    ; 5726 (228)          ; 2559 (44)                 ; 1347072     ; 108          ; 0       ; 54        ; 84   ; 0            ; |Audio_Project                                                                                                                                                          ; Audio_Project      ; work         ;
;    |FIR_filter_37_tap:u_fir_filter_L|             ; 984 (889)           ; 592 (592)                 ; 0           ; 36           ; 0       ; 18        ; 0    ; 0            ; |Audio_Project|FIR_filter_37_tap:u_fir_filter_L                                                                                                                         ; FIR_filter_37_tap  ; work         ;
;       |lpm_mult:Mult0|                            ; 0 (0)               ; 0 (0)                     ; 0           ; 2            ; 0       ; 1         ; 0    ; 0            ; |Audio_Project|FIR_filter_37_tap:u_fir_filter_L|lpm_mult:Mult0                                                                                                          ; lpm_mult           ; work         ;
;          |mult_56t:auto_generated|                ; 0 (0)               ; 0 (0)                     ; 0           ; 2            ; 0       ; 1         ; 0    ; 0            ; |Audio_Project|FIR_filter_37_tap:u_fir_filter_L|lpm_mult:Mult0|mult_56t:auto_generated                                                                                  ; mult_56t           ; work         ;
;       |lpm_mult:Mult10|                           ; 0 (0)               ; 0 (0)                     ; 0           ; 2            ; 0       ; 1         ; 0    ; 0            ; |Audio_Project|FIR_filter_37_tap:u_fir_filter_L|lpm_mult:Mult10                                                                                                         ; lpm_mult           ; work         ;
;          |mult_56t:auto_generated|                ; 0 (0)               ; 0 (0)                     ; 0           ; 2            ; 0       ; 1         ; 0    ; 0            ; |Audio_Project|FIR_filter_37_tap:u_fir_filter_L|lpm_mult:Mult10|mult_56t:auto_generated                                                                                 ; mult_56t           ; work         ;
;       |lpm_mult:Mult11|                           ; 0 (0)               ; 0 (0)                     ; 0           ; 2            ; 0       ; 1         ; 0    ; 0            ; |Audio_Project|FIR_filter_37_tap:u_fir_filter_L|lpm_mult:Mult11                                                                                                         ; lpm_mult           ; work         ;
;          |mult_56t:auto_generated|                ; 0 (0)               ; 0 (0)                     ; 0           ; 2            ; 0       ; 1         ; 0    ; 0            ; |Audio_Project|FIR_filter_37_tap:u_fir_filter_L|lpm_mult:Mult11|mult_56t:auto_generated                                                                                 ; mult_56t           ; work         ;
;       |lpm_mult:Mult12|                           ; 0 (0)               ; 0 (0)                     ; 0           ; 2            ; 0       ; 1         ; 0    ; 0            ; |Audio_Project|FIR_filter_37_tap:u_fir_filter_L|lpm_mult:Mult12                                                                                                         ; lpm_mult           ; work         ;
;          |mult_56t:auto_generated|                ; 0 (0)               ; 0 (0)                     ; 0           ; 2            ; 0       ; 1         ; 0    ; 0            ; |Audio_Project|FIR_filter_37_tap:u_fir_filter_L|lpm_mult:Mult12|mult_56t:auto_generated                                                                                 ; mult_56t           ; work         ;
;       |lpm_mult:Mult13|                           ; 0 (0)               ; 0 (0)                     ; 0           ; 2            ; 0       ; 1         ; 0    ; 0            ; |Audio_Project|FIR_filter_37_tap:u_fir_filter_L|lpm_mult:Mult13                                                                                                         ; lpm_mult           ; work         ;
;          |mult_56t:auto_generated|                ; 0 (0)               ; 0 (0)                     ; 0           ; 2            ; 0       ; 1         ; 0    ; 0            ; |Audio_Project|FIR_filter_37_tap:u_fir_filter_L|lpm_mult:Mult13|mult_56t:auto_generated                                                                                 ; mult_56t           ; work         ;
;       |lpm_mult:Mult14|                           ; 0 (0)               ; 0 (0)                     ; 0           ; 2            ; 0       ; 1         ; 0    ; 0            ; |Audio_Project|FIR_filter_37_tap:u_fir_filter_L|lpm_mult:Mult14                                                                                                         ; lpm_mult           ; work         ;
;          |mult_56t:auto_generated|                ; 0 (0)               ; 0 (0)                     ; 0           ; 2            ; 0       ; 1         ; 0    ; 0            ; |Audio_Project|FIR_filter_37_tap:u_fir_filter_L|lpm_mult:Mult14|mult_56t:auto_generated                                                                                 ; mult_56t           ; work         ;
;       |lpm_mult:Mult15|                           ; 0 (0)               ; 0 (0)                     ; 0           ; 2            ; 0       ; 1         ; 0    ; 0            ; |Audio_Project|FIR_filter_37_tap:u_fir_filter_L|lpm_mult:Mult15                                                                                                         ; lpm_mult           ; work         ;
;          |mult_56t:auto_generated|                ; 0 (0)               ; 0 (0)                     ; 0           ; 2            ; 0       ; 1         ; 0    ; 0            ; |Audio_Project|FIR_filter_37_tap:u_fir_filter_L|lpm_mult:Mult15|mult_56t:auto_generated                                                                                 ; mult_56t           ; work         ;
;       |lpm_mult:Mult16|                           ; 0 (0)               ; 0 (0)                     ; 0           ; 2            ; 0       ; 1         ; 0    ; 0            ; |Audio_Project|FIR_filter_37_tap:u_fir_filter_L|lpm_mult:Mult16                                                                                                         ; lpm_mult           ; work         ;
;          |mult_56t:auto_generated|                ; 0 (0)               ; 0 (0)                     ; 0           ; 2            ; 0       ; 1         ; 0    ; 0            ; |Audio_Project|FIR_filter_37_tap:u_fir_filter_L|lpm_mult:Mult16|mult_56t:auto_generated                                                                                 ; mult_56t           ; work         ;
;       |lpm_mult:Mult17|                           ; 0 (0)               ; 0 (0)                     ; 0           ; 2            ; 0       ; 1         ; 0    ; 0            ; |Audio_Project|FIR_filter_37_tap:u_fir_filter_L|lpm_mult:Mult17                                                                                                         ; lpm_mult           ; work         ;
;          |mult_56t:auto_generated|                ; 0 (0)               ; 0 (0)                     ; 0           ; 2            ; 0       ; 1         ; 0    ; 0            ; |Audio_Project|FIR_filter_37_tap:u_fir_filter_L|lpm_mult:Mult17|mult_56t:auto_generated                                                                                 ; mult_56t           ; work         ;
;       |lpm_mult:Mult18|                           ; 95 (0)              ; 0 (0)                     ; 0           ; 0            ; 0       ; 0         ; 0    ; 0            ; |Audio_Project|FIR_filter_37_tap:u_fir_filter_L|lpm_mult:Mult18                                                                                                         ; lpm_mult           ; work         ;
;          |multcore:mult_core|                     ; 95 (31)             ; 0 (0)                     ; 0           ; 0            ; 0       ; 0         ; 0    ; 0            ; |Audio_Project|FIR_filter_37_tap:u_fir_filter_L|lpm_mult:Mult18|multcore:mult_core                                                                                      ; multcore           ; work         ;
;             |mpar_add:padder|                     ; 64 (0)              ; 0 (0)                     ; 0           ; 0            ; 0       ; 0         ; 0    ; 0            ; |Audio_Project|FIR_filter_37_tap:u_fir_filter_L|lpm_mult:Mult18|multcore:mult_core|mpar_add:padder                                                                      ; mpar_add           ; work         ;
;                |lpm_add_sub:adder[0]|             ; 20 (0)              ; 0 (0)                     ; 0           ; 0            ; 0       ; 0         ; 0    ; 0            ; |Audio_Project|FIR_filter_37_tap:u_fir_filter_L|lpm_mult:Mult18|multcore:mult_core|mpar_add:padder|lpm_add_sub:adder[0]                                                 ; lpm_add_sub        ; work         ;
;                   |add_sub_h9h:auto_generated|    ; 20 (20)             ; 0 (0)                     ; 0           ; 0            ; 0       ; 0         ; 0    ; 0            ; |Audio_Project|FIR_filter_37_tap:u_fir_filter_L|lpm_mult:Mult18|multcore:mult_core|mpar_add:padder|lpm_add_sub:adder[0]|add_sub_h9h:auto_generated                      ; add_sub_h9h        ; work         ;
;                |lpm_add_sub:adder[1]|             ; 20 (0)              ; 0 (0)                     ; 0           ; 0            ; 0       ; 0         ; 0    ; 0            ; |Audio_Project|FIR_filter_37_tap:u_fir_filter_L|lpm_mult:Mult18|multcore:mult_core|mpar_add:padder|lpm_add_sub:adder[1]                                                 ; lpm_add_sub        ; work         ;
;                   |add_sub_bkh:auto_generated|    ; 20 (20)             ; 0 (0)                     ; 0           ; 0            ; 0       ; 0         ; 0    ; 0            ; |Audio_Project|FIR_filter_37_tap:u_fir_filter_L|lpm_mult:Mult18|multcore:mult_core|mpar_add:padder|lpm_add_sub:adder[1]|add_sub_bkh:auto_generated                      ; add_sub_bkh        ; work         ;
;                |mpar_add:sub_par_add|             ; 24 (0)              ; 0 (0)                     ; 0           ; 0            ; 0       ; 0         ; 0    ; 0            ; |Audio_Project|FIR_filter_37_tap:u_fir_filter_L|lpm_mult:Mult18|multcore:mult_core|mpar_add:padder|mpar_add:sub_par_add                                                 ; mpar_add           ; work         ;
;                   |lpm_add_sub:adder[0]|          ; 24 (0)              ; 0 (0)                     ; 0           ; 0            ; 0       ; 0         ; 0    ; 0            ; |Audio_Project|FIR_filter_37_tap:u_fir_filter_L|lpm_mult:Mult18|multcore:mult_core|mpar_add:padder|mpar_add:sub_par_add|lpm_add_sub:adder[0]                            ; lpm_add_sub        ; work         ;
;                      |add_sub_fkh:auto_generated| ; 24 (24)             ; 0 (0)                     ; 0           ; 0            ; 0       ; 0         ; 0    ; 0            ; |Audio_Project|FIR_filter_37_tap:u_fir_filter_L|lpm_mult:Mult18|multcore:mult_core|mpar_add:padder|mpar_add:sub_par_add|lpm_add_sub:adder[0]|add_sub_fkh:auto_generated ; add_sub_fkh        ; work         ;
;       |lpm_mult:Mult1|                            ; 0 (0)               ; 0 (0)                     ; 0           ; 2            ; 0       ; 1         ; 0    ; 0            ; |Audio_Project|FIR_filter_37_tap:u_fir_filter_L|lpm_mult:Mult1                                                                                                          ; lpm_mult           ; work         ;
;          |mult_56t:auto_generated|                ; 0 (0)               ; 0 (0)                     ; 0           ; 2            ; 0       ; 1         ; 0    ; 0            ; |Audio_Project|FIR_filter_37_tap:u_fir_filter_L|lpm_mult:Mult1|mult_56t:auto_generated                                                                                  ; mult_56t           ; work         ;
;       |lpm_mult:Mult2|                            ; 0 (0)               ; 0 (0)                     ; 0           ; 2            ; 0       ; 1         ; 0    ; 0            ; |Audio_Project|FIR_filter_37_tap:u_fir_filter_L|lpm_mult:Mult2                                                                                                          ; lpm_mult           ; work         ;
;          |mult_56t:auto_generated|                ; 0 (0)               ; 0 (0)                     ; 0           ; 2            ; 0       ; 1         ; 0    ; 0            ; |Audio_Project|FIR_filter_37_tap:u_fir_filter_L|lpm_mult:Mult2|mult_56t:auto_generated                                                                                  ; mult_56t           ; work         ;
;       |lpm_mult:Mult3|                            ; 0 (0)               ; 0 (0)                     ; 0           ; 2            ; 0       ; 1         ; 0    ; 0            ; |Audio_Project|FIR_filter_37_tap:u_fir_filter_L|lpm_mult:Mult3                                                                                                          ; lpm_mult           ; work         ;
;          |mult_56t:auto_generated|                ; 0 (0)               ; 0 (0)                     ; 0           ; 2            ; 0       ; 1         ; 0    ; 0            ; |Audio_Project|FIR_filter_37_tap:u_fir_filter_L|lpm_mult:Mult3|mult_56t:auto_generated                                                                                  ; mult_56t           ; work         ;
;       |lpm_mult:Mult4|                            ; 0 (0)               ; 0 (0)                     ; 0           ; 2            ; 0       ; 1         ; 0    ; 0            ; |Audio_Project|FIR_filter_37_tap:u_fir_filter_L|lpm_mult:Mult4                                                                                                          ; lpm_mult           ; work         ;
;          |mult_56t:auto_generated|                ; 0 (0)               ; 0 (0)                     ; 0           ; 2            ; 0       ; 1         ; 0    ; 0            ; |Audio_Project|FIR_filter_37_tap:u_fir_filter_L|lpm_mult:Mult4|mult_56t:auto_generated                                                                                  ; mult_56t           ; work         ;
;       |lpm_mult:Mult5|                            ; 0 (0)               ; 0 (0)                     ; 0           ; 2            ; 0       ; 1         ; 0    ; 0            ; |Audio_Project|FIR_filter_37_tap:u_fir_filter_L|lpm_mult:Mult5                                                                                                          ; lpm_mult           ; work         ;
;          |mult_56t:auto_generated|                ; 0 (0)               ; 0 (0)                     ; 0           ; 2            ; 0       ; 1         ; 0    ; 0            ; |Audio_Project|FIR_filter_37_tap:u_fir_filter_L|lpm_mult:Mult5|mult_56t:auto_generated                                                                                  ; mult_56t           ; work         ;
;       |lpm_mult:Mult6|                            ; 0 (0)               ; 0 (0)                     ; 0           ; 2            ; 0       ; 1         ; 0    ; 0            ; |Audio_Project|FIR_filter_37_tap:u_fir_filter_L|lpm_mult:Mult6                                                                                                          ; lpm_mult           ; work         ;
;          |mult_56t:auto_generated|                ; 0 (0)               ; 0 (0)                     ; 0           ; 2            ; 0       ; 1         ; 0    ; 0            ; |Audio_Project|FIR_filter_37_tap:u_fir_filter_L|lpm_mult:Mult6|mult_56t:auto_generated                                                                                  ; mult_56t           ; work         ;
;       |lpm_mult:Mult7|                            ; 0 (0)               ; 0 (0)                     ; 0           ; 2            ; 0       ; 1         ; 0    ; 0            ; |Audio_Project|FIR_filter_37_tap:u_fir_filter_L|lpm_mult:Mult7                                                                                                          ; lpm_mult           ; work         ;
;          |mult_56t:auto_generated|                ; 0 (0)               ; 0 (0)                     ; 0           ; 2            ; 0       ; 1         ; 0    ; 0            ; |Audio_Project|FIR_filter_37_tap:u_fir_filter_L|lpm_mult:Mult7|mult_56t:auto_generated                                                                                  ; mult_56t           ; work         ;
;       |lpm_mult:Mult8|                            ; 0 (0)               ; 0 (0)                     ; 0           ; 2            ; 0       ; 1         ; 0    ; 0            ; |Audio_Project|FIR_filter_37_tap:u_fir_filter_L|lpm_mult:Mult8                                                                                                          ; lpm_mult           ; work         ;
;          |mult_56t:auto_generated|                ; 0 (0)               ; 0 (0)                     ; 0           ; 2            ; 0       ; 1         ; 0    ; 0            ; |Audio_Project|FIR_filter_37_tap:u_fir_filter_L|lpm_mult:Mult8|mult_56t:auto_generated                                                                                  ; mult_56t           ; work         ;
;       |lpm_mult:Mult9|                            ; 0 (0)               ; 0 (0)                     ; 0           ; 2            ; 0       ; 1         ; 0    ; 0            ; |Audio_Project|FIR_filter_37_tap:u_fir_filter_L|lpm_mult:Mult9                                                                                                          ; lpm_mult           ; work         ;
;          |mult_56t:auto_generated|                ; 0 (0)               ; 0 (0)                     ; 0           ; 2            ; 0       ; 1         ; 0    ; 0            ; |Audio_Project|FIR_filter_37_tap:u_fir_filter_L|lpm_mult:Mult9|mult_56t:auto_generated                                                                                  ; mult_56t           ; work         ;
;    |FIR_filter_37_tap:u_fir_filter_R|             ; 984 (889)           ; 592 (592)                 ; 0           ; 36           ; 0       ; 18        ; 0    ; 0            ; |Audio_Project|FIR_filter_37_tap:u_fir_filter_R                                                                                                                         ; FIR_filter_37_tap  ; work         ;
;       |lpm_mult:Mult0|                            ; 0 (0)               ; 0 (0)                     ; 0           ; 2            ; 0       ; 1         ; 0    ; 0            ; |Audio_Project|FIR_filter_37_tap:u_fir_filter_R|lpm_mult:Mult0                                                                                                          ; lpm_mult           ; work         ;
;          |mult_56t:auto_generated|                ; 0 (0)               ; 0 (0)                     ; 0           ; 2            ; 0       ; 1         ; 0    ; 0            ; |Audio_Project|FIR_filter_37_tap:u_fir_filter_R|lpm_mult:Mult0|mult_56t:auto_generated                                                                                  ; mult_56t           ; work         ;
;       |lpm_mult:Mult10|                           ; 0 (0)               ; 0 (0)                     ; 0           ; 2            ; 0       ; 1         ; 0    ; 0            ; |Audio_Project|FIR_filter_37_tap:u_fir_filter_R|lpm_mult:Mult10                                                                                                         ; lpm_mult           ; work         ;
;          |mult_56t:auto_generated|                ; 0 (0)               ; 0 (0)                     ; 0           ; 2            ; 0       ; 1         ; 0    ; 0            ; |Audio_Project|FIR_filter_37_tap:u_fir_filter_R|lpm_mult:Mult10|mult_56t:auto_generated                                                                                 ; mult_56t           ; work         ;
;       |lpm_mult:Mult11|                           ; 0 (0)               ; 0 (0)                     ; 0           ; 2            ; 0       ; 1         ; 0    ; 0            ; |Audio_Project|FIR_filter_37_tap:u_fir_filter_R|lpm_mult:Mult11                                                                                                         ; lpm_mult           ; work         ;
;          |mult_56t:auto_generated|                ; 0 (0)               ; 0 (0)                     ; 0           ; 2            ; 0       ; 1         ; 0    ; 0            ; |Audio_Project|FIR_filter_37_tap:u_fir_filter_R|lpm_mult:Mult11|mult_56t:auto_generated                                                                                 ; mult_56t           ; work         ;
;       |lpm_mult:Mult12|                           ; 0 (0)               ; 0 (0)                     ; 0           ; 2            ; 0       ; 1         ; 0    ; 0            ; |Audio_Project|FIR_filter_37_tap:u_fir_filter_R|lpm_mult:Mult12                                                                                                         ; lpm_mult           ; work         ;
;          |mult_56t:auto_generated|                ; 0 (0)               ; 0 (0)                     ; 0           ; 2            ; 0       ; 1         ; 0    ; 0            ; |Audio_Project|FIR_filter_37_tap:u_fir_filter_R|lpm_mult:Mult12|mult_56t:auto_generated                                                                                 ; mult_56t           ; work         ;
;       |lpm_mult:Mult13|                           ; 0 (0)               ; 0 (0)                     ; 0           ; 2            ; 0       ; 1         ; 0    ; 0            ; |Audio_Project|FIR_filter_37_tap:u_fir_filter_R|lpm_mult:Mult13                                                                                                         ; lpm_mult           ; work         ;
;          |mult_56t:auto_generated|                ; 0 (0)               ; 0 (0)                     ; 0           ; 2            ; 0       ; 1         ; 0    ; 0            ; |Audio_Project|FIR_filter_37_tap:u_fir_filter_R|lpm_mult:Mult13|mult_56t:auto_generated                                                                                 ; mult_56t           ; work         ;
;       |lpm_mult:Mult14|                           ; 0 (0)               ; 0 (0)                     ; 0           ; 2            ; 0       ; 1         ; 0    ; 0            ; |Audio_Project|FIR_filter_37_tap:u_fir_filter_R|lpm_mult:Mult14                                                                                                         ; lpm_mult           ; work         ;
;          |mult_56t:auto_generated|                ; 0 (0)               ; 0 (0)                     ; 0           ; 2            ; 0       ; 1         ; 0    ; 0            ; |Audio_Project|FIR_filter_37_tap:u_fir_filter_R|lpm_mult:Mult14|mult_56t:auto_generated                                                                                 ; mult_56t           ; work         ;
;       |lpm_mult:Mult15|                           ; 0 (0)               ; 0 (0)                     ; 0           ; 2            ; 0       ; 1         ; 0    ; 0            ; |Audio_Project|FIR_filter_37_tap:u_fir_filter_R|lpm_mult:Mult15                                                                                                         ; lpm_mult           ; work         ;
;          |mult_56t:auto_generated|                ; 0 (0)               ; 0 (0)                     ; 0           ; 2            ; 0       ; 1         ; 0    ; 0            ; |Audio_Project|FIR_filter_37_tap:u_fir_filter_R|lpm_mult:Mult15|mult_56t:auto_generated                                                                                 ; mult_56t           ; work         ;
;       |lpm_mult:Mult16|                           ; 0 (0)               ; 0 (0)                     ; 0           ; 2            ; 0       ; 1         ; 0    ; 0            ; |Audio_Project|FIR_filter_37_tap:u_fir_filter_R|lpm_mult:Mult16                                                                                                         ; lpm_mult           ; work         ;
;          |mult_56t:auto_generated|                ; 0 (0)               ; 0 (0)                     ; 0           ; 2            ; 0       ; 1         ; 0    ; 0            ; |Audio_Project|FIR_filter_37_tap:u_fir_filter_R|lpm_mult:Mult16|mult_56t:auto_generated                                                                                 ; mult_56t           ; work         ;
;       |lpm_mult:Mult17|                           ; 0 (0)               ; 0 (0)                     ; 0           ; 2            ; 0       ; 1         ; 0    ; 0            ; |Audio_Project|FIR_filter_37_tap:u_fir_filter_R|lpm_mult:Mult17                                                                                                         ; lpm_mult           ; work         ;
;          |mult_56t:auto_generated|                ; 0 (0)               ; 0 (0)                     ; 0           ; 2            ; 0       ; 1         ; 0    ; 0            ; |Audio_Project|FIR_filter_37_tap:u_fir_filter_R|lpm_mult:Mult17|mult_56t:auto_generated                                                                                 ; mult_56t           ; work         ;
;       |lpm_mult:Mult18|                           ; 95 (0)              ; 0 (0)                     ; 0           ; 0            ; 0       ; 0         ; 0    ; 0            ; |Audio_Project|FIR_filter_37_tap:u_fir_filter_R|lpm_mult:Mult18                                                                                                         ; lpm_mult           ; work         ;
;          |multcore:mult_core|                     ; 95 (31)             ; 0 (0)                     ; 0           ; 0            ; 0       ; 0         ; 0    ; 0            ; |Audio_Project|FIR_filter_37_tap:u_fir_filter_R|lpm_mult:Mult18|multcore:mult_core                                                                                      ; multcore           ; work         ;
;             |mpar_add:padder|                     ; 64 (0)              ; 0 (0)                     ; 0           ; 0            ; 0       ; 0         ; 0    ; 0            ; |Audio_Project|FIR_filter_37_tap:u_fir_filter_R|lpm_mult:Mult18|multcore:mult_core|mpar_add:padder                                                                      ; mpar_add           ; work         ;
;                |lpm_add_sub:adder[0]|             ; 20 (0)              ; 0 (0)                     ; 0           ; 0            ; 0       ; 0         ; 0    ; 0            ; |Audio_Project|FIR_filter_37_tap:u_fir_filter_R|lpm_mult:Mult18|multcore:mult_core|mpar_add:padder|lpm_add_sub:adder[0]                                                 ; lpm_add_sub        ; work         ;
;                   |add_sub_h9h:auto_generated|    ; 20 (20)             ; 0 (0)                     ; 0           ; 0            ; 0       ; 0         ; 0    ; 0            ; |Audio_Project|FIR_filter_37_tap:u_fir_filter_R|lpm_mult:Mult18|multcore:mult_core|mpar_add:padder|lpm_add_sub:adder[0]|add_sub_h9h:auto_generated                      ; add_sub_h9h        ; work         ;
;                |lpm_add_sub:adder[1]|             ; 20 (0)              ; 0 (0)                     ; 0           ; 0            ; 0       ; 0         ; 0    ; 0            ; |Audio_Project|FIR_filter_37_tap:u_fir_filter_R|lpm_mult:Mult18|multcore:mult_core|mpar_add:padder|lpm_add_sub:adder[1]                                                 ; lpm_add_sub        ; work         ;
;                   |add_sub_bkh:auto_generated|    ; 20 (20)             ; 0 (0)                     ; 0           ; 0            ; 0       ; 0         ; 0    ; 0            ; |Audio_Project|FIR_filter_37_tap:u_fir_filter_R|lpm_mult:Mult18|multcore:mult_core|mpar_add:padder|lpm_add_sub:adder[1]|add_sub_bkh:auto_generated                      ; add_sub_bkh        ; work         ;
;                |mpar_add:sub_par_add|             ; 24 (0)              ; 0 (0)                     ; 0           ; 0            ; 0       ; 0         ; 0    ; 0            ; |Audio_Project|FIR_filter_37_tap:u_fir_filter_R|lpm_mult:Mult18|multcore:mult_core|mpar_add:padder|mpar_add:sub_par_add                                                 ; mpar_add           ; work         ;
;                   |lpm_add_sub:adder[0]|          ; 24 (0)              ; 0 (0)                     ; 0           ; 0            ; 0       ; 0         ; 0    ; 0            ; |Audio_Project|FIR_filter_37_tap:u_fir_filter_R|lpm_mult:Mult18|multcore:mult_core|mpar_add:padder|mpar_add:sub_par_add|lpm_add_sub:adder[0]                            ; lpm_add_sub        ; work         ;
;                      |add_sub_fkh:auto_generated| ; 24 (24)             ; 0 (0)                     ; 0           ; 0            ; 0       ; 0         ; 0    ; 0            ; |Audio_Project|FIR_filter_37_tap:u_fir_filter_R|lpm_mult:Mult18|multcore:mult_core|mpar_add:padder|mpar_add:sub_par_add|lpm_add_sub:adder[0]|add_sub_fkh:auto_generated ; add_sub_fkh        ; work         ;
;       |lpm_mult:Mult1|                            ; 0 (0)               ; 0 (0)                     ; 0           ; 2            ; 0       ; 1         ; 0    ; 0            ; |Audio_Project|FIR_filter_37_tap:u_fir_filter_R|lpm_mult:Mult1                                                                                                          ; lpm_mult           ; work         ;
;          |mult_56t:auto_generated|                ; 0 (0)               ; 0 (0)                     ; 0           ; 2            ; 0       ; 1         ; 0    ; 0            ; |Audio_Project|FIR_filter_37_tap:u_fir_filter_R|lpm_mult:Mult1|mult_56t:auto_generated                                                                                  ; mult_56t           ; work         ;
;       |lpm_mult:Mult2|                            ; 0 (0)               ; 0 (0)                     ; 0           ; 2            ; 0       ; 1         ; 0    ; 0            ; |Audio_Project|FIR_filter_37_tap:u_fir_filter_R|lpm_mult:Mult2                                                                                                          ; lpm_mult           ; work         ;
;          |mult_56t:auto_generated|                ; 0 (0)               ; 0 (0)                     ; 0           ; 2            ; 0       ; 1         ; 0    ; 0            ; |Audio_Project|FIR_filter_37_tap:u_fir_filter_R|lpm_mult:Mult2|mult_56t:auto_generated                                                                                  ; mult_56t           ; work         ;
;       |lpm_mult:Mult3|                            ; 0 (0)               ; 0 (0)                     ; 0           ; 2            ; 0       ; 1         ; 0    ; 0            ; |Audio_Project|FIR_filter_37_tap:u_fir_filter_R|lpm_mult:Mult3                                                                                                          ; lpm_mult           ; work         ;
;          |mult_56t:auto_generated|                ; 0 (0)               ; 0 (0)                     ; 0           ; 2            ; 0       ; 1         ; 0    ; 0            ; |Audio_Project|FIR_filter_37_tap:u_fir_filter_R|lpm_mult:Mult3|mult_56t:auto_generated                                                                                  ; mult_56t           ; work         ;
;       |lpm_mult:Mult4|                            ; 0 (0)               ; 0 (0)                     ; 0           ; 2            ; 0       ; 1         ; 0    ; 0            ; |Audio_Project|FIR_filter_37_tap:u_fir_filter_R|lpm_mult:Mult4                                                                                                          ; lpm_mult           ; work         ;
;          |mult_56t:auto_generated|                ; 0 (0)               ; 0 (0)                     ; 0           ; 2            ; 0       ; 1         ; 0    ; 0            ; |Audio_Project|FIR_filter_37_tap:u_fir_filter_R|lpm_mult:Mult4|mult_56t:auto_generated                                                                                  ; mult_56t           ; work         ;
;       |lpm_mult:Mult5|                            ; 0 (0)               ; 0 (0)                     ; 0           ; 2            ; 0       ; 1         ; 0    ; 0            ; |Audio_Project|FIR_filter_37_tap:u_fir_filter_R|lpm_mult:Mult5                                                                                                          ; lpm_mult           ; work         ;
;          |mult_56t:auto_generated|                ; 0 (0)               ; 0 (0)                     ; 0           ; 2            ; 0       ; 1         ; 0    ; 0            ; |Audio_Project|FIR_filter_37_tap:u_fir_filter_R|lpm_mult:Mult5|mult_56t:auto_generated                                                                                  ; mult_56t           ; work         ;
;       |lpm_mult:Mult6|                            ; 0 (0)               ; 0 (0)                     ; 0           ; 2            ; 0       ; 1         ; 0    ; 0            ; |Audio_Project|FIR_filter_37_tap:u_fir_filter_R|lpm_mult:Mult6                                                                                                          ; lpm_mult           ; work         ;
;          |mult_56t:auto_generated|                ; 0 (0)               ; 0 (0)                     ; 0           ; 2            ; 0       ; 1         ; 0    ; 0            ; |Audio_Project|FIR_filter_37_tap:u_fir_filter_R|lpm_mult:Mult6|mult_56t:auto_generated                                                                                  ; mult_56t           ; work         ;
;       |lpm_mult:Mult7|                            ; 0 (0)               ; 0 (0)                     ; 0           ; 2            ; 0       ; 1         ; 0    ; 0            ; |Audio_Project|FIR_filter_37_tap:u_fir_filter_R|lpm_mult:Mult7                                                                                                          ; lpm_mult           ; work         ;
;          |mult_56t:auto_generated|                ; 0 (0)               ; 0 (0)                     ; 0           ; 2            ; 0       ; 1         ; 0    ; 0            ; |Audio_Project|FIR_filter_37_tap:u_fir_filter_R|lpm_mult:Mult7|mult_56t:auto_generated                                                                                  ; mult_56t           ; work         ;
;       |lpm_mult:Mult8|                            ; 0 (0)               ; 0 (0)                     ; 0           ; 2            ; 0       ; 1         ; 0    ; 0            ; |Audio_Project|FIR_filter_37_tap:u_fir_filter_R|lpm_mult:Mult8                                                                                                          ; lpm_mult           ; work         ;
;          |mult_56t:auto_generated|                ; 0 (0)               ; 0 (0)                     ; 0           ; 2            ; 0       ; 1         ; 0    ; 0            ; |Audio_Project|FIR_filter_37_tap:u_fir_filter_R|lpm_mult:Mult8|mult_56t:auto_generated                                                                                  ; mult_56t           ; work         ;
;       |lpm_mult:Mult9|                            ; 0 (0)               ; 0 (0)                     ; 0           ; 2            ; 0       ; 1         ; 0    ; 0            ; |Audio_Project|FIR_filter_37_tap:u_fir_filter_R|lpm_mult:Mult9                                                                                                          ; lpm_mult           ; work         ;
;          |mult_56t:auto_generated|                ; 0 (0)               ; 0 (0)                     ; 0           ; 2            ; 0       ; 1         ; 0    ; 0            ; |Audio_Project|FIR_filter_37_tap:u_fir_filter_R|lpm_mult:Mult9|mult_56t:auto_generated                                                                                  ; mult_56t           ; work         ;
;    |HEX_DISPLAY:u_HEX_Config_2|                   ; 24 (24)             ; 0 (0)                     ; 0           ; 0            ; 0       ; 0         ; 0    ; 0            ; |Audio_Project|HEX_DISPLAY:u_HEX_Config_2                                                                                                                               ; HEX_DISPLAY        ; work         ;
;    |HEX_DISPLAY:u_HEX_Config|                     ; 28 (28)             ; 0 (0)                     ; 0           ; 0            ; 0       ; 0         ; 0    ; 0            ; |Audio_Project|HEX_DISPLAY:u_HEX_Config                                                                                                                                 ; HEX_DISPLAY        ; work         ;
;    |I2C_driver:u_I2C_Config|                      ; 25 (25)             ; 20 (20)                   ; 0           ; 0            ; 0       ; 0         ; 0    ; 0            ; |Audio_Project|I2C_driver:u_I2C_Config                                                                                                                                  ; I2C_driver         ; work         ;
;    |PLL:PLL_inst|                                 ; 0 (0)               ; 0 (0)                     ; 0           ; 0            ; 0       ; 0         ; 0    ; 0            ; |Audio_Project|PLL:PLL_inst                                                                                                                                             ; PLL                ; work         ;
;       |altpll:altpll_component|                   ; 0 (0)               ; 0 (0)                     ; 0           ; 0            ; 0       ; 0         ; 0    ; 0            ; |Audio_Project|PLL:PLL_inst|altpll:altpll_component                                                                                                                     ; altpll             ; work         ;
;          |PLL_altpll:auto_generated|              ; 0 (0)               ; 0 (0)                     ; 0           ; 0            ; 0       ; 0         ; 0    ; 0            ; |Audio_Project|PLL:PLL_inst|altpll:altpll_component|PLL_altpll:auto_generated                                                                                           ; PLL_altpll         ; work         ;
;    |auto_wah:u_auto_wah_L|                        ; 401 (299)           ; 154 (154)                 ; 0           ; 10           ; 0       ; 5         ; 0    ; 0            ; |Audio_Project|auto_wah:u_auto_wah_L                                                                                                                                    ; auto_wah           ; work         ;
;       |lpm_mult:Mult0|                            ; 0 (0)               ; 0 (0)                     ; 0           ; 2            ; 0       ; 1         ; 0    ; 0            ; |Audio_Project|auto_wah:u_auto_wah_L|lpm_mult:Mult0                                                                                                                     ; lpm_mult           ; work         ;
;          |mult_p9t:auto_generated|                ; 0 (0)               ; 0 (0)                     ; 0           ; 2            ; 0       ; 1         ; 0    ; 0            ; |Audio_Project|auto_wah:u_auto_wah_L|lpm_mult:Mult0|mult_p9t:auto_generated                                                                                             ; mult_p9t           ; work         ;
;       |lpm_mult:Mult1|                            ; 51 (0)              ; 0 (0)                     ; 0           ; 4            ; 0       ; 2         ; 0    ; 0            ; |Audio_Project|auto_wah:u_auto_wah_L|lpm_mult:Mult1                                                                                                                     ; lpm_mult           ; work         ;
;          |mult_b6t:auto_generated|                ; 51 (51)             ; 0 (0)                     ; 0           ; 4            ; 0       ; 2         ; 0    ; 0            ; |Audio_Project|auto_wah:u_auto_wah_L|lpm_mult:Mult1|mult_b6t:auto_generated                                                                                             ; mult_b6t           ; work         ;
;       |lpm_mult:Mult2|                            ; 51 (0)              ; 0 (0)                     ; 0           ; 4            ; 0       ; 2         ; 0    ; 0            ; |Audio_Project|auto_wah:u_auto_wah_L|lpm_mult:Mult2                                                                                                                     ; lpm_mult           ; work         ;
;          |mult_b6t:auto_generated|                ; 51 (51)             ; 0 (0)                     ; 0           ; 4            ; 0       ; 2         ; 0    ; 0            ; |Audio_Project|auto_wah:u_auto_wah_L|lpm_mult:Mult2|mult_b6t:auto_generated                                                                                             ; mult_b6t           ; work         ;
;    |auto_wah:u_auto_wah_R|                        ; 401 (299)           ; 154 (154)                 ; 0           ; 10           ; 0       ; 5         ; 0    ; 0            ; |Audio_Project|auto_wah:u_auto_wah_R                                                                                                                                    ; auto_wah           ; work         ;
;       |lpm_mult:Mult0|                            ; 0 (0)               ; 0 (0)                     ; 0           ; 2            ; 0       ; 1         ; 0    ; 0            ; |Audio_Project|auto_wah:u_auto_wah_R|lpm_mult:Mult0                                                                                                                     ; lpm_mult           ; work         ;
;          |mult_p9t:auto_generated|                ; 0 (0)               ; 0 (0)                     ; 0           ; 2            ; 0       ; 1         ; 0    ; 0            ; |Audio_Project|auto_wah:u_auto_wah_R|lpm_mult:Mult0|mult_p9t:auto_generated                                                                                             ; mult_p9t           ; work         ;
;       |lpm_mult:Mult1|                            ; 51 (0)              ; 0 (0)                     ; 0           ; 4            ; 0       ; 2         ; 0    ; 0            ; |Audio_Project|auto_wah:u_auto_wah_R|lpm_mult:Mult1                                                                                                                     ; lpm_mult           ; work         ;
;          |mult_b6t:auto_generated|                ; 51 (51)             ; 0 (0)                     ; 0           ; 4            ; 0       ; 2         ; 0    ; 0            ; |Audio_Project|auto_wah:u_auto_wah_R|lpm_mult:Mult1|mult_b6t:auto_generated                                                                                             ; mult_b6t           ; work         ;
;       |lpm_mult:Mult2|                            ; 51 (0)              ; 0 (0)                     ; 0           ; 4            ; 0       ; 2         ; 0    ; 0            ; |Audio_Project|auto_wah:u_auto_wah_R|lpm_mult:Mult2                                                                                                                     ; lpm_mult           ; work         ;
;          |mult_b6t:auto_generated|                ; 51 (51)             ; 0 (0)                     ; 0           ; 4            ; 0       ; 2         ; 0    ; 0            ; |Audio_Project|auto_wah:u_auto_wah_R|lpm_mult:Mult2|mult_b6t:auto_generated                                                                                             ; mult_b6t           ; work         ;
;    |chorus:chorus_inst_L|                         ; 1415 (340)          ; 191 (191)                 ; 116480      ; 0            ; 0       ; 0         ; 0    ; 0            ; |Audio_Project|chorus:chorus_inst_L                                                                                                                                     ; chorus             ; work         ;
;       |RAM_chorus:RAM_INST|                       ; 0 (0)               ; 0 (0)                     ; 114688      ; 0            ; 0       ; 0         ; 0    ; 0            ; |Audio_Project|chorus:chorus_inst_L|RAM_chorus:RAM_INST                                                                                                                 ; RAM_chorus         ; work         ;
;          |altsyncram:altsyncram_component|        ; 0 (0)               ; 0 (0)                     ; 114688      ; 0            ; 0       ; 0         ; 0    ; 0            ; |Audio_Project|chorus:chorus_inst_L|RAM_chorus:RAM_INST|altsyncram:altsyncram_component                                                                                 ; altsyncram         ; work         ;
;             |altsyncram_n5o3:auto_generated|      ; 0 (0)               ; 0 (0)                     ; 114688      ; 0            ; 0       ; 0         ; 0    ; 0            ; |Audio_Project|chorus:chorus_inst_L|RAM_chorus:RAM_INST|altsyncram:altsyncram_component|altsyncram_n5o3:auto_generated                                                  ; altsyncram_n5o3    ; work         ;
;       |SinusLUT:SINE_INST|                        ; 0 (0)               ; 0 (0)                     ; 1792        ; 0            ; 0       ; 0         ; 0    ; 0            ; |Audio_Project|chorus:chorus_inst_L|SinusLUT:SINE_INST                                                                                                                  ; SinusLUT           ; work         ;
;          |altsyncram:Mux6_rtl_0|                  ; 0 (0)               ; 0 (0)                     ; 1792        ; 0            ; 0       ; 0         ; 0    ; 0            ; |Audio_Project|chorus:chorus_inst_L|SinusLUT:SINE_INST|altsyncram:Mux6_rtl_0                                                                                            ; altsyncram         ; work         ;
;             |altsyncram_mc21:auto_generated|      ; 0 (0)               ; 0 (0)                     ; 1792        ; 0            ; 0       ; 0         ; 0    ; 0            ; |Audio_Project|chorus:chorus_inst_L|SinusLUT:SINE_INST|altsyncram:Mux6_rtl_0|altsyncram_mc21:auto_generated                                                             ; altsyncram_mc21    ; work         ;
;       |lpm_divide:Mod0|                           ; 358 (0)             ; 0 (0)                     ; 0           ; 0            ; 0       ; 0         ; 0    ; 0            ; |Audio_Project|chorus:chorus_inst_L|lpm_divide:Mod0                                                                                                                     ; lpm_divide         ; work         ;
;          |lpm_divide_cqo:auto_generated|          ; 358 (0)             ; 0 (0)                     ; 0           ; 0            ; 0       ; 0         ; 0    ; 0            ; |Audio_Project|chorus:chorus_inst_L|lpm_divide:Mod0|lpm_divide_cqo:auto_generated                                                                                       ; lpm_divide_cqo     ; work         ;
;             |abs_divider_4dg:divider|             ; 358 (26)            ; 0 (0)                     ; 0           ; 0            ; 0       ; 0         ; 0    ; 0            ; |Audio_Project|chorus:chorus_inst_L|lpm_divide:Mod0|lpm_divide_cqo:auto_generated|abs_divider_4dg:divider                                                               ; abs_divider_4dg    ; work         ;
;                |alt_u_div_6af:divider|            ; 307 (307)           ; 0 (0)                     ; 0           ; 0            ; 0       ; 0         ; 0    ; 0            ; |Audio_Project|chorus:chorus_inst_L|lpm_divide:Mod0|lpm_divide_cqo:auto_generated|abs_divider_4dg:divider|alt_u_div_6af:divider                                         ; alt_u_div_6af      ; work         ;
;                |lpm_abs_i0a:my_abs_num|           ; 25 (25)             ; 0 (0)                     ; 0           ; 0            ; 0       ; 0         ; 0    ; 0            ; |Audio_Project|chorus:chorus_inst_L|lpm_divide:Mod0|lpm_divide_cqo:auto_generated|abs_divider_4dg:divider|lpm_abs_i0a:my_abs_num                                        ; lpm_abs_i0a        ; work         ;
;       |lpm_divide:Mod1|                           ; 359 (0)             ; 0 (0)                     ; 0           ; 0            ; 0       ; 0         ; 0    ; 0            ; |Audio_Project|chorus:chorus_inst_L|lpm_divide:Mod1                                                                                                                     ; lpm_divide         ; work         ;
;          |lpm_divide_cqo:auto_generated|          ; 359 (0)             ; 0 (0)                     ; 0           ; 0            ; 0       ; 0         ; 0    ; 0            ; |Audio_Project|chorus:chorus_inst_L|lpm_divide:Mod1|lpm_divide_cqo:auto_generated                                                                                       ; lpm_divide_cqo     ; work         ;
;             |abs_divider_4dg:divider|             ; 359 (26)            ; 0 (0)                     ; 0           ; 0            ; 0       ; 0         ; 0    ; 0            ; |Audio_Project|chorus:chorus_inst_L|lpm_divide:Mod1|lpm_divide_cqo:auto_generated|abs_divider_4dg:divider                                                               ; abs_divider_4dg    ; work         ;
;                |alt_u_div_6af:divider|            ; 307 (307)           ; 0 (0)                     ; 0           ; 0            ; 0       ; 0         ; 0    ; 0            ; |Audio_Project|chorus:chorus_inst_L|lpm_divide:Mod1|lpm_divide_cqo:auto_generated|abs_divider_4dg:divider|alt_u_div_6af:divider                                         ; alt_u_div_6af      ; work         ;
;                |lpm_abs_i0a:my_abs_num|           ; 26 (26)             ; 0 (0)                     ; 0           ; 0            ; 0       ; 0         ; 0    ; 0            ; |Audio_Project|chorus:chorus_inst_L|lpm_divide:Mod1|lpm_divide_cqo:auto_generated|abs_divider_4dg:divider|lpm_abs_i0a:my_abs_num                                        ; lpm_abs_i0a        ; work         ;
;       |lpm_divide:Mod2|                           ; 358 (0)             ; 0 (0)                     ; 0           ; 0            ; 0       ; 0         ; 0    ; 0            ; |Audio_Project|chorus:chorus_inst_L|lpm_divide:Mod2                                                                                                                     ; lpm_divide         ; work         ;
;          |lpm_divide_cqo:auto_generated|          ; 358 (0)             ; 0 (0)                     ; 0           ; 0            ; 0       ; 0         ; 0    ; 0            ; |Audio_Project|chorus:chorus_inst_L|lpm_divide:Mod2|lpm_divide_cqo:auto_generated                                                                                       ; lpm_divide_cqo     ; work         ;
;             |abs_divider_4dg:divider|             ; 358 (26)            ; 0 (0)                     ; 0           ; 0            ; 0       ; 0         ; 0    ; 0            ; |Audio_Project|chorus:chorus_inst_L|lpm_divide:Mod2|lpm_divide_cqo:auto_generated|abs_divider_4dg:divider                                                               ; abs_divider_4dg    ; work         ;
;                |alt_u_div_6af:divider|            ; 307 (307)           ; 0 (0)                     ; 0           ; 0            ; 0       ; 0         ; 0    ; 0            ; |Audio_Project|chorus:chorus_inst_L|lpm_divide:Mod2|lpm_divide_cqo:auto_generated|abs_divider_4dg:divider|alt_u_div_6af:divider                                         ; alt_u_div_6af      ; work         ;
;                |lpm_abs_i0a:my_abs_num|           ; 25 (25)             ; 0 (0)                     ; 0           ; 0            ; 0       ; 0         ; 0    ; 0            ; |Audio_Project|chorus:chorus_inst_L|lpm_divide:Mod2|lpm_divide_cqo:auto_generated|abs_divider_4dg:divider|lpm_abs_i0a:my_abs_num                                        ; lpm_abs_i0a        ; work         ;
;    |chorus:chorus_inst_R|                         ; 68 (68)             ; 72 (72)                   ; 114688      ; 0            ; 0       ; 0         ; 0    ; 0            ; |Audio_Project|chorus:chorus_inst_R                                                                                                                                     ; chorus             ; work         ;
;       |RAM_chorus:RAM_INST|                       ; 0 (0)               ; 0 (0)                     ; 114688      ; 0            ; 0       ; 0         ; 0    ; 0            ; |Audio_Project|chorus:chorus_inst_R|RAM_chorus:RAM_INST                                                                                                                 ; RAM_chorus         ; work         ;
;          |altsyncram:altsyncram_component|        ; 0 (0)               ; 0 (0)                     ; 114688      ; 0            ; 0       ; 0         ; 0    ; 0            ; |Audio_Project|chorus:chorus_inst_R|RAM_chorus:RAM_INST|altsyncram:altsyncram_component                                                                                 ; altsyncram         ; work         ;
;             |altsyncram_n5o3:auto_generated|      ; 0 (0)               ; 0 (0)                     ; 114688      ; 0            ; 0       ; 0         ; 0    ; 0            ; |Audio_Project|chorus:chorus_inst_R|RAM_chorus:RAM_INST|altsyncram:altsyncram_component|altsyncram_n5o3:auto_generated                                                  ; altsyncram_n5o3    ; work         ;
;    |coef_banks:u_coef_select|                     ; 159 (159)           ; 0 (0)                     ; 0           ; 0            ; 0       ; 0         ; 0    ; 0            ; |Audio_Project|coef_banks:u_coef_select                                                                                                                                 ; coef_banks         ; work         ;
;    |config_CODEC:u_CODEC_config|                  ; 51 (51)             ; 32 (32)                   ; 0           ; 0            ; 0       ; 0         ; 0    ; 0            ; |Audio_Project|config_CODEC:u_CODEC_config                                                                                                                              ; config_CODEC       ; work         ;
;    |delay:delay_inst_L|                           ; 171 (69)            ; 133 (129)                 ; 524288      ; 0            ; 0       ; 0         ; 0    ; 0            ; |Audio_Project|delay:delay_inst_L                                                                                                                                       ; delay              ; work         ;
;       |RAM:RAM_inst|                              ; 32 (0)              ; 4 (0)                     ; 524288      ; 0            ; 0       ; 0         ; 0    ; 0            ; |Audio_Project|delay:delay_inst_L|RAM:RAM_inst                                                                                                                          ; RAM                ; work         ;
;          |altsyncram:altsyncram_component|        ; 32 (0)              ; 4 (0)                     ; 524288      ; 0            ; 0       ; 0         ; 0    ; 0            ; |Audio_Project|delay:delay_inst_L|RAM:RAM_inst|altsyncram:altsyncram_component                                                                                          ; altsyncram         ; work         ;
;             |altsyncram_79o3:auto_generated|      ; 32 (0)              ; 4 (4)                     ; 524288      ; 0            ; 0       ; 0         ; 0    ; 0            ; |Audio_Project|delay:delay_inst_L|RAM:RAM_inst|altsyncram:altsyncram_component|altsyncram_79o3:auto_generated                                                           ; altsyncram_79o3    ; work         ;
;                |mux_lob:mux3|                     ; 32 (32)             ; 0 (0)                     ; 0           ; 0            ; 0       ; 0         ; 0    ; 0            ; |Audio_Project|delay:delay_inst_L|RAM:RAM_inst|altsyncram:altsyncram_component|altsyncram_79o3:auto_generated|mux_lob:mux3                                              ; mux_lob            ; work         ;
;       |lpm_mult:Mult0|                            ; 70 (0)              ; 0 (0)                     ; 0           ; 0            ; 0       ; 0         ; 0    ; 0            ; |Audio_Project|delay:delay_inst_L|lpm_mult:Mult0                                                                                                                        ; lpm_mult           ; work         ;
;          |multcore:mult_core|                     ; 70 (32)             ; 0 (0)                     ; 0           ; 0            ; 0       ; 0         ; 0    ; 0            ; |Audio_Project|delay:delay_inst_L|lpm_mult:Mult0|multcore:mult_core                                                                                                     ; multcore           ; work         ;
;             |mpar_add:padder|                     ; 38 (0)              ; 0 (0)                     ; 0           ; 0            ; 0       ; 0         ; 0    ; 0            ; |Audio_Project|delay:delay_inst_L|lpm_mult:Mult0|multcore:mult_core|mpar_add:padder                                                                                     ; mpar_add           ; work         ;
;                |lpm_add_sub:adder[0]|             ; 19 (0)              ; 0 (0)                     ; 0           ; 0            ; 0       ; 0         ; 0    ; 0            ; |Audio_Project|delay:delay_inst_L|lpm_mult:Mult0|multcore:mult_core|mpar_add:padder|lpm_add_sub:adder[0]                                                                ; lpm_add_sub        ; work         ;
;                   |add_sub_h9h:auto_generated|    ; 19 (19)             ; 0 (0)                     ; 0           ; 0            ; 0       ; 0         ; 0    ; 0            ; |Audio_Project|delay:delay_inst_L|lpm_mult:Mult0|multcore:mult_core|mpar_add:padder|lpm_add_sub:adder[0]|add_sub_h9h:auto_generated                                     ; add_sub_h9h        ; work         ;
;                |lpm_add_sub:adder[1]|             ; 19 (0)              ; 0 (0)                     ; 0           ; 0            ; 0       ; 0         ; 0    ; 0            ; |Audio_Project|delay:delay_inst_L|lpm_mult:Mult0|multcore:mult_core|mpar_add:padder|lpm_add_sub:adder[1]                                                                ; lpm_add_sub        ; work         ;
;                   |add_sub_bkh:auto_generated|    ; 19 (19)             ; 0 (0)                     ; 0           ; 0            ; 0       ; 0         ; 0    ; 0            ; |Audio_Project|delay:delay_inst_L|lpm_mult:Mult0|multcore:mult_core|mpar_add:padder|lpm_add_sub:adder[1]|add_sub_bkh:auto_generated                                     ; add_sub_bkh        ; work         ;
;    |delay:delay_inst_R|                           ; 151 (41)            ; 80 (80)                   ; 524288      ; 0            ; 0       ; 0         ; 0    ; 0            ; |Audio_Project|delay:delay_inst_R                                                                                                                                       ; delay              ; work         ;
;       |RAM:RAM_inst|                              ; 40 (0)              ; 0 (0)                     ; 524288      ; 0            ; 0       ; 0         ; 0    ; 0            ; |Audio_Project|delay:delay_inst_R|RAM:RAM_inst                                                                                                                          ; RAM                ; work         ;
;          |altsyncram:altsyncram_component|        ; 40 (0)              ; 0 (0)                     ; 524288      ; 0            ; 0       ; 0         ; 0    ; 0            ; |Audio_Project|delay:delay_inst_R|RAM:RAM_inst|altsyncram:altsyncram_component                                                                                          ; altsyncram         ; work         ;
;             |altsyncram_79o3:auto_generated|      ; 40 (0)              ; 0 (0)                     ; 524288      ; 0            ; 0       ; 0         ; 0    ; 0            ; |Audio_Project|delay:delay_inst_R|RAM:RAM_inst|altsyncram:altsyncram_component|altsyncram_79o3:auto_generated                                                           ; altsyncram_79o3    ; work         ;
;                |decode_f8a:rden_decode_b|         ; 4 (4)               ; 0 (0)                     ; 0           ; 0            ; 0       ; 0         ; 0    ; 0            ; |Audio_Project|delay:delay_inst_R|RAM:RAM_inst|altsyncram:altsyncram_component|altsyncram_79o3:auto_generated|decode_f8a:rden_decode_b                                  ; decode_f8a         ; work         ;
;                |decode_msa:decode2|               ; 4 (4)               ; 0 (0)                     ; 0           ; 0            ; 0       ; 0         ; 0    ; 0            ; |Audio_Project|delay:delay_inst_R|RAM:RAM_inst|altsyncram:altsyncram_component|altsyncram_79o3:auto_generated|decode_msa:decode2                                        ; decode_msa         ; work         ;
;                |mux_lob:mux3|                     ; 32 (32)             ; 0 (0)                     ; 0           ; 0            ; 0       ; 0         ; 0    ; 0            ; |Audio_Project|delay:delay_inst_R|RAM:RAM_inst|altsyncram:altsyncram_component|altsyncram_79o3:auto_generated|mux_lob:mux3                                              ; mux_lob            ; work         ;
;       |lpm_mult:Mult0|                            ; 70 (0)              ; 0 (0)                     ; 0           ; 0            ; 0       ; 0         ; 0    ; 0            ; |Audio_Project|delay:delay_inst_R|lpm_mult:Mult0                                                                                                                        ; lpm_mult           ; work         ;
;          |multcore:mult_core|                     ; 70 (32)             ; 0 (0)                     ; 0           ; 0            ; 0       ; 0         ; 0    ; 0            ; |Audio_Project|delay:delay_inst_R|lpm_mult:Mult0|multcore:mult_core                                                                                                     ; multcore           ; work         ;
;             |mpar_add:padder|                     ; 38 (0)              ; 0 (0)                     ; 0           ; 0            ; 0       ; 0         ; 0    ; 0            ; |Audio_Project|delay:delay_inst_R|lpm_mult:Mult0|multcore:mult_core|mpar_add:padder                                                                                     ; mpar_add           ; work         ;
;                |lpm_add_sub:adder[0]|             ; 19 (0)              ; 0 (0)                     ; 0           ; 0            ; 0       ; 0         ; 0    ; 0            ; |Audio_Project|delay:delay_inst_R|lpm_mult:Mult0|multcore:mult_core|mpar_add:padder|lpm_add_sub:adder[0]                                                                ; lpm_add_sub        ; work         ;
;                   |add_sub_h9h:auto_generated|    ; 19 (19)             ; 0 (0)                     ; 0           ; 0            ; 0       ; 0         ; 0    ; 0            ; |Audio_Project|delay:delay_inst_R|lpm_mult:Mult0|multcore:mult_core|mpar_add:padder|lpm_add_sub:adder[0]|add_sub_h9h:auto_generated                                     ; add_sub_h9h        ; work         ;
;                |lpm_add_sub:adder[1]|             ; 19 (0)              ; 0 (0)                     ; 0           ; 0            ; 0       ; 0         ; 0    ; 0            ; |Audio_Project|delay:delay_inst_R|lpm_mult:Mult0|multcore:mult_core|mpar_add:padder|lpm_add_sub:adder[1]                                                                ; lpm_add_sub        ; work         ;
;                   |add_sub_bkh:auto_generated|    ; 19 (19)             ; 0 (0)                     ; 0           ; 0            ; 0       ; 0         ; 0    ; 0            ; |Audio_Project|delay:delay_inst_R|lpm_mult:Mult0|multcore:mult_core|mpar_add:padder|lpm_add_sub:adder[1]|add_sub_bkh:auto_generated                                     ; add_sub_bkh        ; work         ;
;    |digital_distortion:digital_distortion_L|      ; 77 (77)             ; 66 (66)                   ; 0           ; 0            ; 0       ; 0         ; 0    ; 0            ; |Audio_Project|digital_distortion:digital_distortion_L                                                                                                                  ; digital_distortion ; work         ;
;    |digital_distortion:digital_distortion_R|      ; 51 (51)             ; 31 (31)                   ; 0           ; 0            ; 0       ; 0         ; 0    ; 0            ; |Audio_Project|digital_distortion:digital_distortion_R                                                                                                                  ; digital_distortion ; work         ;
;    |distortion:distortion_L|                      ; 21 (21)             ; 0 (0)                     ; 0           ; 2            ; 0       ; 1         ; 0    ; 0            ; |Audio_Project|distortion:distortion_L                                                                                                                                  ; distortion         ; work         ;
;       |booster:s1|                                ; 0 (0)               ; 0 (0)                     ; 0           ; 2            ; 0       ; 1         ; 0    ; 0            ; |Audio_Project|distortion:distortion_L|booster:s1                                                                                                                       ; booster            ; work         ;
;          |lpm_mult:Mult0|                         ; 0 (0)               ; 0 (0)                     ; 0           ; 2            ; 0       ; 1         ; 0    ; 0            ; |Audio_Project|distortion:distortion_L|booster:s1|lpm_mult:Mult0                                                                                                        ; lpm_mult           ; work         ;
;             |mult_v5t:auto_generated|             ; 0 (0)               ; 0 (0)                     ; 0           ; 2            ; 0       ; 1         ; 0    ; 0            ; |Audio_Project|distortion:distortion_L|booster:s1|lpm_mult:Mult0|mult_v5t:auto_generated                                                                                ; mult_v5t           ; work         ;
;    |distortion:distortion_R|                      ; 21 (21)             ; 0 (0)                     ; 0           ; 2            ; 0       ; 1         ; 0    ; 0            ; |Audio_Project|distortion:distortion_R                                                                                                                                  ; distortion         ; work         ;
;       |booster:s1|                                ; 0 (0)               ; 0 (0)                     ; 0           ; 2            ; 0       ; 1         ; 0    ; 0            ; |Audio_Project|distortion:distortion_R|booster:s1                                                                                                                       ; booster            ; work         ;
;          |lpm_mult:Mult0|                         ; 0 (0)               ; 0 (0)                     ; 0           ; 2            ; 0       ; 1         ; 0    ; 0            ; |Audio_Project|distortion:distortion_R|booster:s1|lpm_mult:Mult0                                                                                                        ; lpm_mult           ; work         ;
;             |mult_v5t:auto_generated|             ; 0 (0)               ; 0 (0)                     ; 0           ; 2            ; 0       ; 1         ; 0    ; 0            ; |Audio_Project|distortion:distortion_R|booster:s1|lpm_mult:Mult0|mult_v5t:auto_generated                                                                                ; mult_v5t           ; work         ;
;    |effect_select:u_fx_select|                    ; 39 (39)             ; 0 (0)                     ; 0           ; 0            ; 0       ; 0         ; 0    ; 0            ; |Audio_Project|effect_select:u_fx_select                                                                                                                                ; effect_select      ; work         ;
;    |key_detect:u_switch_trigger|                  ; 6 (6)               ; 10 (10)                   ; 0           ; 0            ; 0       ; 0         ; 0    ; 0            ; |Audio_Project|key_detect:u_switch_trigger                                                                                                                              ; key_detect         ; work         ;
;    |lpm_mult:Mult0|                               ; 19 (0)              ; 0 (0)                     ; 0           ; 0            ; 0       ; 0         ; 0    ; 0            ; |Audio_Project|lpm_mult:Mult0                                                                                                                                           ; lpm_mult           ; work         ;
;       |multcore:mult_core|                        ; 19 (9)              ; 0 (0)                     ; 0           ; 0            ; 0       ; 0         ; 0    ; 0            ; |Audio_Project|lpm_mult:Mult0|multcore:mult_core                                                                                                                        ; multcore           ; work         ;
;          |mpar_add:padder|                        ; 10 (0)              ; 0 (0)                     ; 0           ; 0            ; 0       ; 0         ; 0    ; 0            ; |Audio_Project|lpm_mult:Mult0|multcore:mult_core|mpar_add:padder                                                                                                        ; mpar_add           ; work         ;
;             |lpm_add_sub:adder[0]|                ; 10 (0)              ; 0 (0)                     ; 0           ; 0            ; 0       ; 0         ; 0    ; 0            ; |Audio_Project|lpm_mult:Mult0|multcore:mult_core|mpar_add:padder|lpm_add_sub:adder[0]                                                                                   ; lpm_add_sub        ; work         ;
;                |add_sub_pgh:auto_generated|       ; 10 (10)             ; 0 (0)                     ; 0           ; 0            ; 0       ; 0         ; 0    ; 0            ; |Audio_Project|lpm_mult:Mult0|multcore:mult_core|mpar_add:padder|lpm_add_sub:adder[0]|add_sub_pgh:auto_generated                                                        ; add_sub_pgh        ; work         ;
;    |octaver:octaver_L|                            ; 111 (111)           ; 104 (104)                 ; 32768       ; 4            ; 0       ; 2         ; 0    ; 0            ; |Audio_Project|octaver:octaver_L                                                                                                                                        ; octaver            ; work         ;
;       |RAM_Octaver:RAM_inst|                      ; 0 (0)               ; 0 (0)                     ; 32768       ; 0            ; 0       ; 0         ; 0    ; 0            ; |Audio_Project|octaver:octaver_L|RAM_Octaver:RAM_inst                                                                                                                   ; RAM_Octaver        ; work         ;
;          |altsyncram:altsyncram_component|        ; 0 (0)               ; 0 (0)                     ; 32768       ; 0            ; 0       ; 0         ; 0    ; 0            ; |Audio_Project|octaver:octaver_L|RAM_Octaver:RAM_inst|altsyncram:altsyncram_component                                                                                   ; altsyncram         ; work         ;
;             |altsyncram_1pp3:auto_generated|      ; 0 (0)               ; 0 (0)                     ; 32768       ; 0            ; 0       ; 0         ; 0    ; 0            ; |Audio_Project|octaver:octaver_L|RAM_Octaver:RAM_inst|altsyncram:altsyncram_component|altsyncram_1pp3:auto_generated                                                    ; altsyncram_1pp3    ; work         ;
;       |lpm_mult:Mult0|                            ; 0 (0)               ; 0 (0)                     ; 0           ; 2            ; 0       ; 1         ; 0    ; 0            ; |Audio_Project|octaver:octaver_L|lpm_mult:Mult0                                                                                                                         ; lpm_mult           ; work         ;
;          |mult_36t:auto_generated|                ; 0 (0)               ; 0 (0)                     ; 0           ; 2            ; 0       ; 1         ; 0    ; 0            ; |Audio_Project|octaver:octaver_L|lpm_mult:Mult0|mult_36t:auto_generated                                                                                                 ; mult_36t           ; work         ;
;       |lpm_mult:Mult1|                            ; 0 (0)               ; 0 (0)                     ; 0           ; 2            ; 0       ; 1         ; 0    ; 0            ; |Audio_Project|octaver:octaver_L|lpm_mult:Mult1                                                                                                                         ; lpm_mult           ; work         ;
;          |mult_36t:auto_generated|                ; 0 (0)               ; 0 (0)                     ; 0           ; 2            ; 0       ; 1         ; 0    ; 0            ; |Audio_Project|octaver:octaver_L|lpm_mult:Mult1|mult_36t:auto_generated                                                                                                 ; mult_36t           ; work         ;
;    |octaver:octaver_R|                            ; 76 (76)             ; 48 (48)                   ; 32768       ; 4            ; 0       ; 2         ; 0    ; 0            ; |Audio_Project|octaver:octaver_R                                                                                                                                        ; octaver            ; work         ;
;       |RAM_Octaver:RAM_inst|                      ; 0 (0)               ; 0 (0)                     ; 32768       ; 0            ; 0       ; 0         ; 0    ; 0            ; |Audio_Project|octaver:octaver_R|RAM_Octaver:RAM_inst                                                                                                                   ; RAM_Octaver        ; work         ;
;          |altsyncram:altsyncram_component|        ; 0 (0)               ; 0 (0)                     ; 32768       ; 0            ; 0       ; 0         ; 0    ; 0            ; |Audio_Project|octaver:octaver_R|RAM_Octaver:RAM_inst|altsyncram:altsyncram_component                                                                                   ; altsyncram         ; work         ;
;             |altsyncram_1pp3:auto_generated|      ; 0 (0)               ; 0 (0)                     ; 32768       ; 0            ; 0       ; 0         ; 0    ; 0            ; |Audio_Project|octaver:octaver_R|RAM_Octaver:RAM_inst|altsyncram:altsyncram_component|altsyncram_1pp3:auto_generated                                                    ; altsyncram_1pp3    ; work         ;
;       |lpm_mult:Mult0|                            ; 0 (0)               ; 0 (0)                     ; 0           ; 2            ; 0       ; 1         ; 0    ; 0            ; |Audio_Project|octaver:octaver_R|lpm_mult:Mult0                                                                                                                         ; lpm_mult           ; work         ;
;          |mult_36t:auto_generated|                ; 0 (0)               ; 0 (0)                     ; 0           ; 2            ; 0       ; 1         ; 0    ; 0            ; |Audio_Project|octaver:octaver_R|lpm_mult:Mult0|mult_36t:auto_generated                                                                                                 ; mult_36t           ; work         ;
;       |lpm_mult:Mult1|                            ; 0 (0)               ; 0 (0)                     ; 0           ; 2            ; 0       ; 1         ; 0    ; 0            ; |Audio_Project|octaver:octaver_R|lpm_mult:Mult1                                                                                                                         ; lpm_mult           ; work         ;
;          |mult_36t:auto_generated|                ; 0 (0)               ; 0 (0)                     ; 0           ; 2            ; 0       ; 1         ; 0    ; 0            ; |Audio_Project|octaver:octaver_R|lpm_mult:Mult1|mult_36t:auto_generated                                                                                                 ; mult_36t           ; work         ;
;    |parallel_to_serial:u2|                        ; 49 (49)             ; 41 (41)                   ; 0           ; 0            ; 0       ; 0         ; 0    ; 0            ; |Audio_Project|parallel_to_serial:u2                                                                                                                                    ; parallel_to_serial ; work         ;
;    |serial_to_parallel:u1|                        ; 13 (13)             ; 69 (69)                   ; 0           ; 0            ; 0       ; 0         ; 0    ; 0            ; |Audio_Project|serial_to_parallel:u1                                                                                                                                    ; serial_to_parallel ; work         ;
;    |tremolo:tremolo_inst_L|                       ; 97 (97)             ; 79 (79)                   ; 1792        ; 2            ; 0       ; 1         ; 0    ; 0            ; |Audio_Project|tremolo:tremolo_inst_L                                                                                                                                   ; tremolo            ; work         ;
;       |SinusLUT:sinus_inst|                       ; 0 (0)               ; 0 (0)                     ; 1792        ; 0            ; 0       ; 0         ; 0    ; 0            ; |Audio_Project|tremolo:tremolo_inst_L|SinusLUT:sinus_inst                                                                                                               ; SinusLUT           ; work         ;
;          |altsyncram:Mux6_rtl_0|                  ; 0 (0)               ; 0 (0)                     ; 1792        ; 0            ; 0       ; 0         ; 0    ; 0            ; |Audio_Project|tremolo:tremolo_inst_L|SinusLUT:sinus_inst|altsyncram:Mux6_rtl_0                                                                                         ; altsyncram         ; work         ;
;             |altsyncram_lc21:auto_generated|      ; 0 (0)               ; 0 (0)                     ; 1792        ; 0            ; 0       ; 0         ; 0    ; 0            ; |Audio_Project|tremolo:tremolo_inst_L|SinusLUT:sinus_inst|altsyncram:Mux6_rtl_0|altsyncram_lc21:auto_generated                                                          ; altsyncram_lc21    ; work         ;
;       |lpm_mult:Mult0|                            ; 0 (0)               ; 0 (0)                     ; 0           ; 2            ; 0       ; 1         ; 0    ; 0            ; |Audio_Project|tremolo:tremolo_inst_L|lpm_mult:Mult0                                                                                                                    ; lpm_mult           ; work         ;
;          |mult_n4t:auto_generated|                ; 0 (0)               ; 0 (0)                     ; 0           ; 2            ; 0       ; 1         ; 0    ; 0            ; |Audio_Project|tremolo:tremolo_inst_L|lpm_mult:Mult0|mult_n4t:auto_generated                                                                                            ; mult_n4t           ; work         ;
;    |tremolo:tremolo_inst_R|                       ; 56 (56)             ; 47 (47)                   ; 0           ; 2            ; 0       ; 1         ; 0    ; 0            ; |Audio_Project|tremolo:tremolo_inst_R                                                                                                                                   ; tremolo            ; work         ;
;       |lpm_mult:Mult0|                            ; 0 (0)               ; 0 (0)                     ; 0           ; 2            ; 0       ; 1         ; 0    ; 0            ; |Audio_Project|tremolo:tremolo_inst_R|lpm_mult:Mult0                                                                                                                    ; lpm_mult           ; work         ;
;          |mult_n4t:auto_generated|                ; 0 (0)               ; 0 (0)                     ; 0           ; 2            ; 0       ; 1         ; 0    ; 0            ; |Audio_Project|tremolo:tremolo_inst_R|lpm_mult:Mult0|mult_n4t:auto_generated                                                                                            ; mult_n4t           ; work         ;
+---------------------------------------------------+---------------------+---------------------------+-------------+--------------+---------+-----------+------+--------------+-------------------------------------------------------------------------------------------------------------------------------------------------------------------------+--------------------+--------------+
Note: For table entries with two numbers listed, the numbers in parentheses indicate the number of resources of the given type used by the specific entity alone. The numbers listed outside of parentheses indicate the total resources of the given type used by the specific entity and all of its sub-entities in the hierarchy.


+-------------------------------------------------------------------------------------------------------------------------------------------------------------------------------------------------------------------------------------------------------------------------+
; Analysis & Synthesis RAM Summary                                                                                                                                                                                                                                        ;
+--------------------------------------------------------------------------------------------------------------------+------+------------------+--------------+--------------+--------------+--------------+--------+-----------------------------------------------------+
; Name                                                                                                               ; Type ; Mode             ; Port A Depth ; Port A Width ; Port B Depth ; Port B Width ; Size   ; MIF                                                 ;
+--------------------------------------------------------------------------------------------------------------------+------+------------------+--------------+--------------+--------------+--------------+--------+-----------------------------------------------------+
; chorus:chorus_inst_L|RAM_chorus:RAM_INST|altsyncram:altsyncram_component|altsyncram_n5o3:auto_generated|ALTSYNCRAM ; AUTO ; Simple Dual Port ; 8192         ; 16           ; 8192         ; 16           ; 131072 ; None                                                ;
; chorus:chorus_inst_L|SinusLUT:SINE_INST|altsyncram:Mux6_rtl_0|altsyncram_mc21:auto_generated|ALTSYNCRAM            ; AUTO ; ROM              ; 256          ; 7            ; --           ; --           ; 1792   ; effets_audio_sur_FPGA_Projet.Audio_Project1.rtl.mif ;
; chorus:chorus_inst_R|RAM_chorus:RAM_INST|altsyncram:altsyncram_component|altsyncram_n5o3:auto_generated|ALTSYNCRAM ; AUTO ; Simple Dual Port ; 8192         ; 16           ; 8192         ; 16           ; 131072 ; None                                                ;
; delay:delay_inst_L|RAM:RAM_inst|altsyncram:altsyncram_component|altsyncram_79o3:auto_generated|ALTSYNCRAM          ; AUTO ; Simple Dual Port ; 32768        ; 16           ; 32768        ; 16           ; 524288 ; None                                                ;
; delay:delay_inst_R|RAM:RAM_inst|altsyncram:altsyncram_component|altsyncram_79o3:auto_generated|ALTSYNCRAM          ; AUTO ; Simple Dual Port ; 32768        ; 16           ; 32768        ; 16           ; 524288 ; None                                                ;
; octaver:octaver_L|RAM_Octaver:RAM_inst|altsyncram:altsyncram_component|altsyncram_1pp3:auto_generated|ALTSYNCRAM   ; AUTO ; True Dual Port   ; 16384        ; 16           ; 16384        ; 16           ; 262144 ; None                                                ;
; octaver:octaver_R|RAM_Octaver:RAM_inst|altsyncram:altsyncram_component|altsyncram_1pp3:auto_generated|ALTSYNCRAM   ; AUTO ; True Dual Port   ; 16384        ; 16           ; 16384        ; 16           ; 262144 ; None                                                ;
; tremolo:tremolo_inst_L|SinusLUT:sinus_inst|altsyncram:Mux6_rtl_0|altsyncram_lc21:auto_generated|ALTSYNCRAM         ; AUTO ; ROM              ; 256          ; 7            ; --           ; --           ; 1792   ; effets_audio_sur_FPGA_Projet.Audio_Project0.rtl.mif ;
+--------------------------------------------------------------------------------------------------------------------+------+------------------+--------------+--------------+--------------+--------------+--------+-----------------------------------------------------+


+-----------------------------------------------------+
; Analysis & Synthesis DSP Block Usage Summary        ;
+---------------------------------------+-------------+
; Statistic                             ; Number Used ;
+---------------------------------------+-------------+
; Simple Multipliers (9-bit)            ; 0           ;
; Simple Multipliers (18-bit)           ; 54          ;
; Embedded Multiplier Blocks            ; --          ;
; Embedded Multiplier 9-bit elements    ; 108         ;
; Signed Embedded Multipliers           ; 50          ;
; Unsigned Embedded Multipliers         ; 0           ;
; Mixed Sign Embedded Multipliers       ; 4           ;
; Variable Sign Embedded Multipliers    ; 0           ;
; Dedicated Input Shift Register Chains ; 0           ;
+---------------------------------------+-------------+
Note: number of Embedded Multiplier Blocks used is only available after a successful fit.


+-------------------------------------------------------------------------------------------------------------------------------------------+
; Analysis & Synthesis IP Cores Summary                                                                                                     ;
+--------+--------------+---------+--------------+--------------+---------------------------------------------------------+-----------------+
; Vendor ; IP Core Name ; Version ; Release Date ; License Type ; Entity Instance                                         ; IP Include File ;
+--------+--------------+---------+--------------+--------------+---------------------------------------------------------+-----------------+
; Altera ; RAM: 2-PORT  ; 19.1    ; N/A          ; N/A          ; |Audio_Project|chorus:chorus_inst_L|RAM_chorus:RAM_INST ; RAM_chorus.vhd  ;
; Altera ; RAM: 2-PORT  ; 19.1    ; N/A          ; N/A          ; |Audio_Project|chorus:chorus_inst_R|RAM_chorus:RAM_INST ; RAM_chorus.vhd  ;
; Altera ; RAM: 2-PORT  ; 19.1    ; N/A          ; N/A          ; |Audio_Project|delay:delay_inst_L|RAM:RAM_inst          ; RAM.vhd         ;
; Altera ; RAM: 2-PORT  ; 19.1    ; N/A          ; N/A          ; |Audio_Project|delay:delay_inst_R|RAM:RAM_inst          ; RAM.vhd         ;
; Altera ; RAM: 2-PORT  ; 19.1    ; N/A          ; N/A          ; |Audio_Project|octaver:octaver_L|RAM_Octaver:RAM_inst   ; RAM_Octaver.vhd ;
; Altera ; RAM: 2-PORT  ; 19.1    ; N/A          ; N/A          ; |Audio_Project|octaver:octaver_R|RAM_Octaver:RAM_inst   ; RAM_Octaver.vhd ;
; Altera ; ALTPLL       ; 19.1    ; N/A          ; N/A          ; |Audio_Project|PLL:PLL_inst                             ; PLL.vhd         ;
+--------+--------------+---------+--------------+--------------+---------------------------------------------------------+-----------------+


+-----------------------------------------------------------------------------------------------------+
; User-Specified and Inferred Latches                                                                 ;
+------------------------------------------------------+---------------------+------------------------+
; Latch Name                                           ; Latch Enable Signal ; Free of Timing Hazards ;
+------------------------------------------------------+---------------------+------------------------+
; coef_banks:u_coef_select|coef[12][0]                 ; GND                 ; yes                    ;
; coef_banks:u_coef_select|coef[12][4]                 ; GND                 ; yes                    ;
; coef_banks:u_coef_select|coef[12][10]                ; GND                 ; yes                    ;
; coef_banks:u_coef_select|coef[12][11]                ; GND                 ; yes                    ;
; coef_banks:u_coef_select|coef[12][13]                ; GND                 ; yes                    ;
; coef_banks:u_coef_select|coef[12][15]                ; GND                 ; yes                    ;
; coef_banks:u_coef_select|coef[11][0]                 ; GND                 ; yes                    ;
; coef_banks:u_coef_select|coef[11][1]                 ; GND                 ; yes                    ;
; coef_banks:u_coef_select|coef[11][2]                 ; GND                 ; yes                    ;
; coef_banks:u_coef_select|coef[11][3]                 ; GND                 ; yes                    ;
; coef_banks:u_coef_select|coef[11][5]                 ; GND                 ; yes                    ;
; coef_banks:u_coef_select|coef[11][6]                 ; GND                 ; yes                    ;
; coef_banks:u_coef_select|coef[11][9]                 ; GND                 ; yes                    ;
; coef_banks:u_coef_select|coef[11][10]                ; GND                 ; yes                    ;
; coef_banks:u_coef_select|coef[11][12]                ; GND                 ; yes                    ;
; coef_banks:u_coef_select|coef[11][13]                ; GND                 ; yes                    ;
; coef_banks:u_coef_select|coef[11][15]                ; GND                 ; yes                    ;
; coef_banks:u_coef_select|coef[10][2]                 ; GND                 ; yes                    ;
; coef_banks:u_coef_select|coef[10][4]                 ; GND                 ; yes                    ;
; coef_banks:u_coef_select|coef[10][6]                 ; GND                 ; yes                    ;
; coef_banks:u_coef_select|coef[10][7]                 ; GND                 ; yes                    ;
; coef_banks:u_coef_select|coef[10][9]                 ; GND                 ; yes                    ;
; coef_banks:u_coef_select|coef[10][11]                ; GND                 ; yes                    ;
; coef_banks:u_coef_select|coef[10][12]                ; GND                 ; yes                    ;
; coef_banks:u_coef_select|coef[10][13]                ; GND                 ; yes                    ;
; coef_banks:u_coef_select|coef[10][15]                ; GND                 ; yes                    ;
; coef_banks:u_coef_select|coef[9][1]                  ; GND                 ; yes                    ;
; coef_banks:u_coef_select|coef[9][4]                  ; GND                 ; yes                    ;
; coef_banks:u_coef_select|coef[9][7]                  ; GND                 ; yes                    ;
; coef_banks:u_coef_select|coef[9][8]                  ; GND                 ; yes                    ;
; coef_banks:u_coef_select|coef[9][10]                 ; GND                 ; yes                    ;
; coef_banks:u_coef_select|coef[9][11]                 ; GND                 ; yes                    ;
; coef_banks:u_coef_select|coef[9][14]                 ; GND                 ; yes                    ;
; coef_banks:u_coef_select|coef[9][15]                 ; GND                 ; yes                    ;
; coef_banks:u_coef_select|coef[1][0]                  ; GND                 ; yes                    ;
; coef_banks:u_coef_select|coef[1][1]                  ; GND                 ; yes                    ;
; coef_banks:u_coef_select|coef[1][3]                  ; GND                 ; yes                    ;
; coef_banks:u_coef_select|coef[1][9]                  ; GND                 ; yes                    ;
; coef_banks:u_coef_select|coef[1][10]                 ; GND                 ; yes                    ;
; coef_banks:u_coef_select|coef[1][11]                 ; GND                 ; yes                    ;
; coef_banks:u_coef_select|coef[1][12]                 ; GND                 ; yes                    ;
; coef_banks:u_coef_select|coef[1][13]                 ; GND                 ; yes                    ;
; coef_banks:u_coef_select|coef[1][14]                 ; GND                 ; yes                    ;
; coef_banks:u_coef_select|coef[1][15]                 ; GND                 ; yes                    ;
; coef_banks:u_coef_select|coef[0][0]                  ; GND                 ; yes                    ;
; coef_banks:u_coef_select|coef[0][1]                  ; GND                 ; yes                    ;
; coef_banks:u_coef_select|coef[0][4]                  ; GND                 ; yes                    ;
; coef_banks:u_coef_select|coef[0][6]                  ; GND                 ; yes                    ;
; coef_banks:u_coef_select|coef[0][8]                  ; GND                 ; yes                    ;
; coef_banks:u_coef_select|coef[0][10]                 ; GND                 ; yes                    ;
; coef_banks:u_coef_select|coef[0][11]                 ; GND                 ; yes                    ;
; coef_banks:u_coef_select|coef[0][12]                 ; GND                 ; yes                    ;
; coef_banks:u_coef_select|coef[0][13]                 ; GND                 ; yes                    ;
; coef_banks:u_coef_select|coef[0][14]                 ; GND                 ; yes                    ;
; coef_banks:u_coef_select|coef[0][15]                 ; GND                 ; yes                    ;
; coef_banks:u_coef_select|coef[2][4]                  ; GND                 ; yes                    ;
; coef_banks:u_coef_select|coef[2][11]                 ; GND                 ; yes                    ;
; coef_banks:u_coef_select|coef[2][12]                 ; GND                 ; yes                    ;
; coef_banks:u_coef_select|coef[2][13]                 ; GND                 ; yes                    ;
; coef_banks:u_coef_select|coef[2][14]                 ; GND                 ; yes                    ;
; coef_banks:u_coef_select|coef[2][15]                 ; GND                 ; yes                    ;
; coef_banks:u_coef_select|coef[3][0]                  ; GND                 ; yes                    ;
; coef_banks:u_coef_select|coef[3][1]                  ; GND                 ; yes                    ;
; coef_banks:u_coef_select|coef[3][2]                  ; GND                 ; yes                    ;
; coef_banks:u_coef_select|coef[3][4]                  ; GND                 ; yes                    ;
; coef_banks:u_coef_select|coef[3][6]                  ; GND                 ; yes                    ;
; coef_banks:u_coef_select|coef[3][7]                  ; GND                 ; yes                    ;
; coef_banks:u_coef_select|coef[3][8]                  ; GND                 ; yes                    ;
; coef_banks:u_coef_select|coef[3][10]                 ; GND                 ; yes                    ;
; coef_banks:u_coef_select|coef[3][12]                 ; GND                 ; yes                    ;
; coef_banks:u_coef_select|coef[3][13]                 ; GND                 ; yes                    ;
; coef_banks:u_coef_select|coef[3][14]                 ; GND                 ; yes                    ;
; coef_banks:u_coef_select|coef[3][15]                 ; GND                 ; yes                    ;
; coef_banks:u_coef_select|coef[6][0]                  ; GND                 ; yes                    ;
; coef_banks:u_coef_select|coef[6][1]                  ; GND                 ; yes                    ;
; coef_banks:u_coef_select|coef[6][3]                  ; GND                 ; yes                    ;
; coef_banks:u_coef_select|coef[6][4]                  ; GND                 ; yes                    ;
; coef_banks:u_coef_select|coef[6][5]                  ; GND                 ; yes                    ;
; coef_banks:u_coef_select|coef[6][8]                  ; GND                 ; yes                    ;
; coef_banks:u_coef_select|coef[6][10]                 ; GND                 ; yes                    ;
; coef_banks:u_coef_select|coef[6][13]                 ; GND                 ; yes                    ;
; coef_banks:u_coef_select|coef[6][14]                 ; GND                 ; yes                    ;
; coef_banks:u_coef_select|coef[6][15]                 ; GND                 ; yes                    ;
; coef_banks:u_coef_select|coef[5][0]                  ; GND                 ; yes                    ;
; coef_banks:u_coef_select|coef[5][7]                  ; GND                 ; yes                    ;
; coef_banks:u_coef_select|coef[5][9]                  ; GND                 ; yes                    ;
; coef_banks:u_coef_select|coef[5][10]                 ; GND                 ; yes                    ;
; coef_banks:u_coef_select|coef[5][11]                 ; GND                 ; yes                    ;
; coef_banks:u_coef_select|coef[5][13]                 ; GND                 ; yes                    ;
; coef_banks:u_coef_select|coef[5][14]                 ; GND                 ; yes                    ;
; coef_banks:u_coef_select|coef[5][15]                 ; GND                 ; yes                    ;
; coef_banks:u_coef_select|coef[8][2]                  ; GND                 ; yes                    ;
; coef_banks:u_coef_select|coef[8][3]                  ; GND                 ; yes                    ;
; coef_banks:u_coef_select|coef[8][4]                  ; GND                 ; yes                    ;
; coef_banks:u_coef_select|coef[8][7]                  ; GND                 ; yes                    ;
; coef_banks:u_coef_select|coef[8][8]                  ; GND                 ; yes                    ;
; coef_banks:u_coef_select|coef[8][9]                  ; GND                 ; yes                    ;
; coef_banks:u_coef_select|coef[8][10]                 ; GND                 ; yes                    ;
; coef_banks:u_coef_select|coef[8][11]                 ; GND                 ; yes                    ;
; coef_banks:u_coef_select|coef[8][12]                 ; GND                 ; yes                    ;
; Number of user-specified and inferred latches = 155  ;                     ;                        ;
+------------------------------------------------------+---------------------+------------------------+
Table restricted to first 100 entries. Note: All latches listed above may not be present at the end of synthesis due to various synthesis optimizations.


+--------------------------------------------------------------------------------------------------------------------------------------------------------------------------------------------------------------------------------------------------------------+
; Registers Removed During Synthesis                                                                                                                                                                                                                           ;
+----------------------------------------------------------------------------------------------------------------------------+---------------------------------------------------------------------------------------------------------------------------------+
; Register name                                                                                                              ; Reason for Removal                                                                                                              ;
+----------------------------------------------------------------------------------------------------------------------------+---------------------------------------------------------------------------------------------------------------------------------+
; chorus:chorus_inst_R|lfo_offset1[0,1,9..31]                                                                                ; Stuck at GND due to stuck port data_in                                                                                          ;
; chorus:chorus_inst_R|ram_data[0,1]                                                                                         ; Lost fanout                                                                                                                     ;
; chorus:chorus_inst_L|lfo_offset1[0,1,9..31]                                                                                ; Stuck at GND due to stuck port data_in                                                                                          ;
; chorus:chorus_inst_L|ram_data[0,1]                                                                                         ; Lost fanout                                                                                                                     ;
; octaver:octaver_L|RAM_Octaver:RAM_inst|altsyncram:altsyncram_component|altsyncram_1pp3:auto_generated|address_reg_a[0]     ; Stuck at GND due to stuck port data_in                                                                                          ;
; octaver:octaver_L|RAM_Octaver:RAM_inst|altsyncram:altsyncram_component|altsyncram_1pp3:auto_generated|address_reg_b[0]     ; Stuck at GND due to stuck port data_in                                                                                          ;
; octaver:octaver_L|RAM_Octaver:RAM_inst|altsyncram:altsyncram_component|altsyncram_1pp3:auto_generated|out_address_reg_a[0] ; Stuck at GND due to stuck port data_in                                                                                          ;
; octaver:octaver_L|RAM_Octaver:RAM_inst|altsyncram:altsyncram_component|altsyncram_1pp3:auto_generated|out_address_reg_b[0] ; Stuck at GND due to stuck port data_in                                                                                          ;
; octaver:octaver_R|RAM_Octaver:RAM_inst|altsyncram:altsyncram_component|altsyncram_1pp3:auto_generated|address_reg_a[0]     ; Stuck at GND due to stuck port data_in                                                                                          ;
; octaver:octaver_R|RAM_Octaver:RAM_inst|altsyncram:altsyncram_component|altsyncram_1pp3:auto_generated|address_reg_b[0]     ; Stuck at GND due to stuck port data_in                                                                                          ;
; octaver:octaver_R|RAM_Octaver:RAM_inst|altsyncram:altsyncram_component|altsyncram_1pp3:auto_generated|out_address_reg_a[0] ; Stuck at GND due to stuck port data_in                                                                                          ;
; octaver:octaver_R|RAM_Octaver:RAM_inst|altsyncram:altsyncram_component|altsyncram_1pp3:auto_generated|out_address_reg_b[0] ; Stuck at GND due to stuck port data_in                                                                                          ;
; tremolo:tremolo_inst_R|sinus_sig[7]                                                                                        ; Stuck at GND due to stuck port data_in                                                                                          ;
; tremolo:tremolo_inst_L|sinus_sig[7]                                                                                        ; Stuck at GND due to stuck port data_in                                                                                          ;
; digital_distortion:digital_distortion_R|sortie_bitcrushed[0..5]                                                            ; Stuck at GND due to stuck port data_in                                                                                          ;
; digital_distortion:digital_distortion_R|audio_out[0..5]                                                                    ; Stuck at GND due to stuck port data_in                                                                                          ;
; digital_distortion:digital_distortion_L|sortie_bitcrushed[0..5]                                                            ; Stuck at GND due to stuck port data_in                                                                                          ;
; digital_distortion:digital_distortion_L|audio_out[0..5]                                                                    ; Stuck at GND due to stuck port data_in                                                                                          ;
; config_CODEC:u_CODEC_config|DATA[7,8,13..17]                                                                               ; Stuck at GND due to stuck port data_in                                                                                          ;
; config_CODEC:u_CODEC_config|DATA[18]                                                                                       ; Stuck at VCC due to stuck port data_in                                                                                          ;
; config_CODEC:u_CODEC_config|DATA[19]                                                                                       ; Stuck at GND due to stuck port data_in                                                                                          ;
; config_CODEC:u_CODEC_config|DATA[20,21]                                                                                    ; Stuck at VCC due to stuck port data_in                                                                                          ;
; config_CODEC:u_CODEC_config|DATA[22,23]                                                                                    ; Stuck at GND due to stuck port data_in                                                                                          ;
; tremolo:tremolo_inst_R|final_gain[8..14]                                                                                   ; Merged with tremolo:tremolo_inst_R|final_gain[15]                                                                               ;
; tremolo:tremolo_inst_L|final_gain[8..14]                                                                                   ; Merged with tremolo:tremolo_inst_L|final_gain[15]                                                                               ;
; digital_distortion:digital_distortion_R|max_counter[4]                                                                     ; Merged with digital_distortion:digital_distortion_L|max_counter[4]                                                              ;
; digital_distortion:digital_distortion_R|max_counter[3]                                                                     ; Merged with digital_distortion:digital_distortion_L|max_counter[3]                                                              ;
; digital_distortion:digital_distortion_R|max_counter[2]                                                                     ; Merged with digital_distortion:digital_distortion_L|max_counter[2]                                                              ;
; digital_distortion:digital_distortion_R|max_counter[1]                                                                     ; Merged with digital_distortion:digital_distortion_L|max_counter[1]                                                              ;
; digital_distortion:digital_distortion_R|max_counter[0]                                                                     ; Merged with digital_distortion:digital_distortion_L|max_counter[0]                                                              ;
; digital_distortion:digital_distortion_R|decrease_counter                                                                   ; Merged with digital_distortion:digital_distortion_L|decrease_counter                                                            ;
; digital_distortion:digital_distortion_R|increase_counter                                                                   ; Merged with digital_distortion:digital_distortion_L|increase_counter                                                            ;
; digital_distortion:digital_distortion_R|counter50k[10]                                                                     ; Merged with digital_distortion:digital_distortion_L|counter50k[10]                                                              ;
; key_detect:u_switch_trigger|counter50k[10]                                                                                 ; Merged with digital_distortion:digital_distortion_L|counter50k[10]                                                              ;
; digital_distortion:digital_distortion_R|counter50k[9]                                                                      ; Merged with digital_distortion:digital_distortion_L|counter50k[9]                                                               ;
; key_detect:u_switch_trigger|counter50k[9]                                                                                  ; Merged with digital_distortion:digital_distortion_L|counter50k[9]                                                               ;
; digital_distortion:digital_distortion_R|counter50k[8]                                                                      ; Merged with digital_distortion:digital_distortion_L|counter50k[8]                                                               ;
; key_detect:u_switch_trigger|counter50k[8]                                                                                  ; Merged with digital_distortion:digital_distortion_L|counter50k[8]                                                               ;
; digital_distortion:digital_distortion_R|counter50k[7]                                                                      ; Merged with digital_distortion:digital_distortion_L|counter50k[7]                                                               ;
; key_detect:u_switch_trigger|counter50k[7]                                                                                  ; Merged with digital_distortion:digital_distortion_L|counter50k[7]                                                               ;
; digital_distortion:digital_distortion_R|counter50k[6]                                                                      ; Merged with digital_distortion:digital_distortion_L|counter50k[6]                                                               ;
; key_detect:u_switch_trigger|counter50k[6]                                                                                  ; Merged with digital_distortion:digital_distortion_L|counter50k[6]                                                               ;
; digital_distortion:digital_distortion_R|counter50k[5]                                                                      ; Merged with digital_distortion:digital_distortion_L|counter50k[5]                                                               ;
; key_detect:u_switch_trigger|counter50k[5]                                                                                  ; Merged with digital_distortion:digital_distortion_L|counter50k[5]                                                               ;
; digital_distortion:digital_distortion_R|counter50k[4]                                                                      ; Merged with digital_distortion:digital_distortion_L|counter50k[4]                                                               ;
; key_detect:u_switch_trigger|counter50k[4]                                                                                  ; Merged with digital_distortion:digital_distortion_L|counter50k[4]                                                               ;
; digital_distortion:digital_distortion_R|counter50k[3]                                                                      ; Merged with digital_distortion:digital_distortion_L|counter50k[3]                                                               ;
; key_detect:u_switch_trigger|counter50k[3]                                                                                  ; Merged with digital_distortion:digital_distortion_L|counter50k[3]                                                               ;
; digital_distortion:digital_distortion_R|counter50k[2]                                                                      ; Merged with digital_distortion:digital_distortion_L|counter50k[2]                                                               ;
; key_detect:u_switch_trigger|counter50k[2]                                                                                  ; Merged with digital_distortion:digital_distortion_L|counter50k[2]                                                               ;
; digital_distortion:digital_distortion_R|counter50k[1]                                                                      ; Merged with digital_distortion:digital_distortion_L|counter50k[1]                                                               ;
; key_detect:u_switch_trigger|counter50k[1]                                                                                  ; Merged with digital_distortion:digital_distortion_L|counter50k[1]                                                               ;
; digital_distortion:digital_distortion_R|counter50k[0]                                                                      ; Merged with digital_distortion:digital_distortion_L|counter50k[0]                                                               ;
; key_detect:u_switch_trigger|counter50k[0]                                                                                  ; Merged with digital_distortion:digital_distortion_L|counter50k[0]                                                               ;
; digital_distortion:digital_distortion_R|bitRegister0[3]                                                                    ; Merged with digital_distortion:digital_distortion_L|bitRegister0[3]                                                             ;
; digital_distortion:digital_distortion_R|bitRegister0[2]                                                                    ; Merged with digital_distortion:digital_distortion_L|bitRegister0[2]                                                             ;
; digital_distortion:digital_distortion_R|bitRegister0[1]                                                                    ; Merged with digital_distortion:digital_distortion_L|bitRegister0[1]                                                             ;
; digital_distortion:digital_distortion_R|bitRegister0[0]                                                                    ; Merged with digital_distortion:digital_distortion_L|bitRegister0[0]                                                             ;
; digital_distortion:digital_distortion_R|bitRegister1[3]                                                                    ; Merged with digital_distortion:digital_distortion_L|bitRegister1[3]                                                             ;
; digital_distortion:digital_distortion_R|bitRegister1[2]                                                                    ; Merged with digital_distortion:digital_distortion_L|bitRegister1[2]                                                             ;
; digital_distortion:digital_distortion_R|bitRegister1[1]                                                                    ; Merged with digital_distortion:digital_distortion_L|bitRegister1[1]                                                             ;
; digital_distortion:digital_distortion_R|bitRegister1[0]                                                                    ; Merged with digital_distortion:digital_distortion_L|bitRegister1[0]                                                             ;
; octaver:octaver_R|dsp_state[2]                                                                                             ; Merged with octaver:octaver_L|dsp_state[2]                                                                                      ;
; octaver:octaver_R|dsp_state[0]                                                                                             ; Merged with octaver:octaver_L|dsp_state[0]                                                                                      ;
; delay:delay_inst_R|clock_48kHz_sample[0]                                                                                   ; Merged with delay:delay_inst_L|clock_48kHz_sample[0]                                                                            ;
; delay:delay_inst_R|clock_48kHz_sample[1]                                                                                   ; Merged with delay:delay_inst_L|clock_48kHz_sample[1]                                                                            ;
; serial_to_parallel:u1|ADCLRC_sample[0]                                                                                     ; Merged with parallel_to_serial:u2|DACLRC_sample[0]                                                                              ;
; serial_to_parallel:u1|ADCLRC_sample[1]                                                                                     ; Merged with parallel_to_serial:u2|DACLRC_sample[1]                                                                              ;
; I2C_driver:u_I2C_Config|data_to_send[7,8,14..17,19,22,23]                                                                  ; Merged with I2C_driver:u_I2C_Config|data_to_send[13]                                                                            ;
; I2C_driver:u_I2C_Config|data_to_send[20,21]                                                                                ; Merged with I2C_driver:u_I2C_Config|data_to_send[18]                                                                            ;
; chorus:chorus_inst_R|read_state[2]                                                                                         ; Merged with chorus:chorus_inst_L|read_state[2]                                                                                  ;
; chorus:chorus_inst_R|read_state[1]                                                                                         ; Merged with chorus:chorus_inst_L|read_state[1]                                                                                  ;
; chorus:chorus_inst_R|read_state[0]                                                                                         ; Merged with chorus:chorus_inst_L|read_state[0]                                                                                  ;
; octaver:octaver_R|wr_ptr[0]                                                                                                ; Merged with octaver:octaver_L|wr_ptr[0]                                                                                         ;
; octaver:octaver_R|wr_ptr[1]                                                                                                ; Merged with octaver:octaver_L|wr_ptr[1]                                                                                         ;
; octaver:octaver_R|rd_ptr2[1]                                                                                               ; Merged with octaver:octaver_L|rd_ptr2[1]                                                                                        ;
; octaver:octaver_R|rd_ptr2[2]                                                                                               ; Merged with octaver:octaver_L|rd_ptr2[2]                                                                                        ;
; octaver:octaver_R|wr_ptr[2]                                                                                                ; Merged with octaver:octaver_L|wr_ptr[2]                                                                                         ;
; octaver:octaver_R|rd_ptr2[3]                                                                                               ; Merged with octaver:octaver_L|rd_ptr2[3]                                                                                        ;
; octaver:octaver_R|wr_ptr[3]                                                                                                ; Merged with octaver:octaver_L|wr_ptr[3]                                                                                         ;
; octaver:octaver_R|rd_ptr2[4]                                                                                               ; Merged with octaver:octaver_L|rd_ptr2[4]                                                                                        ;
; octaver:octaver_R|wr_ptr[4]                                                                                                ; Merged with octaver:octaver_L|wr_ptr[4]                                                                                         ;
; octaver:octaver_R|rd_ptr2[5]                                                                                               ; Merged with octaver:octaver_L|rd_ptr2[5]                                                                                        ;
; octaver:octaver_R|wr_ptr[5]                                                                                                ; Merged with octaver:octaver_L|wr_ptr[5]                                                                                         ;
; octaver:octaver_R|rd_ptr2[6]                                                                                               ; Merged with octaver:octaver_L|rd_ptr2[6]                                                                                        ;
; octaver:octaver_R|wr_ptr[6]                                                                                                ; Merged with octaver:octaver_L|wr_ptr[6]                                                                                         ;
; octaver:octaver_R|rd_ptr2[7]                                                                                               ; Merged with octaver:octaver_L|rd_ptr2[7]                                                                                        ;
; octaver:octaver_R|wr_ptr[7]                                                                                                ; Merged with octaver:octaver_L|wr_ptr[7]                                                                                         ;
; octaver:octaver_R|rd_ptr2[8]                                                                                               ; Merged with octaver:octaver_L|rd_ptr2[8]                                                                                        ;
; octaver:octaver_R|wr_ptr[8]                                                                                                ; Merged with octaver:octaver_L|wr_ptr[8]                                                                                         ;
; octaver:octaver_R|rd_ptr2[9]                                                                                               ; Merged with octaver:octaver_L|rd_ptr2[9]                                                                                        ;
; octaver:octaver_R|wr_ptr[9]                                                                                                ; Merged with octaver:octaver_L|wr_ptr[9]                                                                                         ;
; octaver:octaver_R|rd_ptr2[10]                                                                                              ; Merged with octaver:octaver_L|rd_ptr2[10]                                                                                       ;
; octaver:octaver_R|wr_ptr[10]                                                                                               ; Merged with octaver:octaver_L|wr_ptr[10]                                                                                        ;
; tremolo:tremolo_inst_R|final_gain[15]                                                                                      ; Merged with tremolo:tremolo_inst_L|final_gain[15]                                                                               ;
; tremolo:tremolo_inst_R|final_gain[7]                                                                                       ; Merged with tremolo:tremolo_inst_L|final_gain[7]                                                                                ;
; tremolo:tremolo_inst_R|final_gain[6]                                                                                       ; Merged with tremolo:tremolo_inst_L|final_gain[6]                                                                                ;
; tremolo:tremolo_inst_R|final_gain[5]                                                                                       ; Merged with tremolo:tremolo_inst_L|final_gain[5]                                                                                ;
; tremolo:tremolo_inst_R|final_gain[4]                                                                                       ; Merged with tremolo:tremolo_inst_L|final_gain[4]                                                                                ;
; tremolo:tremolo_inst_R|final_gain[3]                                                                                       ; Merged with tremolo:tremolo_inst_L|final_gain[3]                                                                                ;
; tremolo:tremolo_inst_R|final_gain[2]                                                                                       ; Merged with tremolo:tremolo_inst_L|final_gain[2]                                                                                ;
; tremolo:tremolo_inst_R|final_gain[1]                                                                                       ; Merged with tremolo:tremolo_inst_L|final_gain[1]                                                                                ;
; tremolo:tremolo_inst_R|final_gain[0]                                                                                       ; Merged with tremolo:tremolo_inst_L|final_gain[0]                                                                                ;
; chorus:chorus_inst_R|ram_write_en                                                                                          ; Merged with chorus:chorus_inst_L|ram_write_en                                                                                   ;
; chorus:chorus_inst_R|ram_write_adr[0]                                                                                      ; Merged with chorus:chorus_inst_L|ram_write_adr[0]                                                                               ;
; chorus:chorus_inst_R|ram_write_adr[1]                                                                                      ; Merged with chorus:chorus_inst_L|ram_write_adr[1]                                                                               ;
; chorus:chorus_inst_R|ram_write_adr[2]                                                                                      ; Merged with chorus:chorus_inst_L|ram_write_adr[2]                                                                               ;
; chorus:chorus_inst_R|ram_write_adr[3]                                                                                      ; Merged with chorus:chorus_inst_L|ram_write_adr[3]                                                                               ;
; chorus:chorus_inst_R|ram_write_adr[4]                                                                                      ; Merged with chorus:chorus_inst_L|ram_write_adr[4]                                                                               ;
; chorus:chorus_inst_R|ram_write_adr[5]                                                                                      ; Merged with chorus:chorus_inst_L|ram_write_adr[5]                                                                               ;
; chorus:chorus_inst_R|ram_write_adr[6]                                                                                      ; Merged with chorus:chorus_inst_L|ram_write_adr[6]                                                                               ;
; chorus:chorus_inst_R|ram_write_adr[7]                                                                                      ; Merged with chorus:chorus_inst_L|ram_write_adr[7]                                                                               ;
; chorus:chorus_inst_R|ram_write_adr[8]                                                                                      ; Merged with chorus:chorus_inst_L|ram_write_adr[8]                                                                               ;
; chorus:chorus_inst_R|ram_write_adr[9]                                                                                      ; Merged with chorus:chorus_inst_L|ram_write_adr[9]                                                                               ;
; chorus:chorus_inst_R|ram_write_adr[10]                                                                                     ; Merged with chorus:chorus_inst_L|ram_write_adr[10]                                                                              ;
; chorus:chorus_inst_R|ram_write_adr[11]                                                                                     ; Merged with chorus:chorus_inst_L|ram_write_adr[11]                                                                              ;
; chorus:chorus_inst_R|ram_write_adr[12]                                                                                     ; Merged with chorus:chorus_inst_L|ram_write_adr[12]                                                                              ;
; chorus:chorus_inst_R|ram_read_adr[0]                                                                                       ; Merged with chorus:chorus_inst_L|ram_read_adr[0]                                                                                ;
; chorus:chorus_inst_R|ram_read_adr[1]                                                                                       ; Merged with chorus:chorus_inst_L|ram_read_adr[1]                                                                                ;
; chorus:chorus_inst_R|ram_read_adr[2]                                                                                       ; Merged with chorus:chorus_inst_L|ram_read_adr[2]                                                                                ;
; chorus:chorus_inst_R|ram_read_adr[3]                                                                                       ; Merged with chorus:chorus_inst_L|ram_read_adr[3]                                                                                ;
; chorus:chorus_inst_R|ram_read_adr[4]                                                                                       ; Merged with chorus:chorus_inst_L|ram_read_adr[4]                                                                                ;
; chorus:chorus_inst_R|ram_read_adr[5]                                                                                       ; Merged with chorus:chorus_inst_L|ram_read_adr[5]                                                                                ;
; chorus:chorus_inst_R|ram_read_adr[6]                                                                                       ; Merged with chorus:chorus_inst_L|ram_read_adr[6]                                                                                ;
; chorus:chorus_inst_R|ram_read_adr[7]                                                                                       ; Merged with chorus:chorus_inst_L|ram_read_adr[7]                                                                                ;
; chorus:chorus_inst_R|ram_read_adr[8]                                                                                       ; Merged with chorus:chorus_inst_L|ram_read_adr[8]                                                                                ;
; chorus:chorus_inst_R|ram_read_adr[9]                                                                                       ; Merged with chorus:chorus_inst_L|ram_read_adr[9]                                                                                ;
; chorus:chorus_inst_R|ram_read_adr[10]                                                                                      ; Merged with chorus:chorus_inst_L|ram_read_adr[10]                                                                               ;
; chorus:chorus_inst_R|ram_read_adr[11]                                                                                      ; Merged with chorus:chorus_inst_L|ram_read_adr[11]                                                                               ;
; chorus:chorus_inst_R|ram_read_adr[12]                                                                                      ; Merged with chorus:chorus_inst_L|ram_read_adr[12]                                                                               ;
; chorus:chorus_inst_R|clock_48kHz_sample[1]                                                                                 ; Merged with chorus:chorus_inst_L|clock_48kHz_sample[1]                                                                          ;
; chorus:chorus_inst_R|clock_48kHz_sample[0]                                                                                 ; Merged with chorus:chorus_inst_L|clock_48kHz_sample[0]                                                                          ;
; octaver:octaver_R|wren_a_sig                                                                                               ; Merged with octaver:octaver_L|wren_a_sig                                                                                        ;
; octaver:octaver_R|addr_a[0]                                                                                                ; Merged with octaver:octaver_L|addr_a[0]                                                                                         ;
; octaver:octaver_R|addr_a[1]                                                                                                ; Merged with octaver:octaver_L|addr_a[1]                                                                                         ;
; octaver:octaver_R|addr_a[2]                                                                                                ; Merged with octaver:octaver_L|addr_a[2]                                                                                         ;
; octaver:octaver_R|addr_a[3]                                                                                                ; Merged with octaver:octaver_L|addr_a[3]                                                                                         ;
; octaver:octaver_R|addr_a[4]                                                                                                ; Merged with octaver:octaver_L|addr_a[4]                                                                                         ;
; octaver:octaver_R|addr_a[5]                                                                                                ; Merged with octaver:octaver_L|addr_a[5]                                                                                         ;
; octaver:octaver_R|addr_a[6]                                                                                                ; Merged with octaver:octaver_L|addr_a[6]                                                                                         ;
; octaver:octaver_R|addr_a[7]                                                                                                ; Merged with octaver:octaver_L|addr_a[7]                                                                                         ;
; octaver:octaver_R|addr_a[8]                                                                                                ; Merged with octaver:octaver_L|addr_a[8]                                                                                         ;
; octaver:octaver_R|addr_a[9]                                                                                                ; Merged with octaver:octaver_L|addr_a[9]                                                                                         ;
; octaver:octaver_R|addr_a[10]                                                                                               ; Merged with octaver:octaver_L|addr_a[10]                                                                                        ;
; octaver:octaver_R|addr_b[0]                                                                                                ; Merged with octaver:octaver_L|addr_b[0]                                                                                         ;
; octaver:octaver_R|addr_b[1]                                                                                                ; Merged with octaver:octaver_L|addr_b[1]                                                                                         ;
; octaver:octaver_R|addr_b[2]                                                                                                ; Merged with octaver:octaver_L|addr_b[2]                                                                                         ;
; octaver:octaver_R|addr_b[3]                                                                                                ; Merged with octaver:octaver_L|addr_b[3]                                                                                         ;
; octaver:octaver_R|addr_b[4]                                                                                                ; Merged with octaver:octaver_L|addr_b[4]                                                                                         ;
; octaver:octaver_R|addr_b[5]                                                                                                ; Merged with octaver:octaver_L|addr_b[5]                                                                                         ;
; octaver:octaver_R|addr_b[6]                                                                                                ; Merged with octaver:octaver_L|addr_b[6]                                                                                         ;
; octaver:octaver_R|addr_b[7]                                                                                                ; Merged with octaver:octaver_L|addr_b[7]                                                                                         ;
; octaver:octaver_R|addr_b[8]                                                                                                ; Merged with octaver:octaver_L|addr_b[8]                                                                                         ;
; octaver:octaver_R|addr_b[9]                                                                                                ; Merged with octaver:octaver_L|addr_b[9]                                                                                         ;
; octaver:octaver_R|addr_b[10]                                                                                               ; Merged with octaver:octaver_L|addr_b[10]                                                                                        ;
; tremolo:tremolo_inst_R|sinus_sig[6]                                                                                        ; Merged with tremolo:tremolo_inst_L|sinus_sig[6]                                                                                 ;
; tremolo:tremolo_inst_R|sinus_sig[5]                                                                                        ; Merged with tremolo:tremolo_inst_L|sinus_sig[5]                                                                                 ;
; digital_distortion:digital_distortion_R|counter[4]                                                                         ; Merged with digital_distortion:digital_distortion_L|counter[4]                                                                  ;
; digital_distortion:digital_distortion_R|counter[3]                                                                         ; Merged with digital_distortion:digital_distortion_L|counter[3]                                                                  ;
; digital_distortion:digital_distortion_R|counter[2]                                                                         ; Merged with digital_distortion:digital_distortion_L|counter[2]                                                                  ;
; digital_distortion:digital_distortion_R|counter[1]                                                                         ; Merged with digital_distortion:digital_distortion_L|counter[1]                                                                  ;
; digital_distortion:digital_distortion_R|counter[0]                                                                         ; Merged with digital_distortion:digital_distortion_L|counter[0]                                                                  ;
; chorus:chorus_inst_R|counter_write[0]                                                                                      ; Merged with chorus:chorus_inst_L|counter_write[0]                                                                               ;
; chorus:chorus_inst_R|counter_write[1]                                                                                      ; Merged with chorus:chorus_inst_L|counter_write[1]                                                                               ;
; chorus:chorus_inst_R|counter_write[2]                                                                                      ; Merged with chorus:chorus_inst_L|counter_write[2]                                                                               ;
; chorus:chorus_inst_R|counter_write[3]                                                                                      ; Merged with chorus:chorus_inst_L|counter_write[3]                                                                               ;
; chorus:chorus_inst_R|counter_write[4]                                                                                      ; Merged with chorus:chorus_inst_L|counter_write[4]                                                                               ;
; chorus:chorus_inst_R|counter_write[5]                                                                                      ; Merged with chorus:chorus_inst_L|counter_write[5]                                                                               ;
; chorus:chorus_inst_R|counter_write[6]                                                                                      ; Merged with chorus:chorus_inst_L|counter_write[6]                                                                               ;
; chorus:chorus_inst_R|counter_write[7]                                                                                      ; Merged with chorus:chorus_inst_L|counter_write[7]                                                                               ;
; chorus:chorus_inst_R|counter_write[8]                                                                                      ; Merged with chorus:chorus_inst_L|counter_write[8]                                                                               ;
; chorus:chorus_inst_R|counter_write[9]                                                                                      ; Merged with chorus:chorus_inst_L|counter_write[9]                                                                               ;
; chorus:chorus_inst_R|counter_write[10]                                                                                     ; Merged with chorus:chorus_inst_L|counter_write[10]                                                                              ;
; chorus:chorus_inst_R|counter_write[11]                                                                                     ; Merged with chorus:chorus_inst_L|counter_write[11]                                                                              ;
; chorus:chorus_inst_R|counter_write[12]                                                                                     ; Merged with chorus:chorus_inst_L|counter_write[12]                                                                              ;
; chorus:chorus_inst_R|counter_read1[0]                                                                                      ; Merged with chorus:chorus_inst_L|counter_read1[0]                                                                               ;
; chorus:chorus_inst_R|counter_read2[0]                                                                                      ; Merged with chorus:chorus_inst_L|counter_read2[0]                                                                               ;
; chorus:chorus_inst_R|counter_read1[1]                                                                                      ; Merged with chorus:chorus_inst_L|counter_read1[1]                                                                               ;
; chorus:chorus_inst_R|counter_read2[1]                                                                                      ; Merged with chorus:chorus_inst_L|counter_read2[1]                                                                               ;
; chorus:chorus_inst_R|counter_read1[2]                                                                                      ; Merged with chorus:chorus_inst_L|counter_read1[2]                                                                               ;
; chorus:chorus_inst_R|counter_read2[2]                                                                                      ; Merged with chorus:chorus_inst_L|counter_read2[2]                                                                               ;
; chorus:chorus_inst_R|counter_read1[3]                                                                                      ; Merged with chorus:chorus_inst_L|counter_read1[3]                                                                               ;
; chorus:chorus_inst_R|counter_read2[3]                                                                                      ; Merged with chorus:chorus_inst_L|counter_read2[3]                                                                               ;
; chorus:chorus_inst_R|counter_read1[4]                                                                                      ; Merged with chorus:chorus_inst_L|counter_read1[4]                                                                               ;
; chorus:chorus_inst_R|counter_read2[4]                                                                                      ; Merged with chorus:chorus_inst_L|counter_read2[4]                                                                               ;
; chorus:chorus_inst_R|counter_read1[5]                                                                                      ; Merged with chorus:chorus_inst_L|counter_read1[5]                                                                               ;
; chorus:chorus_inst_R|counter_read2[5]                                                                                      ; Merged with chorus:chorus_inst_L|counter_read2[5]                                                                               ;
; chorus:chorus_inst_R|counter_read1[6]                                                                                      ; Merged with chorus:chorus_inst_L|counter_read1[6]                                                                               ;
; chorus:chorus_inst_R|counter_read2[6]                                                                                      ; Merged with chorus:chorus_inst_L|counter_read2[6]                                                                               ;
; chorus:chorus_inst_R|counter_read1[7]                                                                                      ; Merged with chorus:chorus_inst_L|counter_read1[7]                                                                               ;
; chorus:chorus_inst_R|counter_read2[7]                                                                                      ; Merged with chorus:chorus_inst_L|counter_read2[7]                                                                               ;
; chorus:chorus_inst_R|counter_read1[8]                                                                                      ; Merged with chorus:chorus_inst_L|counter_read1[8]                                                                               ;
; chorus:chorus_inst_R|counter_read2[8]                                                                                      ; Merged with chorus:chorus_inst_L|counter_read2[8]                                                                               ;
; chorus:chorus_inst_R|counter_read1[9]                                                                                      ; Merged with chorus:chorus_inst_L|counter_read1[9]                                                                               ;
; chorus:chorus_inst_R|counter_read2[9]                                                                                      ; Merged with chorus:chorus_inst_L|counter_read2[9]                                                                               ;
; chorus:chorus_inst_R|counter_read1[10]                                                                                     ; Merged with chorus:chorus_inst_L|counter_read1[10]                                                                              ;
; chorus:chorus_inst_R|counter_read2[10]                                                                                     ; Merged with chorus:chorus_inst_L|counter_read2[10]                                                                              ;
; chorus:chorus_inst_R|counter_read1[11]                                                                                     ; Merged with chorus:chorus_inst_L|counter_read1[11]                                                                              ;
; chorus:chorus_inst_R|counter_read2[11]                                                                                     ; Merged with chorus:chorus_inst_L|counter_read2[11]                                                                              ;
; chorus:chorus_inst_R|counter_read1[12]                                                                                     ; Merged with chorus:chorus_inst_L|counter_read1[12]                                                                              ;
; chorus:chorus_inst_R|counter_read2[12]                                                                                     ; Merged with chorus:chorus_inst_L|counter_read2[12]                                                                              ;
; tremolo:tremolo_inst_R|SinusLUT:sinus_inst|data_out[6]                                                                     ; Merged with tremolo:tremolo_inst_L|SinusLUT:sinus_inst|data_out[6]                                                              ;
; tremolo:tremolo_inst_R|SinusLUT:sinus_inst|data_out[5]                                                                     ; Merged with tremolo:tremolo_inst_L|SinusLUT:sinus_inst|data_out[5]                                                              ;
; delay:delay_inst_R|RAM:RAM_inst|altsyncram:altsyncram_component|altsyncram_79o3:auto_generated|out_address_reg_b[0]        ; Merged with delay:delay_inst_L|RAM:RAM_inst|altsyncram:altsyncram_component|altsyncram_79o3:auto_generated|out_address_reg_b[0] ;
; delay:delay_inst_R|RAM:RAM_inst|altsyncram:altsyncram_component|altsyncram_79o3:auto_generated|out_address_reg_b[1]        ; Merged with delay:delay_inst_L|RAM:RAM_inst|altsyncram:altsyncram_component|altsyncram_79o3:auto_generated|out_address_reg_b[1] ;
; chorus:chorus_inst_R|lfo_offset1[2]                                                                                        ; Merged with chorus:chorus_inst_L|lfo_offset1[2]                                                                                 ;
; chorus:chorus_inst_R|lfo_offset1[8]                                                                                        ; Merged with chorus:chorus_inst_L|lfo_offset1[8]                                                                                 ;
; tremolo:tremolo_inst_R|phase_acc[15]                                                                                       ; Merged with tremolo:tremolo_inst_L|phase_acc[15]                                                                                ;
; tremolo:tremolo_inst_R|phase_acc[14]                                                                                       ; Merged with tremolo:tremolo_inst_L|phase_acc[14]                                                                                ;
; tremolo:tremolo_inst_R|phase_acc[13]                                                                                       ; Merged with tremolo:tremolo_inst_L|phase_acc[13]                                                                                ;
; tremolo:tremolo_inst_R|phase_acc[12]                                                                                       ; Merged with tremolo:tremolo_inst_L|phase_acc[12]                                                                                ;
; tremolo:tremolo_inst_R|phase_acc[11]                                                                                       ; Merged with tremolo:tremolo_inst_L|phase_acc[11]                                                                                ;
; tremolo:tremolo_inst_R|phase_acc[10]                                                                                       ; Merged with tremolo:tremolo_inst_L|phase_acc[10]                                                                                ;
; tremolo:tremolo_inst_R|phase_acc[9]                                                                                        ; Merged with tremolo:tremolo_inst_L|phase_acc[9]                                                                                 ;
; tremolo:tremolo_inst_R|phase_acc[8]                                                                                        ; Merged with tremolo:tremolo_inst_L|phase_acc[8]                                                                                 ;
; delay:delay_inst_R|ram_write_adr[14]                                                                                       ; Merged with delay:delay_inst_L|ram_write_adr[14]                                                                                ;
; delay:delay_inst_R|ram_write_en                                                                                            ; Merged with delay:delay_inst_L|ram_write_en                                                                                     ;
; delay:delay_inst_R|ram_write_adr[13]                                                                                       ; Merged with delay:delay_inst_L|ram_write_adr[13]                                                                                ;
; delay:delay_inst_R|ram_read_adr[13]                                                                                        ; Merged with delay:delay_inst_L|ram_read_adr[13]                                                                                 ;
; delay:delay_inst_R|ram_read_adr[14]                                                                                        ; Merged with delay:delay_inst_L|ram_read_adr[14]                                                                                 ;
; delay:delay_inst_R|ram_write_adr[0]                                                                                        ; Merged with delay:delay_inst_L|ram_write_adr[0]                                                                                 ;
; delay:delay_inst_R|ram_write_adr[1]                                                                                        ; Merged with delay:delay_inst_L|ram_write_adr[1]                                                                                 ;
; delay:delay_inst_R|ram_write_adr[2]                                                                                        ; Merged with delay:delay_inst_L|ram_write_adr[2]                                                                                 ;
; delay:delay_inst_R|ram_write_adr[3]                                                                                        ; Merged with delay:delay_inst_L|ram_write_adr[3]                                                                                 ;
; delay:delay_inst_R|ram_write_adr[4]                                                                                        ; Merged with delay:delay_inst_L|ram_write_adr[4]                                                                                 ;
; delay:delay_inst_R|ram_write_adr[5]                                                                                        ; Merged with delay:delay_inst_L|ram_write_adr[5]                                                                                 ;
; delay:delay_inst_R|ram_write_adr[6]                                                                                        ; Merged with delay:delay_inst_L|ram_write_adr[6]                                                                                 ;
; delay:delay_inst_R|ram_write_adr[7]                                                                                        ; Merged with delay:delay_inst_L|ram_write_adr[7]                                                                                 ;
; delay:delay_inst_R|ram_write_adr[8]                                                                                        ; Merged with delay:delay_inst_L|ram_write_adr[8]                                                                                 ;
; delay:delay_inst_R|ram_write_adr[9]                                                                                        ; Merged with delay:delay_inst_L|ram_write_adr[9]                                                                                 ;
; delay:delay_inst_R|ram_write_adr[10]                                                                                       ; Merged with delay:delay_inst_L|ram_write_adr[10]                                                                                ;
; delay:delay_inst_R|ram_write_adr[11]                                                                                       ; Merged with delay:delay_inst_L|ram_write_adr[11]                                                                                ;
; delay:delay_inst_R|ram_write_adr[12]                                                                                       ; Merged with delay:delay_inst_L|ram_write_adr[12]                                                                                ;
; delay:delay_inst_R|ram_read_adr[0]                                                                                         ; Merged with delay:delay_inst_L|ram_read_adr[0]                                                                                  ;
; delay:delay_inst_R|ram_read_adr[1]                                                                                         ; Merged with delay:delay_inst_L|ram_read_adr[1]                                                                                  ;
; delay:delay_inst_R|ram_read_adr[2]                                                                                         ; Merged with delay:delay_inst_L|ram_read_adr[2]                                                                                  ;
; delay:delay_inst_R|ram_read_adr[3]                                                                                         ; Merged with delay:delay_inst_L|ram_read_adr[3]                                                                                  ;
; delay:delay_inst_R|ram_read_adr[4]                                                                                         ; Merged with delay:delay_inst_L|ram_read_adr[4]                                                                                  ;
; delay:delay_inst_R|ram_read_adr[5]                                                                                         ; Merged with delay:delay_inst_L|ram_read_adr[5]                                                                                  ;
; delay:delay_inst_R|ram_read_adr[6]                                                                                         ; Merged with delay:delay_inst_L|ram_read_adr[6]                                                                                  ;
; delay:delay_inst_R|ram_read_adr[7]                                                                                         ; Merged with delay:delay_inst_L|ram_read_adr[7]                                                                                  ;
; delay:delay_inst_R|ram_read_adr[8]                                                                                         ; Merged with delay:delay_inst_L|ram_read_adr[8]                                                                                  ;
; delay:delay_inst_R|ram_read_adr[9]                                                                                         ; Merged with delay:delay_inst_L|ram_read_adr[9]                                                                                  ;
; delay:delay_inst_R|ram_read_adr[10]                                                                                        ; Merged with delay:delay_inst_L|ram_read_adr[10]                                                                                 ;
; delay:delay_inst_R|ram_read_adr[11]                                                                                        ; Merged with delay:delay_inst_L|ram_read_adr[11]                                                                                 ;
; delay:delay_inst_R|ram_read_adr[12]                                                                                        ; Merged with delay:delay_inst_L|ram_read_adr[12]                                                                                 ;
; delay:delay_inst_R|RAM:RAM_inst|altsyncram:altsyncram_component|altsyncram_79o3:auto_generated|address_reg_b[0]            ; Merged with delay:delay_inst_L|RAM:RAM_inst|altsyncram:altsyncram_component|altsyncram_79o3:auto_generated|address_reg_b[0]     ;
; delay:delay_inst_R|RAM:RAM_inst|altsyncram:altsyncram_component|altsyncram_79o3:auto_generated|address_reg_b[1]            ; Merged with delay:delay_inst_L|RAM:RAM_inst|altsyncram:altsyncram_component|altsyncram_79o3:auto_generated|address_reg_b[1]     ;
; chorus:chorus_inst_R|SinusLUT:SINE_INST|data_out[0]                                                                        ; Merged with chorus:chorus_inst_L|SinusLUT:SINE_INST|data_out[0]                                                                 ;
; chorus:chorus_inst_R|SinusLUT:SINE_INST|data_out[6]                                                                        ; Merged with chorus:chorus_inst_L|SinusLUT:SINE_INST|data_out[6]                                                                 ;
; tremolo:tremolo_inst_R|phase_acc[7]                                                                                        ; Merged with tremolo:tremolo_inst_L|phase_acc[7]                                                                                 ;
; tremolo:tremolo_inst_R|phase_acc[6]                                                                                        ; Merged with tremolo:tremolo_inst_L|phase_acc[6]                                                                                 ;
; tremolo:tremolo_inst_R|phase_acc[5]                                                                                        ; Merged with tremolo:tremolo_inst_L|phase_acc[5]                                                                                 ;
; tremolo:tremolo_inst_R|phase_acc[4]                                                                                        ; Merged with tremolo:tremolo_inst_L|phase_acc[4]                                                                                 ;
; tremolo:tremolo_inst_R|phase_acc[3]                                                                                        ; Merged with tremolo:tremolo_inst_L|phase_acc[3]                                                                                 ;
; tremolo:tremolo_inst_R|phase_acc[2]                                                                                        ; Merged with tremolo:tremolo_inst_L|phase_acc[2]                                                                                 ;
; tremolo:tremolo_inst_R|phase_acc[1]                                                                                        ; Merged with tremolo:tremolo_inst_L|phase_acc[1]                                                                                 ;
; tremolo:tremolo_inst_R|phase_acc[0]                                                                                        ; Merged with tremolo:tremolo_inst_L|phase_acc[0]                                                                                 ;
; delay:delay_inst_R|counter[13]                                                                                             ; Merged with delay:delay_inst_L|counter[13]                                                                                      ;
; delay:delay_inst_R|counter[14]                                                                                             ; Merged with delay:delay_inst_L|counter[14]                                                                                      ;
; delay:delay_inst_R|counter[0]                                                                                              ; Merged with delay:delay_inst_L|counter[0]                                                                                       ;
; delay:delay_inst_R|counter[1]                                                                                              ; Merged with delay:delay_inst_L|counter[1]                                                                                       ;
; delay:delay_inst_R|counter[2]                                                                                              ; Merged with delay:delay_inst_L|counter[2]                                                                                       ;
; delay:delay_inst_R|counter[3]                                                                                              ; Merged with delay:delay_inst_L|counter[3]                                                                                       ;
; delay:delay_inst_R|counter[4]                                                                                              ; Merged with delay:delay_inst_L|counter[4]                                                                                       ;
; delay:delay_inst_R|counter[5]                                                                                              ; Merged with delay:delay_inst_L|counter[5]                                                                                       ;
; delay:delay_inst_R|counter[6]                                                                                              ; Merged with delay:delay_inst_L|counter[6]                                                                                       ;
; delay:delay_inst_R|counter[7]                                                                                              ; Merged with delay:delay_inst_L|counter[7]                                                                                       ;
; delay:delay_inst_R|counter[8]                                                                                              ; Merged with delay:delay_inst_L|counter[8]                                                                                       ;
; delay:delay_inst_R|counter[9]                                                                                              ; Merged with delay:delay_inst_L|counter[9]                                                                                       ;
; delay:delay_inst_R|counter[10]                                                                                             ; Merged with delay:delay_inst_L|counter[10]                                                                                      ;
; delay:delay_inst_R|counter[11]                                                                                             ; Merged with delay:delay_inst_L|counter[11]                                                                                      ;
; delay:delay_inst_R|counter[12]                                                                                             ; Merged with delay:delay_inst_L|counter[12]                                                                                      ;
; chorus:chorus_inst_R|phase_acc[7]                                                                                          ; Merged with chorus:chorus_inst_L|phase_acc[7]                                                                                   ;
; chorus:chorus_inst_R|phase_acc[6]                                                                                          ; Merged with chorus:chorus_inst_L|phase_acc[6]                                                                                   ;
; chorus:chorus_inst_R|phase_acc[5]                                                                                          ; Merged with chorus:chorus_inst_L|phase_acc[5]                                                                                   ;
; chorus:chorus_inst_R|phase_acc[4]                                                                                          ; Merged with chorus:chorus_inst_L|phase_acc[4]                                                                                   ;
; chorus:chorus_inst_R|phase_acc[3]                                                                                          ; Merged with chorus:chorus_inst_L|phase_acc[3]                                                                                   ;
; chorus:chorus_inst_R|phase_acc[2]                                                                                          ; Merged with chorus:chorus_inst_L|phase_acc[2]                                                                                   ;
; chorus:chorus_inst_R|phase_acc[1]                                                                                          ; Merged with chorus:chorus_inst_L|phase_acc[1]                                                                                   ;
; chorus:chorus_inst_R|phase_acc[0]                                                                                          ; Merged with chorus:chorus_inst_L|phase_acc[0]                                                                                   ;
; delay:delay_inst_R|counter[15]                                                                                             ; Merged with delay:delay_inst_L|counter[15]                                                                                      ;
; chorus:chorus_inst_R|lfo_counter[19]                                                                                       ; Merged with chorus:chorus_inst_L|lfo_counter[19]                                                                                ;
; chorus:chorus_inst_R|lfo_counter[18]                                                                                       ; Merged with chorus:chorus_inst_L|lfo_counter[18]                                                                                ;
; chorus:chorus_inst_R|lfo_counter[17]                                                                                       ; Merged with chorus:chorus_inst_L|lfo_counter[17]                                                                                ;
; chorus:chorus_inst_R|lfo_counter[16]                                                                                       ; Merged with chorus:chorus_inst_L|lfo_counter[16]                                                                                ;
; chorus:chorus_inst_R|lfo_counter[15]                                                                                       ; Merged with chorus:chorus_inst_L|lfo_counter[15]                                                                                ;
; chorus:chorus_inst_R|lfo_counter[14]                                                                                       ; Merged with chorus:chorus_inst_L|lfo_counter[14]                                                                                ;
; chorus:chorus_inst_R|lfo_counter[13]                                                                                       ; Merged with chorus:chorus_inst_L|lfo_counter[13]                                                                                ;
; chorus:chorus_inst_R|lfo_counter[12]                                                                                       ; Merged with chorus:chorus_inst_L|lfo_counter[12]                                                                                ;
; chorus:chorus_inst_R|lfo_counter[11]                                                                                       ; Merged with chorus:chorus_inst_L|lfo_counter[11]                                                                                ;
; chorus:chorus_inst_R|lfo_counter[10]                                                                                       ; Merged with chorus:chorus_inst_L|lfo_counter[10]                                                                                ;
; chorus:chorus_inst_R|lfo_counter[9]                                                                                        ; Merged with chorus:chorus_inst_L|lfo_counter[9]                                                                                 ;
; chorus:chorus_inst_R|lfo_counter[8]                                                                                        ; Merged with chorus:chorus_inst_L|lfo_counter[8]                                                                                 ;
; chorus:chorus_inst_R|lfo_counter[7]                                                                                        ; Merged with chorus:chorus_inst_L|lfo_counter[7]                                                                                 ;
; chorus:chorus_inst_R|lfo_counter[6]                                                                                        ; Merged with chorus:chorus_inst_L|lfo_counter[6]                                                                                 ;
; chorus:chorus_inst_R|lfo_counter[5]                                                                                        ; Merged with chorus:chorus_inst_L|lfo_counter[5]                                                                                 ;
; chorus:chorus_inst_R|lfo_counter[4]                                                                                        ; Merged with chorus:chorus_inst_L|lfo_counter[4]                                                                                 ;
; chorus:chorus_inst_R|lfo_counter[3]                                                                                        ; Merged with chorus:chorus_inst_L|lfo_counter[3]                                                                                 ;
; chorus:chorus_inst_R|lfo_counter[2]                                                                                        ; Merged with chorus:chorus_inst_L|lfo_counter[2]                                                                                 ;
; chorus:chorus_inst_R|lfo_counter[1]                                                                                        ; Merged with chorus:chorus_inst_L|lfo_counter[1]                                                                                 ;
; chorus:chorus_inst_R|lfo_counter[0]                                                                                        ; Merged with chorus:chorus_inst_L|lfo_counter[0]                                                                                 ;
; octaver:octaver_R|rd_ptr1[10]                                                                                              ; Merged with octaver:octaver_L|rd_ptr1[10]                                                                                       ;
; octaver:octaver_R|dsp_state[1]                                                                                             ; Merged with octaver:octaver_L|dsp_state[1]                                                                                      ;
; octaver:octaver_R|rd_ptr1[1]                                                                                               ; Merged with octaver:octaver_L|rd_ptr1[1]                                                                                        ;
; octaver:octaver_R|rd_ptr1[2]                                                                                               ; Merged with octaver:octaver_L|rd_ptr1[2]                                                                                        ;
; octaver:octaver_R|rd_ptr1[3]                                                                                               ; Merged with octaver:octaver_L|rd_ptr1[3]                                                                                        ;
; octaver:octaver_R|rd_ptr1[4]                                                                                               ; Merged with octaver:octaver_L|rd_ptr1[4]                                                                                        ;
; octaver:octaver_R|rd_ptr1[5]                                                                                               ; Merged with octaver:octaver_L|rd_ptr1[5]                                                                                        ;
; octaver:octaver_R|rd_ptr1[6]                                                                                               ; Merged with octaver:octaver_L|rd_ptr1[6]                                                                                        ;
; octaver:octaver_R|rd_ptr1[7]                                                                                               ; Merged with octaver:octaver_L|rd_ptr1[7]                                                                                        ;
; octaver:octaver_R|rd_ptr1[8]                                                                                               ; Merged with octaver:octaver_L|rd_ptr1[8]                                                                                        ;
; octaver:octaver_R|rd_ptr1[9]                                                                                               ; Merged with octaver:octaver_L|rd_ptr1[9]                                                                                        ;
; chorus:chorus_inst_R|counter_read3[0]                                                                                      ; Merged with chorus:chorus_inst_L|counter_read3[0]                                                                               ;
; chorus:chorus_inst_R|counter_read3[1]                                                                                      ; Merged with chorus:chorus_inst_L|counter_read3[1]                                                                               ;
; chorus:chorus_inst_R|counter_read3[2]                                                                                      ; Merged with chorus:chorus_inst_L|counter_read3[2]                                                                               ;
; chorus:chorus_inst_R|counter_read3[3]                                                                                      ; Merged with chorus:chorus_inst_L|counter_read3[3]                                                                               ;
; chorus:chorus_inst_R|counter_read3[4]                                                                                      ; Merged with chorus:chorus_inst_L|counter_read3[4]                                                                               ;
; chorus:chorus_inst_R|counter_read3[5]                                                                                      ; Merged with chorus:chorus_inst_L|counter_read3[5]                                                                               ;
; chorus:chorus_inst_R|counter_read3[6]                                                                                      ; Merged with chorus:chorus_inst_L|counter_read3[6]                                                                               ;
; chorus:chorus_inst_R|counter_read3[7]                                                                                      ; Merged with chorus:chorus_inst_L|counter_read3[7]                                                                               ;
; chorus:chorus_inst_R|counter_read3[8]                                                                                      ; Merged with chorus:chorus_inst_L|counter_read3[8]                                                                               ;
; chorus:chorus_inst_R|counter_read3[9]                                                                                      ; Merged with chorus:chorus_inst_L|counter_read3[9]                                                                               ;
; chorus:chorus_inst_R|counter_read3[10]                                                                                     ; Merged with chorus:chorus_inst_L|counter_read3[10]                                                                              ;
; chorus:chorus_inst_R|counter_read3[11]                                                                                     ; Merged with chorus:chorus_inst_L|counter_read3[11]                                                                              ;
; chorus:chorus_inst_R|counter_read3[12]                                                                                     ; Merged with chorus:chorus_inst_L|counter_read3[12]                                                                              ;
; tremolo:tremolo_inst_R|SinusLUT:sinus_inst|data_out[4]                                                                     ; Merged with tremolo:tremolo_inst_L|SinusLUT:sinus_inst|data_out[4]                                                              ;
; tremolo:tremolo_inst_R|SinusLUT:sinus_inst|data_out[3]                                                                     ; Merged with tremolo:tremolo_inst_L|SinusLUT:sinus_inst|data_out[3]                                                              ;
; tremolo:tremolo_inst_R|SinusLUT:sinus_inst|data_out[2]                                                                     ; Merged with tremolo:tremolo_inst_L|SinusLUT:sinus_inst|data_out[2]                                                              ;
; tremolo:tremolo_inst_R|SinusLUT:sinus_inst|data_out[1]                                                                     ; Merged with tremolo:tremolo_inst_L|SinusLUT:sinus_inst|data_out[1]                                                              ;
; tremolo:tremolo_inst_R|SinusLUT:sinus_inst|data_out[0]                                                                     ; Merged with tremolo:tremolo_inst_L|SinusLUT:sinus_inst|data_out[0]                                                              ;
; chorus:chorus_inst_R|SinusLUT:SINE_INST|data_out[1]                                                                        ; Merged with chorus:chorus_inst_L|SinusLUT:SINE_INST|data_out[1]                                                                 ;
; chorus:chorus_inst_R|SinusLUT:SINE_INST|data_out[2]                                                                        ; Merged with chorus:chorus_inst_L|SinusLUT:SINE_INST|data_out[2]                                                                 ;
; chorus:chorus_inst_R|SinusLUT:SINE_INST|data_out[3]                                                                        ; Merged with chorus:chorus_inst_L|SinusLUT:SINE_INST|data_out[3]                                                                 ;
; chorus:chorus_inst_R|SinusLUT:SINE_INST|data_out[4]                                                                        ; Merged with chorus:chorus_inst_L|SinusLUT:SINE_INST|data_out[4]                                                                 ;
; chorus:chorus_inst_R|SinusLUT:SINE_INST|data_out[5]                                                                        ; Merged with chorus:chorus_inst_L|SinusLUT:SINE_INST|data_out[5]                                                                 ;
; tremolo:tremolo_inst_R|sinus_sig[4]                                                                                        ; Merged with tremolo:tremolo_inst_L|sinus_sig[4]                                                                                 ;
; tremolo:tremolo_inst_R|sinus_sig[3]                                                                                        ; Merged with tremolo:tremolo_inst_L|sinus_sig[3]                                                                                 ;
; tremolo:tremolo_inst_R|sinus_sig[2]                                                                                        ; Merged with tremolo:tremolo_inst_L|sinus_sig[2]                                                                                 ;
; tremolo:tremolo_inst_R|sinus_sig[1]                                                                                        ; Merged with tremolo:tremolo_inst_L|sinus_sig[1]                                                                                 ;
; tremolo:tremolo_inst_R|sinus_sig[0]                                                                                        ; Merged with tremolo:tremolo_inst_L|sinus_sig[0]                                                                                 ;
; chorus:chorus_inst_R|lfo_offset1[3]                                                                                        ; Merged with chorus:chorus_inst_L|lfo_offset1[3]                                                                                 ;
; chorus:chorus_inst_R|lfo_offset1[4]                                                                                        ; Merged with chorus:chorus_inst_L|lfo_offset1[4]                                                                                 ;
; chorus:chorus_inst_R|lfo_offset1[5]                                                                                        ; Merged with chorus:chorus_inst_L|lfo_offset1[5]                                                                                 ;
; chorus:chorus_inst_R|lfo_offset1[6]                                                                                        ; Merged with chorus:chorus_inst_L|lfo_offset1[6]                                                                                 ;
; chorus:chorus_inst_R|lfo_offset1[7]                                                                                        ; Merged with chorus:chorus_inst_L|lfo_offset1[7]                                                                                 ;
; I2C_driver:u_I2C_Config|data_to_send[13]                                                                                   ; Stuck at GND due to stuck port data_in                                                                                          ;
; I2C_driver:u_I2C_Config|data_to_send[18]                                                                                   ; Stuck at VCC due to stuck port data_in                                                                                          ;
; octaver:octaver_L|addr_b[0]                                                                                                ; Stuck at GND due to stuck port data_in                                                                                          ;
; digital_distortion:digital_distortion_L|counter50k[0]                                                                      ; Merged with config_CODEC:u_CODEC_config|counter[0]                                                                              ;
; Total Number of Removed Registers = 449                                                                                    ;                                                                                                                                 ;
+----------------------------------------------------------------------------------------------------------------------------+---------------------------------------------------------------------------------------------------------------------------------+


+---------------------------------------------------------------------------------------------------------------------------------------------------------------------------------------------------------------------------------------------------------------------------------+
; Removed Registers Triggering Further Register Optimizations                                                                                                                                                                                                                     ;
+------------------------------------------------------------------------------------------------------------------------+---------------------------+----------------------------------------------------------------------------------------------------------------------------+
; Register name                                                                                                          ; Reason for Removal        ; Registers Removed due to This Register                                                                                     ;
+------------------------------------------------------------------------------------------------------------------------+---------------------------+----------------------------------------------------------------------------------------------------------------------------+
; octaver:octaver_L|RAM_Octaver:RAM_inst|altsyncram:altsyncram_component|altsyncram_1pp3:auto_generated|address_reg_a[0] ; Stuck at GND              ; octaver:octaver_L|RAM_Octaver:RAM_inst|altsyncram:altsyncram_component|altsyncram_1pp3:auto_generated|out_address_reg_a[0] ;
;                                                                                                                        ; due to stuck port data_in ;                                                                                                                            ;
; octaver:octaver_L|RAM_Octaver:RAM_inst|altsyncram:altsyncram_component|altsyncram_1pp3:auto_generated|address_reg_b[0] ; Stuck at GND              ; octaver:octaver_L|RAM_Octaver:RAM_inst|altsyncram:altsyncram_component|altsyncram_1pp3:auto_generated|out_address_reg_b[0] ;
;                                                                                                                        ; due to stuck port data_in ;                                                                                                                            ;
; octaver:octaver_R|RAM_Octaver:RAM_inst|altsyncram:altsyncram_component|altsyncram_1pp3:auto_generated|address_reg_a[0] ; Stuck at GND              ; octaver:octaver_R|RAM_Octaver:RAM_inst|altsyncram:altsyncram_component|altsyncram_1pp3:auto_generated|out_address_reg_a[0] ;
;                                                                                                                        ; due to stuck port data_in ;                                                                                                                            ;
; octaver:octaver_R|RAM_Octaver:RAM_inst|altsyncram:altsyncram_component|altsyncram_1pp3:auto_generated|address_reg_b[0] ; Stuck at GND              ; octaver:octaver_R|RAM_Octaver:RAM_inst|altsyncram:altsyncram_component|altsyncram_1pp3:auto_generated|out_address_reg_b[0] ;
;                                                                                                                        ; due to stuck port data_in ;                                                                                                                            ;
; digital_distortion:digital_distortion_R|sortie_bitcrushed[5]                                                           ; Stuck at GND              ; digital_distortion:digital_distortion_R|audio_out[5]                                                                       ;
;                                                                                                                        ; due to stuck port data_in ;                                                                                                                            ;
; digital_distortion:digital_distortion_R|sortie_bitcrushed[4]                                                           ; Stuck at GND              ; digital_distortion:digital_distortion_R|audio_out[4]                                                                       ;
;                                                                                                                        ; due to stuck port data_in ;                                                                                                                            ;
; digital_distortion:digital_distortion_R|sortie_bitcrushed[3]                                                           ; Stuck at GND              ; digital_distortion:digital_distortion_R|audio_out[3]                                                                       ;
;                                                                                                                        ; due to stuck port data_in ;                                                                                                                            ;
; digital_distortion:digital_distortion_R|sortie_bitcrushed[2]                                                           ; Stuck at GND              ; digital_distortion:digital_distortion_R|audio_out[2]                                                                       ;
;                                                                                                                        ; due to stuck port data_in ;                                                                                                                            ;
; digital_distortion:digital_distortion_R|sortie_bitcrushed[1]                                                           ; Stuck at GND              ; digital_distortion:digital_distortion_R|audio_out[1]                                                                       ;
;                                                                                                                        ; due to stuck port data_in ;                                                                                                                            ;
; digital_distortion:digital_distortion_R|sortie_bitcrushed[0]                                                           ; Stuck at GND              ; digital_distortion:digital_distortion_R|audio_out[0]                                                                       ;
;                                                                                                                        ; due to stuck port data_in ;                                                                                                                            ;
; digital_distortion:digital_distortion_L|sortie_bitcrushed[5]                                                           ; Stuck at GND              ; digital_distortion:digital_distortion_L|audio_out[5]                                                                       ;
;                                                                                                                        ; due to stuck port data_in ;                                                                                                                            ;
; digital_distortion:digital_distortion_L|sortie_bitcrushed[4]                                                           ; Stuck at GND              ; digital_distortion:digital_distortion_L|audio_out[4]                                                                       ;
;                                                                                                                        ; due to stuck port data_in ;                                                                                                                            ;
; digital_distortion:digital_distortion_L|sortie_bitcrushed[3]                                                           ; Stuck at GND              ; digital_distortion:digital_distortion_L|audio_out[3]                                                                       ;
;                                                                                                                        ; due to stuck port data_in ;                                                                                                                            ;
; digital_distortion:digital_distortion_L|sortie_bitcrushed[2]                                                           ; Stuck at GND              ; digital_distortion:digital_distortion_L|audio_out[2]                                                                       ;
;                                                                                                                        ; due to stuck port data_in ;                                                                                                                            ;
; digital_distortion:digital_distortion_L|sortie_bitcrushed[1]                                                           ; Stuck at GND              ; digital_distortion:digital_distortion_L|audio_out[1]                                                                       ;
;                                                                                                                        ; due to stuck port data_in ;                                                                                                                            ;
; digital_distortion:digital_distortion_L|sortie_bitcrushed[0]                                                           ; Stuck at GND              ; digital_distortion:digital_distortion_L|audio_out[0]                                                                       ;
;                                                                                                                        ; due to stuck port data_in ;                                                                                                                            ;
; config_CODEC:u_CODEC_config|DATA[13]                                                                                   ; Stuck at GND              ; I2C_driver:u_I2C_Config|data_to_send[13]                                                                                   ;
;                                                                                                                        ; due to stuck port data_in ;                                                                                                                            ;
; config_CODEC:u_CODEC_config|DATA[18]                                                                                   ; Stuck at VCC              ; I2C_driver:u_I2C_Config|data_to_send[18]                                                                                   ;
;                                                                                                                        ; due to stuck port data_in ;                                                                                                                            ;
+------------------------------------------------------------------------------------------------------------------------+---------------------------+----------------------------------------------------------------------------------------------------------------------------+


+------------------------------------------------------+
; General Register Statistics                          ;
+----------------------------------------------+-------+
; Statistic                                    ; Value ;
+----------------------------------------------+-------+
; Total registers                              ; 2559  ;
; Number of registers using Synchronous Clear  ; 113   ;
; Number of registers using Synchronous Load   ; 103   ;
; Number of registers using Asynchronous Clear ; 5     ;
; Number of registers using Asynchronous Load  ; 0     ;
; Number of registers using Clock Enable       ; 1084  ;
; Number of registers using Preset             ; 0     ;
+----------------------------------------------+-------+


+---------------------------------------------------+
; Inverted Register Statistics                      ;
+-----------------------------------------+---------+
; Inverted Register                       ; Fan out ;
+-----------------------------------------+---------+
; config_CODEC:u_CODEC_config|vol[0]      ; 21      ;
; config_CODEC:u_CODEC_config|vol[1]      ; 19      ;
; config_CODEC:u_CODEC_config|vol[2]      ; 20      ;
; config_CODEC:u_CODEC_config|vol[3]      ; 23      ;
; config_CODEC:u_CODEC_config|vol[4]      ; 19      ;
; chorus:chorus_inst_L|counter_write[3]   ; 6       ;
; chorus:chorus_inst_L|counter_write[5]   ; 6       ;
; chorus:chorus_inst_L|counter_write[6]   ; 4       ;
; chorus:chorus_inst_L|counter_write[7]   ; 4       ;
; chorus:chorus_inst_L|counter_write[8]   ; 4       ;
; chorus:chorus_inst_L|counter_write[9]   ; 4       ;
; octaver:octaver_L|rd_ptr2[10]           ; 4       ;
; Total number of inverted registers = 12 ;         ;
+-----------------------------------------+---------+


+--------------------------------------------------------------------------------------------------------------------------+
; Registers Packed Into Inferred Megafunctions                                                                             ;
+-----------------------------------------------------------+-------------------------------------------------------+------+
; Register Name                                             ; Megafunction                                          ; Type ;
+-----------------------------------------------------------+-------------------------------------------------------+------+
; tremolo:tremolo_inst_L|SinusLUT:sinus_inst|data_out[0..6] ; tremolo:tremolo_inst_L|SinusLUT:sinus_inst|Mux6_rtl_0 ; ROM  ;
; chorus:chorus_inst_L|SinusLUT:SINE_INST|data_out[0..6]    ; chorus:chorus_inst_L|SinusLUT:SINE_INST|Mux6_rtl_0    ; ROM  ;
+-----------------------------------------------------------+-------------------------------------------------------+------+


+--------------------------------------------------------------------------------------------------------------------------------------------------------------------------------------------+
; Multiplexer Restructuring Statistics (Restructuring Performed)                                                                                                                             ;
+--------------------+-----------+---------------+----------------------+------------------------+------------+------------------------------------------------------------------------------+
; Multiplexer Inputs ; Bus Width ; Baseline Area ; Area if Restructured ; Saving if Restructured ; Registered ; Example Multiplexer Output                                                   ;
+--------------------+-----------+---------------+----------------------+------------------------+------------+------------------------------------------------------------------------------+
; 3:1                ; 15 bits   ; 30 LEs        ; 15 LEs               ; 15 LEs                 ; Yes        ; |Audio_Project|parallel_to_serial:u2|right_shift_reg[1]                      ;
; 3:1                ; 15 bits   ; 30 LEs        ; 15 LEs               ; 15 LEs                 ; Yes        ; |Audio_Project|parallel_to_serial:u2|left_shift_reg[12]                      ;
; 3:1                ; 3 bits    ; 6 LEs         ; 6 LEs                ; 0 LEs                  ; Yes        ; |Audio_Project|digital_distortion:digital_distortion_R|sortie_bitcrushed[7]  ;
; 3:1                ; 3 bits    ; 6 LEs         ; 6 LEs                ; 0 LEs                  ; Yes        ; |Audio_Project|digital_distortion:digital_distortion_L|sortie_bitcrushed[6]  ;
; 3:1                ; 6 bits    ; 12 LEs        ; 6 LEs                ; 6 LEs                  ; Yes        ; |Audio_Project|I2C_driver:u_I2C_Config|I2C_counter[0]                        ;
; 3:1                ; 5 bits    ; 10 LEs        ; 5 LEs                ; 5 LEs                  ; Yes        ; |Audio_Project|parallel_to_serial:u2|counter[4]                              ;
; 3:1                ; 5 bits    ; 10 LEs        ; 5 LEs                ; 5 LEs                  ; Yes        ; |Audio_Project|serial_to_parallel:u1|counter[4]                              ;
; 3:1                ; 14 bits   ; 28 LEs        ; 14 LEs               ; 14 LEs                 ; Yes        ; |Audio_Project|tremolo:tremolo_inst_R|release_counter[9]                     ;
; 3:1                ; 14 bits   ; 28 LEs        ; 14 LEs               ; 14 LEs                 ; Yes        ; |Audio_Project|tremolo:tremolo_inst_L|release_counter[9]                     ;
; 3:1                ; 2 bits    ; 4 LEs         ; 0 LEs                ; 4 LEs                  ; Yes        ; |Audio_Project|octaver:octaver_L|rd_ptr2[1]                                  ;
; 3:1                ; 17 bits   ; 34 LEs        ; 17 LEs               ; 17 LEs                 ; Yes        ; |Audio_Project|octaver:octaver_L|rd_ptr2[2]                                  ;
; 3:1                ; 16 bits   ; 32 LEs        ; 32 LEs               ; 0 LEs                  ; Yes        ; |Audio_Project|auto_wah:u_auto_wah_R|audio_o[11]                             ;
; 3:1                ; 16 bits   ; 32 LEs        ; 32 LEs               ; 0 LEs                  ; Yes        ; |Audio_Project|chorus:chorus_inst_R|audio_out[11]                            ;
; 3:1                ; 16 bits   ; 32 LEs        ; 32 LEs               ; 0 LEs                  ; Yes        ; |Audio_Project|auto_wah:u_auto_wah_L|audio_o[15]                             ;
; 3:1                ; 16 bits   ; 32 LEs        ; 32 LEs               ; 0 LEs                  ; Yes        ; |Audio_Project|chorus:chorus_inst_L|audio_out[5]                             ;
; 8:1                ; 13 bits   ; 65 LEs        ; 26 LEs               ; 39 LEs                 ; Yes        ; |Audio_Project|chorus:chorus_inst_L|ram_read_adr[3]                          ;
; 4:1                ; 4 bits    ; 8 LEs         ; 8 LEs                ; 0 LEs                  ; Yes        ; |Audio_Project|digital_distortion:digital_distortion_R|sortie_bitcrushed[13] ;
; 4:1                ; 4 bits    ; 8 LEs         ; 8 LEs                ; 0 LEs                  ; Yes        ; |Audio_Project|digital_distortion:digital_distortion_L|sortie_bitcrushed[12] ;
; 9:1                ; 3 bits    ; 18 LEs        ; 12 LEs               ; 6 LEs                  ; Yes        ; |Audio_Project|octaver:octaver_L|dsp_state[2]                                ;
; 9:1                ; 10 bits   ; 60 LEs        ; 10 LEs               ; 50 LEs                 ; Yes        ; |Audio_Project|octaver:octaver_L|addr_a[9]                                   ;
; 5:1                ; 3 bits    ; 9 LEs         ; 6 LEs                ; 3 LEs                  ; Yes        ; |Audio_Project|digital_distortion:digital_distortion_R|sortie_bitcrushed[11] ;
; 5:1                ; 3 bits    ; 9 LEs         ; 6 LEs                ; 3 LEs                  ; Yes        ; |Audio_Project|digital_distortion:digital_distortion_L|sortie_bitcrushed[11] ;
; 6:1                ; 3 bits    ; 12 LEs        ; 9 LEs                ; 3 LEs                  ; Yes        ; |Audio_Project|chorus:chorus_inst_L|read_state[2]                            ;
; 32:1               ; 3 bits    ; 63 LEs        ; 21 LEs               ; 42 LEs                 ; Yes        ; |Audio_Project|config_CODEC:u_CODEC_config|DATA[0]                           ;
; 24:1               ; 12 bits   ; 192 LEs       ; 72 LEs               ; 120 LEs                ; Yes        ; |Audio_Project|audio_out_R[2]                                                ;
; 24:1               ; 20 bits   ; 320 LEs       ; 140 LEs              ; 180 LEs                ; Yes        ; |Audio_Project|audio_out_L[9]                                                ;
; 3:1                ; 5 bits    ; 10 LEs        ; 5 LEs                ; 5 LEs                  ; Yes        ; |Audio_Project|config_CODEC:u_CODEC_config|vol[3]                            ;
; 3:1                ; 2 bits    ; 4 LEs         ; 4 LEs                ; 0 LEs                  ; No         ; |Audio_Project|digital_distortion:digital_distortion_R|sortie_bitcrushed     ;
; 4:1                ; 6 bits    ; 12 LEs        ; 12 LEs               ; 0 LEs                  ; No         ; |Audio_Project|effect_select:u_fx_select|LEDR[14]                            ;
; 32:1               ; 2 bits    ; 42 LEs        ; 30 LEs               ; 12 LEs                 ; No         ; |Audio_Project|HEX_DISPLAY:u_HEX_Config|HEX0[6]                              ;
; 32:1               ; 3 bits    ; 63 LEs        ; 51 LEs               ; 12 LEs                 ; No         ; |Audio_Project|HEX_DISPLAY:u_HEX_Config|HEX1[2]                              ;
; 32:1               ; 2 bits    ; 42 LEs        ; 30 LEs               ; 12 LEs                 ; No         ; |Audio_Project|HEX_DISPLAY:u_HEX_Config_2|HEX0[2]                            ;
; 32:1               ; 3 bits    ; 63 LEs        ; 51 LEs               ; 12 LEs                 ; No         ; |Audio_Project|HEX_DISPLAY:u_HEX_Config_2|HEX0[4]                            ;
; 14:1               ; 2 bits    ; 18 LEs        ; 16 LEs               ; 2 LEs                  ; No         ; |Audio_Project|effect_select:u_fx_select|choice                              ;
; 16:1               ; 2 bits    ; 20 LEs        ; 2 LEs                ; 18 LEs                 ; No         ; |Audio_Project|effect_select:u_fx_select|LEDR[1]                             ;
+--------------------+-----------+---------------+----------------------+------------------------+------------+------------------------------------------------------------------------------+


+-----------------------------------------------------------------------------------------------------------------------+
; Source assignments for delay:delay_inst_L|RAM:RAM_inst|altsyncram:altsyncram_component|altsyncram_79o3:auto_generated ;
+---------------------------------+--------------------+------+---------------------------------------------------------+
; Assignment                      ; Value              ; From ; To                                                      ;
+---------------------------------+--------------------+------+---------------------------------------------------------+
; OPTIMIZE_POWER_DURING_SYNTHESIS ; NORMAL_COMPILATION ; -    ; -                                                       ;
+---------------------------------+--------------------+------+---------------------------------------------------------+


+-----------------------------------------------------------------------------------------------------------------------+
; Source assignments for delay:delay_inst_R|RAM:RAM_inst|altsyncram:altsyncram_component|altsyncram_79o3:auto_generated ;
+---------------------------------+--------------------+------+---------------------------------------------------------+
; Assignment                      ; Value              ; From ; To                                                      ;
+---------------------------------+--------------------+------+---------------------------------------------------------+
; OPTIMIZE_POWER_DURING_SYNTHESIS ; NORMAL_COMPILATION ; -    ; -                                                       ;
+---------------------------------+--------------------+------+---------------------------------------------------------+


+------------------------------------------------------------------------------------------------------------------------------+
; Source assignments for octaver:octaver_R|RAM_Octaver:RAM_inst|altsyncram:altsyncram_component|altsyncram_1pp3:auto_generated ;
+---------------------------------+--------------------+------+----------------------------------------------------------------+
; Assignment                      ; Value              ; From ; To                                                             ;
+---------------------------------+--------------------+------+----------------------------------------------------------------+
; OPTIMIZE_POWER_DURING_SYNTHESIS ; NORMAL_COMPILATION ; -    ; -                                                              ;
+---------------------------------+--------------------+------+----------------------------------------------------------------+


+------------------------------------------------------------------------------------------------------------------------------+
; Source assignments for octaver:octaver_L|RAM_Octaver:RAM_inst|altsyncram:altsyncram_component|altsyncram_1pp3:auto_generated ;
+---------------------------------+--------------------+------+----------------------------------------------------------------+
; Assignment                      ; Value              ; From ; To                                                             ;
+---------------------------------+--------------------+------+----------------------------------------------------------------+
; OPTIMIZE_POWER_DURING_SYNTHESIS ; NORMAL_COMPILATION ; -    ; -                                                              ;
+---------------------------------+--------------------+------+----------------------------------------------------------------+


+--------------------------------------------------------------------------------------------------------------------------------+
; Source assignments for chorus:chorus_inst_L|RAM_chorus:RAM_INST|altsyncram:altsyncram_component|altsyncram_n5o3:auto_generated ;
+---------------------------------+--------------------+------+------------------------------------------------------------------+
; Assignment                      ; Value              ; From ; To                                                               ;
+---------------------------------+--------------------+------+------------------------------------------------------------------+
; OPTIMIZE_POWER_DURING_SYNTHESIS ; NORMAL_COMPILATION ; -    ; -                                                                ;
+---------------------------------+--------------------+------+------------------------------------------------------------------+


+--------------------------------------------------------------------------------------------------------------------------------+
; Source assignments for chorus:chorus_inst_R|RAM_chorus:RAM_INST|altsyncram:altsyncram_component|altsyncram_n5o3:auto_generated ;
+---------------------------------+--------------------+------+------------------------------------------------------------------+
; Assignment                      ; Value              ; From ; To                                                               ;
+---------------------------------+--------------------+------+------------------------------------------------------------------+
; OPTIMIZE_POWER_DURING_SYNTHESIS ; NORMAL_COMPILATION ; -    ; -                                                                ;
+---------------------------------+--------------------+------+------------------------------------------------------------------+


+------------------------------------------------------------------------------------------------------------------------+
; Source assignments for tremolo:tremolo_inst_L|SinusLUT:sinus_inst|altsyncram:Mux6_rtl_0|altsyncram_lc21:auto_generated ;
+---------------------------------+--------------------+------+----------------------------------------------------------+
; Assignment                      ; Value              ; From ; To                                                       ;
+---------------------------------+--------------------+------+----------------------------------------------------------+
; OPTIMIZE_POWER_DURING_SYNTHESIS ; NORMAL_COMPILATION ; -    ; -                                                        ;
+---------------------------------+--------------------+------+----------------------------------------------------------+


+---------------------------------------------------------------------------------------------------------------------+
; Source assignments for chorus:chorus_inst_L|SinusLUT:SINE_INST|altsyncram:Mux6_rtl_0|altsyncram_mc21:auto_generated ;
+---------------------------------+--------------------+------+-------------------------------------------------------+
; Assignment                      ; Value              ; From ; To                                                    ;
+---------------------------------+--------------------+------+-------------------------------------------------------+
; OPTIMIZE_POWER_DURING_SYNTHESIS ; NORMAL_COMPILATION ; -    ; -                                                     ;
+---------------------------------+--------------------+------+-------------------------------------------------------+


+-----------------------------------------------------------------------------------+
; Parameter Settings for User Entity Instance: PLL:PLL_inst|altpll:altpll_component ;
+-------------------------------+-----------------------+---------------------------+
; Parameter Name                ; Value                 ; Type                      ;
+-------------------------------+-----------------------+---------------------------+
; OPERATION_MODE                ; NORMAL                ; Untyped                   ;
; PLL_TYPE                      ; AUTO                  ; Untyped                   ;
; LPM_HINT                      ; CBX_MODULE_PREFIX=PLL ; Untyped                   ;
; QUALIFY_CONF_DONE             ; OFF                   ; Untyped                   ;
; COMPENSATE_CLOCK              ; CLK0                  ; Untyped                   ;
; SCAN_CHAIN                    ; LONG                  ; Untyped                   ;
; PRIMARY_CLOCK                 ; INCLK0                ; Untyped                   ;
; INCLK0_INPUT_FREQUENCY        ; 20000                 ; Signed Integer            ;
; INCLK1_INPUT_FREQUENCY        ; 0                     ; Untyped                   ;
; GATE_LOCK_SIGNAL              ; NO                    ; Untyped                   ;
; GATE_LOCK_COUNTER             ; 0                     ; Untyped                   ;
; LOCK_HIGH                     ; 1                     ; Untyped                   ;
; LOCK_LOW                      ; 1                     ; Untyped                   ;
; VALID_LOCK_MULTIPLIER         ; 1                     ; Untyped                   ;
; INVALID_LOCK_MULTIPLIER       ; 5                     ; Untyped                   ;
; SWITCH_OVER_ON_LOSSCLK        ; OFF                   ; Untyped                   ;
; SWITCH_OVER_ON_GATED_LOCK     ; OFF                   ; Untyped                   ;
; ENABLE_SWITCH_OVER_COUNTER    ; OFF                   ; Untyped                   ;
; SKIP_VCO                      ; OFF                   ; Untyped                   ;
; SWITCH_OVER_COUNTER           ; 0                     ; Untyped                   ;
; SWITCH_OVER_TYPE              ; AUTO                  ; Untyped                   ;
; FEEDBACK_SOURCE               ; EXTCLK0               ; Untyped                   ;
; BANDWIDTH                     ; 0                     ; Untyped                   ;
; BANDWIDTH_TYPE                ; AUTO                  ; Untyped                   ;
; SPREAD_FREQUENCY              ; 0                     ; Untyped                   ;
; DOWN_SPREAD                   ; 0                     ; Untyped                   ;
; SELF_RESET_ON_GATED_LOSS_LOCK ; OFF                   ; Untyped                   ;
; SELF_RESET_ON_LOSS_LOCK       ; OFF                   ; Untyped                   ;
; CLK9_MULTIPLY_BY              ; 0                     ; Untyped                   ;
; CLK8_MULTIPLY_BY              ; 0                     ; Untyped                   ;
; CLK7_MULTIPLY_BY              ; 0                     ; Untyped                   ;
; CLK6_MULTIPLY_BY              ; 0                     ; Untyped                   ;
; CLK5_MULTIPLY_BY              ; 1                     ; Untyped                   ;
; CLK4_MULTIPLY_BY              ; 1                     ; Untyped                   ;
; CLK3_MULTIPLY_BY              ; 1                     ; Untyped                   ;
; CLK2_MULTIPLY_BY              ; 1                     ; Untyped                   ;
; CLK1_MULTIPLY_BY              ; 1                     ; Untyped                   ;
; CLK0_MULTIPLY_BY              ; 2                     ; Signed Integer            ;
; CLK9_DIVIDE_BY                ; 0                     ; Untyped                   ;
; CLK8_DIVIDE_BY                ; 0                     ; Untyped                   ;
; CLK7_DIVIDE_BY                ; 0                     ; Untyped                   ;
; CLK6_DIVIDE_BY                ; 0                     ; Untyped                   ;
; CLK5_DIVIDE_BY                ; 1                     ; Untyped                   ;
; CLK4_DIVIDE_BY                ; 1                     ; Untyped                   ;
; CLK3_DIVIDE_BY                ; 1                     ; Untyped                   ;
; CLK2_DIVIDE_BY                ; 1                     ; Untyped                   ;
; CLK1_DIVIDE_BY                ; 1                     ; Untyped                   ;
; CLK0_DIVIDE_BY                ; 1                     ; Signed Integer            ;
; CLK9_PHASE_SHIFT              ; 0                     ; Untyped                   ;
; CLK8_PHASE_SHIFT              ; 0                     ; Untyped                   ;
; CLK7_PHASE_SHIFT              ; 0                     ; Untyped                   ;
; CLK6_PHASE_SHIFT              ; 0                     ; Untyped                   ;
; CLK5_PHASE_SHIFT              ; 0                     ; Untyped                   ;
; CLK4_PHASE_SHIFT              ; 0                     ; Untyped                   ;
; CLK3_PHASE_SHIFT              ; 0                     ; Untyped                   ;
; CLK2_PHASE_SHIFT              ; 0                     ; Untyped                   ;
; CLK1_PHASE_SHIFT              ; 0                     ; Untyped                   ;
; CLK0_PHASE_SHIFT              ; 0                     ; Untyped                   ;
; CLK5_TIME_DELAY               ; 0                     ; Untyped                   ;
; CLK4_TIME_DELAY               ; 0                     ; Untyped                   ;
; CLK3_TIME_DELAY               ; 0                     ; Untyped                   ;
; CLK2_TIME_DELAY               ; 0                     ; Untyped                   ;
; CLK1_TIME_DELAY               ; 0                     ; Untyped                   ;
; CLK0_TIME_DELAY               ; 0                     ; Untyped                   ;
; CLK9_DUTY_CYCLE               ; 50                    ; Untyped                   ;
; CLK8_DUTY_CYCLE               ; 50                    ; Untyped                   ;
; CLK7_DUTY_CYCLE               ; 50                    ; Untyped                   ;
; CLK6_DUTY_CYCLE               ; 50                    ; Untyped                   ;
; CLK5_DUTY_CYCLE               ; 50                    ; Untyped                   ;
; CLK4_DUTY_CYCLE               ; 50                    ; Untyped                   ;
; CLK3_DUTY_CYCLE               ; 50                    ; Untyped                   ;
; CLK2_DUTY_CYCLE               ; 50                    ; Untyped                   ;
; CLK1_DUTY_CYCLE               ; 50                    ; Untyped                   ;
; CLK0_DUTY_CYCLE               ; 50                    ; Signed Integer            ;
; CLK9_USE_EVEN_COUNTER_MODE    ; OFF                   ; Untyped                   ;
; CLK8_USE_EVEN_COUNTER_MODE    ; OFF                   ; Untyped                   ;
; CLK7_USE_EVEN_COUNTER_MODE    ; OFF                   ; Untyped                   ;
; CLK6_USE_EVEN_COUNTER_MODE    ; OFF                   ; Untyped                   ;
; CLK5_USE_EVEN_COUNTER_MODE    ; OFF                   ; Untyped                   ;
; CLK4_USE_EVEN_COUNTER_MODE    ; OFF                   ; Untyped                   ;
; CLK3_USE_EVEN_COUNTER_MODE    ; OFF                   ; Untyped                   ;
; CLK2_USE_EVEN_COUNTER_MODE    ; OFF                   ; Untyped                   ;
; CLK1_USE_EVEN_COUNTER_MODE    ; OFF                   ; Untyped                   ;
; CLK0_USE_EVEN_COUNTER_MODE    ; OFF                   ; Untyped                   ;
; CLK9_USE_EVEN_COUNTER_VALUE   ; OFF                   ; Untyped                   ;
; CLK8_USE_EVEN_COUNTER_VALUE   ; OFF                   ; Untyped                   ;
; CLK7_USE_EVEN_COUNTER_VALUE   ; OFF                   ; Untyped                   ;
; CLK6_USE_EVEN_COUNTER_VALUE   ; OFF                   ; Untyped                   ;
; CLK5_USE_EVEN_COUNTER_VALUE   ; OFF                   ; Untyped                   ;
; CLK4_USE_EVEN_COUNTER_VALUE   ; OFF                   ; Untyped                   ;
; CLK3_USE_EVEN_COUNTER_VALUE   ; OFF                   ; Untyped                   ;
; CLK2_USE_EVEN_COUNTER_VALUE   ; OFF                   ; Untyped                   ;
; CLK1_USE_EVEN_COUNTER_VALUE   ; OFF                   ; Untyped                   ;
; CLK0_USE_EVEN_COUNTER_VALUE   ; OFF                   ; Untyped                   ;
; LOCK_WINDOW_UI                ;  0.05                 ; Untyped                   ;
; LOCK_WINDOW_UI_BITS           ; UNUSED                ; Untyped                   ;
; VCO_RANGE_DETECTOR_LOW_BITS   ; UNUSED                ; Untyped                   ;
; VCO_RANGE_DETECTOR_HIGH_BITS  ; UNUSED                ; Untyped                   ;
; DPA_MULTIPLY_BY               ; 0                     ; Untyped                   ;
; DPA_DIVIDE_BY                 ; 1                     ; Untyped                   ;
; DPA_DIVIDER                   ; 0                     ; Untyped                   ;
; EXTCLK3_MULTIPLY_BY           ; 1                     ; Untyped                   ;
; EXTCLK2_MULTIPLY_BY           ; 1                     ; Untyped                   ;
; EXTCLK1_MULTIPLY_BY           ; 1                     ; Untyped                   ;
; EXTCLK0_MULTIPLY_BY           ; 1                     ; Untyped                   ;
; EXTCLK3_DIVIDE_BY             ; 1                     ; Untyped                   ;
; EXTCLK2_DIVIDE_BY             ; 1                     ; Untyped                   ;
; EXTCLK1_DIVIDE_BY             ; 1                     ; Untyped                   ;
; EXTCLK0_DIVIDE_BY             ; 1                     ; Untyped                   ;
; EXTCLK3_PHASE_SHIFT           ; 0                     ; Untyped                   ;
; EXTCLK2_PHASE_SHIFT           ; 0                     ; Untyped                   ;
; EXTCLK1_PHASE_SHIFT           ; 0                     ; Untyped                   ;
; EXTCLK0_PHASE_SHIFT           ; 0                     ; Untyped                   ;
; EXTCLK3_TIME_DELAY            ; 0                     ; Untyped                   ;
; EXTCLK2_TIME_DELAY            ; 0                     ; Untyped                   ;
; EXTCLK1_TIME_DELAY            ; 0                     ; Untyped                   ;
; EXTCLK0_TIME_DELAY            ; 0                     ; Untyped                   ;
; EXTCLK3_DUTY_CYCLE            ; 50                    ; Untyped                   ;
; EXTCLK2_DUTY_CYCLE            ; 50                    ; Untyped                   ;
; EXTCLK1_DUTY_CYCLE            ; 50                    ; Untyped                   ;
; EXTCLK0_DUTY_CYCLE            ; 50                    ; Untyped                   ;
; VCO_MULTIPLY_BY               ; 0                     ; Untyped                   ;
; VCO_DIVIDE_BY                 ; 0                     ; Untyped                   ;
; SCLKOUT0_PHASE_SHIFT          ; 0                     ; Untyped                   ;
; SCLKOUT1_PHASE_SHIFT          ; 0                     ; Untyped                   ;
; VCO_MIN                       ; 0                     ; Untyped                   ;
; VCO_MAX                       ; 0                     ; Untyped                   ;
; VCO_CENTER                    ; 0                     ; Untyped                   ;
; PFD_MIN                       ; 0                     ; Untyped                   ;
; PFD_MAX                       ; 0                     ; Untyped                   ;
; M_INITIAL                     ; 0                     ; Untyped                   ;
; M                             ; 0                     ; Untyped                   ;
; N                             ; 1                     ; Untyped                   ;
; M2                            ; 1                     ; Untyped                   ;
; N2                            ; 1                     ; Untyped                   ;
; SS                            ; 1                     ; Untyped                   ;
; C0_HIGH                       ; 0                     ; Untyped                   ;
; C1_HIGH                       ; 0                     ; Untyped                   ;
; C2_HIGH                       ; 0                     ; Untyped                   ;
; C3_HIGH                       ; 0                     ; Untyped                   ;
; C4_HIGH                       ; 0                     ; Untyped                   ;
; C5_HIGH                       ; 0                     ; Untyped                   ;
; C6_HIGH                       ; 0                     ; Untyped                   ;
; C7_HIGH                       ; 0                     ; Untyped                   ;
; C8_HIGH                       ; 0                     ; Untyped                   ;
; C9_HIGH                       ; 0                     ; Untyped                   ;
; C0_LOW                        ; 0                     ; Untyped                   ;
; C1_LOW                        ; 0                     ; Untyped                   ;
; C2_LOW                        ; 0                     ; Untyped                   ;
; C3_LOW                        ; 0                     ; Untyped                   ;
; C4_LOW                        ; 0                     ; Untyped                   ;
; C5_LOW                        ; 0                     ; Untyped                   ;
; C6_LOW                        ; 0                     ; Untyped                   ;
; C7_LOW                        ; 0                     ; Untyped                   ;
; C8_LOW                        ; 0                     ; Untyped                   ;
; C9_LOW                        ; 0                     ; Untyped                   ;
; C0_INITIAL                    ; 0                     ; Untyped                   ;
; C1_INITIAL                    ; 0                     ; Untyped                   ;
; C2_INITIAL                    ; 0                     ; Untyped                   ;
; C3_INITIAL                    ; 0                     ; Untyped                   ;
; C4_INITIAL                    ; 0                     ; Untyped                   ;
; C5_INITIAL                    ; 0                     ; Untyped                   ;
; C6_INITIAL                    ; 0                     ; Untyped                   ;
; C7_INITIAL                    ; 0                     ; Untyped                   ;
; C8_INITIAL                    ; 0                     ; Untyped                   ;
; C9_INITIAL                    ; 0                     ; Untyped                   ;
; C0_MODE                       ; BYPASS                ; Untyped                   ;
; C1_MODE                       ; BYPASS                ; Untyped                   ;
; C2_MODE                       ; BYPASS                ; Untyped                   ;
; C3_MODE                       ; BYPASS                ; Untyped                   ;
; C4_MODE                       ; BYPASS                ; Untyped                   ;
; C5_MODE                       ; BYPASS                ; Untyped                   ;
; C6_MODE                       ; BYPASS                ; Untyped                   ;
; C7_MODE                       ; BYPASS                ; Untyped                   ;
; C8_MODE                       ; BYPASS                ; Untyped                   ;
; C9_MODE                       ; BYPASS                ; Untyped                   ;
; C0_PH                         ; 0                     ; Untyped                   ;
; C1_PH                         ; 0                     ; Untyped                   ;
; C2_PH                         ; 0                     ; Untyped                   ;
; C3_PH                         ; 0                     ; Untyped                   ;
; C4_PH                         ; 0                     ; Untyped                   ;
; C5_PH                         ; 0                     ; Untyped                   ;
; C6_PH                         ; 0                     ; Untyped                   ;
; C7_PH                         ; 0                     ; Untyped                   ;
; C8_PH                         ; 0                     ; Untyped                   ;
; C9_PH                         ; 0                     ; Untyped                   ;
; L0_HIGH                       ; 1                     ; Untyped                   ;
; L1_HIGH                       ; 1                     ; Untyped                   ;
; G0_HIGH                       ; 1                     ; Untyped                   ;
; G1_HIGH                       ; 1                     ; Untyped                   ;
; G2_HIGH                       ; 1                     ; Untyped                   ;
; G3_HIGH                       ; 1                     ; Untyped                   ;
; E0_HIGH                       ; 1                     ; Untyped                   ;
; E1_HIGH                       ; 1                     ; Untyped                   ;
; E2_HIGH                       ; 1                     ; Untyped                   ;
; E3_HIGH                       ; 1                     ; Untyped                   ;
; L0_LOW                        ; 1                     ; Untyped                   ;
; L1_LOW                        ; 1                     ; Untyped                   ;
; G0_LOW                        ; 1                     ; Untyped                   ;
; G1_LOW                        ; 1                     ; Untyped                   ;
; G2_LOW                        ; 1                     ; Untyped                   ;
; G3_LOW                        ; 1                     ; Untyped                   ;
; E0_LOW                        ; 1                     ; Untyped                   ;
; E1_LOW                        ; 1                     ; Untyped                   ;
; E2_LOW                        ; 1                     ; Untyped                   ;
; E3_LOW                        ; 1                     ; Untyped                   ;
; L0_INITIAL                    ; 1                     ; Untyped                   ;
; L1_INITIAL                    ; 1                     ; Untyped                   ;
; G0_INITIAL                    ; 1                     ; Untyped                   ;
; G1_INITIAL                    ; 1                     ; Untyped                   ;
; G2_INITIAL                    ; 1                     ; Untyped                   ;
; G3_INITIAL                    ; 1                     ; Untyped                   ;
; E0_INITIAL                    ; 1                     ; Untyped                   ;
; E1_INITIAL                    ; 1                     ; Untyped                   ;
; E2_INITIAL                    ; 1                     ; Untyped                   ;
; E3_INITIAL                    ; 1                     ; Untyped                   ;
; L0_MODE                       ; BYPASS                ; Untyped                   ;
; L1_MODE                       ; BYPASS                ; Untyped                   ;
; G0_MODE                       ; BYPASS                ; Untyped                   ;
; G1_MODE                       ; BYPASS                ; Untyped                   ;
; G2_MODE                       ; BYPASS                ; Untyped                   ;
; G3_MODE                       ; BYPASS                ; Untyped                   ;
; E0_MODE                       ; BYPASS                ; Untyped                   ;
; E1_MODE                       ; BYPASS                ; Untyped                   ;
; E2_MODE                       ; BYPASS                ; Untyped                   ;
; E3_MODE                       ; BYPASS                ; Untyped                   ;
; L0_PH                         ; 0                     ; Untyped                   ;
; L1_PH                         ; 0                     ; Untyped                   ;
; G0_PH                         ; 0                     ; Untyped                   ;
; G1_PH                         ; 0                     ; Untyped                   ;
; G2_PH                         ; 0                     ; Untyped                   ;
; G3_PH                         ; 0                     ; Untyped                   ;
; E0_PH                         ; 0                     ; Untyped                   ;
; E1_PH                         ; 0                     ; Untyped                   ;
; E2_PH                         ; 0                     ; Untyped                   ;
; E3_PH                         ; 0                     ; Untyped                   ;
; M_PH                          ; 0                     ; Untyped                   ;
; C1_USE_CASC_IN                ; OFF                   ; Untyped                   ;
; C2_USE_CASC_IN                ; OFF                   ; Untyped                   ;
; C3_USE_CASC_IN                ; OFF                   ; Untyped                   ;
; C4_USE_CASC_IN                ; OFF                   ; Untyped                   ;
; C5_USE_CASC_IN                ; OFF                   ; Untyped                   ;
; C6_USE_CASC_IN                ; OFF                   ; Untyped                   ;
; C7_USE_CASC_IN                ; OFF                   ; Untyped                   ;
; C8_USE_CASC_IN                ; OFF                   ; Untyped                   ;
; C9_USE_CASC_IN                ; OFF                   ; Untyped                   ;
; CLK0_COUNTER                  ; G0                    ; Untyped                   ;
; CLK1_COUNTER                  ; G0                    ; Untyped                   ;
; CLK2_COUNTER                  ; G0                    ; Untyped                   ;
; CLK3_COUNTER                  ; G0                    ; Untyped                   ;
; CLK4_COUNTER                  ; G0                    ; Untyped                   ;
; CLK5_COUNTER                  ; G0                    ; Untyped                   ;
; CLK6_COUNTER                  ; E0                    ; Untyped                   ;
; CLK7_COUNTER                  ; E1                    ; Untyped                   ;
; CLK8_COUNTER                  ; E2                    ; Untyped                   ;
; CLK9_COUNTER                  ; E3                    ; Untyped                   ;
; L0_TIME_DELAY                 ; 0                     ; Untyped                   ;
; L1_TIME_DELAY                 ; 0                     ; Untyped                   ;
; G0_TIME_DELAY                 ; 0                     ; Untyped                   ;
; G1_TIME_DELAY                 ; 0                     ; Untyped                   ;
; G2_TIME_DELAY                 ; 0                     ; Untyped                   ;
; G3_TIME_DELAY                 ; 0                     ; Untyped                   ;
; E0_TIME_DELAY                 ; 0                     ; Untyped                   ;
; E1_TIME_DELAY                 ; 0                     ; Untyped                   ;
; E2_TIME_DELAY                 ; 0                     ; Untyped                   ;
; E3_TIME_DELAY                 ; 0                     ; Untyped                   ;
; M_TIME_DELAY                  ; 0                     ; Untyped                   ;
; N_TIME_DELAY                  ; 0                     ; Untyped                   ;
; EXTCLK3_COUNTER               ; E3                    ; Untyped                   ;
; EXTCLK2_COUNTER               ; E2                    ; Untyped                   ;
; EXTCLK1_COUNTER               ; E1                    ; Untyped                   ;
; EXTCLK0_COUNTER               ; E0                    ; Untyped                   ;
; ENABLE0_COUNTER               ; L0                    ; Untyped                   ;
; ENABLE1_COUNTER               ; L0                    ; Untyped                   ;
; CHARGE_PUMP_CURRENT           ; 2                     ; Untyped                   ;
; LOOP_FILTER_R                 ;  1.000000             ; Untyped                   ;
; LOOP_FILTER_C                 ; 5                     ; Untyped                   ;
; CHARGE_PUMP_CURRENT_BITS      ; 9999                  ; Untyped                   ;
; LOOP_FILTER_R_BITS            ; 9999                  ; Untyped                   ;
; LOOP_FILTER_C_BITS            ; 9999                  ; Untyped                   ;
; VCO_POST_SCALE                ; 0                     ; Untyped                   ;
; CLK2_OUTPUT_FREQUENCY         ; 0                     ; Untyped                   ;
; CLK1_OUTPUT_FREQUENCY         ; 0                     ; Untyped                   ;
; CLK0_OUTPUT_FREQUENCY         ; 0                     ; Untyped                   ;
; INTENDED_DEVICE_FAMILY        ; Cyclone IV E          ; Untyped                   ;
; PORT_CLKENA0                  ; PORT_UNUSED           ; Untyped                   ;
; PORT_CLKENA1                  ; PORT_UNUSED           ; Untyped                   ;
; PORT_CLKENA2                  ; PORT_UNUSED           ; Untyped                   ;
; PORT_CLKENA3                  ; PORT_UNUSED           ; Untyped                   ;
; PORT_CLKENA4                  ; PORT_UNUSED           ; Untyped                   ;
; PORT_CLKENA5                  ; PORT_UNUSED           ; Untyped                   ;
; PORT_EXTCLKENA0               ; PORT_CONNECTIVITY     ; Untyped                   ;
; PORT_EXTCLKENA1               ; PORT_CONNECTIVITY     ; Untyped                   ;
; PORT_EXTCLKENA2               ; PORT_CONNECTIVITY     ; Untyped                   ;
; PORT_EXTCLKENA3               ; PORT_CONNECTIVITY     ; Untyped                   ;
; PORT_EXTCLK0                  ; PORT_UNUSED           ; Untyped                   ;
; PORT_EXTCLK1                  ; PORT_UNUSED           ; Untyped                   ;
; PORT_EXTCLK2                  ; PORT_UNUSED           ; Untyped                   ;
; PORT_EXTCLK3                  ; PORT_UNUSED           ; Untyped                   ;
; PORT_CLKBAD0                  ; PORT_UNUSED           ; Untyped                   ;
; PORT_CLKBAD1                  ; PORT_UNUSED           ; Untyped                   ;
; PORT_CLK0                     ; PORT_USED             ; Untyped                   ;
; PORT_CLK1                     ; PORT_UNUSED           ; Untyped                   ;
; PORT_CLK2                     ; PORT_UNUSED           ; Untyped                   ;
; PORT_CLK3                     ; PORT_UNUSED           ; Untyped                   ;
; PORT_CLK4                     ; PORT_UNUSED           ; Untyped                   ;
; PORT_CLK5                     ; PORT_UNUSED           ; Untyped                   ;
; PORT_CLK6                     ; PORT_UNUSED           ; Untyped                   ;
; PORT_CLK7                     ; PORT_UNUSED           ; Untyped                   ;
; PORT_CLK8                     ; PORT_UNUSED           ; Untyped                   ;
; PORT_CLK9                     ; PORT_UNUSED           ; Untyped                   ;
; PORT_SCANDATA                 ; PORT_UNUSED           ; Untyped                   ;
; PORT_SCANDATAOUT              ; PORT_UNUSED           ; Untyped                   ;
; PORT_SCANDONE                 ; PORT_UNUSED           ; Untyped                   ;
; PORT_SCLKOUT1                 ; PORT_CONNECTIVITY     ; Untyped                   ;
; PORT_SCLKOUT0                 ; PORT_CONNECTIVITY     ; Untyped                   ;
; PORT_ACTIVECLOCK              ; PORT_UNUSED           ; Untyped                   ;
; PORT_CLKLOSS                  ; PORT_UNUSED           ; Untyped                   ;
; PORT_INCLK1                   ; PORT_UNUSED           ; Untyped                   ;
; PORT_INCLK0                   ; PORT_USED             ; Untyped                   ;
; PORT_FBIN                     ; PORT_UNUSED           ; Untyped                   ;
; PORT_PLLENA                   ; PORT_UNUSED           ; Untyped                   ;
; PORT_CLKSWITCH                ; PORT_UNUSED           ; Untyped                   ;
; PORT_ARESET                   ; PORT_USED             ; Untyped                   ;
; PORT_PFDENA                   ; PORT_UNUSED           ; Untyped                   ;
; PORT_SCANCLK                  ; PORT_UNUSED           ; Untyped                   ;
; PORT_SCANACLR                 ; PORT_UNUSED           ; Untyped                   ;
; PORT_SCANREAD                 ; PORT_UNUSED           ; Untyped                   ;
; PORT_SCANWRITE                ; PORT_UNUSED           ; Untyped                   ;
; PORT_ENABLE0                  ; PORT_CONNECTIVITY     ; Untyped                   ;
; PORT_ENABLE1                  ; PORT_CONNECTIVITY     ; Untyped                   ;
; PORT_LOCKED                   ; PORT_USED             ; Untyped                   ;
; PORT_CONFIGUPDATE             ; PORT_UNUSED           ; Untyped                   ;
; PORT_FBOUT                    ; PORT_CONNECTIVITY     ; Untyped                   ;
; PORT_PHASEDONE                ; PORT_UNUSED           ; Untyped                   ;
; PORT_PHASESTEP                ; PORT_UNUSED           ; Untyped                   ;
; PORT_PHASEUPDOWN              ; PORT_UNUSED           ; Untyped                   ;
; PORT_SCANCLKENA               ; PORT_UNUSED           ; Untyped                   ;
; PORT_PHASECOUNTERSELECT       ; PORT_UNUSED           ; Untyped                   ;
; PORT_VCOOVERRANGE             ; PORT_CONNECTIVITY     ; Untyped                   ;
; PORT_VCOUNDERRANGE            ; PORT_CONNECTIVITY     ; Untyped                   ;
; M_TEST_SOURCE                 ; 5                     ; Untyped                   ;
; C0_TEST_SOURCE                ; 5                     ; Untyped                   ;
; C1_TEST_SOURCE                ; 5                     ; Untyped                   ;
; C2_TEST_SOURCE                ; 5                     ; Untyped                   ;
; C3_TEST_SOURCE                ; 5                     ; Untyped                   ;
; C4_TEST_SOURCE                ; 5                     ; Untyped                   ;
; C5_TEST_SOURCE                ; 5                     ; Untyped                   ;
; C6_TEST_SOURCE                ; 5                     ; Untyped                   ;
; C7_TEST_SOURCE                ; 5                     ; Untyped                   ;
; C8_TEST_SOURCE                ; 5                     ; Untyped                   ;
; C9_TEST_SOURCE                ; 5                     ; Untyped                   ;
; CBXI_PARAMETER                ; PLL_altpll            ; Untyped                   ;
; VCO_FREQUENCY_CONTROL         ; AUTO                  ; Untyped                   ;
; VCO_PHASE_SHIFT_STEP          ; 0                     ; Untyped                   ;
; WIDTH_CLOCK                   ; 5                     ; Signed Integer            ;
; WIDTH_PHASECOUNTERSELECT      ; 4                     ; Untyped                   ;
; USING_FBMIMICBIDIR_PORT       ; OFF                   ; Untyped                   ;
; DEVICE_FAMILY                 ; Cyclone IV E          ; Untyped                   ;
; SCAN_CHAIN_MIF_FILE           ; UNUSED                ; Untyped                   ;
; SIM_GATE_LOCK_DEVICE_BEHAVIOR ; OFF                   ; Untyped                   ;
; AUTO_CARRY_CHAINS             ; ON                    ; AUTO_CARRY                ;
; IGNORE_CARRY_BUFFERS          ; OFF                   ; IGNORE_CARRY              ;
; AUTO_CASCADE_CHAINS           ; ON                    ; AUTO_CASCADE              ;
; IGNORE_CASCADE_BUFFERS        ; OFF                   ; IGNORE_CASCADE            ;
+-------------------------------+-----------------------+---------------------------+
Note: In order to hide this table in the UI and the text report file, please set the "Show Parameter Settings in Synthesis Report" option in "Analysis and Synthesis Settings -> More Settings" to "Off".


+--------------------------------------------------------------------------------------------------------------+
; Parameter Settings for User Entity Instance: delay:delay_inst_L|RAM:RAM_inst|altsyncram:altsyncram_component ;
+------------------------------------+----------------------+--------------------------------------------------+
; Parameter Name                     ; Value                ; Type                                             ;
+------------------------------------+----------------------+--------------------------------------------------+
; BYTE_SIZE_BLOCK                    ; 8                    ; Untyped                                          ;
; AUTO_CARRY_CHAINS                  ; ON                   ; AUTO_CARRY                                       ;
; IGNORE_CARRY_BUFFERS               ; OFF                  ; IGNORE_CARRY                                     ;
; AUTO_CASCADE_CHAINS                ; ON                   ; AUTO_CASCADE                                     ;
; IGNORE_CASCADE_BUFFERS             ; OFF                  ; IGNORE_CASCADE                                   ;
; WIDTH_BYTEENA                      ; 1                    ; Untyped                                          ;
; OPERATION_MODE                     ; DUAL_PORT            ; Untyped                                          ;
; WIDTH_A                            ; 16                   ; Signed Integer                                   ;
; WIDTHAD_A                          ; 15                   ; Signed Integer                                   ;
; NUMWORDS_A                         ; 32768                ; Signed Integer                                   ;
; OUTDATA_REG_A                      ; UNREGISTERED         ; Untyped                                          ;
; ADDRESS_ACLR_A                     ; NONE                 ; Untyped                                          ;
; OUTDATA_ACLR_A                     ; NONE                 ; Untyped                                          ;
; WRCONTROL_ACLR_A                   ; NONE                 ; Untyped                                          ;
; INDATA_ACLR_A                      ; NONE                 ; Untyped                                          ;
; BYTEENA_ACLR_A                     ; NONE                 ; Untyped                                          ;
; WIDTH_B                            ; 16                   ; Signed Integer                                   ;
; WIDTHAD_B                          ; 15                   ; Signed Integer                                   ;
; NUMWORDS_B                         ; 32768                ; Signed Integer                                   ;
; INDATA_REG_B                       ; CLOCK1               ; Untyped                                          ;
; WRCONTROL_WRADDRESS_REG_B          ; CLOCK1               ; Untyped                                          ;
; RDCONTROL_REG_B                    ; CLOCK1               ; Untyped                                          ;
; ADDRESS_REG_B                      ; CLOCK0               ; Untyped                                          ;
; OUTDATA_REG_B                      ; CLOCK0               ; Untyped                                          ;
; BYTEENA_REG_B                      ; CLOCK1               ; Untyped                                          ;
; INDATA_ACLR_B                      ; NONE                 ; Untyped                                          ;
; WRCONTROL_ACLR_B                   ; NONE                 ; Untyped                                          ;
; ADDRESS_ACLR_B                     ; NONE                 ; Untyped                                          ;
; OUTDATA_ACLR_B                     ; NONE                 ; Untyped                                          ;
; RDCONTROL_ACLR_B                   ; NONE                 ; Untyped                                          ;
; BYTEENA_ACLR_B                     ; NONE                 ; Untyped                                          ;
; WIDTH_BYTEENA_A                    ; 1                    ; Signed Integer                                   ;
; WIDTH_BYTEENA_B                    ; 1                    ; Signed Integer                                   ;
; RAM_BLOCK_TYPE                     ; AUTO                 ; Untyped                                          ;
; BYTE_SIZE                          ; 8                    ; Signed Integer                                   ;
; READ_DURING_WRITE_MODE_MIXED_PORTS ; DONT_CARE            ; Untyped                                          ;
; READ_DURING_WRITE_MODE_PORT_A      ; NEW_DATA_NO_NBE_READ ; Untyped                                          ;
; READ_DURING_WRITE_MODE_PORT_B      ; NEW_DATA_NO_NBE_READ ; Untyped                                          ;
; INIT_FILE                          ; UNUSED               ; Untyped                                          ;
; INIT_FILE_LAYOUT                   ; PORT_A               ; Untyped                                          ;
; MAXIMUM_DEPTH                      ; 0                    ; Signed Integer                                   ;
; CLOCK_ENABLE_INPUT_A               ; BYPASS               ; Untyped                                          ;
; CLOCK_ENABLE_INPUT_B               ; BYPASS               ; Untyped                                          ;
; CLOCK_ENABLE_OUTPUT_A              ; NORMAL               ; Untyped                                          ;
; CLOCK_ENABLE_OUTPUT_B              ; BYPASS               ; Untyped                                          ;
; CLOCK_ENABLE_CORE_A                ; USE_INPUT_CLKEN      ; Untyped                                          ;
; CLOCK_ENABLE_CORE_B                ; USE_INPUT_CLKEN      ; Untyped                                          ;
; ENABLE_ECC                         ; FALSE                ; Untyped                                          ;
; ECC_PIPELINE_STAGE_ENABLED         ; FALSE                ; Untyped                                          ;
; WIDTH_ECCSTATUS                    ; 3                    ; Signed Integer                                   ;
; DEVICE_FAMILY                      ; Cyclone IV E         ; Untyped                                          ;
; CBXI_PARAMETER                     ; altsyncram_79o3      ; Untyped                                          ;
+------------------------------------+----------------------+--------------------------------------------------+
Note: In order to hide this table in the UI and the text report file, please set the "Show Parameter Settings in Synthesis Report" option in "Analysis and Synthesis Settings -> More Settings" to "Off".


+--------------------------------------------------------------------------------------------------------------+
; Parameter Settings for User Entity Instance: delay:delay_inst_R|RAM:RAM_inst|altsyncram:altsyncram_component ;
+------------------------------------+----------------------+--------------------------------------------------+
; Parameter Name                     ; Value                ; Type                                             ;
+------------------------------------+----------------------+--------------------------------------------------+
; BYTE_SIZE_BLOCK                    ; 8                    ; Untyped                                          ;
; AUTO_CARRY_CHAINS                  ; ON                   ; AUTO_CARRY                                       ;
; IGNORE_CARRY_BUFFERS               ; OFF                  ; IGNORE_CARRY                                     ;
; AUTO_CASCADE_CHAINS                ; ON                   ; AUTO_CASCADE                                     ;
; IGNORE_CASCADE_BUFFERS             ; OFF                  ; IGNORE_CASCADE                                   ;
; WIDTH_BYTEENA                      ; 1                    ; Untyped                                          ;
; OPERATION_MODE                     ; DUAL_PORT            ; Untyped                                          ;
; WIDTH_A                            ; 16                   ; Signed Integer                                   ;
; WIDTHAD_A                          ; 15                   ; Signed Integer                                   ;
; NUMWORDS_A                         ; 32768                ; Signed Integer                                   ;
; OUTDATA_REG_A                      ; UNREGISTERED         ; Untyped                                          ;
; ADDRESS_ACLR_A                     ; NONE                 ; Untyped                                          ;
; OUTDATA_ACLR_A                     ; NONE                 ; Untyped                                          ;
; WRCONTROL_ACLR_A                   ; NONE                 ; Untyped                                          ;
; INDATA_ACLR_A                      ; NONE                 ; Untyped                                          ;
; BYTEENA_ACLR_A                     ; NONE                 ; Untyped                                          ;
; WIDTH_B                            ; 16                   ; Signed Integer                                   ;
; WIDTHAD_B                          ; 15                   ; Signed Integer                                   ;
; NUMWORDS_B                         ; 32768                ; Signed Integer                                   ;
; INDATA_REG_B                       ; CLOCK1               ; Untyped                                          ;
; WRCONTROL_WRADDRESS_REG_B          ; CLOCK1               ; Untyped                                          ;
; RDCONTROL_REG_B                    ; CLOCK1               ; Untyped                                          ;
; ADDRESS_REG_B                      ; CLOCK0               ; Untyped                                          ;
; OUTDATA_REG_B                      ; CLOCK0               ; Untyped                                          ;
; BYTEENA_REG_B                      ; CLOCK1               ; Untyped                                          ;
; INDATA_ACLR_B                      ; NONE                 ; Untyped                                          ;
; WRCONTROL_ACLR_B                   ; NONE                 ; Untyped                                          ;
; ADDRESS_ACLR_B                     ; NONE                 ; Untyped                                          ;
; OUTDATA_ACLR_B                     ; NONE                 ; Untyped                                          ;
; RDCONTROL_ACLR_B                   ; NONE                 ; Untyped                                          ;
; BYTEENA_ACLR_B                     ; NONE                 ; Untyped                                          ;
; WIDTH_BYTEENA_A                    ; 1                    ; Signed Integer                                   ;
; WIDTH_BYTEENA_B                    ; 1                    ; Signed Integer                                   ;
; RAM_BLOCK_TYPE                     ; AUTO                 ; Untyped                                          ;
; BYTE_SIZE                          ; 8                    ; Signed Integer                                   ;
; READ_DURING_WRITE_MODE_MIXED_PORTS ; DONT_CARE            ; Untyped                                          ;
; READ_DURING_WRITE_MODE_PORT_A      ; NEW_DATA_NO_NBE_READ ; Untyped                                          ;
; READ_DURING_WRITE_MODE_PORT_B      ; NEW_DATA_NO_NBE_READ ; Untyped                                          ;
; INIT_FILE                          ; UNUSED               ; Untyped                                          ;
; INIT_FILE_LAYOUT                   ; PORT_A               ; Untyped                                          ;
; MAXIMUM_DEPTH                      ; 0                    ; Signed Integer                                   ;
; CLOCK_ENABLE_INPUT_A               ; BYPASS               ; Untyped                                          ;
; CLOCK_ENABLE_INPUT_B               ; BYPASS               ; Untyped                                          ;
; CLOCK_ENABLE_OUTPUT_A              ; NORMAL               ; Untyped                                          ;
; CLOCK_ENABLE_OUTPUT_B              ; BYPASS               ; Untyped                                          ;
; CLOCK_ENABLE_CORE_A                ; USE_INPUT_CLKEN      ; Untyped                                          ;
; CLOCK_ENABLE_CORE_B                ; USE_INPUT_CLKEN      ; Untyped                                          ;
; ENABLE_ECC                         ; FALSE                ; Untyped                                          ;
; ECC_PIPELINE_STAGE_ENABLED         ; FALSE                ; Untyped                                          ;
; WIDTH_ECCSTATUS                    ; 3                    ; Signed Integer                                   ;
; DEVICE_FAMILY                      ; Cyclone IV E         ; Untyped                                          ;
; CBXI_PARAMETER                     ; altsyncram_79o3      ; Untyped                                          ;
+------------------------------------+----------------------+--------------------------------------------------+
Note: In order to hide this table in the UI and the text report file, please set the "Show Parameter Settings in Synthesis Report" option in "Analysis and Synthesis Settings -> More Settings" to "Off".


+---------------------------------------------------------------------------------------------------------------------+
; Parameter Settings for User Entity Instance: octaver:octaver_R|RAM_Octaver:RAM_inst|altsyncram:altsyncram_component ;
+------------------------------------+----------------------+---------------------------------------------------------+
; Parameter Name                     ; Value                ; Type                                                    ;
+------------------------------------+----------------------+---------------------------------------------------------+
; BYTE_SIZE_BLOCK                    ; 8                    ; Untyped                                                 ;
; AUTO_CARRY_CHAINS                  ; ON                   ; AUTO_CARRY                                              ;
; IGNORE_CARRY_BUFFERS               ; OFF                  ; IGNORE_CARRY                                            ;
; AUTO_CASCADE_CHAINS                ; ON                   ; AUTO_CASCADE                                            ;
; IGNORE_CASCADE_BUFFERS             ; OFF                  ; IGNORE_CASCADE                                          ;
; WIDTH_BYTEENA                      ; 1                    ; Untyped                                                 ;
; OPERATION_MODE                     ; BIDIR_DUAL_PORT      ; Untyped                                                 ;
; WIDTH_A                            ; 16                   ; Signed Integer                                          ;
; WIDTHAD_A                          ; 14                   ; Signed Integer                                          ;
; NUMWORDS_A                         ; 16384                ; Signed Integer                                          ;
; OUTDATA_REG_A                      ; CLOCK0               ; Untyped                                                 ;
; ADDRESS_ACLR_A                     ; NONE                 ; Untyped                                                 ;
; OUTDATA_ACLR_A                     ; NONE                 ; Untyped                                                 ;
; WRCONTROL_ACLR_A                   ; NONE                 ; Untyped                                                 ;
; INDATA_ACLR_A                      ; NONE                 ; Untyped                                                 ;
; BYTEENA_ACLR_A                     ; NONE                 ; Untyped                                                 ;
; WIDTH_B                            ; 16                   ; Signed Integer                                          ;
; WIDTHAD_B                          ; 14                   ; Signed Integer                                          ;
; NUMWORDS_B                         ; 16384                ; Signed Integer                                          ;
; INDATA_REG_B                       ; CLOCK0               ; Untyped                                                 ;
; WRCONTROL_WRADDRESS_REG_B          ; CLOCK0               ; Untyped                                                 ;
; RDCONTROL_REG_B                    ; CLOCK1               ; Untyped                                                 ;
; ADDRESS_REG_B                      ; CLOCK0               ; Untyped                                                 ;
; OUTDATA_REG_B                      ; CLOCK0               ; Untyped                                                 ;
; BYTEENA_REG_B                      ; CLOCK1               ; Untyped                                                 ;
; INDATA_ACLR_B                      ; NONE                 ; Untyped                                                 ;
; WRCONTROL_ACLR_B                   ; NONE                 ; Untyped                                                 ;
; ADDRESS_ACLR_B                     ; NONE                 ; Untyped                                                 ;
; OUTDATA_ACLR_B                     ; NONE                 ; Untyped                                                 ;
; RDCONTROL_ACLR_B                   ; NONE                 ; Untyped                                                 ;
; BYTEENA_ACLR_B                     ; NONE                 ; Untyped                                                 ;
; WIDTH_BYTEENA_A                    ; 1                    ; Signed Integer                                          ;
; WIDTH_BYTEENA_B                    ; 1                    ; Signed Integer                                          ;
; RAM_BLOCK_TYPE                     ; AUTO                 ; Untyped                                                 ;
; BYTE_SIZE                          ; 8                    ; Signed Integer                                          ;
; READ_DURING_WRITE_MODE_MIXED_PORTS ; DONT_CARE            ; Untyped                                                 ;
; READ_DURING_WRITE_MODE_PORT_A      ; NEW_DATA_NO_NBE_READ ; Untyped                                                 ;
; READ_DURING_WRITE_MODE_PORT_B      ; NEW_DATA_NO_NBE_READ ; Untyped                                                 ;
; INIT_FILE                          ; UNUSED               ; Untyped                                                 ;
; INIT_FILE_LAYOUT                   ; PORT_A               ; Untyped                                                 ;
; MAXIMUM_DEPTH                      ; 0                    ; Signed Integer                                          ;
; CLOCK_ENABLE_INPUT_A               ; BYPASS               ; Untyped                                                 ;
; CLOCK_ENABLE_INPUT_B               ; BYPASS               ; Untyped                                                 ;
; CLOCK_ENABLE_OUTPUT_A              ; BYPASS               ; Untyped                                                 ;
; CLOCK_ENABLE_OUTPUT_B              ; BYPASS               ; Untyped                                                 ;
; CLOCK_ENABLE_CORE_A                ; USE_INPUT_CLKEN      ; Untyped                                                 ;
; CLOCK_ENABLE_CORE_B                ; USE_INPUT_CLKEN      ; Untyped                                                 ;
; ENABLE_ECC                         ; FALSE                ; Untyped                                                 ;
; ECC_PIPELINE_STAGE_ENABLED         ; FALSE                ; Untyped                                                 ;
; WIDTH_ECCSTATUS                    ; 3                    ; Signed Integer                                          ;
; DEVICE_FAMILY                      ; Cyclone IV E         ; Untyped                                                 ;
; CBXI_PARAMETER                     ; altsyncram_1pp3      ; Untyped                                                 ;
+------------------------------------+----------------------+---------------------------------------------------------+
Note: In order to hide this table in the UI and the text report file, please set the "Show Parameter Settings in Synthesis Report" option in "Analysis and Synthesis Settings -> More Settings" to "Off".


+---------------------------------------------------------------------------------------------------------------------+
; Parameter Settings for User Entity Instance: octaver:octaver_L|RAM_Octaver:RAM_inst|altsyncram:altsyncram_component ;
+------------------------------------+----------------------+---------------------------------------------------------+
; Parameter Name                     ; Value                ; Type                                                    ;
+------------------------------------+----------------------+---------------------------------------------------------+
; BYTE_SIZE_BLOCK                    ; 8                    ; Untyped                                                 ;
; AUTO_CARRY_CHAINS                  ; ON                   ; AUTO_CARRY                                              ;
; IGNORE_CARRY_BUFFERS               ; OFF                  ; IGNORE_CARRY                                            ;
; AUTO_CASCADE_CHAINS                ; ON                   ; AUTO_CASCADE                                            ;
; IGNORE_CASCADE_BUFFERS             ; OFF                  ; IGNORE_CASCADE                                          ;
; WIDTH_BYTEENA                      ; 1                    ; Untyped                                                 ;
; OPERATION_MODE                     ; BIDIR_DUAL_PORT      ; Untyped                                                 ;
; WIDTH_A                            ; 16                   ; Signed Integer                                          ;
; WIDTHAD_A                          ; 14                   ; Signed Integer                                          ;
; NUMWORDS_A                         ; 16384                ; Signed Integer                                          ;
; OUTDATA_REG_A                      ; CLOCK0               ; Untyped                                                 ;
; ADDRESS_ACLR_A                     ; NONE                 ; Untyped                                                 ;
; OUTDATA_ACLR_A                     ; NONE                 ; Untyped                                                 ;
; WRCONTROL_ACLR_A                   ; NONE                 ; Untyped                                                 ;
; INDATA_ACLR_A                      ; NONE                 ; Untyped                                                 ;
; BYTEENA_ACLR_A                     ; NONE                 ; Untyped                                                 ;
; WIDTH_B                            ; 16                   ; Signed Integer                                          ;
; WIDTHAD_B                          ; 14                   ; Signed Integer                                          ;
; NUMWORDS_B                         ; 16384                ; Signed Integer                                          ;
; INDATA_REG_B                       ; CLOCK0               ; Untyped                                                 ;
; WRCONTROL_WRADDRESS_REG_B          ; CLOCK0               ; Untyped                                                 ;
; RDCONTROL_REG_B                    ; CLOCK1               ; Untyped                                                 ;
; ADDRESS_REG_B                      ; CLOCK0               ; Untyped                                                 ;
; OUTDATA_REG_B                      ; CLOCK0               ; Untyped                                                 ;
; BYTEENA_REG_B                      ; CLOCK1               ; Untyped                                                 ;
; INDATA_ACLR_B                      ; NONE                 ; Untyped                                                 ;
; WRCONTROL_ACLR_B                   ; NONE                 ; Untyped                                                 ;
; ADDRESS_ACLR_B                     ; NONE                 ; Untyped                                                 ;
; OUTDATA_ACLR_B                     ; NONE                 ; Untyped                                                 ;
; RDCONTROL_ACLR_B                   ; NONE                 ; Untyped                                                 ;
; BYTEENA_ACLR_B                     ; NONE                 ; Untyped                                                 ;
; WIDTH_BYTEENA_A                    ; 1                    ; Signed Integer                                          ;
; WIDTH_BYTEENA_B                    ; 1                    ; Signed Integer                                          ;
; RAM_BLOCK_TYPE                     ; AUTO                 ; Untyped                                                 ;
; BYTE_SIZE                          ; 8                    ; Signed Integer                                          ;
; READ_DURING_WRITE_MODE_MIXED_PORTS ; DONT_CARE            ; Untyped                                                 ;
; READ_DURING_WRITE_MODE_PORT_A      ; NEW_DATA_NO_NBE_READ ; Untyped                                                 ;
; READ_DURING_WRITE_MODE_PORT_B      ; NEW_DATA_NO_NBE_READ ; Untyped                                                 ;
; INIT_FILE                          ; UNUSED               ; Untyped                                                 ;
; INIT_FILE_LAYOUT                   ; PORT_A               ; Untyped                                                 ;
; MAXIMUM_DEPTH                      ; 0                    ; Signed Integer                                          ;
; CLOCK_ENABLE_INPUT_A               ; BYPASS               ; Untyped                                                 ;
; CLOCK_ENABLE_INPUT_B               ; BYPASS               ; Untyped                                                 ;
; CLOCK_ENABLE_OUTPUT_A              ; BYPASS               ; Untyped                                                 ;
; CLOCK_ENABLE_OUTPUT_B              ; BYPASS               ; Untyped                                                 ;
; CLOCK_ENABLE_CORE_A                ; USE_INPUT_CLKEN      ; Untyped                                                 ;
; CLOCK_ENABLE_CORE_B                ; USE_INPUT_CLKEN      ; Untyped                                                 ;
; ENABLE_ECC                         ; FALSE                ; Untyped                                                 ;
; ECC_PIPELINE_STAGE_ENABLED         ; FALSE                ; Untyped                                                 ;
; WIDTH_ECCSTATUS                    ; 3                    ; Signed Integer                                          ;
; DEVICE_FAMILY                      ; Cyclone IV E         ; Untyped                                                 ;
; CBXI_PARAMETER                     ; altsyncram_1pp3      ; Untyped                                                 ;
+------------------------------------+----------------------+---------------------------------------------------------+
Note: In order to hide this table in the UI and the text report file, please set the "Show Parameter Settings in Synthesis Report" option in "Analysis and Synthesis Settings -> More Settings" to "Off".


+-----------------------------------------------------------------------------------------------------------------------+
; Parameter Settings for User Entity Instance: chorus:chorus_inst_L|RAM_chorus:RAM_INST|altsyncram:altsyncram_component ;
+------------------------------------+----------------------+-----------------------------------------------------------+
; Parameter Name                     ; Value                ; Type                                                      ;
+------------------------------------+----------------------+-----------------------------------------------------------+
; BYTE_SIZE_BLOCK                    ; 8                    ; Untyped                                                   ;
; AUTO_CARRY_CHAINS                  ; ON                   ; AUTO_CARRY                                                ;
; IGNORE_CARRY_BUFFERS               ; OFF                  ; IGNORE_CARRY                                              ;
; AUTO_CASCADE_CHAINS                ; ON                   ; AUTO_CASCADE                                              ;
; IGNORE_CASCADE_BUFFERS             ; OFF                  ; IGNORE_CASCADE                                            ;
; WIDTH_BYTEENA                      ; 1                    ; Untyped                                                   ;
; OPERATION_MODE                     ; DUAL_PORT            ; Untyped                                                   ;
; WIDTH_A                            ; 16                   ; Signed Integer                                            ;
; WIDTHAD_A                          ; 13                   ; Signed Integer                                            ;
; NUMWORDS_A                         ; 8192                 ; Signed Integer                                            ;
; OUTDATA_REG_A                      ; UNREGISTERED         ; Untyped                                                   ;
; ADDRESS_ACLR_A                     ; NONE                 ; Untyped                                                   ;
; OUTDATA_ACLR_A                     ; NONE                 ; Untyped                                                   ;
; WRCONTROL_ACLR_A                   ; NONE                 ; Untyped                                                   ;
; INDATA_ACLR_A                      ; NONE                 ; Untyped                                                   ;
; BYTEENA_ACLR_A                     ; NONE                 ; Untyped                                                   ;
; WIDTH_B                            ; 16                   ; Signed Integer                                            ;
; WIDTHAD_B                          ; 13                   ; Signed Integer                                            ;
; NUMWORDS_B                         ; 8192                 ; Signed Integer                                            ;
; INDATA_REG_B                       ; CLOCK1               ; Untyped                                                   ;
; WRCONTROL_WRADDRESS_REG_B          ; CLOCK1               ; Untyped                                                   ;
; RDCONTROL_REG_B                    ; CLOCK1               ; Untyped                                                   ;
; ADDRESS_REG_B                      ; CLOCK0               ; Untyped                                                   ;
; OUTDATA_REG_B                      ; CLOCK0               ; Untyped                                                   ;
; BYTEENA_REG_B                      ; CLOCK1               ; Untyped                                                   ;
; INDATA_ACLR_B                      ; NONE                 ; Untyped                                                   ;
; WRCONTROL_ACLR_B                   ; NONE                 ; Untyped                                                   ;
; ADDRESS_ACLR_B                     ; NONE                 ; Untyped                                                   ;
; OUTDATA_ACLR_B                     ; NONE                 ; Untyped                                                   ;
; RDCONTROL_ACLR_B                   ; NONE                 ; Untyped                                                   ;
; BYTEENA_ACLR_B                     ; NONE                 ; Untyped                                                   ;
; WIDTH_BYTEENA_A                    ; 1                    ; Signed Integer                                            ;
; WIDTH_BYTEENA_B                    ; 1                    ; Signed Integer                                            ;
; RAM_BLOCK_TYPE                     ; AUTO                 ; Untyped                                                   ;
; BYTE_SIZE                          ; 8                    ; Signed Integer                                            ;
; READ_DURING_WRITE_MODE_MIXED_PORTS ; DONT_CARE            ; Untyped                                                   ;
; READ_DURING_WRITE_MODE_PORT_A      ; NEW_DATA_NO_NBE_READ ; Untyped                                                   ;
; READ_DURING_WRITE_MODE_PORT_B      ; NEW_DATA_NO_NBE_READ ; Untyped                                                   ;
; INIT_FILE                          ; UNUSED               ; Untyped                                                   ;
; INIT_FILE_LAYOUT                   ; PORT_A               ; Untyped                                                   ;
; MAXIMUM_DEPTH                      ; 0                    ; Signed Integer                                            ;
; CLOCK_ENABLE_INPUT_A               ; BYPASS               ; Untyped                                                   ;
; CLOCK_ENABLE_INPUT_B               ; BYPASS               ; Untyped                                                   ;
; CLOCK_ENABLE_OUTPUT_A              ; NORMAL               ; Untyped                                                   ;
; CLOCK_ENABLE_OUTPUT_B              ; BYPASS               ; Untyped                                                   ;
; CLOCK_ENABLE_CORE_A                ; USE_INPUT_CLKEN      ; Untyped                                                   ;
; CLOCK_ENABLE_CORE_B                ; USE_INPUT_CLKEN      ; Untyped                                                   ;
; ENABLE_ECC                         ; FALSE                ; Untyped                                                   ;
; ECC_PIPELINE_STAGE_ENABLED         ; FALSE                ; Untyped                                                   ;
; WIDTH_ECCSTATUS                    ; 3                    ; Signed Integer                                            ;
; DEVICE_FAMILY                      ; Cyclone IV E         ; Untyped                                                   ;
; CBXI_PARAMETER                     ; altsyncram_n5o3      ; Untyped                                                   ;
+------------------------------------+----------------------+-----------------------------------------------------------+
Note: In order to hide this table in the UI and the text report file, please set the "Show Parameter Settings in Synthesis Report" option in "Analysis and Synthesis Settings -> More Settings" to "Off".


+-----------------------------------------------------------------------------------------------------------------------+
; Parameter Settings for User Entity Instance: chorus:chorus_inst_R|RAM_chorus:RAM_INST|altsyncram:altsyncram_component ;
+------------------------------------+----------------------+-----------------------------------------------------------+
; Parameter Name                     ; Value                ; Type                                                      ;
+------------------------------------+----------------------+-----------------------------------------------------------+
; BYTE_SIZE_BLOCK                    ; 8                    ; Untyped                                                   ;
; AUTO_CARRY_CHAINS                  ; ON                   ; AUTO_CARRY                                                ;
; IGNORE_CARRY_BUFFERS               ; OFF                  ; IGNORE_CARRY                                              ;
; AUTO_CASCADE_CHAINS                ; ON                   ; AUTO_CASCADE                                              ;
; IGNORE_CASCADE_BUFFERS             ; OFF                  ; IGNORE_CASCADE                                            ;
; WIDTH_BYTEENA                      ; 1                    ; Untyped                                                   ;
; OPERATION_MODE                     ; DUAL_PORT            ; Untyped                                                   ;
; WIDTH_A                            ; 16                   ; Signed Integer                                            ;
; WIDTHAD_A                          ; 13                   ; Signed Integer                                            ;
; NUMWORDS_A                         ; 8192                 ; Signed Integer                                            ;
; OUTDATA_REG_A                      ; UNREGISTERED         ; Untyped                                                   ;
; ADDRESS_ACLR_A                     ; NONE                 ; Untyped                                                   ;
; OUTDATA_ACLR_A                     ; NONE                 ; Untyped                                                   ;
; WRCONTROL_ACLR_A                   ; NONE                 ; Untyped                                                   ;
; INDATA_ACLR_A                      ; NONE                 ; Untyped                                                   ;
; BYTEENA_ACLR_A                     ; NONE                 ; Untyped                                                   ;
; WIDTH_B                            ; 16                   ; Signed Integer                                            ;
; WIDTHAD_B                          ; 13                   ; Signed Integer                                            ;
; NUMWORDS_B                         ; 8192                 ; Signed Integer                                            ;
; INDATA_REG_B                       ; CLOCK1               ; Untyped                                                   ;
; WRCONTROL_WRADDRESS_REG_B          ; CLOCK1               ; Untyped                                                   ;
; RDCONTROL_REG_B                    ; CLOCK1               ; Untyped                                                   ;
; ADDRESS_REG_B                      ; CLOCK0               ; Untyped                                                   ;
; OUTDATA_REG_B                      ; CLOCK0               ; Untyped                                                   ;
; BYTEENA_REG_B                      ; CLOCK1               ; Untyped                                                   ;
; INDATA_ACLR_B                      ; NONE                 ; Untyped                                                   ;
; WRCONTROL_ACLR_B                   ; NONE                 ; Untyped                                                   ;
; ADDRESS_ACLR_B                     ; NONE                 ; Untyped                                                   ;
; OUTDATA_ACLR_B                     ; NONE                 ; Untyped                                                   ;
; RDCONTROL_ACLR_B                   ; NONE                 ; Untyped                                                   ;
; BYTEENA_ACLR_B                     ; NONE                 ; Untyped                                                   ;
; WIDTH_BYTEENA_A                    ; 1                    ; Signed Integer                                            ;
; WIDTH_BYTEENA_B                    ; 1                    ; Signed Integer                                            ;
; RAM_BLOCK_TYPE                     ; AUTO                 ; Untyped                                                   ;
; BYTE_SIZE                          ; 8                    ; Signed Integer                                            ;
; READ_DURING_WRITE_MODE_MIXED_PORTS ; DONT_CARE            ; Untyped                                                   ;
; READ_DURING_WRITE_MODE_PORT_A      ; NEW_DATA_NO_NBE_READ ; Untyped                                                   ;
; READ_DURING_WRITE_MODE_PORT_B      ; NEW_DATA_NO_NBE_READ ; Untyped                                                   ;
; INIT_FILE                          ; UNUSED               ; Untyped                                                   ;
; INIT_FILE_LAYOUT                   ; PORT_A               ; Untyped                                                   ;
; MAXIMUM_DEPTH                      ; 0                    ; Signed Integer                                            ;
; CLOCK_ENABLE_INPUT_A               ; BYPASS               ; Untyped                                                   ;
; CLOCK_ENABLE_INPUT_B               ; BYPASS               ; Untyped                                                   ;
; CLOCK_ENABLE_OUTPUT_A              ; NORMAL               ; Untyped                                                   ;
; CLOCK_ENABLE_OUTPUT_B              ; BYPASS               ; Untyped                                                   ;
; CLOCK_ENABLE_CORE_A                ; USE_INPUT_CLKEN      ; Untyped                                                   ;
; CLOCK_ENABLE_CORE_B                ; USE_INPUT_CLKEN      ; Untyped                                                   ;
; ENABLE_ECC                         ; FALSE                ; Untyped                                                   ;
; ECC_PIPELINE_STAGE_ENABLED         ; FALSE                ; Untyped                                                   ;
; WIDTH_ECCSTATUS                    ; 3                    ; Signed Integer                                            ;
; DEVICE_FAMILY                      ; Cyclone IV E         ; Untyped                                                   ;
; CBXI_PARAMETER                     ; altsyncram_n5o3      ; Untyped                                                   ;
+------------------------------------+----------------------+-----------------------------------------------------------+
Note: In order to hide this table in the UI and the text report file, please set the "Show Parameter Settings in Synthesis Report" option in "Analysis and Synthesis Settings -> More Settings" to "Off".


+--------------------------------------------------------------------+
; Parameter Settings for User Entity Instance: auto_wah:u_auto_wah_R ;
+----------------+-------+-------------------------------------------+
; Parameter Name ; Value ; Type                                      ;
+----------------+-------+-------------------------------------------+
; fc_min         ; 2500  ; Signed Integer                            ;
; fc_max         ; 20000 ; Signed Integer                            ;
; atk_shift      ; 1     ; Signed Integer                            ;
; rel_shift      ; 13    ; Signed Integer                            ;
; q_shift        ; 2     ; Signed Integer                            ;
; sensitivity    ; 6     ; Signed Integer                            ;
+----------------+-------+-------------------------------------------+
Note: In order to hide this table in the UI and the text report file, please set the "Show Parameter Settings in Synthesis Report" option in "Analysis and Synthesis Settings -> More Settings" to "Off".


+--------------------------------------------------------------------+
; Parameter Settings for User Entity Instance: auto_wah:u_auto_wah_L ;
+----------------+-------+-------------------------------------------+
; Parameter Name ; Value ; Type                                      ;
+----------------+-------+-------------------------------------------+
; fc_min         ; 2500  ; Signed Integer                            ;
; fc_max         ; 20000 ; Signed Integer                            ;
; atk_shift      ; 1     ; Signed Integer                            ;
; rel_shift      ; 13    ; Signed Integer                            ;
; q_shift        ; 2     ; Signed Integer                            ;
; sensitivity    ; 6     ; Signed Integer                            ;
+----------------+-------+-------------------------------------------+
Note: In order to hide this table in the UI and the text report file, please set the "Show Parameter Settings in Synthesis Report" option in "Analysis and Synthesis Settings -> More Settings" to "Off".


+-------------------------------------------------------------------------------------------------------------------+
; Parameter Settings for Inferred Entity Instance: tremolo:tremolo_inst_L|SinusLUT:sinus_inst|altsyncram:Mux6_rtl_0 ;
+------------------------------------+-----------------------------------------------------+------------------------+
; Parameter Name                     ; Value                                               ; Type                   ;
+------------------------------------+-----------------------------------------------------+------------------------+
; BYTE_SIZE_BLOCK                    ; 8                                                   ; Untyped                ;
; AUTO_CARRY_CHAINS                  ; ON                                                  ; AUTO_CARRY             ;
; IGNORE_CARRY_BUFFERS               ; OFF                                                 ; IGNORE_CARRY           ;
; AUTO_CASCADE_CHAINS                ; ON                                                  ; AUTO_CASCADE           ;
; IGNORE_CASCADE_BUFFERS             ; OFF                                                 ; IGNORE_CASCADE         ;
; WIDTH_BYTEENA                      ; 1                                                   ; Untyped                ;
; OPERATION_MODE                     ; ROM                                                 ; Untyped                ;
; WIDTH_A                            ; 7                                                   ; Untyped                ;
; WIDTHAD_A                          ; 8                                                   ; Untyped                ;
; NUMWORDS_A                         ; 256                                                 ; Untyped                ;
; OUTDATA_REG_A                      ; UNREGISTERED                                        ; Untyped                ;
; ADDRESS_ACLR_A                     ; NONE                                                ; Untyped                ;
; OUTDATA_ACLR_A                     ; NONE                                                ; Untyped                ;
; WRCONTROL_ACLR_A                   ; NONE                                                ; Untyped                ;
; INDATA_ACLR_A                      ; NONE                                                ; Untyped                ;
; BYTEENA_ACLR_A                     ; NONE                                                ; Untyped                ;
; WIDTH_B                            ; 1                                                   ; Untyped                ;
; WIDTHAD_B                          ; 1                                                   ; Untyped                ;
; NUMWORDS_B                         ; 1                                                   ; Untyped                ;
; INDATA_REG_B                       ; CLOCK1                                              ; Untyped                ;
; WRCONTROL_WRADDRESS_REG_B          ; CLOCK1                                              ; Untyped                ;
; RDCONTROL_REG_B                    ; CLOCK1                                              ; Untyped                ;
; ADDRESS_REG_B                      ; CLOCK1                                              ; Untyped                ;
; OUTDATA_REG_B                      ; UNREGISTERED                                        ; Untyped                ;
; BYTEENA_REG_B                      ; CLOCK1                                              ; Untyped                ;
; INDATA_ACLR_B                      ; NONE                                                ; Untyped                ;
; WRCONTROL_ACLR_B                   ; NONE                                                ; Untyped                ;
; ADDRESS_ACLR_B                     ; NONE                                                ; Untyped                ;
; OUTDATA_ACLR_B                     ; NONE                                                ; Untyped                ;
; RDCONTROL_ACLR_B                   ; NONE                                                ; Untyped                ;
; BYTEENA_ACLR_B                     ; NONE                                                ; Untyped                ;
; WIDTH_BYTEENA_A                    ; 1                                                   ; Untyped                ;
; WIDTH_BYTEENA_B                    ; 1                                                   ; Untyped                ;
; RAM_BLOCK_TYPE                     ; AUTO                                                ; Untyped                ;
; BYTE_SIZE                          ; 8                                                   ; Untyped                ;
; READ_DURING_WRITE_MODE_MIXED_PORTS ; DONT_CARE                                           ; Untyped                ;
; READ_DURING_WRITE_MODE_PORT_A      ; NEW_DATA_NO_NBE_READ                                ; Untyped                ;
; READ_DURING_WRITE_MODE_PORT_B      ; NEW_DATA_NO_NBE_READ                                ; Untyped                ;
; INIT_FILE                          ; effets_audio_sur_FPGA_Projet.Audio_Project0.rtl.mif ; Untyped                ;
; INIT_FILE_LAYOUT                   ; PORT_A                                              ; Untyped                ;
; MAXIMUM_DEPTH                      ; 0                                                   ; Untyped                ;
; CLOCK_ENABLE_INPUT_A               ; NORMAL                                              ; Untyped                ;
; CLOCK_ENABLE_INPUT_B               ; NORMAL                                              ; Untyped                ;
; CLOCK_ENABLE_OUTPUT_A              ; NORMAL                                              ; Untyped                ;
; CLOCK_ENABLE_OUTPUT_B              ; NORMAL                                              ; Untyped                ;
; CLOCK_ENABLE_CORE_A                ; USE_INPUT_CLKEN                                     ; Untyped                ;
; CLOCK_ENABLE_CORE_B                ; USE_INPUT_CLKEN                                     ; Untyped                ;
; ENABLE_ECC                         ; FALSE                                               ; Untyped                ;
; ECC_PIPELINE_STAGE_ENABLED         ; FALSE                                               ; Untyped                ;
; WIDTH_ECCSTATUS                    ; 3                                                   ; Untyped                ;
; DEVICE_FAMILY                      ; Cyclone IV E                                        ; Untyped                ;
; CBXI_PARAMETER                     ; altsyncram_lc21                                     ; Untyped                ;
+------------------------------------+-----------------------------------------------------+------------------------+
Note: In order to hide this table in the UI and the text report file, please set the "Show Parameter Settings in Synthesis Report" option in "Analysis and Synthesis Settings -> More Settings" to "Off".


+----------------------------------------------------------------------------------------------------------------+
; Parameter Settings for Inferred Entity Instance: chorus:chorus_inst_L|SinusLUT:SINE_INST|altsyncram:Mux6_rtl_0 ;
+------------------------------------+-----------------------------------------------------+---------------------+
; Parameter Name                     ; Value                                               ; Type                ;
+------------------------------------+-----------------------------------------------------+---------------------+
; BYTE_SIZE_BLOCK                    ; 8                                                   ; Untyped             ;
; AUTO_CARRY_CHAINS                  ; ON                                                  ; AUTO_CARRY          ;
; IGNORE_CARRY_BUFFERS               ; OFF                                                 ; IGNORE_CARRY        ;
; AUTO_CASCADE_CHAINS                ; ON                                                  ; AUTO_CASCADE        ;
; IGNORE_CASCADE_BUFFERS             ; OFF                                                 ; IGNORE_CASCADE      ;
; WIDTH_BYTEENA                      ; 1                                                   ; Untyped             ;
; OPERATION_MODE                     ; ROM                                                 ; Untyped             ;
; WIDTH_A                            ; 7                                                   ; Untyped             ;
; WIDTHAD_A                          ; 8                                                   ; Untyped             ;
; NUMWORDS_A                         ; 256                                                 ; Untyped             ;
; OUTDATA_REG_A                      ; UNREGISTERED                                        ; Untyped             ;
; ADDRESS_ACLR_A                     ; NONE                                                ; Untyped             ;
; OUTDATA_ACLR_A                     ; NONE                                                ; Untyped             ;
; WRCONTROL_ACLR_A                   ; NONE                                                ; Untyped             ;
; INDATA_ACLR_A                      ; NONE                                                ; Untyped             ;
; BYTEENA_ACLR_A                     ; NONE                                                ; Untyped             ;
; WIDTH_B                            ; 1                                                   ; Untyped             ;
; WIDTHAD_B                          ; 1                                                   ; Untyped             ;
; NUMWORDS_B                         ; 1                                                   ; Untyped             ;
; INDATA_REG_B                       ; CLOCK1                                              ; Untyped             ;
; WRCONTROL_WRADDRESS_REG_B          ; CLOCK1                                              ; Untyped             ;
; RDCONTROL_REG_B                    ; CLOCK1                                              ; Untyped             ;
; ADDRESS_REG_B                      ; CLOCK1                                              ; Untyped             ;
; OUTDATA_REG_B                      ; UNREGISTERED                                        ; Untyped             ;
; BYTEENA_REG_B                      ; CLOCK1                                              ; Untyped             ;
; INDATA_ACLR_B                      ; NONE                                                ; Untyped             ;
; WRCONTROL_ACLR_B                   ; NONE                                                ; Untyped             ;
; ADDRESS_ACLR_B                     ; NONE                                                ; Untyped             ;
; OUTDATA_ACLR_B                     ; NONE                                                ; Untyped             ;
; RDCONTROL_ACLR_B                   ; NONE                                                ; Untyped             ;
; BYTEENA_ACLR_B                     ; NONE                                                ; Untyped             ;
; WIDTH_BYTEENA_A                    ; 1                                                   ; Untyped             ;
; WIDTH_BYTEENA_B                    ; 1                                                   ; Untyped             ;
; RAM_BLOCK_TYPE                     ; AUTO                                                ; Untyped             ;
; BYTE_SIZE                          ; 8                                                   ; Untyped             ;
; READ_DURING_WRITE_MODE_MIXED_PORTS ; DONT_CARE                                           ; Untyped             ;
; READ_DURING_WRITE_MODE_PORT_A      ; NEW_DATA_NO_NBE_READ                                ; Untyped             ;
; READ_DURING_WRITE_MODE_PORT_B      ; NEW_DATA_NO_NBE_READ                                ; Untyped             ;
; INIT_FILE                          ; effets_audio_sur_FPGA_Projet.Audio_Project1.rtl.mif ; Untyped             ;
; INIT_FILE_LAYOUT                   ; PORT_A                                              ; Untyped             ;
; MAXIMUM_DEPTH                      ; 0                                                   ; Untyped             ;
; CLOCK_ENABLE_INPUT_A               ; NORMAL                                              ; Untyped             ;
; CLOCK_ENABLE_INPUT_B               ; NORMAL                                              ; Untyped             ;
; CLOCK_ENABLE_OUTPUT_A              ; NORMAL                                              ; Untyped             ;
; CLOCK_ENABLE_OUTPUT_B              ; NORMAL                                              ; Untyped             ;
; CLOCK_ENABLE_CORE_A                ; USE_INPUT_CLKEN                                     ; Untyped             ;
; CLOCK_ENABLE_CORE_B                ; USE_INPUT_CLKEN                                     ; Untyped             ;
; ENABLE_ECC                         ; FALSE                                               ; Untyped             ;
; ECC_PIPELINE_STAGE_ENABLED         ; FALSE                                               ; Untyped             ;
; WIDTH_ECCSTATUS                    ; 3                                                   ; Untyped             ;
; DEVICE_FAMILY                      ; Cyclone IV E                                        ; Untyped             ;
; CBXI_PARAMETER                     ; altsyncram_mc21                                     ; Untyped             ;
+------------------------------------+-----------------------------------------------------+---------------------+
Note: In order to hide this table in the UI and the text report file, please set the "Show Parameter Settings in Synthesis Report" option in "Analysis and Synthesis Settings -> More Settings" to "Off".


+----------------------------------------------------------------------------------------------------+
; Parameter Settings for Inferred Entity Instance: distortion:distortion_L|booster:s1|lpm_mult:Mult0 ;
+------------------------------------------------+--------------+------------------------------------+
; Parameter Name                                 ; Value        ; Type                               ;
+------------------------------------------------+--------------+------------------------------------+
; AUTO_CARRY_CHAINS                              ; ON           ; AUTO_CARRY                         ;
; IGNORE_CARRY_BUFFERS                           ; OFF          ; IGNORE_CARRY                       ;
; AUTO_CASCADE_CHAINS                            ; ON           ; AUTO_CASCADE                       ;
; IGNORE_CASCADE_BUFFERS                         ; OFF          ; IGNORE_CASCADE                     ;
; LPM_WIDTHA                                     ; 13           ; Untyped                            ;
; LPM_WIDTHB                                     ; 12           ; Untyped                            ;
; LPM_WIDTHP                                     ; 25           ; Untyped                            ;
; LPM_WIDTHR                                     ; 25           ; Untyped                            ;
; LPM_WIDTHS                                     ; 1            ; Untyped                            ;
; LPM_REPRESENTATION                             ; SIGNED       ; Untyped                            ;
; LPM_PIPELINE                                   ; 0            ; Untyped                            ;
; LATENCY                                        ; 0            ; Untyped                            ;
; INPUT_A_IS_CONSTANT                            ; NO           ; Untyped                            ;
; INPUT_B_IS_CONSTANT                            ; NO           ; Untyped                            ;
; USE_EAB                                        ; OFF          ; Untyped                            ;
; MAXIMIZE_SPEED                                 ; 6            ; Untyped                            ;
; DEVICE_FAMILY                                  ; Cyclone IV E ; Untyped                            ;
; CARRY_CHAIN                                    ; MANUAL       ; Untyped                            ;
; APEX20K_TECHNOLOGY_MAPPER                      ; LUT          ; TECH_MAPPER_APEX20K                ;
; DEDICATED_MULTIPLIER_CIRCUITRY                 ; AUTO         ; Untyped                            ;
; DEDICATED_MULTIPLIER_MIN_INPUT_WIDTH_FOR_AUTO  ; 0            ; Untyped                            ;
; DEDICATED_MULTIPLIER_MIN_OUTPUT_WIDTH_FOR_AUTO ; 0            ; Untyped                            ;
; CBXI_PARAMETER                                 ; mult_v5t     ; Untyped                            ;
; INPUT_A_FIXED_VALUE                            ; Bx           ; Untyped                            ;
; INPUT_B_FIXED_VALUE                            ; Bx           ; Untyped                            ;
; USE_AHDL_IMPLEMENTATION                        ; OFF          ; Untyped                            ;
+------------------------------------------------+--------------+------------------------------------+
Note: In order to hide this table in the UI and the text report file, please set the "Show Parameter Settings in Synthesis Report" option in "Analysis and Synthesis Settings -> More Settings" to "Off".


+----------------------------------------------------------------------------------------------------+
; Parameter Settings for Inferred Entity Instance: distortion:distortion_R|booster:s1|lpm_mult:Mult0 ;
+------------------------------------------------+--------------+------------------------------------+
; Parameter Name                                 ; Value        ; Type                               ;
+------------------------------------------------+--------------+------------------------------------+
; AUTO_CARRY_CHAINS                              ; ON           ; AUTO_CARRY                         ;
; IGNORE_CARRY_BUFFERS                           ; OFF          ; IGNORE_CARRY                       ;
; AUTO_CASCADE_CHAINS                            ; ON           ; AUTO_CASCADE                       ;
; IGNORE_CASCADE_BUFFERS                         ; OFF          ; IGNORE_CASCADE                     ;
; LPM_WIDTHA                                     ; 13           ; Untyped                            ;
; LPM_WIDTHB                                     ; 12           ; Untyped                            ;
; LPM_WIDTHP                                     ; 25           ; Untyped                            ;
; LPM_WIDTHR                                     ; 25           ; Untyped                            ;
; LPM_WIDTHS                                     ; 1            ; Untyped                            ;
; LPM_REPRESENTATION                             ; SIGNED       ; Untyped                            ;
; LPM_PIPELINE                                   ; 0            ; Untyped                            ;
; LATENCY                                        ; 0            ; Untyped                            ;
; INPUT_A_IS_CONSTANT                            ; NO           ; Untyped                            ;
; INPUT_B_IS_CONSTANT                            ; NO           ; Untyped                            ;
; USE_EAB                                        ; OFF          ; Untyped                            ;
; MAXIMIZE_SPEED                                 ; 6            ; Untyped                            ;
; DEVICE_FAMILY                                  ; Cyclone IV E ; Untyped                            ;
; CARRY_CHAIN                                    ; MANUAL       ; Untyped                            ;
; APEX20K_TECHNOLOGY_MAPPER                      ; LUT          ; TECH_MAPPER_APEX20K                ;
; DEDICATED_MULTIPLIER_CIRCUITRY                 ; AUTO         ; Untyped                            ;
; DEDICATED_MULTIPLIER_MIN_INPUT_WIDTH_FOR_AUTO  ; 0            ; Untyped                            ;
; DEDICATED_MULTIPLIER_MIN_OUTPUT_WIDTH_FOR_AUTO ; 0            ; Untyped                            ;
; CBXI_PARAMETER                                 ; mult_v5t     ; Untyped                            ;
; INPUT_A_FIXED_VALUE                            ; Bx           ; Untyped                            ;
; INPUT_B_FIXED_VALUE                            ; Bx           ; Untyped                            ;
; USE_AHDL_IMPLEMENTATION                        ; OFF          ; Untyped                            ;
+------------------------------------------------+--------------+------------------------------------+
Note: In order to hide this table in the UI and the text report file, please set the "Show Parameter Settings in Synthesis Report" option in "Analysis and Synthesis Settings -> More Settings" to "Off".


+---------------------------------------------------------------------------------------+
; Parameter Settings for Inferred Entity Instance: auto_wah:u_auto_wah_L|lpm_mult:Mult1 ;
+------------------------------------------------+--------------+-----------------------+
; Parameter Name                                 ; Value        ; Type                  ;
+------------------------------------------------+--------------+-----------------------+
; AUTO_CARRY_CHAINS                              ; ON           ; AUTO_CARRY            ;
; IGNORE_CARRY_BUFFERS                           ; OFF          ; IGNORE_CARRY          ;
; AUTO_CASCADE_CHAINS                            ; ON           ; AUTO_CASCADE          ;
; IGNORE_CASCADE_BUFFERS                         ; OFF          ; IGNORE_CASCADE        ;
; LPM_WIDTHA                                     ; 18           ; Untyped               ;
; LPM_WIDTHB                                     ; 36           ; Untyped               ;
; LPM_WIDTHP                                     ; 54           ; Untyped               ;
; LPM_WIDTHR                                     ; 54           ; Untyped               ;
; LPM_WIDTHS                                     ; 1            ; Untyped               ;
; LPM_REPRESENTATION                             ; SIGNED       ; Untyped               ;
; LPM_PIPELINE                                   ; 0            ; Untyped               ;
; LATENCY                                        ; 0            ; Untyped               ;
; INPUT_A_IS_CONSTANT                            ; NO           ; Untyped               ;
; INPUT_B_IS_CONSTANT                            ; NO           ; Untyped               ;
; USE_EAB                                        ; OFF          ; Untyped               ;
; MAXIMIZE_SPEED                                 ; 5            ; Untyped               ;
; DEVICE_FAMILY                                  ; Cyclone IV E ; Untyped               ;
; CARRY_CHAIN                                    ; MANUAL       ; Untyped               ;
; APEX20K_TECHNOLOGY_MAPPER                      ; LUT          ; TECH_MAPPER_APEX20K   ;
; DEDICATED_MULTIPLIER_CIRCUITRY                 ; AUTO         ; Untyped               ;
; DEDICATED_MULTIPLIER_MIN_INPUT_WIDTH_FOR_AUTO  ; 0            ; Untyped               ;
; DEDICATED_MULTIPLIER_MIN_OUTPUT_WIDTH_FOR_AUTO ; 0            ; Untyped               ;
; CBXI_PARAMETER                                 ; mult_b6t     ; Untyped               ;
; INPUT_A_FIXED_VALUE                            ; Bx           ; Untyped               ;
; INPUT_B_FIXED_VALUE                            ; Bx           ; Untyped               ;
; USE_AHDL_IMPLEMENTATION                        ; OFF          ; Untyped               ;
+------------------------------------------------+--------------+-----------------------+
Note: In order to hide this table in the UI and the text report file, please set the "Show Parameter Settings in Synthesis Report" option in "Analysis and Synthesis Settings -> More Settings" to "Off".


+----------------------------------------------------------------------------------------+
; Parameter Settings for Inferred Entity Instance: tremolo:tremolo_inst_L|lpm_mult:Mult0 ;
+------------------------------------------------+--------------+------------------------+
; Parameter Name                                 ; Value        ; Type                   ;
+------------------------------------------------+--------------+------------------------+
; AUTO_CARRY_CHAINS                              ; ON           ; AUTO_CARRY             ;
; IGNORE_CARRY_BUFFERS                           ; OFF          ; IGNORE_CARRY           ;
; AUTO_CASCADE_CHAINS                            ; ON           ; AUTO_CASCADE           ;
; IGNORE_CASCADE_BUFFERS                         ; OFF          ; IGNORE_CASCADE         ;
; LPM_WIDTHA                                     ; 16           ; Untyped                ;
; LPM_WIDTHB                                     ; 9            ; Untyped                ;
; LPM_WIDTHP                                     ; 25           ; Untyped                ;
; LPM_WIDTHR                                     ; 25           ; Untyped                ;
; LPM_WIDTHS                                     ; 1            ; Untyped                ;
; LPM_REPRESENTATION                             ; SIGNED       ; Untyped                ;
; LPM_PIPELINE                                   ; 0            ; Untyped                ;
; LATENCY                                        ; 0            ; Untyped                ;
; INPUT_A_IS_CONSTANT                            ; NO           ; Untyped                ;
; INPUT_B_IS_CONSTANT                            ; NO           ; Untyped                ;
; USE_EAB                                        ; OFF          ; Untyped                ;
; MAXIMIZE_SPEED                                 ; 5            ; Untyped                ;
; DEVICE_FAMILY                                  ; Cyclone IV E ; Untyped                ;
; CARRY_CHAIN                                    ; MANUAL       ; Untyped                ;
; APEX20K_TECHNOLOGY_MAPPER                      ; LUT          ; TECH_MAPPER_APEX20K    ;
; DEDICATED_MULTIPLIER_CIRCUITRY                 ; AUTO         ; Untyped                ;
; DEDICATED_MULTIPLIER_MIN_INPUT_WIDTH_FOR_AUTO  ; 0            ; Untyped                ;
; DEDICATED_MULTIPLIER_MIN_OUTPUT_WIDTH_FOR_AUTO ; 0            ; Untyped                ;
; CBXI_PARAMETER                                 ; mult_n4t     ; Untyped                ;
; INPUT_A_FIXED_VALUE                            ; Bx           ; Untyped                ;
; INPUT_B_FIXED_VALUE                            ; Bx           ; Untyped                ;
; USE_AHDL_IMPLEMENTATION                        ; OFF          ; Untyped                ;
+------------------------------------------------+--------------+------------------------+
Note: In order to hide this table in the UI and the text report file, please set the "Show Parameter Settings in Synthesis Report" option in "Analysis and Synthesis Settings -> More Settings" to "Off".


+---------------------------------------------------------------------------------------------------+
; Parameter Settings for Inferred Entity Instance: FIR_filter_37_tap:u_fir_filter_L|lpm_mult:Mult18 ;
+------------------------------------------------+--------------+-----------------------------------+
; Parameter Name                                 ; Value        ; Type                              ;
+------------------------------------------------+--------------+-----------------------------------+
; AUTO_CARRY_CHAINS                              ; ON           ; AUTO_CARRY                        ;
; IGNORE_CARRY_BUFFERS                           ; OFF          ; IGNORE_CARRY                      ;
; AUTO_CASCADE_CHAINS                            ; ON           ; AUTO_CASCADE                      ;
; IGNORE_CASCADE_BUFFERS                         ; OFF          ; IGNORE_CASCADE                    ;
; LPM_WIDTHA                                     ; 16           ; Untyped                           ;
; LPM_WIDTHB                                     ; 16           ; Untyped                           ;
; LPM_WIDTHP                                     ; 32           ; Untyped                           ;
; LPM_WIDTHR                                     ; 32           ; Untyped                           ;
; LPM_WIDTHS                                     ; 1            ; Untyped                           ;
; LPM_REPRESENTATION                             ; SIGNED       ; Untyped                           ;
; LPM_PIPELINE                                   ; 0            ; Untyped                           ;
; LATENCY                                        ; 0            ; Untyped                           ;
; INPUT_A_IS_CONSTANT                            ; NO           ; Untyped                           ;
; INPUT_B_IS_CONSTANT                            ; YES          ; Untyped                           ;
; USE_EAB                                        ; OFF          ; Untyped                           ;
; MAXIMIZE_SPEED                                 ; 5            ; Untyped                           ;
; DEVICE_FAMILY                                  ; Cyclone IV E ; Untyped                           ;
; CARRY_CHAIN                                    ; MANUAL       ; Untyped                           ;
; APEX20K_TECHNOLOGY_MAPPER                      ; LUT          ; TECH_MAPPER_APEX20K               ;
; DEDICATED_MULTIPLIER_CIRCUITRY                 ; AUTO         ; Untyped                           ;
; DEDICATED_MULTIPLIER_MIN_INPUT_WIDTH_FOR_AUTO  ; 0            ; Untyped                           ;
; DEDICATED_MULTIPLIER_MIN_OUTPUT_WIDTH_FOR_AUTO ; 0            ; Untyped                           ;
; CBXI_PARAMETER                                 ; NOTHING      ; Untyped                           ;
; INPUT_A_FIXED_VALUE                            ; Bx           ; Untyped                           ;
; INPUT_B_FIXED_VALUE                            ; Bx           ; Untyped                           ;
; USE_AHDL_IMPLEMENTATION                        ; OFF          ; Untyped                           ;
+------------------------------------------------+--------------+-----------------------------------+
Note: In order to hide this table in the UI and the text report file, please set the "Show Parameter Settings in Synthesis Report" option in "Analysis and Synthesis Settings -> More Settings" to "Off".


+---------------------------------------------------------------------------------------------------+
; Parameter Settings for Inferred Entity Instance: FIR_filter_37_tap:u_fir_filter_L|lpm_mult:Mult17 ;
+------------------------------------------------+--------------+-----------------------------------+
; Parameter Name                                 ; Value        ; Type                              ;
+------------------------------------------------+--------------+-----------------------------------+
; AUTO_CARRY_CHAINS                              ; ON           ; AUTO_CARRY                        ;
; IGNORE_CARRY_BUFFERS                           ; OFF          ; IGNORE_CARRY                      ;
; AUTO_CASCADE_CHAINS                            ; ON           ; AUTO_CASCADE                      ;
; IGNORE_CASCADE_BUFFERS                         ; OFF          ; IGNORE_CASCADE                    ;
; LPM_WIDTHA                                     ; 17           ; Untyped                           ;
; LPM_WIDTHB                                     ; 16           ; Untyped                           ;
; LPM_WIDTHP                                     ; 33           ; Untyped                           ;
; LPM_WIDTHR                                     ; 33           ; Untyped                           ;
; LPM_WIDTHS                                     ; 1            ; Untyped                           ;
; LPM_REPRESENTATION                             ; SIGNED       ; Untyped                           ;
; LPM_PIPELINE                                   ; 0            ; Untyped                           ;
; LATENCY                                        ; 0            ; Untyped                           ;
; INPUT_A_IS_CONSTANT                            ; NO           ; Untyped                           ;
; INPUT_B_IS_CONSTANT                            ; NO           ; Untyped                           ;
; USE_EAB                                        ; OFF          ; Untyped                           ;
; MAXIMIZE_SPEED                                 ; 5            ; Untyped                           ;
; DEVICE_FAMILY                                  ; Cyclone IV E ; Untyped                           ;
; CARRY_CHAIN                                    ; MANUAL       ; Untyped                           ;
; APEX20K_TECHNOLOGY_MAPPER                      ; LUT          ; TECH_MAPPER_APEX20K               ;
; DEDICATED_MULTIPLIER_CIRCUITRY                 ; AUTO         ; Untyped                           ;
; DEDICATED_MULTIPLIER_MIN_INPUT_WIDTH_FOR_AUTO  ; 0            ; Untyped                           ;
; DEDICATED_MULTIPLIER_MIN_OUTPUT_WIDTH_FOR_AUTO ; 0            ; Untyped                           ;
; CBXI_PARAMETER                                 ; mult_56t     ; Untyped                           ;
; INPUT_A_FIXED_VALUE                            ; Bx           ; Untyped                           ;
; INPUT_B_FIXED_VALUE                            ; Bx           ; Untyped                           ;
; USE_AHDL_IMPLEMENTATION                        ; OFF          ; Untyped                           ;
+------------------------------------------------+--------------+-----------------------------------+
Note: In order to hide this table in the UI and the text report file, please set the "Show Parameter Settings in Synthesis Report" option in "Analysis and Synthesis Settings -> More Settings" to "Off".


+---------------------------------------------------------------------------------------+
; Parameter Settings for Inferred Entity Instance: auto_wah:u_auto_wah_R|lpm_mult:Mult1 ;
+------------------------------------------------+--------------+-----------------------+
; Parameter Name                                 ; Value        ; Type                  ;
+------------------------------------------------+--------------+-----------------------+
; AUTO_CARRY_CHAINS                              ; ON           ; AUTO_CARRY            ;
; IGNORE_CARRY_BUFFERS                           ; OFF          ; IGNORE_CARRY          ;
; AUTO_CASCADE_CHAINS                            ; ON           ; AUTO_CASCADE          ;
; IGNORE_CASCADE_BUFFERS                         ; OFF          ; IGNORE_CASCADE        ;
; LPM_WIDTHA                                     ; 18           ; Untyped               ;
; LPM_WIDTHB                                     ; 36           ; Untyped               ;
; LPM_WIDTHP                                     ; 54           ; Untyped               ;
; LPM_WIDTHR                                     ; 54           ; Untyped               ;
; LPM_WIDTHS                                     ; 1            ; Untyped               ;
; LPM_REPRESENTATION                             ; SIGNED       ; Untyped               ;
; LPM_PIPELINE                                   ; 0            ; Untyped               ;
; LATENCY                                        ; 0            ; Untyped               ;
; INPUT_A_IS_CONSTANT                            ; NO           ; Untyped               ;
; INPUT_B_IS_CONSTANT                            ; NO           ; Untyped               ;
; USE_EAB                                        ; OFF          ; Untyped               ;
; MAXIMIZE_SPEED                                 ; 5            ; Untyped               ;
; DEVICE_FAMILY                                  ; Cyclone IV E ; Untyped               ;
; CARRY_CHAIN                                    ; MANUAL       ; Untyped               ;
; APEX20K_TECHNOLOGY_MAPPER                      ; LUT          ; TECH_MAPPER_APEX20K   ;
; DEDICATED_MULTIPLIER_CIRCUITRY                 ; AUTO         ; Untyped               ;
; DEDICATED_MULTIPLIER_MIN_INPUT_WIDTH_FOR_AUTO  ; 0            ; Untyped               ;
; DEDICATED_MULTIPLIER_MIN_OUTPUT_WIDTH_FOR_AUTO ; 0            ; Untyped               ;
; CBXI_PARAMETER                                 ; mult_b6t     ; Untyped               ;
; INPUT_A_FIXED_VALUE                            ; Bx           ; Untyped               ;
; INPUT_B_FIXED_VALUE                            ; Bx           ; Untyped               ;
; USE_AHDL_IMPLEMENTATION                        ; OFF          ; Untyped               ;
+------------------------------------------------+--------------+-----------------------+
Note: In order to hide this table in the UI and the text report file, please set the "Show Parameter Settings in Synthesis Report" option in "Analysis and Synthesis Settings -> More Settings" to "Off".


+---------------------------------------------------------------------------------------------------+
; Parameter Settings for Inferred Entity Instance: FIR_filter_37_tap:u_fir_filter_R|lpm_mult:Mult18 ;
+------------------------------------------------+--------------+-----------------------------------+
; Parameter Name                                 ; Value        ; Type                              ;
+------------------------------------------------+--------------+-----------------------------------+
; AUTO_CARRY_CHAINS                              ; ON           ; AUTO_CARRY                        ;
; IGNORE_CARRY_BUFFERS                           ; OFF          ; IGNORE_CARRY                      ;
; AUTO_CASCADE_CHAINS                            ; ON           ; AUTO_CASCADE                      ;
; IGNORE_CASCADE_BUFFERS                         ; OFF          ; IGNORE_CASCADE                    ;
; LPM_WIDTHA                                     ; 16           ; Untyped                           ;
; LPM_WIDTHB                                     ; 16           ; Untyped                           ;
; LPM_WIDTHP                                     ; 32           ; Untyped                           ;
; LPM_WIDTHR                                     ; 32           ; Untyped                           ;
; LPM_WIDTHS                                     ; 1            ; Untyped                           ;
; LPM_REPRESENTATION                             ; SIGNED       ; Untyped                           ;
; LPM_PIPELINE                                   ; 0            ; Untyped                           ;
; LATENCY                                        ; 0            ; Untyped                           ;
; INPUT_A_IS_CONSTANT                            ; NO           ; Untyped                           ;
; INPUT_B_IS_CONSTANT                            ; YES          ; Untyped                           ;
; USE_EAB                                        ; OFF          ; Untyped                           ;
; MAXIMIZE_SPEED                                 ; 5            ; Untyped                           ;
; DEVICE_FAMILY                                  ; Cyclone IV E ; Untyped                           ;
; CARRY_CHAIN                                    ; MANUAL       ; Untyped                           ;
; APEX20K_TECHNOLOGY_MAPPER                      ; LUT          ; TECH_MAPPER_APEX20K               ;
; DEDICATED_MULTIPLIER_CIRCUITRY                 ; AUTO         ; Untyped                           ;
; DEDICATED_MULTIPLIER_MIN_INPUT_WIDTH_FOR_AUTO  ; 0            ; Untyped                           ;
; DEDICATED_MULTIPLIER_MIN_OUTPUT_WIDTH_FOR_AUTO ; 0            ; Untyped                           ;
; CBXI_PARAMETER                                 ; NOTHING      ; Untyped                           ;
; INPUT_A_FIXED_VALUE                            ; Bx           ; Untyped                           ;
; INPUT_B_FIXED_VALUE                            ; Bx           ; Untyped                           ;
; USE_AHDL_IMPLEMENTATION                        ; OFF          ; Untyped                           ;
+------------------------------------------------+--------------+-----------------------------------+
Note: In order to hide this table in the UI and the text report file, please set the "Show Parameter Settings in Synthesis Report" option in "Analysis and Synthesis Settings -> More Settings" to "Off".


+---------------------------------------------------------------------------------------------------+
; Parameter Settings for Inferred Entity Instance: FIR_filter_37_tap:u_fir_filter_R|lpm_mult:Mult17 ;
+------------------------------------------------+--------------+-----------------------------------+
; Parameter Name                                 ; Value        ; Type                              ;
+------------------------------------------------+--------------+-----------------------------------+
; AUTO_CARRY_CHAINS                              ; ON           ; AUTO_CARRY                        ;
; IGNORE_CARRY_BUFFERS                           ; OFF          ; IGNORE_CARRY                      ;
; AUTO_CASCADE_CHAINS                            ; ON           ; AUTO_CASCADE                      ;
; IGNORE_CASCADE_BUFFERS                         ; OFF          ; IGNORE_CASCADE                    ;
; LPM_WIDTHA                                     ; 17           ; Untyped                           ;
; LPM_WIDTHB                                     ; 16           ; Untyped                           ;
; LPM_WIDTHP                                     ; 33           ; Untyped                           ;
; LPM_WIDTHR                                     ; 33           ; Untyped                           ;
; LPM_WIDTHS                                     ; 1            ; Untyped                           ;
; LPM_REPRESENTATION                             ; SIGNED       ; Untyped                           ;
; LPM_PIPELINE                                   ; 0            ; Untyped                           ;
; LATENCY                                        ; 0            ; Untyped                           ;
; INPUT_A_IS_CONSTANT                            ; NO           ; Untyped                           ;
; INPUT_B_IS_CONSTANT                            ; NO           ; Untyped                           ;
; USE_EAB                                        ; OFF          ; Untyped                           ;
; MAXIMIZE_SPEED                                 ; 5            ; Untyped                           ;
; DEVICE_FAMILY                                  ; Cyclone IV E ; Untyped                           ;
; CARRY_CHAIN                                    ; MANUAL       ; Untyped                           ;
; APEX20K_TECHNOLOGY_MAPPER                      ; LUT          ; TECH_MAPPER_APEX20K               ;
; DEDICATED_MULTIPLIER_CIRCUITRY                 ; AUTO         ; Untyped                           ;
; DEDICATED_MULTIPLIER_MIN_INPUT_WIDTH_FOR_AUTO  ; 0            ; Untyped                           ;
; DEDICATED_MULTIPLIER_MIN_OUTPUT_WIDTH_FOR_AUTO ; 0            ; Untyped                           ;
; CBXI_PARAMETER                                 ; mult_56t     ; Untyped                           ;
; INPUT_A_FIXED_VALUE                            ; Bx           ; Untyped                           ;
; INPUT_B_FIXED_VALUE                            ; Bx           ; Untyped                           ;
; USE_AHDL_IMPLEMENTATION                        ; OFF          ; Untyped                           ;
+------------------------------------------------+--------------+-----------------------------------+
Note: In order to hide this table in the UI and the text report file, please set the "Show Parameter Settings in Synthesis Report" option in "Analysis and Synthesis Settings -> More Settings" to "Off".


+----------------------------------------------------------------------------------------+
; Parameter Settings for Inferred Entity Instance: tremolo:tremolo_inst_R|lpm_mult:Mult0 ;
+------------------------------------------------+--------------+------------------------+
; Parameter Name                                 ; Value        ; Type                   ;
+------------------------------------------------+--------------+------------------------+
; AUTO_CARRY_CHAINS                              ; ON           ; AUTO_CARRY             ;
; IGNORE_CARRY_BUFFERS                           ; OFF          ; IGNORE_CARRY           ;
; AUTO_CASCADE_CHAINS                            ; ON           ; AUTO_CASCADE           ;
; IGNORE_CASCADE_BUFFERS                         ; OFF          ; IGNORE_CASCADE         ;
; LPM_WIDTHA                                     ; 16           ; Untyped                ;
; LPM_WIDTHB                                     ; 9            ; Untyped                ;
; LPM_WIDTHP                                     ; 25           ; Untyped                ;
; LPM_WIDTHR                                     ; 25           ; Untyped                ;
; LPM_WIDTHS                                     ; 1            ; Untyped                ;
; LPM_REPRESENTATION                             ; SIGNED       ; Untyped                ;
; LPM_PIPELINE                                   ; 0            ; Untyped                ;
; LATENCY                                        ; 0            ; Untyped                ;
; INPUT_A_IS_CONSTANT                            ; NO           ; Untyped                ;
; INPUT_B_IS_CONSTANT                            ; NO           ; Untyped                ;
; USE_EAB                                        ; OFF          ; Untyped                ;
; MAXIMIZE_SPEED                                 ; 5            ; Untyped                ;
; DEVICE_FAMILY                                  ; Cyclone IV E ; Untyped                ;
; CARRY_CHAIN                                    ; MANUAL       ; Untyped                ;
; APEX20K_TECHNOLOGY_MAPPER                      ; LUT          ; TECH_MAPPER_APEX20K    ;
; DEDICATED_MULTIPLIER_CIRCUITRY                 ; AUTO         ; Untyped                ;
; DEDICATED_MULTIPLIER_MIN_INPUT_WIDTH_FOR_AUTO  ; 0            ; Untyped                ;
; DEDICATED_MULTIPLIER_MIN_OUTPUT_WIDTH_FOR_AUTO ; 0            ; Untyped                ;
; CBXI_PARAMETER                                 ; mult_n4t     ; Untyped                ;
; INPUT_A_FIXED_VALUE                            ; Bx           ; Untyped                ;
; INPUT_B_FIXED_VALUE                            ; Bx           ; Untyped                ;
; USE_AHDL_IMPLEMENTATION                        ; OFF          ; Untyped                ;
+------------------------------------------------+--------------+------------------------+
Note: In order to hide this table in the UI and the text report file, please set the "Show Parameter Settings in Synthesis Report" option in "Analysis and Synthesis Settings -> More Settings" to "Off".


+-------------------------------------------------------------------------------------+
; Parameter Settings for Inferred Entity Instance: delay:delay_inst_L|lpm_mult:Mult0  ;
+------------------------------------------------+--------------+---------------------+
; Parameter Name                                 ; Value        ; Type                ;
+------------------------------------------------+--------------+---------------------+
; AUTO_CARRY_CHAINS                              ; ON           ; AUTO_CARRY          ;
; IGNORE_CARRY_BUFFERS                           ; OFF          ; IGNORE_CARRY        ;
; AUTO_CASCADE_CHAINS                            ; ON           ; AUTO_CASCADE        ;
; IGNORE_CASCADE_BUFFERS                         ; OFF          ; IGNORE_CASCADE      ;
; LPM_WIDTHA                                     ; 16           ; Untyped             ;
; LPM_WIDTHB                                     ; 16           ; Untyped             ;
; LPM_WIDTHP                                     ; 32           ; Untyped             ;
; LPM_WIDTHR                                     ; 32           ; Untyped             ;
; LPM_WIDTHS                                     ; 1            ; Untyped             ;
; LPM_REPRESENTATION                             ; SIGNED       ; Untyped             ;
; LPM_PIPELINE                                   ; 0            ; Untyped             ;
; LATENCY                                        ; 0            ; Untyped             ;
; INPUT_A_IS_CONSTANT                            ; NO           ; Untyped             ;
; INPUT_B_IS_CONSTANT                            ; YES          ; Untyped             ;
; USE_EAB                                        ; OFF          ; Untyped             ;
; MAXIMIZE_SPEED                                 ; 5            ; Untyped             ;
; DEVICE_FAMILY                                  ; Cyclone IV E ; Untyped             ;
; CARRY_CHAIN                                    ; MANUAL       ; Untyped             ;
; APEX20K_TECHNOLOGY_MAPPER                      ; LUT          ; TECH_MAPPER_APEX20K ;
; DEDICATED_MULTIPLIER_CIRCUITRY                 ; AUTO         ; Untyped             ;
; DEDICATED_MULTIPLIER_MIN_INPUT_WIDTH_FOR_AUTO  ; 0            ; Untyped             ;
; DEDICATED_MULTIPLIER_MIN_OUTPUT_WIDTH_FOR_AUTO ; 0            ; Untyped             ;
; CBXI_PARAMETER                                 ; NOTHING      ; Untyped             ;
; INPUT_A_FIXED_VALUE                            ; Bx           ; Untyped             ;
; INPUT_B_FIXED_VALUE                            ; Bx           ; Untyped             ;
; USE_AHDL_IMPLEMENTATION                        ; OFF          ; Untyped             ;
+------------------------------------------------+--------------+---------------------+
Note: In order to hide this table in the UI and the text report file, please set the "Show Parameter Settings in Synthesis Report" option in "Analysis and Synthesis Settings -> More Settings" to "Off".


+-------------------------------------------------------------------------------------+
; Parameter Settings for Inferred Entity Instance: octaver:octaver_L|lpm_mult:Mult1   ;
+------------------------------------------------+--------------+---------------------+
; Parameter Name                                 ; Value        ; Type                ;
+------------------------------------------------+--------------+---------------------+
; AUTO_CARRY_CHAINS                              ; ON           ; AUTO_CARRY          ;
; IGNORE_CARRY_BUFFERS                           ; OFF          ; IGNORE_CARRY        ;
; AUTO_CASCADE_CHAINS                            ; ON           ; AUTO_CASCADE        ;
; IGNORE_CASCADE_BUFFERS                         ; OFF          ; IGNORE_CASCADE      ;
; LPM_WIDTHA                                     ; 16           ; Untyped             ;
; LPM_WIDTHB                                     ; 16           ; Untyped             ;
; LPM_WIDTHP                                     ; 32           ; Untyped             ;
; LPM_WIDTHR                                     ; 32           ; Untyped             ;
; LPM_WIDTHS                                     ; 1            ; Untyped             ;
; LPM_REPRESENTATION                             ; SIGNED       ; Untyped             ;
; LPM_PIPELINE                                   ; 0            ; Untyped             ;
; LATENCY                                        ; 0            ; Untyped             ;
; INPUT_A_IS_CONSTANT                            ; NO           ; Untyped             ;
; INPUT_B_IS_CONSTANT                            ; NO           ; Untyped             ;
; USE_EAB                                        ; OFF          ; Untyped             ;
; MAXIMIZE_SPEED                                 ; 5            ; Untyped             ;
; DEVICE_FAMILY                                  ; Cyclone IV E ; Untyped             ;
; CARRY_CHAIN                                    ; MANUAL       ; Untyped             ;
; APEX20K_TECHNOLOGY_MAPPER                      ; LUT          ; TECH_MAPPER_APEX20K ;
; DEDICATED_MULTIPLIER_CIRCUITRY                 ; AUTO         ; Untyped             ;
; DEDICATED_MULTIPLIER_MIN_INPUT_WIDTH_FOR_AUTO  ; 0            ; Untyped             ;
; DEDICATED_MULTIPLIER_MIN_OUTPUT_WIDTH_FOR_AUTO ; 0            ; Untyped             ;
; CBXI_PARAMETER                                 ; mult_36t     ; Untyped             ;
; INPUT_A_FIXED_VALUE                            ; Bx           ; Untyped             ;
; INPUT_B_FIXED_VALUE                            ; Bx           ; Untyped             ;
; USE_AHDL_IMPLEMENTATION                        ; OFF          ; Untyped             ;
+------------------------------------------------+--------------+---------------------+
Note: In order to hide this table in the UI and the text report file, please set the "Show Parameter Settings in Synthesis Report" option in "Analysis and Synthesis Settings -> More Settings" to "Off".


+-------------------------------------------------------------------------------------+
; Parameter Settings for Inferred Entity Instance: octaver:octaver_L|lpm_mult:Mult0   ;
+------------------------------------------------+--------------+---------------------+
; Parameter Name                                 ; Value        ; Type                ;
+------------------------------------------------+--------------+---------------------+
; AUTO_CARRY_CHAINS                              ; ON           ; AUTO_CARRY          ;
; IGNORE_CARRY_BUFFERS                           ; OFF          ; IGNORE_CARRY        ;
; AUTO_CASCADE_CHAINS                            ; ON           ; AUTO_CASCADE        ;
; IGNORE_CASCADE_BUFFERS                         ; OFF          ; IGNORE_CASCADE      ;
; LPM_WIDTHA                                     ; 16           ; Untyped             ;
; LPM_WIDTHB                                     ; 16           ; Untyped             ;
; LPM_WIDTHP                                     ; 32           ; Untyped             ;
; LPM_WIDTHR                                     ; 32           ; Untyped             ;
; LPM_WIDTHS                                     ; 1            ; Untyped             ;
; LPM_REPRESENTATION                             ; SIGNED       ; Untyped             ;
; LPM_PIPELINE                                   ; 0            ; Untyped             ;
; LATENCY                                        ; 0            ; Untyped             ;
; INPUT_A_IS_CONSTANT                            ; NO           ; Untyped             ;
; INPUT_B_IS_CONSTANT                            ; NO           ; Untyped             ;
; USE_EAB                                        ; OFF          ; Untyped             ;
; MAXIMIZE_SPEED                                 ; 5            ; Untyped             ;
; DEVICE_FAMILY                                  ; Cyclone IV E ; Untyped             ;
; CARRY_CHAIN                                    ; MANUAL       ; Untyped             ;
; APEX20K_TECHNOLOGY_MAPPER                      ; LUT          ; TECH_MAPPER_APEX20K ;
; DEDICATED_MULTIPLIER_CIRCUITRY                 ; AUTO         ; Untyped             ;
; DEDICATED_MULTIPLIER_MIN_INPUT_WIDTH_FOR_AUTO  ; 0            ; Untyped             ;
; DEDICATED_MULTIPLIER_MIN_OUTPUT_WIDTH_FOR_AUTO ; 0            ; Untyped             ;
; CBXI_PARAMETER                                 ; mult_36t     ; Untyped             ;
; INPUT_A_FIXED_VALUE                            ; Bx           ; Untyped             ;
; INPUT_B_FIXED_VALUE                            ; Bx           ; Untyped             ;
; USE_AHDL_IMPLEMENTATION                        ; OFF          ; Untyped             ;
+------------------------------------------------+--------------+---------------------+
Note: In order to hide this table in the UI and the text report file, please set the "Show Parameter Settings in Synthesis Report" option in "Analysis and Synthesis Settings -> More Settings" to "Off".


+---------------------------------------------------------------------------------------+
; Parameter Settings for Inferred Entity Instance: auto_wah:u_auto_wah_L|lpm_mult:Mult0 ;
+------------------------------------------------+--------------+-----------------------+
; Parameter Name                                 ; Value        ; Type                  ;
+------------------------------------------------+--------------+-----------------------+
; AUTO_CARRY_CHAINS                              ; ON           ; AUTO_CARRY            ;
; IGNORE_CARRY_BUFFERS                           ; OFF          ; IGNORE_CARRY          ;
; AUTO_CASCADE_CHAINS                            ; ON           ; AUTO_CASCADE          ;
; IGNORE_CASCADE_BUFFERS                         ; OFF          ; IGNORE_CASCADE        ;
; LPM_WIDTHA                                     ; 17           ; Untyped               ;
; LPM_WIDTHB                                     ; 16           ; Untyped               ;
; LPM_WIDTHP                                     ; 33           ; Untyped               ;
; LPM_WIDTHR                                     ; 33           ; Untyped               ;
; LPM_WIDTHS                                     ; 1            ; Untyped               ;
; LPM_REPRESENTATION                             ; SIGNED       ; Untyped               ;
; LPM_PIPELINE                                   ; 0            ; Untyped               ;
; LATENCY                                        ; 0            ; Untyped               ;
; INPUT_A_IS_CONSTANT                            ; NO           ; Untyped               ;
; INPUT_B_IS_CONSTANT                            ; YES          ; Untyped               ;
; USE_EAB                                        ; OFF          ; Untyped               ;
; MAXIMIZE_SPEED                                 ; 5            ; Untyped               ;
; DEVICE_FAMILY                                  ; Cyclone IV E ; Untyped               ;
; CARRY_CHAIN                                    ; MANUAL       ; Untyped               ;
; APEX20K_TECHNOLOGY_MAPPER                      ; LUT          ; TECH_MAPPER_APEX20K   ;
; DEDICATED_MULTIPLIER_CIRCUITRY                 ; AUTO         ; Untyped               ;
; DEDICATED_MULTIPLIER_MIN_INPUT_WIDTH_FOR_AUTO  ; 0            ; Untyped               ;
; DEDICATED_MULTIPLIER_MIN_OUTPUT_WIDTH_FOR_AUTO ; 0            ; Untyped               ;
; CBXI_PARAMETER                                 ; mult_p9t     ; Untyped               ;
; INPUT_A_FIXED_VALUE                            ; Bx           ; Untyped               ;
; INPUT_B_FIXED_VALUE                            ; Bx           ; Untyped               ;
; USE_AHDL_IMPLEMENTATION                        ; OFF          ; Untyped               ;
+------------------------------------------------+--------------+-----------------------+
Note: In order to hide this table in the UI and the text report file, please set the "Show Parameter Settings in Synthesis Report" option in "Analysis and Synthesis Settings -> More Settings" to "Off".


+---------------------------------------------------------------------------------------+
; Parameter Settings for Inferred Entity Instance: auto_wah:u_auto_wah_R|lpm_mult:Mult0 ;
+------------------------------------------------+--------------+-----------------------+
; Parameter Name                                 ; Value        ; Type                  ;
+------------------------------------------------+--------------+-----------------------+
; AUTO_CARRY_CHAINS                              ; ON           ; AUTO_CARRY            ;
; IGNORE_CARRY_BUFFERS                           ; OFF          ; IGNORE_CARRY          ;
; AUTO_CASCADE_CHAINS                            ; ON           ; AUTO_CASCADE          ;
; IGNORE_CASCADE_BUFFERS                         ; OFF          ; IGNORE_CASCADE        ;
; LPM_WIDTHA                                     ; 17           ; Untyped               ;
; LPM_WIDTHB                                     ; 16           ; Untyped               ;
; LPM_WIDTHP                                     ; 33           ; Untyped               ;
; LPM_WIDTHR                                     ; 33           ; Untyped               ;
; LPM_WIDTHS                                     ; 1            ; Untyped               ;
; LPM_REPRESENTATION                             ; SIGNED       ; Untyped               ;
; LPM_PIPELINE                                   ; 0            ; Untyped               ;
; LATENCY                                        ; 0            ; Untyped               ;
; INPUT_A_IS_CONSTANT                            ; NO           ; Untyped               ;
; INPUT_B_IS_CONSTANT                            ; YES          ; Untyped               ;
; USE_EAB                                        ; OFF          ; Untyped               ;
; MAXIMIZE_SPEED                                 ; 5            ; Untyped               ;
; DEVICE_FAMILY                                  ; Cyclone IV E ; Untyped               ;
; CARRY_CHAIN                                    ; MANUAL       ; Untyped               ;
; APEX20K_TECHNOLOGY_MAPPER                      ; LUT          ; TECH_MAPPER_APEX20K   ;
; DEDICATED_MULTIPLIER_CIRCUITRY                 ; AUTO         ; Untyped               ;
; DEDICATED_MULTIPLIER_MIN_INPUT_WIDTH_FOR_AUTO  ; 0            ; Untyped               ;
; DEDICATED_MULTIPLIER_MIN_OUTPUT_WIDTH_FOR_AUTO ; 0            ; Untyped               ;
; CBXI_PARAMETER                                 ; mult_p9t     ; Untyped               ;
; INPUT_A_FIXED_VALUE                            ; Bx           ; Untyped               ;
; INPUT_B_FIXED_VALUE                            ; Bx           ; Untyped               ;
; USE_AHDL_IMPLEMENTATION                        ; OFF          ; Untyped               ;
+------------------------------------------------+--------------+-----------------------+
Note: In order to hide this table in the UI and the text report file, please set the "Show Parameter Settings in Synthesis Report" option in "Analysis and Synthesis Settings -> More Settings" to "Off".


+-------------------------------------------------------------------------------------+
; Parameter Settings for Inferred Entity Instance: delay:delay_inst_R|lpm_mult:Mult0  ;
+------------------------------------------------+--------------+---------------------+
; Parameter Name                                 ; Value        ; Type                ;
+------------------------------------------------+--------------+---------------------+
; AUTO_CARRY_CHAINS                              ; ON           ; AUTO_CARRY          ;
; IGNORE_CARRY_BUFFERS                           ; OFF          ; IGNORE_CARRY        ;
; AUTO_CASCADE_CHAINS                            ; ON           ; AUTO_CASCADE        ;
; IGNORE_CASCADE_BUFFERS                         ; OFF          ; IGNORE_CASCADE      ;
; LPM_WIDTHA                                     ; 16           ; Untyped             ;
; LPM_WIDTHB                                     ; 16           ; Untyped             ;
; LPM_WIDTHP                                     ; 32           ; Untyped             ;
; LPM_WIDTHR                                     ; 32           ; Untyped             ;
; LPM_WIDTHS                                     ; 1            ; Untyped             ;
; LPM_REPRESENTATION                             ; SIGNED       ; Untyped             ;
; LPM_PIPELINE                                   ; 0            ; Untyped             ;
; LATENCY                                        ; 0            ; Untyped             ;
; INPUT_A_IS_CONSTANT                            ; NO           ; Untyped             ;
; INPUT_B_IS_CONSTANT                            ; YES          ; Untyped             ;
; USE_EAB                                        ; OFF          ; Untyped             ;
; MAXIMIZE_SPEED                                 ; 5            ; Untyped             ;
; DEVICE_FAMILY                                  ; Cyclone IV E ; Untyped             ;
; CARRY_CHAIN                                    ; MANUAL       ; Untyped             ;
; APEX20K_TECHNOLOGY_MAPPER                      ; LUT          ; TECH_MAPPER_APEX20K ;
; DEDICATED_MULTIPLIER_CIRCUITRY                 ; AUTO         ; Untyped             ;
; DEDICATED_MULTIPLIER_MIN_INPUT_WIDTH_FOR_AUTO  ; 0            ; Untyped             ;
; DEDICATED_MULTIPLIER_MIN_OUTPUT_WIDTH_FOR_AUTO ; 0            ; Untyped             ;
; CBXI_PARAMETER                                 ; NOTHING      ; Untyped             ;
; INPUT_A_FIXED_VALUE                            ; Bx           ; Untyped             ;
; INPUT_B_FIXED_VALUE                            ; Bx           ; Untyped             ;
; USE_AHDL_IMPLEMENTATION                        ; OFF          ; Untyped             ;
+------------------------------------------------+--------------+---------------------+
Note: In order to hide this table in the UI and the text report file, please set the "Show Parameter Settings in Synthesis Report" option in "Analysis and Synthesis Settings -> More Settings" to "Off".


+-------------------------------------------------------------------------------------+
; Parameter Settings for Inferred Entity Instance: octaver:octaver_R|lpm_mult:Mult1   ;
+------------------------------------------------+--------------+---------------------+
; Parameter Name                                 ; Value        ; Type                ;
+------------------------------------------------+--------------+---------------------+
; AUTO_CARRY_CHAINS                              ; ON           ; AUTO_CARRY          ;
; IGNORE_CARRY_BUFFERS                           ; OFF          ; IGNORE_CARRY        ;
; AUTO_CASCADE_CHAINS                            ; ON           ; AUTO_CASCADE        ;
; IGNORE_CASCADE_BUFFERS                         ; OFF          ; IGNORE_CASCADE      ;
; LPM_WIDTHA                                     ; 16           ; Untyped             ;
; LPM_WIDTHB                                     ; 16           ; Untyped             ;
; LPM_WIDTHP                                     ; 32           ; Untyped             ;
; LPM_WIDTHR                                     ; 32           ; Untyped             ;
; LPM_WIDTHS                                     ; 1            ; Untyped             ;
; LPM_REPRESENTATION                             ; SIGNED       ; Untyped             ;
; LPM_PIPELINE                                   ; 0            ; Untyped             ;
; LATENCY                                        ; 0            ; Untyped             ;
; INPUT_A_IS_CONSTANT                            ; NO           ; Untyped             ;
; INPUT_B_IS_CONSTANT                            ; NO           ; Untyped             ;
; USE_EAB                                        ; OFF          ; Untyped             ;
; MAXIMIZE_SPEED                                 ; 5            ; Untyped             ;
; DEVICE_FAMILY                                  ; Cyclone IV E ; Untyped             ;
; CARRY_CHAIN                                    ; MANUAL       ; Untyped             ;
; APEX20K_TECHNOLOGY_MAPPER                      ; LUT          ; TECH_MAPPER_APEX20K ;
; DEDICATED_MULTIPLIER_CIRCUITRY                 ; AUTO         ; Untyped             ;
; DEDICATED_MULTIPLIER_MIN_INPUT_WIDTH_FOR_AUTO  ; 0            ; Untyped             ;
; DEDICATED_MULTIPLIER_MIN_OUTPUT_WIDTH_FOR_AUTO ; 0            ; Untyped             ;
; CBXI_PARAMETER                                 ; mult_36t     ; Untyped             ;
; INPUT_A_FIXED_VALUE                            ; Bx           ; Untyped             ;
; INPUT_B_FIXED_VALUE                            ; Bx           ; Untyped             ;
; USE_AHDL_IMPLEMENTATION                        ; OFF          ; Untyped             ;
+------------------------------------------------+--------------+---------------------+
Note: In order to hide this table in the UI and the text report file, please set the "Show Parameter Settings in Synthesis Report" option in "Analysis and Synthesis Settings -> More Settings" to "Off".


+-------------------------------------------------------------------------------------+
; Parameter Settings for Inferred Entity Instance: octaver:octaver_R|lpm_mult:Mult0   ;
+------------------------------------------------+--------------+---------------------+
; Parameter Name                                 ; Value        ; Type                ;
+------------------------------------------------+--------------+---------------------+
; AUTO_CARRY_CHAINS                              ; ON           ; AUTO_CARRY          ;
; IGNORE_CARRY_BUFFERS                           ; OFF          ; IGNORE_CARRY        ;
; AUTO_CASCADE_CHAINS                            ; ON           ; AUTO_CASCADE        ;
; IGNORE_CASCADE_BUFFERS                         ; OFF          ; IGNORE_CASCADE      ;
; LPM_WIDTHA                                     ; 16           ; Untyped             ;
; LPM_WIDTHB                                     ; 16           ; Untyped             ;
; LPM_WIDTHP                                     ; 32           ; Untyped             ;
; LPM_WIDTHR                                     ; 32           ; Untyped             ;
; LPM_WIDTHS                                     ; 1            ; Untyped             ;
; LPM_REPRESENTATION                             ; SIGNED       ; Untyped             ;
; LPM_PIPELINE                                   ; 0            ; Untyped             ;
; LATENCY                                        ; 0            ; Untyped             ;
; INPUT_A_IS_CONSTANT                            ; NO           ; Untyped             ;
; INPUT_B_IS_CONSTANT                            ; NO           ; Untyped             ;
; USE_EAB                                        ; OFF          ; Untyped             ;
; MAXIMIZE_SPEED                                 ; 5            ; Untyped             ;
; DEVICE_FAMILY                                  ; Cyclone IV E ; Untyped             ;
; CARRY_CHAIN                                    ; MANUAL       ; Untyped             ;
; APEX20K_TECHNOLOGY_MAPPER                      ; LUT          ; TECH_MAPPER_APEX20K ;
; DEDICATED_MULTIPLIER_CIRCUITRY                 ; AUTO         ; Untyped             ;
; DEDICATED_MULTIPLIER_MIN_INPUT_WIDTH_FOR_AUTO  ; 0            ; Untyped             ;
; DEDICATED_MULTIPLIER_MIN_OUTPUT_WIDTH_FOR_AUTO ; 0            ; Untyped             ;
; CBXI_PARAMETER                                 ; mult_36t     ; Untyped             ;
; INPUT_A_FIXED_VALUE                            ; Bx           ; Untyped             ;
; INPUT_B_FIXED_VALUE                            ; Bx           ; Untyped             ;
; USE_AHDL_IMPLEMENTATION                        ; OFF          ; Untyped             ;
+------------------------------------------------+--------------+---------------------+
Note: In order to hide this table in the UI and the text report file, please set the "Show Parameter Settings in Synthesis Report" option in "Analysis and Synthesis Settings -> More Settings" to "Off".


+---------------------------------------------------------------------------------------+
; Parameter Settings for Inferred Entity Instance: auto_wah:u_auto_wah_L|lpm_mult:Mult2 ;
+------------------------------------------------+--------------+-----------------------+
; Parameter Name                                 ; Value        ; Type                  ;
+------------------------------------------------+--------------+-----------------------+
; AUTO_CARRY_CHAINS                              ; ON           ; AUTO_CARRY            ;
; IGNORE_CARRY_BUFFERS                           ; OFF          ; IGNORE_CARRY          ;
; AUTO_CASCADE_CHAINS                            ; ON           ; AUTO_CASCADE          ;
; IGNORE_CASCADE_BUFFERS                         ; OFF          ; IGNORE_CASCADE        ;
; LPM_WIDTHA                                     ; 18           ; Untyped               ;
; LPM_WIDTHB                                     ; 36           ; Untyped               ;
; LPM_WIDTHP                                     ; 54           ; Untyped               ;
; LPM_WIDTHR                                     ; 54           ; Untyped               ;
; LPM_WIDTHS                                     ; 1            ; Untyped               ;
; LPM_REPRESENTATION                             ; SIGNED       ; Untyped               ;
; LPM_PIPELINE                                   ; 0            ; Untyped               ;
; LATENCY                                        ; 0            ; Untyped               ;
; INPUT_A_IS_CONSTANT                            ; NO           ; Untyped               ;
; INPUT_B_IS_CONSTANT                            ; NO           ; Untyped               ;
; USE_EAB                                        ; OFF          ; Untyped               ;
; MAXIMIZE_SPEED                                 ; 5            ; Untyped               ;
; DEVICE_FAMILY                                  ; Cyclone IV E ; Untyped               ;
; CARRY_CHAIN                                    ; MANUAL       ; Untyped               ;
; APEX20K_TECHNOLOGY_MAPPER                      ; LUT          ; TECH_MAPPER_APEX20K   ;
; DEDICATED_MULTIPLIER_CIRCUITRY                 ; AUTO         ; Untyped               ;
; DEDICATED_MULTIPLIER_MIN_INPUT_WIDTH_FOR_AUTO  ; 0            ; Untyped               ;
; DEDICATED_MULTIPLIER_MIN_OUTPUT_WIDTH_FOR_AUTO ; 0            ; Untyped               ;
; CBXI_PARAMETER                                 ; mult_b6t     ; Untyped               ;
; INPUT_A_FIXED_VALUE                            ; Bx           ; Untyped               ;
; INPUT_B_FIXED_VALUE                            ; Bx           ; Untyped               ;
; USE_AHDL_IMPLEMENTATION                        ; OFF          ; Untyped               ;
+------------------------------------------------+--------------+-----------------------+
Note: In order to hide this table in the UI and the text report file, please set the "Show Parameter Settings in Synthesis Report" option in "Analysis and Synthesis Settings -> More Settings" to "Off".


+---------------------------------------------------------------------------------------------------+
; Parameter Settings for Inferred Entity Instance: FIR_filter_37_tap:u_fir_filter_L|lpm_mult:Mult12 ;
+------------------------------------------------+--------------+-----------------------------------+
; Parameter Name                                 ; Value        ; Type                              ;
+------------------------------------------------+--------------+-----------------------------------+
; AUTO_CARRY_CHAINS                              ; ON           ; AUTO_CARRY                        ;
; IGNORE_CARRY_BUFFERS                           ; OFF          ; IGNORE_CARRY                      ;
; AUTO_CASCADE_CHAINS                            ; ON           ; AUTO_CASCADE                      ;
; IGNORE_CASCADE_BUFFERS                         ; OFF          ; IGNORE_CASCADE                    ;
; LPM_WIDTHA                                     ; 17           ; Untyped                           ;
; LPM_WIDTHB                                     ; 16           ; Untyped                           ;
; LPM_WIDTHP                                     ; 33           ; Untyped                           ;
; LPM_WIDTHR                                     ; 33           ; Untyped                           ;
; LPM_WIDTHS                                     ; 1            ; Untyped                           ;
; LPM_REPRESENTATION                             ; SIGNED       ; Untyped                           ;
; LPM_PIPELINE                                   ; 0            ; Untyped                           ;
; LATENCY                                        ; 0            ; Untyped                           ;
; INPUT_A_IS_CONSTANT                            ; NO           ; Untyped                           ;
; INPUT_B_IS_CONSTANT                            ; NO           ; Untyped                           ;
; USE_EAB                                        ; OFF          ; Untyped                           ;
; MAXIMIZE_SPEED                                 ; 5            ; Untyped                           ;
; DEVICE_FAMILY                                  ; Cyclone IV E ; Untyped                           ;
; CARRY_CHAIN                                    ; MANUAL       ; Untyped                           ;
; APEX20K_TECHNOLOGY_MAPPER                      ; LUT          ; TECH_MAPPER_APEX20K               ;
; DEDICATED_MULTIPLIER_CIRCUITRY                 ; AUTO         ; Untyped                           ;
; DEDICATED_MULTIPLIER_MIN_INPUT_WIDTH_FOR_AUTO  ; 0            ; Untyped                           ;
; DEDICATED_MULTIPLIER_MIN_OUTPUT_WIDTH_FOR_AUTO ; 0            ; Untyped                           ;
; CBXI_PARAMETER                                 ; mult_56t     ; Untyped                           ;
; INPUT_A_FIXED_VALUE                            ; Bx           ; Untyped                           ;
; INPUT_B_FIXED_VALUE                            ; Bx           ; Untyped                           ;
; USE_AHDL_IMPLEMENTATION                        ; OFF          ; Untyped                           ;
+------------------------------------------------+--------------+-----------------------------------+
Note: In order to hide this table in the UI and the text report file, please set the "Show Parameter Settings in Synthesis Report" option in "Analysis and Synthesis Settings -> More Settings" to "Off".


+---------------------------------------------------------------------------------------------------+
; Parameter Settings for Inferred Entity Instance: FIR_filter_37_tap:u_fir_filter_L|lpm_mult:Mult11 ;
+------------------------------------------------+--------------+-----------------------------------+
; Parameter Name                                 ; Value        ; Type                              ;
+------------------------------------------------+--------------+-----------------------------------+
; AUTO_CARRY_CHAINS                              ; ON           ; AUTO_CARRY                        ;
; IGNORE_CARRY_BUFFERS                           ; OFF          ; IGNORE_CARRY                      ;
; AUTO_CASCADE_CHAINS                            ; ON           ; AUTO_CASCADE                      ;
; IGNORE_CASCADE_BUFFERS                         ; OFF          ; IGNORE_CASCADE                    ;
; LPM_WIDTHA                                     ; 17           ; Untyped                           ;
; LPM_WIDTHB                                     ; 16           ; Untyped                           ;
; LPM_WIDTHP                                     ; 33           ; Untyped                           ;
; LPM_WIDTHR                                     ; 33           ; Untyped                           ;
; LPM_WIDTHS                                     ; 1            ; Untyped                           ;
; LPM_REPRESENTATION                             ; SIGNED       ; Untyped                           ;
; LPM_PIPELINE                                   ; 0            ; Untyped                           ;
; LATENCY                                        ; 0            ; Untyped                           ;
; INPUT_A_IS_CONSTANT                            ; NO           ; Untyped                           ;
; INPUT_B_IS_CONSTANT                            ; NO           ; Untyped                           ;
; USE_EAB                                        ; OFF          ; Untyped                           ;
; MAXIMIZE_SPEED                                 ; 5            ; Untyped                           ;
; DEVICE_FAMILY                                  ; Cyclone IV E ; Untyped                           ;
; CARRY_CHAIN                                    ; MANUAL       ; Untyped                           ;
; APEX20K_TECHNOLOGY_MAPPER                      ; LUT          ; TECH_MAPPER_APEX20K               ;
; DEDICATED_MULTIPLIER_CIRCUITRY                 ; AUTO         ; Untyped                           ;
; DEDICATED_MULTIPLIER_MIN_INPUT_WIDTH_FOR_AUTO  ; 0            ; Untyped                           ;
; DEDICATED_MULTIPLIER_MIN_OUTPUT_WIDTH_FOR_AUTO ; 0            ; Untyped                           ;
; CBXI_PARAMETER                                 ; mult_56t     ; Untyped                           ;
; INPUT_A_FIXED_VALUE                            ; Bx           ; Untyped                           ;
; INPUT_B_FIXED_VALUE                            ; Bx           ; Untyped                           ;
; USE_AHDL_IMPLEMENTATION                        ; OFF          ; Untyped                           ;
+------------------------------------------------+--------------+-----------------------------------+
Note: In order to hide this table in the UI and the text report file, please set the "Show Parameter Settings in Synthesis Report" option in "Analysis and Synthesis Settings -> More Settings" to "Off".


+---------------------------------------------------------------------------------------------------+
; Parameter Settings for Inferred Entity Instance: FIR_filter_37_tap:u_fir_filter_L|lpm_mult:Mult15 ;
+------------------------------------------------+--------------+-----------------------------------+
; Parameter Name                                 ; Value        ; Type                              ;
+------------------------------------------------+--------------+-----------------------------------+
; AUTO_CARRY_CHAINS                              ; ON           ; AUTO_CARRY                        ;
; IGNORE_CARRY_BUFFERS                           ; OFF          ; IGNORE_CARRY                      ;
; AUTO_CASCADE_CHAINS                            ; ON           ; AUTO_CASCADE                      ;
; IGNORE_CASCADE_BUFFERS                         ; OFF          ; IGNORE_CASCADE                    ;
; LPM_WIDTHA                                     ; 17           ; Untyped                           ;
; LPM_WIDTHB                                     ; 16           ; Untyped                           ;
; LPM_WIDTHP                                     ; 33           ; Untyped                           ;
; LPM_WIDTHR                                     ; 33           ; Untyped                           ;
; LPM_WIDTHS                                     ; 1            ; Untyped                           ;
; LPM_REPRESENTATION                             ; SIGNED       ; Untyped                           ;
; LPM_PIPELINE                                   ; 0            ; Untyped                           ;
; LATENCY                                        ; 0            ; Untyped                           ;
; INPUT_A_IS_CONSTANT                            ; NO           ; Untyped                           ;
; INPUT_B_IS_CONSTANT                            ; NO           ; Untyped                           ;
; USE_EAB                                        ; OFF          ; Untyped                           ;
; MAXIMIZE_SPEED                                 ; 5            ; Untyped                           ;
; DEVICE_FAMILY                                  ; Cyclone IV E ; Untyped                           ;
; CARRY_CHAIN                                    ; MANUAL       ; Untyped                           ;
; APEX20K_TECHNOLOGY_MAPPER                      ; LUT          ; TECH_MAPPER_APEX20K               ;
; DEDICATED_MULTIPLIER_CIRCUITRY                 ; AUTO         ; Untyped                           ;
; DEDICATED_MULTIPLIER_MIN_INPUT_WIDTH_FOR_AUTO  ; 0            ; Untyped                           ;
; DEDICATED_MULTIPLIER_MIN_OUTPUT_WIDTH_FOR_AUTO ; 0            ; Untyped                           ;
; CBXI_PARAMETER                                 ; mult_56t     ; Untyped                           ;
; INPUT_A_FIXED_VALUE                            ; Bx           ; Untyped                           ;
; INPUT_B_FIXED_VALUE                            ; Bx           ; Untyped                           ;
; USE_AHDL_IMPLEMENTATION                        ; OFF          ; Untyped                           ;
+------------------------------------------------+--------------+-----------------------------------+
Note: In order to hide this table in the UI and the text report file, please set the "Show Parameter Settings in Synthesis Report" option in "Analysis and Synthesis Settings -> More Settings" to "Off".


+---------------------------------------------------------------------------------------------------+
; Parameter Settings for Inferred Entity Instance: FIR_filter_37_tap:u_fir_filter_L|lpm_mult:Mult16 ;
+------------------------------------------------+--------------+-----------------------------------+
; Parameter Name                                 ; Value        ; Type                              ;
+------------------------------------------------+--------------+-----------------------------------+
; AUTO_CARRY_CHAINS                              ; ON           ; AUTO_CARRY                        ;
; IGNORE_CARRY_BUFFERS                           ; OFF          ; IGNORE_CARRY                      ;
; AUTO_CASCADE_CHAINS                            ; ON           ; AUTO_CASCADE                      ;
; IGNORE_CASCADE_BUFFERS                         ; OFF          ; IGNORE_CASCADE                    ;
; LPM_WIDTHA                                     ; 17           ; Untyped                           ;
; LPM_WIDTHB                                     ; 16           ; Untyped                           ;
; LPM_WIDTHP                                     ; 33           ; Untyped                           ;
; LPM_WIDTHR                                     ; 33           ; Untyped                           ;
; LPM_WIDTHS                                     ; 1            ; Untyped                           ;
; LPM_REPRESENTATION                             ; SIGNED       ; Untyped                           ;
; LPM_PIPELINE                                   ; 0            ; Untyped                           ;
; LATENCY                                        ; 0            ; Untyped                           ;
; INPUT_A_IS_CONSTANT                            ; NO           ; Untyped                           ;
; INPUT_B_IS_CONSTANT                            ; NO           ; Untyped                           ;
; USE_EAB                                        ; OFF          ; Untyped                           ;
; MAXIMIZE_SPEED                                 ; 5            ; Untyped                           ;
; DEVICE_FAMILY                                  ; Cyclone IV E ; Untyped                           ;
; CARRY_CHAIN                                    ; MANUAL       ; Untyped                           ;
; APEX20K_TECHNOLOGY_MAPPER                      ; LUT          ; TECH_MAPPER_APEX20K               ;
; DEDICATED_MULTIPLIER_CIRCUITRY                 ; AUTO         ; Untyped                           ;
; DEDICATED_MULTIPLIER_MIN_INPUT_WIDTH_FOR_AUTO  ; 0            ; Untyped                           ;
; DEDICATED_MULTIPLIER_MIN_OUTPUT_WIDTH_FOR_AUTO ; 0            ; Untyped                           ;
; CBXI_PARAMETER                                 ; mult_56t     ; Untyped                           ;
; INPUT_A_FIXED_VALUE                            ; Bx           ; Untyped                           ;
; INPUT_B_FIXED_VALUE                            ; Bx           ; Untyped                           ;
; USE_AHDL_IMPLEMENTATION                        ; OFF          ; Untyped                           ;
+------------------------------------------------+--------------+-----------------------------------+
Note: In order to hide this table in the UI and the text report file, please set the "Show Parameter Settings in Synthesis Report" option in "Analysis and Synthesis Settings -> More Settings" to "Off".


+---------------------------------------------------------------------------------------------------+
; Parameter Settings for Inferred Entity Instance: FIR_filter_37_tap:u_fir_filter_L|lpm_mult:Mult13 ;
+------------------------------------------------+--------------+-----------------------------------+
; Parameter Name                                 ; Value        ; Type                              ;
+------------------------------------------------+--------------+-----------------------------------+
; AUTO_CARRY_CHAINS                              ; ON           ; AUTO_CARRY                        ;
; IGNORE_CARRY_BUFFERS                           ; OFF          ; IGNORE_CARRY                      ;
; AUTO_CASCADE_CHAINS                            ; ON           ; AUTO_CASCADE                      ;
; IGNORE_CASCADE_BUFFERS                         ; OFF          ; IGNORE_CASCADE                    ;
; LPM_WIDTHA                                     ; 17           ; Untyped                           ;
; LPM_WIDTHB                                     ; 16           ; Untyped                           ;
; LPM_WIDTHP                                     ; 33           ; Untyped                           ;
; LPM_WIDTHR                                     ; 33           ; Untyped                           ;
; LPM_WIDTHS                                     ; 1            ; Untyped                           ;
; LPM_REPRESENTATION                             ; SIGNED       ; Untyped                           ;
; LPM_PIPELINE                                   ; 0            ; Untyped                           ;
; LATENCY                                        ; 0            ; Untyped                           ;
; INPUT_A_IS_CONSTANT                            ; NO           ; Untyped                           ;
; INPUT_B_IS_CONSTANT                            ; NO           ; Untyped                           ;
; USE_EAB                                        ; OFF          ; Untyped                           ;
; MAXIMIZE_SPEED                                 ; 5            ; Untyped                           ;
; DEVICE_FAMILY                                  ; Cyclone IV E ; Untyped                           ;
; CARRY_CHAIN                                    ; MANUAL       ; Untyped                           ;
; APEX20K_TECHNOLOGY_MAPPER                      ; LUT          ; TECH_MAPPER_APEX20K               ;
; DEDICATED_MULTIPLIER_CIRCUITRY                 ; AUTO         ; Untyped                           ;
; DEDICATED_MULTIPLIER_MIN_INPUT_WIDTH_FOR_AUTO  ; 0            ; Untyped                           ;
; DEDICATED_MULTIPLIER_MIN_OUTPUT_WIDTH_FOR_AUTO ; 0            ; Untyped                           ;
; CBXI_PARAMETER                                 ; mult_56t     ; Untyped                           ;
; INPUT_A_FIXED_VALUE                            ; Bx           ; Untyped                           ;
; INPUT_B_FIXED_VALUE                            ; Bx           ; Untyped                           ;
; USE_AHDL_IMPLEMENTATION                        ; OFF          ; Untyped                           ;
+------------------------------------------------+--------------+-----------------------------------+
Note: In order to hide this table in the UI and the text report file, please set the "Show Parameter Settings in Synthesis Report" option in "Analysis and Synthesis Settings -> More Settings" to "Off".


+---------------------------------------------------------------------------------------------------+
; Parameter Settings for Inferred Entity Instance: FIR_filter_37_tap:u_fir_filter_L|lpm_mult:Mult14 ;
+------------------------------------------------+--------------+-----------------------------------+
; Parameter Name                                 ; Value        ; Type                              ;
+------------------------------------------------+--------------+-----------------------------------+
; AUTO_CARRY_CHAINS                              ; ON           ; AUTO_CARRY                        ;
; IGNORE_CARRY_BUFFERS                           ; OFF          ; IGNORE_CARRY                      ;
; AUTO_CASCADE_CHAINS                            ; ON           ; AUTO_CASCADE                      ;
; IGNORE_CASCADE_BUFFERS                         ; OFF          ; IGNORE_CASCADE                    ;
; LPM_WIDTHA                                     ; 17           ; Untyped                           ;
; LPM_WIDTHB                                     ; 16           ; Untyped                           ;
; LPM_WIDTHP                                     ; 33           ; Untyped                           ;
; LPM_WIDTHR                                     ; 33           ; Untyped                           ;
; LPM_WIDTHS                                     ; 1            ; Untyped                           ;
; LPM_REPRESENTATION                             ; SIGNED       ; Untyped                           ;
; LPM_PIPELINE                                   ; 0            ; Untyped                           ;
; LATENCY                                        ; 0            ; Untyped                           ;
; INPUT_A_IS_CONSTANT                            ; NO           ; Untyped                           ;
; INPUT_B_IS_CONSTANT                            ; NO           ; Untyped                           ;
; USE_EAB                                        ; OFF          ; Untyped                           ;
; MAXIMIZE_SPEED                                 ; 5            ; Untyped                           ;
; DEVICE_FAMILY                                  ; Cyclone IV E ; Untyped                           ;
; CARRY_CHAIN                                    ; MANUAL       ; Untyped                           ;
; APEX20K_TECHNOLOGY_MAPPER                      ; LUT          ; TECH_MAPPER_APEX20K               ;
; DEDICATED_MULTIPLIER_CIRCUITRY                 ; AUTO         ; Untyped                           ;
; DEDICATED_MULTIPLIER_MIN_INPUT_WIDTH_FOR_AUTO  ; 0            ; Untyped                           ;
; DEDICATED_MULTIPLIER_MIN_OUTPUT_WIDTH_FOR_AUTO ; 0            ; Untyped                           ;
; CBXI_PARAMETER                                 ; mult_56t     ; Untyped                           ;
; INPUT_A_FIXED_VALUE                            ; Bx           ; Untyped                           ;
; INPUT_B_FIXED_VALUE                            ; Bx           ; Untyped                           ;
; USE_AHDL_IMPLEMENTATION                        ; OFF          ; Untyped                           ;
+------------------------------------------------+--------------+-----------------------------------+
Note: In order to hide this table in the UI and the text report file, please set the "Show Parameter Settings in Synthesis Report" option in "Analysis and Synthesis Settings -> More Settings" to "Off".


+---------------------------------------------------------------------------------------+
; Parameter Settings for Inferred Entity Instance: auto_wah:u_auto_wah_R|lpm_mult:Mult2 ;
+------------------------------------------------+--------------+-----------------------+
; Parameter Name                                 ; Value        ; Type                  ;
+------------------------------------------------+--------------+-----------------------+
; AUTO_CARRY_CHAINS                              ; ON           ; AUTO_CARRY            ;
; IGNORE_CARRY_BUFFERS                           ; OFF          ; IGNORE_CARRY          ;
; AUTO_CASCADE_CHAINS                            ; ON           ; AUTO_CASCADE          ;
; IGNORE_CASCADE_BUFFERS                         ; OFF          ; IGNORE_CASCADE        ;
; LPM_WIDTHA                                     ; 18           ; Untyped               ;
; LPM_WIDTHB                                     ; 36           ; Untyped               ;
; LPM_WIDTHP                                     ; 54           ; Untyped               ;
; LPM_WIDTHR                                     ; 54           ; Untyped               ;
; LPM_WIDTHS                                     ; 1            ; Untyped               ;
; LPM_REPRESENTATION                             ; SIGNED       ; Untyped               ;
; LPM_PIPELINE                                   ; 0            ; Untyped               ;
; LATENCY                                        ; 0            ; Untyped               ;
; INPUT_A_IS_CONSTANT                            ; NO           ; Untyped               ;
; INPUT_B_IS_CONSTANT                            ; NO           ; Untyped               ;
; USE_EAB                                        ; OFF          ; Untyped               ;
; MAXIMIZE_SPEED                                 ; 5            ; Untyped               ;
; DEVICE_FAMILY                                  ; Cyclone IV E ; Untyped               ;
; CARRY_CHAIN                                    ; MANUAL       ; Untyped               ;
; APEX20K_TECHNOLOGY_MAPPER                      ; LUT          ; TECH_MAPPER_APEX20K   ;
; DEDICATED_MULTIPLIER_CIRCUITRY                 ; AUTO         ; Untyped               ;
; DEDICATED_MULTIPLIER_MIN_INPUT_WIDTH_FOR_AUTO  ; 0            ; Untyped               ;
; DEDICATED_MULTIPLIER_MIN_OUTPUT_WIDTH_FOR_AUTO ; 0            ; Untyped               ;
; CBXI_PARAMETER                                 ; mult_b6t     ; Untyped               ;
; INPUT_A_FIXED_VALUE                            ; Bx           ; Untyped               ;
; INPUT_B_FIXED_VALUE                            ; Bx           ; Untyped               ;
; USE_AHDL_IMPLEMENTATION                        ; OFF          ; Untyped               ;
+------------------------------------------------+--------------+-----------------------+
Note: In order to hide this table in the UI and the text report file, please set the "Show Parameter Settings in Synthesis Report" option in "Analysis and Synthesis Settings -> More Settings" to "Off".


+---------------------------------------------------------------------------------------------------+
; Parameter Settings for Inferred Entity Instance: FIR_filter_37_tap:u_fir_filter_R|lpm_mult:Mult12 ;
+------------------------------------------------+--------------+-----------------------------------+
; Parameter Name                                 ; Value        ; Type                              ;
+------------------------------------------------+--------------+-----------------------------------+
; AUTO_CARRY_CHAINS                              ; ON           ; AUTO_CARRY                        ;
; IGNORE_CARRY_BUFFERS                           ; OFF          ; IGNORE_CARRY                      ;
; AUTO_CASCADE_CHAINS                            ; ON           ; AUTO_CASCADE                      ;
; IGNORE_CASCADE_BUFFERS                         ; OFF          ; IGNORE_CASCADE                    ;
; LPM_WIDTHA                                     ; 17           ; Untyped                           ;
; LPM_WIDTHB                                     ; 16           ; Untyped                           ;
; LPM_WIDTHP                                     ; 33           ; Untyped                           ;
; LPM_WIDTHR                                     ; 33           ; Untyped                           ;
; LPM_WIDTHS                                     ; 1            ; Untyped                           ;
; LPM_REPRESENTATION                             ; SIGNED       ; Untyped                           ;
; LPM_PIPELINE                                   ; 0            ; Untyped                           ;
; LATENCY                                        ; 0            ; Untyped                           ;
; INPUT_A_IS_CONSTANT                            ; NO           ; Untyped                           ;
; INPUT_B_IS_CONSTANT                            ; NO           ; Untyped                           ;
; USE_EAB                                        ; OFF          ; Untyped                           ;
; MAXIMIZE_SPEED                                 ; 5            ; Untyped                           ;
; DEVICE_FAMILY                                  ; Cyclone IV E ; Untyped                           ;
; CARRY_CHAIN                                    ; MANUAL       ; Untyped                           ;
; APEX20K_TECHNOLOGY_MAPPER                      ; LUT          ; TECH_MAPPER_APEX20K               ;
; DEDICATED_MULTIPLIER_CIRCUITRY                 ; AUTO         ; Untyped                           ;
; DEDICATED_MULTIPLIER_MIN_INPUT_WIDTH_FOR_AUTO  ; 0            ; Untyped                           ;
; DEDICATED_MULTIPLIER_MIN_OUTPUT_WIDTH_FOR_AUTO ; 0            ; Untyped                           ;
; CBXI_PARAMETER                                 ; mult_56t     ; Untyped                           ;
; INPUT_A_FIXED_VALUE                            ; Bx           ; Untyped                           ;
; INPUT_B_FIXED_VALUE                            ; Bx           ; Untyped                           ;
; USE_AHDL_IMPLEMENTATION                        ; OFF          ; Untyped                           ;
+------------------------------------------------+--------------+-----------------------------------+
Note: In order to hide this table in the UI and the text report file, please set the "Show Parameter Settings in Synthesis Report" option in "Analysis and Synthesis Settings -> More Settings" to "Off".


+---------------------------------------------------------------------------------------------------+
; Parameter Settings for Inferred Entity Instance: FIR_filter_37_tap:u_fir_filter_R|lpm_mult:Mult11 ;
+------------------------------------------------+--------------+-----------------------------------+
; Parameter Name                                 ; Value        ; Type                              ;
+------------------------------------------------+--------------+-----------------------------------+
; AUTO_CARRY_CHAINS                              ; ON           ; AUTO_CARRY                        ;
; IGNORE_CARRY_BUFFERS                           ; OFF          ; IGNORE_CARRY                      ;
; AUTO_CASCADE_CHAINS                            ; ON           ; AUTO_CASCADE                      ;
; IGNORE_CASCADE_BUFFERS                         ; OFF          ; IGNORE_CASCADE                    ;
; LPM_WIDTHA                                     ; 17           ; Untyped                           ;
; LPM_WIDTHB                                     ; 16           ; Untyped                           ;
; LPM_WIDTHP                                     ; 33           ; Untyped                           ;
; LPM_WIDTHR                                     ; 33           ; Untyped                           ;
; LPM_WIDTHS                                     ; 1            ; Untyped                           ;
; LPM_REPRESENTATION                             ; SIGNED       ; Untyped                           ;
; LPM_PIPELINE                                   ; 0            ; Untyped                           ;
; LATENCY                                        ; 0            ; Untyped                           ;
; INPUT_A_IS_CONSTANT                            ; NO           ; Untyped                           ;
; INPUT_B_IS_CONSTANT                            ; NO           ; Untyped                           ;
; USE_EAB                                        ; OFF          ; Untyped                           ;
; MAXIMIZE_SPEED                                 ; 5            ; Untyped                           ;
; DEVICE_FAMILY                                  ; Cyclone IV E ; Untyped                           ;
; CARRY_CHAIN                                    ; MANUAL       ; Untyped                           ;
; APEX20K_TECHNOLOGY_MAPPER                      ; LUT          ; TECH_MAPPER_APEX20K               ;
; DEDICATED_MULTIPLIER_CIRCUITRY                 ; AUTO         ; Untyped                           ;
; DEDICATED_MULTIPLIER_MIN_INPUT_WIDTH_FOR_AUTO  ; 0            ; Untyped                           ;
; DEDICATED_MULTIPLIER_MIN_OUTPUT_WIDTH_FOR_AUTO ; 0            ; Untyped                           ;
; CBXI_PARAMETER                                 ; mult_56t     ; Untyped                           ;
; INPUT_A_FIXED_VALUE                            ; Bx           ; Untyped                           ;
; INPUT_B_FIXED_VALUE                            ; Bx           ; Untyped                           ;
; USE_AHDL_IMPLEMENTATION                        ; OFF          ; Untyped                           ;
+------------------------------------------------+--------------+-----------------------------------+
Note: In order to hide this table in the UI and the text report file, please set the "Show Parameter Settings in Synthesis Report" option in "Analysis and Synthesis Settings -> More Settings" to "Off".


+---------------------------------------------------------------------------------------------------+
; Parameter Settings for Inferred Entity Instance: FIR_filter_37_tap:u_fir_filter_R|lpm_mult:Mult15 ;
+------------------------------------------------+--------------+-----------------------------------+
; Parameter Name                                 ; Value        ; Type                              ;
+------------------------------------------------+--------------+-----------------------------------+
; AUTO_CARRY_CHAINS                              ; ON           ; AUTO_CARRY                        ;
; IGNORE_CARRY_BUFFERS                           ; OFF          ; IGNORE_CARRY                      ;
; AUTO_CASCADE_CHAINS                            ; ON           ; AUTO_CASCADE                      ;
; IGNORE_CASCADE_BUFFERS                         ; OFF          ; IGNORE_CASCADE                    ;
; LPM_WIDTHA                                     ; 17           ; Untyped                           ;
; LPM_WIDTHB                                     ; 16           ; Untyped                           ;
; LPM_WIDTHP                                     ; 33           ; Untyped                           ;
; LPM_WIDTHR                                     ; 33           ; Untyped                           ;
; LPM_WIDTHS                                     ; 1            ; Untyped                           ;
; LPM_REPRESENTATION                             ; SIGNED       ; Untyped                           ;
; LPM_PIPELINE                                   ; 0            ; Untyped                           ;
; LATENCY                                        ; 0            ; Untyped                           ;
; INPUT_A_IS_CONSTANT                            ; NO           ; Untyped                           ;
; INPUT_B_IS_CONSTANT                            ; NO           ; Untyped                           ;
; USE_EAB                                        ; OFF          ; Untyped                           ;
; MAXIMIZE_SPEED                                 ; 5            ; Untyped                           ;
; DEVICE_FAMILY                                  ; Cyclone IV E ; Untyped                           ;
; CARRY_CHAIN                                    ; MANUAL       ; Untyped                           ;
; APEX20K_TECHNOLOGY_MAPPER                      ; LUT          ; TECH_MAPPER_APEX20K               ;
; DEDICATED_MULTIPLIER_CIRCUITRY                 ; AUTO         ; Untyped                           ;
; DEDICATED_MULTIPLIER_MIN_INPUT_WIDTH_FOR_AUTO  ; 0            ; Untyped                           ;
; DEDICATED_MULTIPLIER_MIN_OUTPUT_WIDTH_FOR_AUTO ; 0            ; Untyped                           ;
; CBXI_PARAMETER                                 ; mult_56t     ; Untyped                           ;
; INPUT_A_FIXED_VALUE                            ; Bx           ; Untyped                           ;
; INPUT_B_FIXED_VALUE                            ; Bx           ; Untyped                           ;
; USE_AHDL_IMPLEMENTATION                        ; OFF          ; Untyped                           ;
+------------------------------------------------+--------------+-----------------------------------+
Note: In order to hide this table in the UI and the text report file, please set the "Show Parameter Settings in Synthesis Report" option in "Analysis and Synthesis Settings -> More Settings" to "Off".


+---------------------------------------------------------------------------------------------------+
; Parameter Settings for Inferred Entity Instance: FIR_filter_37_tap:u_fir_filter_R|lpm_mult:Mult16 ;
+------------------------------------------------+--------------+-----------------------------------+
; Parameter Name                                 ; Value        ; Type                              ;
+------------------------------------------------+--------------+-----------------------------------+
; AUTO_CARRY_CHAINS                              ; ON           ; AUTO_CARRY                        ;
; IGNORE_CARRY_BUFFERS                           ; OFF          ; IGNORE_CARRY                      ;
; AUTO_CASCADE_CHAINS                            ; ON           ; AUTO_CASCADE                      ;
; IGNORE_CASCADE_BUFFERS                         ; OFF          ; IGNORE_CASCADE                    ;
; LPM_WIDTHA                                     ; 17           ; Untyped                           ;
; LPM_WIDTHB                                     ; 16           ; Untyped                           ;
; LPM_WIDTHP                                     ; 33           ; Untyped                           ;
; LPM_WIDTHR                                     ; 33           ; Untyped                           ;
; LPM_WIDTHS                                     ; 1            ; Untyped                           ;
; LPM_REPRESENTATION                             ; SIGNED       ; Untyped                           ;
; LPM_PIPELINE                                   ; 0            ; Untyped                           ;
; LATENCY                                        ; 0            ; Untyped                           ;
; INPUT_A_IS_CONSTANT                            ; NO           ; Untyped                           ;
; INPUT_B_IS_CONSTANT                            ; NO           ; Untyped                           ;
; USE_EAB                                        ; OFF          ; Untyped                           ;
; MAXIMIZE_SPEED                                 ; 5            ; Untyped                           ;
; DEVICE_FAMILY                                  ; Cyclone IV E ; Untyped                           ;
; CARRY_CHAIN                                    ; MANUAL       ; Untyped                           ;
; APEX20K_TECHNOLOGY_MAPPER                      ; LUT          ; TECH_MAPPER_APEX20K               ;
; DEDICATED_MULTIPLIER_CIRCUITRY                 ; AUTO         ; Untyped                           ;
; DEDICATED_MULTIPLIER_MIN_INPUT_WIDTH_FOR_AUTO  ; 0            ; Untyped                           ;
; DEDICATED_MULTIPLIER_MIN_OUTPUT_WIDTH_FOR_AUTO ; 0            ; Untyped                           ;
; CBXI_PARAMETER                                 ; mult_56t     ; Untyped                           ;
; INPUT_A_FIXED_VALUE                            ; Bx           ; Untyped                           ;
; INPUT_B_FIXED_VALUE                            ; Bx           ; Untyped                           ;
; USE_AHDL_IMPLEMENTATION                        ; OFF          ; Untyped                           ;
+------------------------------------------------+--------------+-----------------------------------+
Note: In order to hide this table in the UI and the text report file, please set the "Show Parameter Settings in Synthesis Report" option in "Analysis and Synthesis Settings -> More Settings" to "Off".


+---------------------------------------------------------------------------------------------------+
; Parameter Settings for Inferred Entity Instance: FIR_filter_37_tap:u_fir_filter_R|lpm_mult:Mult13 ;
+------------------------------------------------+--------------+-----------------------------------+
; Parameter Name                                 ; Value        ; Type                              ;
+------------------------------------------------+--------------+-----------------------------------+
; AUTO_CARRY_CHAINS                              ; ON           ; AUTO_CARRY                        ;
; IGNORE_CARRY_BUFFERS                           ; OFF          ; IGNORE_CARRY                      ;
; AUTO_CASCADE_CHAINS                            ; ON           ; AUTO_CASCADE                      ;
; IGNORE_CASCADE_BUFFERS                         ; OFF          ; IGNORE_CASCADE                    ;
; LPM_WIDTHA                                     ; 17           ; Untyped                           ;
; LPM_WIDTHB                                     ; 16           ; Untyped                           ;
; LPM_WIDTHP                                     ; 33           ; Untyped                           ;
; LPM_WIDTHR                                     ; 33           ; Untyped                           ;
; LPM_WIDTHS                                     ; 1            ; Untyped                           ;
; LPM_REPRESENTATION                             ; SIGNED       ; Untyped                           ;
; LPM_PIPELINE                                   ; 0            ; Untyped                           ;
; LATENCY                                        ; 0            ; Untyped                           ;
; INPUT_A_IS_CONSTANT                            ; NO           ; Untyped                           ;
; INPUT_B_IS_CONSTANT                            ; NO           ; Untyped                           ;
; USE_EAB                                        ; OFF          ; Untyped                           ;
; MAXIMIZE_SPEED                                 ; 5            ; Untyped                           ;
; DEVICE_FAMILY                                  ; Cyclone IV E ; Untyped                           ;
; CARRY_CHAIN                                    ; MANUAL       ; Untyped                           ;
; APEX20K_TECHNOLOGY_MAPPER                      ; LUT          ; TECH_MAPPER_APEX20K               ;
; DEDICATED_MULTIPLIER_CIRCUITRY                 ; AUTO         ; Untyped                           ;
; DEDICATED_MULTIPLIER_MIN_INPUT_WIDTH_FOR_AUTO  ; 0            ; Untyped                           ;
; DEDICATED_MULTIPLIER_MIN_OUTPUT_WIDTH_FOR_AUTO ; 0            ; Untyped                           ;
; CBXI_PARAMETER                                 ; mult_56t     ; Untyped                           ;
; INPUT_A_FIXED_VALUE                            ; Bx           ; Untyped                           ;
; INPUT_B_FIXED_VALUE                            ; Bx           ; Untyped                           ;
; USE_AHDL_IMPLEMENTATION                        ; OFF          ; Untyped                           ;
+------------------------------------------------+--------------+-----------------------------------+
Note: In order to hide this table in the UI and the text report file, please set the "Show Parameter Settings in Synthesis Report" option in "Analysis and Synthesis Settings -> More Settings" to "Off".


+---------------------------------------------------------------------------------------------------+
; Parameter Settings for Inferred Entity Instance: FIR_filter_37_tap:u_fir_filter_R|lpm_mult:Mult14 ;
+------------------------------------------------+--------------+-----------------------------------+
; Parameter Name                                 ; Value        ; Type                              ;
+------------------------------------------------+--------------+-----------------------------------+
; AUTO_CARRY_CHAINS                              ; ON           ; AUTO_CARRY                        ;
; IGNORE_CARRY_BUFFERS                           ; OFF          ; IGNORE_CARRY                      ;
; AUTO_CASCADE_CHAINS                            ; ON           ; AUTO_CASCADE                      ;
; IGNORE_CASCADE_BUFFERS                         ; OFF          ; IGNORE_CASCADE                    ;
; LPM_WIDTHA                                     ; 17           ; Untyped                           ;
; LPM_WIDTHB                                     ; 16           ; Untyped                           ;
; LPM_WIDTHP                                     ; 33           ; Untyped                           ;
; LPM_WIDTHR                                     ; 33           ; Untyped                           ;
; LPM_WIDTHS                                     ; 1            ; Untyped                           ;
; LPM_REPRESENTATION                             ; SIGNED       ; Untyped                           ;
; LPM_PIPELINE                                   ; 0            ; Untyped                           ;
; LATENCY                                        ; 0            ; Untyped                           ;
; INPUT_A_IS_CONSTANT                            ; NO           ; Untyped                           ;
; INPUT_B_IS_CONSTANT                            ; NO           ; Untyped                           ;
; USE_EAB                                        ; OFF          ; Untyped                           ;
; MAXIMIZE_SPEED                                 ; 5            ; Untyped                           ;
; DEVICE_FAMILY                                  ; Cyclone IV E ; Untyped                           ;
; CARRY_CHAIN                                    ; MANUAL       ; Untyped                           ;
; APEX20K_TECHNOLOGY_MAPPER                      ; LUT          ; TECH_MAPPER_APEX20K               ;
; DEDICATED_MULTIPLIER_CIRCUITRY                 ; AUTO         ; Untyped                           ;
; DEDICATED_MULTIPLIER_MIN_INPUT_WIDTH_FOR_AUTO  ; 0            ; Untyped                           ;
; DEDICATED_MULTIPLIER_MIN_OUTPUT_WIDTH_FOR_AUTO ; 0            ; Untyped                           ;
; CBXI_PARAMETER                                 ; mult_56t     ; Untyped                           ;
; INPUT_A_FIXED_VALUE                            ; Bx           ; Untyped                           ;
; INPUT_B_FIXED_VALUE                            ; Bx           ; Untyped                           ;
; USE_AHDL_IMPLEMENTATION                        ; OFF          ; Untyped                           ;
+------------------------------------------------+--------------+-----------------------------------+
Note: In order to hide this table in the UI and the text report file, please set the "Show Parameter Settings in Synthesis Report" option in "Analysis and Synthesis Settings -> More Settings" to "Off".


+---------------------------------------------------------------------------------------------------+
; Parameter Settings for Inferred Entity Instance: FIR_filter_37_tap:u_fir_filter_L|lpm_mult:Mult10 ;
+------------------------------------------------+--------------+-----------------------------------+
; Parameter Name                                 ; Value        ; Type                              ;
+------------------------------------------------+--------------+-----------------------------------+
; AUTO_CARRY_CHAINS                              ; ON           ; AUTO_CARRY                        ;
; IGNORE_CARRY_BUFFERS                           ; OFF          ; IGNORE_CARRY                      ;
; AUTO_CASCADE_CHAINS                            ; ON           ; AUTO_CASCADE                      ;
; IGNORE_CASCADE_BUFFERS                         ; OFF          ; IGNORE_CASCADE                    ;
; LPM_WIDTHA                                     ; 17           ; Untyped                           ;
; LPM_WIDTHB                                     ; 16           ; Untyped                           ;
; LPM_WIDTHP                                     ; 33           ; Untyped                           ;
; LPM_WIDTHR                                     ; 33           ; Untyped                           ;
; LPM_WIDTHS                                     ; 1            ; Untyped                           ;
; LPM_REPRESENTATION                             ; SIGNED       ; Untyped                           ;
; LPM_PIPELINE                                   ; 0            ; Untyped                           ;
; LATENCY                                        ; 0            ; Untyped                           ;
; INPUT_A_IS_CONSTANT                            ; NO           ; Untyped                           ;
; INPUT_B_IS_CONSTANT                            ; NO           ; Untyped                           ;
; USE_EAB                                        ; OFF          ; Untyped                           ;
; MAXIMIZE_SPEED                                 ; 5            ; Untyped                           ;
; DEVICE_FAMILY                                  ; Cyclone IV E ; Untyped                           ;
; CARRY_CHAIN                                    ; MANUAL       ; Untyped                           ;
; APEX20K_TECHNOLOGY_MAPPER                      ; LUT          ; TECH_MAPPER_APEX20K               ;
; DEDICATED_MULTIPLIER_CIRCUITRY                 ; AUTO         ; Untyped                           ;
; DEDICATED_MULTIPLIER_MIN_INPUT_WIDTH_FOR_AUTO  ; 0            ; Untyped                           ;
; DEDICATED_MULTIPLIER_MIN_OUTPUT_WIDTH_FOR_AUTO ; 0            ; Untyped                           ;
; CBXI_PARAMETER                                 ; mult_56t     ; Untyped                           ;
; INPUT_A_FIXED_VALUE                            ; Bx           ; Untyped                           ;
; INPUT_B_FIXED_VALUE                            ; Bx           ; Untyped                           ;
; USE_AHDL_IMPLEMENTATION                        ; OFF          ; Untyped                           ;
+------------------------------------------------+--------------+-----------------------------------+
Note: In order to hide this table in the UI and the text report file, please set the "Show Parameter Settings in Synthesis Report" option in "Analysis and Synthesis Settings -> More Settings" to "Off".


+--------------------------------------------------------------------------------------------------+
; Parameter Settings for Inferred Entity Instance: FIR_filter_37_tap:u_fir_filter_L|lpm_mult:Mult9 ;
+------------------------------------------------+--------------+----------------------------------+
; Parameter Name                                 ; Value        ; Type                             ;
+------------------------------------------------+--------------+----------------------------------+
; AUTO_CARRY_CHAINS                              ; ON           ; AUTO_CARRY                       ;
; IGNORE_CARRY_BUFFERS                           ; OFF          ; IGNORE_CARRY                     ;
; AUTO_CASCADE_CHAINS                            ; ON           ; AUTO_CASCADE                     ;
; IGNORE_CASCADE_BUFFERS                         ; OFF          ; IGNORE_CASCADE                   ;
; LPM_WIDTHA                                     ; 17           ; Untyped                          ;
; LPM_WIDTHB                                     ; 16           ; Untyped                          ;
; LPM_WIDTHP                                     ; 33           ; Untyped                          ;
; LPM_WIDTHR                                     ; 33           ; Untyped                          ;
; LPM_WIDTHS                                     ; 1            ; Untyped                          ;
; LPM_REPRESENTATION                             ; SIGNED       ; Untyped                          ;
; LPM_PIPELINE                                   ; 0            ; Untyped                          ;
; LATENCY                                        ; 0            ; Untyped                          ;
; INPUT_A_IS_CONSTANT                            ; NO           ; Untyped                          ;
; INPUT_B_IS_CONSTANT                            ; NO           ; Untyped                          ;
; USE_EAB                                        ; OFF          ; Untyped                          ;
; MAXIMIZE_SPEED                                 ; 5            ; Untyped                          ;
; DEVICE_FAMILY                                  ; Cyclone IV E ; Untyped                          ;
; CARRY_CHAIN                                    ; MANUAL       ; Untyped                          ;
; APEX20K_TECHNOLOGY_MAPPER                      ; LUT          ; TECH_MAPPER_APEX20K              ;
; DEDICATED_MULTIPLIER_CIRCUITRY                 ; AUTO         ; Untyped                          ;
; DEDICATED_MULTIPLIER_MIN_INPUT_WIDTH_FOR_AUTO  ; 0            ; Untyped                          ;
; DEDICATED_MULTIPLIER_MIN_OUTPUT_WIDTH_FOR_AUTO ; 0            ; Untyped                          ;
; CBXI_PARAMETER                                 ; mult_56t     ; Untyped                          ;
; INPUT_A_FIXED_VALUE                            ; Bx           ; Untyped                          ;
; INPUT_B_FIXED_VALUE                            ; Bx           ; Untyped                          ;
; USE_AHDL_IMPLEMENTATION                        ; OFF          ; Untyped                          ;
+------------------------------------------------+--------------+----------------------------------+
Note: In order to hide this table in the UI and the text report file, please set the "Show Parameter Settings in Synthesis Report" option in "Analysis and Synthesis Settings -> More Settings" to "Off".


+---------------------------------------------------------------------------------------------------+
; Parameter Settings for Inferred Entity Instance: FIR_filter_37_tap:u_fir_filter_R|lpm_mult:Mult10 ;
+------------------------------------------------+--------------+-----------------------------------+
; Parameter Name                                 ; Value        ; Type                              ;
+------------------------------------------------+--------------+-----------------------------------+
; AUTO_CARRY_CHAINS                              ; ON           ; AUTO_CARRY                        ;
; IGNORE_CARRY_BUFFERS                           ; OFF          ; IGNORE_CARRY                      ;
; AUTO_CASCADE_CHAINS                            ; ON           ; AUTO_CASCADE                      ;
; IGNORE_CASCADE_BUFFERS                         ; OFF          ; IGNORE_CASCADE                    ;
; LPM_WIDTHA                                     ; 17           ; Untyped                           ;
; LPM_WIDTHB                                     ; 16           ; Untyped                           ;
; LPM_WIDTHP                                     ; 33           ; Untyped                           ;
; LPM_WIDTHR                                     ; 33           ; Untyped                           ;
; LPM_WIDTHS                                     ; 1            ; Untyped                           ;
; LPM_REPRESENTATION                             ; SIGNED       ; Untyped                           ;
; LPM_PIPELINE                                   ; 0            ; Untyped                           ;
; LATENCY                                        ; 0            ; Untyped                           ;
; INPUT_A_IS_CONSTANT                            ; NO           ; Untyped                           ;
; INPUT_B_IS_CONSTANT                            ; NO           ; Untyped                           ;
; USE_EAB                                        ; OFF          ; Untyped                           ;
; MAXIMIZE_SPEED                                 ; 5            ; Untyped                           ;
; DEVICE_FAMILY                                  ; Cyclone IV E ; Untyped                           ;
; CARRY_CHAIN                                    ; MANUAL       ; Untyped                           ;
; APEX20K_TECHNOLOGY_MAPPER                      ; LUT          ; TECH_MAPPER_APEX20K               ;
; DEDICATED_MULTIPLIER_CIRCUITRY                 ; AUTO         ; Untyped                           ;
; DEDICATED_MULTIPLIER_MIN_INPUT_WIDTH_FOR_AUTO  ; 0            ; Untyped                           ;
; DEDICATED_MULTIPLIER_MIN_OUTPUT_WIDTH_FOR_AUTO ; 0            ; Untyped                           ;
; CBXI_PARAMETER                                 ; mult_56t     ; Untyped                           ;
; INPUT_A_FIXED_VALUE                            ; Bx           ; Untyped                           ;
; INPUT_B_FIXED_VALUE                            ; Bx           ; Untyped                           ;
; USE_AHDL_IMPLEMENTATION                        ; OFF          ; Untyped                           ;
+------------------------------------------------+--------------+-----------------------------------+
Note: In order to hide this table in the UI and the text report file, please set the "Show Parameter Settings in Synthesis Report" option in "Analysis and Synthesis Settings -> More Settings" to "Off".


+--------------------------------------------------------------------------------------------------+
; Parameter Settings for Inferred Entity Instance: FIR_filter_37_tap:u_fir_filter_R|lpm_mult:Mult9 ;
+------------------------------------------------+--------------+----------------------------------+
; Parameter Name                                 ; Value        ; Type                             ;
+------------------------------------------------+--------------+----------------------------------+
; AUTO_CARRY_CHAINS                              ; ON           ; AUTO_CARRY                       ;
; IGNORE_CARRY_BUFFERS                           ; OFF          ; IGNORE_CARRY                     ;
; AUTO_CASCADE_CHAINS                            ; ON           ; AUTO_CASCADE                     ;
; IGNORE_CASCADE_BUFFERS                         ; OFF          ; IGNORE_CASCADE                   ;
; LPM_WIDTHA                                     ; 17           ; Untyped                          ;
; LPM_WIDTHB                                     ; 16           ; Untyped                          ;
; LPM_WIDTHP                                     ; 33           ; Untyped                          ;
; LPM_WIDTHR                                     ; 33           ; Untyped                          ;
; LPM_WIDTHS                                     ; 1            ; Untyped                          ;
; LPM_REPRESENTATION                             ; SIGNED       ; Untyped                          ;
; LPM_PIPELINE                                   ; 0            ; Untyped                          ;
; LATENCY                                        ; 0            ; Untyped                          ;
; INPUT_A_IS_CONSTANT                            ; NO           ; Untyped                          ;
; INPUT_B_IS_CONSTANT                            ; NO           ; Untyped                          ;
; USE_EAB                                        ; OFF          ; Untyped                          ;
; MAXIMIZE_SPEED                                 ; 5            ; Untyped                          ;
; DEVICE_FAMILY                                  ; Cyclone IV E ; Untyped                          ;
; CARRY_CHAIN                                    ; MANUAL       ; Untyped                          ;
; APEX20K_TECHNOLOGY_MAPPER                      ; LUT          ; TECH_MAPPER_APEX20K              ;
; DEDICATED_MULTIPLIER_CIRCUITRY                 ; AUTO         ; Untyped                          ;
; DEDICATED_MULTIPLIER_MIN_INPUT_WIDTH_FOR_AUTO  ; 0            ; Untyped                          ;
; DEDICATED_MULTIPLIER_MIN_OUTPUT_WIDTH_FOR_AUTO ; 0            ; Untyped                          ;
; CBXI_PARAMETER                                 ; mult_56t     ; Untyped                          ;
; INPUT_A_FIXED_VALUE                            ; Bx           ; Untyped                          ;
; INPUT_B_FIXED_VALUE                            ; Bx           ; Untyped                          ;
; USE_AHDL_IMPLEMENTATION                        ; OFF          ; Untyped                          ;
+------------------------------------------------+--------------+----------------------------------+
Note: In order to hide this table in the UI and the text report file, please set the "Show Parameter Settings in Synthesis Report" option in "Analysis and Synthesis Settings -> More Settings" to "Off".


+--------------------------------------------------------------------------------------------------+
; Parameter Settings for Inferred Entity Instance: FIR_filter_37_tap:u_fir_filter_L|lpm_mult:Mult3 ;
+------------------------------------------------+--------------+----------------------------------+
; Parameter Name                                 ; Value        ; Type                             ;
+------------------------------------------------+--------------+----------------------------------+
; AUTO_CARRY_CHAINS                              ; ON           ; AUTO_CARRY                       ;
; IGNORE_CARRY_BUFFERS                           ; OFF          ; IGNORE_CARRY                     ;
; AUTO_CASCADE_CHAINS                            ; ON           ; AUTO_CASCADE                     ;
; IGNORE_CASCADE_BUFFERS                         ; OFF          ; IGNORE_CASCADE                   ;
; LPM_WIDTHA                                     ; 17           ; Untyped                          ;
; LPM_WIDTHB                                     ; 16           ; Untyped                          ;
; LPM_WIDTHP                                     ; 33           ; Untyped                          ;
; LPM_WIDTHR                                     ; 33           ; Untyped                          ;
; LPM_WIDTHS                                     ; 1            ; Untyped                          ;
; LPM_REPRESENTATION                             ; SIGNED       ; Untyped                          ;
; LPM_PIPELINE                                   ; 0            ; Untyped                          ;
; LATENCY                                        ; 0            ; Untyped                          ;
; INPUT_A_IS_CONSTANT                            ; NO           ; Untyped                          ;
; INPUT_B_IS_CONSTANT                            ; NO           ; Untyped                          ;
; USE_EAB                                        ; OFF          ; Untyped                          ;
; MAXIMIZE_SPEED                                 ; 5            ; Untyped                          ;
; DEVICE_FAMILY                                  ; Cyclone IV E ; Untyped                          ;
; CARRY_CHAIN                                    ; MANUAL       ; Untyped                          ;
; APEX20K_TECHNOLOGY_MAPPER                      ; LUT          ; TECH_MAPPER_APEX20K              ;
; DEDICATED_MULTIPLIER_CIRCUITRY                 ; AUTO         ; Untyped                          ;
; DEDICATED_MULTIPLIER_MIN_INPUT_WIDTH_FOR_AUTO  ; 0            ; Untyped                          ;
; DEDICATED_MULTIPLIER_MIN_OUTPUT_WIDTH_FOR_AUTO ; 0            ; Untyped                          ;
; CBXI_PARAMETER                                 ; mult_56t     ; Untyped                          ;
; INPUT_A_FIXED_VALUE                            ; Bx           ; Untyped                          ;
; INPUT_B_FIXED_VALUE                            ; Bx           ; Untyped                          ;
; USE_AHDL_IMPLEMENTATION                        ; OFF          ; Untyped                          ;
+------------------------------------------------+--------------+----------------------------------+
Note: In order to hide this table in the UI and the text report file, please set the "Show Parameter Settings in Synthesis Report" option in "Analysis and Synthesis Settings -> More Settings" to "Off".


+--------------------------------------------------------------------------------------------------+
; Parameter Settings for Inferred Entity Instance: FIR_filter_37_tap:u_fir_filter_L|lpm_mult:Mult4 ;
+------------------------------------------------+--------------+----------------------------------+
; Parameter Name                                 ; Value        ; Type                             ;
+------------------------------------------------+--------------+----------------------------------+
; AUTO_CARRY_CHAINS                              ; ON           ; AUTO_CARRY                       ;
; IGNORE_CARRY_BUFFERS                           ; OFF          ; IGNORE_CARRY                     ;
; AUTO_CASCADE_CHAINS                            ; ON           ; AUTO_CASCADE                     ;
; IGNORE_CASCADE_BUFFERS                         ; OFF          ; IGNORE_CASCADE                   ;
; LPM_WIDTHA                                     ; 17           ; Untyped                          ;
; LPM_WIDTHB                                     ; 16           ; Untyped                          ;
; LPM_WIDTHP                                     ; 33           ; Untyped                          ;
; LPM_WIDTHR                                     ; 33           ; Untyped                          ;
; LPM_WIDTHS                                     ; 1            ; Untyped                          ;
; LPM_REPRESENTATION                             ; SIGNED       ; Untyped                          ;
; LPM_PIPELINE                                   ; 0            ; Untyped                          ;
; LATENCY                                        ; 0            ; Untyped                          ;
; INPUT_A_IS_CONSTANT                            ; NO           ; Untyped                          ;
; INPUT_B_IS_CONSTANT                            ; NO           ; Untyped                          ;
; USE_EAB                                        ; OFF          ; Untyped                          ;
; MAXIMIZE_SPEED                                 ; 5            ; Untyped                          ;
; DEVICE_FAMILY                                  ; Cyclone IV E ; Untyped                          ;
; CARRY_CHAIN                                    ; MANUAL       ; Untyped                          ;
; APEX20K_TECHNOLOGY_MAPPER                      ; LUT          ; TECH_MAPPER_APEX20K              ;
; DEDICATED_MULTIPLIER_CIRCUITRY                 ; AUTO         ; Untyped                          ;
; DEDICATED_MULTIPLIER_MIN_INPUT_WIDTH_FOR_AUTO  ; 0            ; Untyped                          ;
; DEDICATED_MULTIPLIER_MIN_OUTPUT_WIDTH_FOR_AUTO ; 0            ; Untyped                          ;
; CBXI_PARAMETER                                 ; mult_56t     ; Untyped                          ;
; INPUT_A_FIXED_VALUE                            ; Bx           ; Untyped                          ;
; INPUT_B_FIXED_VALUE                            ; Bx           ; Untyped                          ;
; USE_AHDL_IMPLEMENTATION                        ; OFF          ; Untyped                          ;
+------------------------------------------------+--------------+----------------------------------+
Note: In order to hide this table in the UI and the text report file, please set the "Show Parameter Settings in Synthesis Report" option in "Analysis and Synthesis Settings -> More Settings" to "Off".


+--------------------------------------------------------------------------------------------------+
; Parameter Settings for Inferred Entity Instance: FIR_filter_37_tap:u_fir_filter_R|lpm_mult:Mult3 ;
+------------------------------------------------+--------------+----------------------------------+
; Parameter Name                                 ; Value        ; Type                             ;
+------------------------------------------------+--------------+----------------------------------+
; AUTO_CARRY_CHAINS                              ; ON           ; AUTO_CARRY                       ;
; IGNORE_CARRY_BUFFERS                           ; OFF          ; IGNORE_CARRY                     ;
; AUTO_CASCADE_CHAINS                            ; ON           ; AUTO_CASCADE                     ;
; IGNORE_CASCADE_BUFFERS                         ; OFF          ; IGNORE_CASCADE                   ;
; LPM_WIDTHA                                     ; 17           ; Untyped                          ;
; LPM_WIDTHB                                     ; 16           ; Untyped                          ;
; LPM_WIDTHP                                     ; 33           ; Untyped                          ;
; LPM_WIDTHR                                     ; 33           ; Untyped                          ;
; LPM_WIDTHS                                     ; 1            ; Untyped                          ;
; LPM_REPRESENTATION                             ; SIGNED       ; Untyped                          ;
; LPM_PIPELINE                                   ; 0            ; Untyped                          ;
; LATENCY                                        ; 0            ; Untyped                          ;
; INPUT_A_IS_CONSTANT                            ; NO           ; Untyped                          ;
; INPUT_B_IS_CONSTANT                            ; NO           ; Untyped                          ;
; USE_EAB                                        ; OFF          ; Untyped                          ;
; MAXIMIZE_SPEED                                 ; 5            ; Untyped                          ;
; DEVICE_FAMILY                                  ; Cyclone IV E ; Untyped                          ;
; CARRY_CHAIN                                    ; MANUAL       ; Untyped                          ;
; APEX20K_TECHNOLOGY_MAPPER                      ; LUT          ; TECH_MAPPER_APEX20K              ;
; DEDICATED_MULTIPLIER_CIRCUITRY                 ; AUTO         ; Untyped                          ;
; DEDICATED_MULTIPLIER_MIN_INPUT_WIDTH_FOR_AUTO  ; 0            ; Untyped                          ;
; DEDICATED_MULTIPLIER_MIN_OUTPUT_WIDTH_FOR_AUTO ; 0            ; Untyped                          ;
; CBXI_PARAMETER                                 ; mult_56t     ; Untyped                          ;
; INPUT_A_FIXED_VALUE                            ; Bx           ; Untyped                          ;
; INPUT_B_FIXED_VALUE                            ; Bx           ; Untyped                          ;
; USE_AHDL_IMPLEMENTATION                        ; OFF          ; Untyped                          ;
+------------------------------------------------+--------------+----------------------------------+
Note: In order to hide this table in the UI and the text report file, please set the "Show Parameter Settings in Synthesis Report" option in "Analysis and Synthesis Settings -> More Settings" to "Off".


+--------------------------------------------------------------------------------------------------+
; Parameter Settings for Inferred Entity Instance: FIR_filter_37_tap:u_fir_filter_R|lpm_mult:Mult4 ;
+------------------------------------------------+--------------+----------------------------------+
; Parameter Name                                 ; Value        ; Type                             ;
+------------------------------------------------+--------------+----------------------------------+
; AUTO_CARRY_CHAINS                              ; ON           ; AUTO_CARRY                       ;
; IGNORE_CARRY_BUFFERS                           ; OFF          ; IGNORE_CARRY                     ;
; AUTO_CASCADE_CHAINS                            ; ON           ; AUTO_CASCADE                     ;
; IGNORE_CASCADE_BUFFERS                         ; OFF          ; IGNORE_CASCADE                   ;
; LPM_WIDTHA                                     ; 17           ; Untyped                          ;
; LPM_WIDTHB                                     ; 16           ; Untyped                          ;
; LPM_WIDTHP                                     ; 33           ; Untyped                          ;
; LPM_WIDTHR                                     ; 33           ; Untyped                          ;
; LPM_WIDTHS                                     ; 1            ; Untyped                          ;
; LPM_REPRESENTATION                             ; SIGNED       ; Untyped                          ;
; LPM_PIPELINE                                   ; 0            ; Untyped                          ;
; LATENCY                                        ; 0            ; Untyped                          ;
; INPUT_A_IS_CONSTANT                            ; NO           ; Untyped                          ;
; INPUT_B_IS_CONSTANT                            ; NO           ; Untyped                          ;
; USE_EAB                                        ; OFF          ; Untyped                          ;
; MAXIMIZE_SPEED                                 ; 5            ; Untyped                          ;
; DEVICE_FAMILY                                  ; Cyclone IV E ; Untyped                          ;
; CARRY_CHAIN                                    ; MANUAL       ; Untyped                          ;
; APEX20K_TECHNOLOGY_MAPPER                      ; LUT          ; TECH_MAPPER_APEX20K              ;
; DEDICATED_MULTIPLIER_CIRCUITRY                 ; AUTO         ; Untyped                          ;
; DEDICATED_MULTIPLIER_MIN_INPUT_WIDTH_FOR_AUTO  ; 0            ; Untyped                          ;
; DEDICATED_MULTIPLIER_MIN_OUTPUT_WIDTH_FOR_AUTO ; 0            ; Untyped                          ;
; CBXI_PARAMETER                                 ; mult_56t     ; Untyped                          ;
; INPUT_A_FIXED_VALUE                            ; Bx           ; Untyped                          ;
; INPUT_B_FIXED_VALUE                            ; Bx           ; Untyped                          ;
; USE_AHDL_IMPLEMENTATION                        ; OFF          ; Untyped                          ;
+------------------------------------------------+--------------+----------------------------------+
Note: In order to hide this table in the UI and the text report file, please set the "Show Parameter Settings in Synthesis Report" option in "Analysis and Synthesis Settings -> More Settings" to "Off".


+---------------------------------------------------------------------------------------+
; Parameter Settings for Inferred Entity Instance: chorus:chorus_inst_L|lpm_divide:Mod1 ;
+------------------------+----------------+---------------------------------------------+
; Parameter Name         ; Value          ; Type                                        ;
+------------------------+----------------+---------------------------------------------+
; LPM_WIDTHN             ; 32             ; Untyped                                     ;
; LPM_WIDTHD             ; 32             ; Untyped                                     ;
; LPM_NREPRESENTATION    ; SIGNED         ; Untyped                                     ;
; LPM_DREPRESENTATION    ; SIGNED         ; Untyped                                     ;
; LPM_PIPELINE           ; 0              ; Untyped                                     ;
; LPM_REMAINDERPOSITIVE  ; FALSE          ; Untyped                                     ;
; MAXIMIZE_SPEED         ; 5              ; Untyped                                     ;
; CBXI_PARAMETER         ; lpm_divide_cqo ; Untyped                                     ;
; CARRY_CHAIN            ; MANUAL         ; Untyped                                     ;
; OPTIMIZE_FOR_SPEED     ; 5              ; Untyped                                     ;
; AUTO_CARRY_CHAINS      ; ON             ; AUTO_CARRY                                  ;
; IGNORE_CARRY_BUFFERS   ; OFF            ; IGNORE_CARRY                                ;
; AUTO_CASCADE_CHAINS    ; ON             ; AUTO_CASCADE                                ;
; IGNORE_CASCADE_BUFFERS ; OFF            ; IGNORE_CASCADE                              ;
+------------------------+----------------+---------------------------------------------+
Note: In order to hide this table in the UI and the text report file, please set the "Show Parameter Settings in Synthesis Report" option in "Analysis and Synthesis Settings -> More Settings" to "Off".


+---------------------------------------------------------------------------------------+
; Parameter Settings for Inferred Entity Instance: chorus:chorus_inst_L|lpm_divide:Mod2 ;
+------------------------+----------------+---------------------------------------------+
; Parameter Name         ; Value          ; Type                                        ;
+------------------------+----------------+---------------------------------------------+
; LPM_WIDTHN             ; 32             ; Untyped                                     ;
; LPM_WIDTHD             ; 32             ; Untyped                                     ;
; LPM_NREPRESENTATION    ; SIGNED         ; Untyped                                     ;
; LPM_DREPRESENTATION    ; SIGNED         ; Untyped                                     ;
; LPM_PIPELINE           ; 0              ; Untyped                                     ;
; LPM_REMAINDERPOSITIVE  ; FALSE          ; Untyped                                     ;
; MAXIMIZE_SPEED         ; 5              ; Untyped                                     ;
; CBXI_PARAMETER         ; lpm_divide_cqo ; Untyped                                     ;
; CARRY_CHAIN            ; MANUAL         ; Untyped                                     ;
; OPTIMIZE_FOR_SPEED     ; 5              ; Untyped                                     ;
; AUTO_CARRY_CHAINS      ; ON             ; AUTO_CARRY                                  ;
; IGNORE_CARRY_BUFFERS   ; OFF            ; IGNORE_CARRY                                ;
; AUTO_CASCADE_CHAINS    ; ON             ; AUTO_CASCADE                                ;
; IGNORE_CASCADE_BUFFERS ; OFF            ; IGNORE_CASCADE                              ;
+------------------------+----------------+---------------------------------------------+
Note: In order to hide this table in the UI and the text report file, please set the "Show Parameter Settings in Synthesis Report" option in "Analysis and Synthesis Settings -> More Settings" to "Off".


+---------------------------------------------------------------------------------------+
; Parameter Settings for Inferred Entity Instance: chorus:chorus_inst_L|lpm_divide:Mod0 ;
+------------------------+----------------+---------------------------------------------+
; Parameter Name         ; Value          ; Type                                        ;
+------------------------+----------------+---------------------------------------------+
; LPM_WIDTHN             ; 32             ; Untyped                                     ;
; LPM_WIDTHD             ; 32             ; Untyped                                     ;
; LPM_NREPRESENTATION    ; SIGNED         ; Untyped                                     ;
; LPM_DREPRESENTATION    ; SIGNED         ; Untyped                                     ;
; LPM_PIPELINE           ; 0              ; Untyped                                     ;
; LPM_REMAINDERPOSITIVE  ; FALSE          ; Untyped                                     ;
; MAXIMIZE_SPEED         ; 5              ; Untyped                                     ;
; CBXI_PARAMETER         ; lpm_divide_cqo ; Untyped                                     ;
; CARRY_CHAIN            ; MANUAL         ; Untyped                                     ;
; OPTIMIZE_FOR_SPEED     ; 5              ; Untyped                                     ;
; AUTO_CARRY_CHAINS      ; ON             ; AUTO_CARRY                                  ;
; IGNORE_CARRY_BUFFERS   ; OFF            ; IGNORE_CARRY                                ;
; AUTO_CASCADE_CHAINS    ; ON             ; AUTO_CASCADE                                ;
; IGNORE_CASCADE_BUFFERS ; OFF            ; IGNORE_CASCADE                              ;
+------------------------+----------------+---------------------------------------------+
Note: In order to hide this table in the UI and the text report file, please set the "Show Parameter Settings in Synthesis Report" option in "Analysis and Synthesis Settings -> More Settings" to "Off".


+--------------------------------------------------------------------------------------------------+
; Parameter Settings for Inferred Entity Instance: FIR_filter_37_tap:u_fir_filter_L|lpm_mult:Mult2 ;
+------------------------------------------------+--------------+----------------------------------+
; Parameter Name                                 ; Value        ; Type                             ;
+------------------------------------------------+--------------+----------------------------------+
; AUTO_CARRY_CHAINS                              ; ON           ; AUTO_CARRY                       ;
; IGNORE_CARRY_BUFFERS                           ; OFF          ; IGNORE_CARRY                     ;
; AUTO_CASCADE_CHAINS                            ; ON           ; AUTO_CASCADE                     ;
; IGNORE_CASCADE_BUFFERS                         ; OFF          ; IGNORE_CASCADE                   ;
; LPM_WIDTHA                                     ; 17           ; Untyped                          ;
; LPM_WIDTHB                                     ; 16           ; Untyped                          ;
; LPM_WIDTHP                                     ; 33           ; Untyped                          ;
; LPM_WIDTHR                                     ; 33           ; Untyped                          ;
; LPM_WIDTHS                                     ; 1            ; Untyped                          ;
; LPM_REPRESENTATION                             ; SIGNED       ; Untyped                          ;
; LPM_PIPELINE                                   ; 0            ; Untyped                          ;
; LATENCY                                        ; 0            ; Untyped                          ;
; INPUT_A_IS_CONSTANT                            ; NO           ; Untyped                          ;
; INPUT_B_IS_CONSTANT                            ; NO           ; Untyped                          ;
; USE_EAB                                        ; OFF          ; Untyped                          ;
; MAXIMIZE_SPEED                                 ; 5            ; Untyped                          ;
; DEVICE_FAMILY                                  ; Cyclone IV E ; Untyped                          ;
; CARRY_CHAIN                                    ; MANUAL       ; Untyped                          ;
; APEX20K_TECHNOLOGY_MAPPER                      ; LUT          ; TECH_MAPPER_APEX20K              ;
; DEDICATED_MULTIPLIER_CIRCUITRY                 ; AUTO         ; Untyped                          ;
; DEDICATED_MULTIPLIER_MIN_INPUT_WIDTH_FOR_AUTO  ; 0            ; Untyped                          ;
; DEDICATED_MULTIPLIER_MIN_OUTPUT_WIDTH_FOR_AUTO ; 0            ; Untyped                          ;
; CBXI_PARAMETER                                 ; mult_56t     ; Untyped                          ;
; INPUT_A_FIXED_VALUE                            ; Bx           ; Untyped                          ;
; INPUT_B_FIXED_VALUE                            ; Bx           ; Untyped                          ;
; USE_AHDL_IMPLEMENTATION                        ; OFF          ; Untyped                          ;
+------------------------------------------------+--------------+----------------------------------+
Note: In order to hide this table in the UI and the text report file, please set the "Show Parameter Settings in Synthesis Report" option in "Analysis and Synthesis Settings -> More Settings" to "Off".


+--------------------------------------------------------------------------------------------------+
; Parameter Settings for Inferred Entity Instance: FIR_filter_37_tap:u_fir_filter_R|lpm_mult:Mult2 ;
+------------------------------------------------+--------------+----------------------------------+
; Parameter Name                                 ; Value        ; Type                             ;
+------------------------------------------------+--------------+----------------------------------+
; AUTO_CARRY_CHAINS                              ; ON           ; AUTO_CARRY                       ;
; IGNORE_CARRY_BUFFERS                           ; OFF          ; IGNORE_CARRY                     ;
; AUTO_CASCADE_CHAINS                            ; ON           ; AUTO_CASCADE                     ;
; IGNORE_CASCADE_BUFFERS                         ; OFF          ; IGNORE_CASCADE                   ;
; LPM_WIDTHA                                     ; 17           ; Untyped                          ;
; LPM_WIDTHB                                     ; 16           ; Untyped                          ;
; LPM_WIDTHP                                     ; 33           ; Untyped                          ;
; LPM_WIDTHR                                     ; 33           ; Untyped                          ;
; LPM_WIDTHS                                     ; 1            ; Untyped                          ;
; LPM_REPRESENTATION                             ; SIGNED       ; Untyped                          ;
; LPM_PIPELINE                                   ; 0            ; Untyped                          ;
; LATENCY                                        ; 0            ; Untyped                          ;
; INPUT_A_IS_CONSTANT                            ; NO           ; Untyped                          ;
; INPUT_B_IS_CONSTANT                            ; NO           ; Untyped                          ;
; USE_EAB                                        ; OFF          ; Untyped                          ;
; MAXIMIZE_SPEED                                 ; 5            ; Untyped                          ;
; DEVICE_FAMILY                                  ; Cyclone IV E ; Untyped                          ;
; CARRY_CHAIN                                    ; MANUAL       ; Untyped                          ;
; APEX20K_TECHNOLOGY_MAPPER                      ; LUT          ; TECH_MAPPER_APEX20K              ;
; DEDICATED_MULTIPLIER_CIRCUITRY                 ; AUTO         ; Untyped                          ;
; DEDICATED_MULTIPLIER_MIN_INPUT_WIDTH_FOR_AUTO  ; 0            ; Untyped                          ;
; DEDICATED_MULTIPLIER_MIN_OUTPUT_WIDTH_FOR_AUTO ; 0            ; Untyped                          ;
; CBXI_PARAMETER                                 ; mult_56t     ; Untyped                          ;
; INPUT_A_FIXED_VALUE                            ; Bx           ; Untyped                          ;
; INPUT_B_FIXED_VALUE                            ; Bx           ; Untyped                          ;
; USE_AHDL_IMPLEMENTATION                        ; OFF          ; Untyped                          ;
+------------------------------------------------+--------------+----------------------------------+
Note: In order to hide this table in the UI and the text report file, please set the "Show Parameter Settings in Synthesis Report" option in "Analysis and Synthesis Settings -> More Settings" to "Off".


+-------------------------------------------------------------------------------------+
; Parameter Settings for Inferred Entity Instance: lpm_mult:Mult0                     ;
+------------------------------------------------+--------------+---------------------+
; Parameter Name                                 ; Value        ; Type                ;
+------------------------------------------------+--------------+---------------------+
; AUTO_CARRY_CHAINS                              ; ON           ; AUTO_CARRY          ;
; IGNORE_CARRY_BUFFERS                           ; OFF          ; IGNORE_CARRY        ;
; AUTO_CASCADE_CHAINS                            ; ON           ; AUTO_CASCADE        ;
; IGNORE_CASCADE_BUFFERS                         ; OFF          ; IGNORE_CASCADE      ;
; LPM_WIDTHA                                     ; 5            ; Untyped             ;
; LPM_WIDTHB                                     ; 12           ; Untyped             ;
; LPM_WIDTHP                                     ; 17           ; Untyped             ;
; LPM_WIDTHR                                     ; 17           ; Untyped             ;
; LPM_WIDTHS                                     ; 1            ; Untyped             ;
; LPM_REPRESENTATION                             ; UNSIGNED     ; Untyped             ;
; LPM_PIPELINE                                   ; 0            ; Untyped             ;
; LATENCY                                        ; 0            ; Untyped             ;
; INPUT_A_IS_CONSTANT                            ; NO           ; Untyped             ;
; INPUT_B_IS_CONSTANT                            ; YES          ; Untyped             ;
; USE_EAB                                        ; OFF          ; Untyped             ;
; MAXIMIZE_SPEED                                 ; 5            ; Untyped             ;
; DEVICE_FAMILY                                  ; Cyclone IV E ; Untyped             ;
; CARRY_CHAIN                                    ; MANUAL       ; Untyped             ;
; APEX20K_TECHNOLOGY_MAPPER                      ; LUT          ; TECH_MAPPER_APEX20K ;
; DEDICATED_MULTIPLIER_CIRCUITRY                 ; AUTO         ; Untyped             ;
; DEDICATED_MULTIPLIER_MIN_INPUT_WIDTH_FOR_AUTO  ; 0            ; Untyped             ;
; DEDICATED_MULTIPLIER_MIN_OUTPUT_WIDTH_FOR_AUTO ; 0            ; Untyped             ;
; CBXI_PARAMETER                                 ; NOTHING      ; Untyped             ;
; INPUT_A_FIXED_VALUE                            ; Bx           ; Untyped             ;
; INPUT_B_FIXED_VALUE                            ; Bx           ; Untyped             ;
; USE_AHDL_IMPLEMENTATION                        ; OFF          ; Untyped             ;
+------------------------------------------------+--------------+---------------------+
Note: In order to hide this table in the UI and the text report file, please set the "Show Parameter Settings in Synthesis Report" option in "Analysis and Synthesis Settings -> More Settings" to "Off".


+--------------------------------------------------------------------------------------------------+
; Parameter Settings for Inferred Entity Instance: FIR_filter_37_tap:u_fir_filter_L|lpm_mult:Mult1 ;
+------------------------------------------------+--------------+----------------------------------+
; Parameter Name                                 ; Value        ; Type                             ;
+------------------------------------------------+--------------+----------------------------------+
; AUTO_CARRY_CHAINS                              ; ON           ; AUTO_CARRY                       ;
; IGNORE_CARRY_BUFFERS                           ; OFF          ; IGNORE_CARRY                     ;
; AUTO_CASCADE_CHAINS                            ; ON           ; AUTO_CASCADE                     ;
; IGNORE_CASCADE_BUFFERS                         ; OFF          ; IGNORE_CASCADE                   ;
; LPM_WIDTHA                                     ; 17           ; Untyped                          ;
; LPM_WIDTHB                                     ; 16           ; Untyped                          ;
; LPM_WIDTHP                                     ; 33           ; Untyped                          ;
; LPM_WIDTHR                                     ; 33           ; Untyped                          ;
; LPM_WIDTHS                                     ; 1            ; Untyped                          ;
; LPM_REPRESENTATION                             ; SIGNED       ; Untyped                          ;
; LPM_PIPELINE                                   ; 0            ; Untyped                          ;
; LATENCY                                        ; 0            ; Untyped                          ;
; INPUT_A_IS_CONSTANT                            ; NO           ; Untyped                          ;
; INPUT_B_IS_CONSTANT                            ; NO           ; Untyped                          ;
; USE_EAB                                        ; OFF          ; Untyped                          ;
; MAXIMIZE_SPEED                                 ; 5            ; Untyped                          ;
; DEVICE_FAMILY                                  ; Cyclone IV E ; Untyped                          ;
; CARRY_CHAIN                                    ; MANUAL       ; Untyped                          ;
; APEX20K_TECHNOLOGY_MAPPER                      ; LUT          ; TECH_MAPPER_APEX20K              ;
; DEDICATED_MULTIPLIER_CIRCUITRY                 ; AUTO         ; Untyped                          ;
; DEDICATED_MULTIPLIER_MIN_INPUT_WIDTH_FOR_AUTO  ; 0            ; Untyped                          ;
; DEDICATED_MULTIPLIER_MIN_OUTPUT_WIDTH_FOR_AUTO ; 0            ; Untyped                          ;
; CBXI_PARAMETER                                 ; mult_56t     ; Untyped                          ;
; INPUT_A_FIXED_VALUE                            ; Bx           ; Untyped                          ;
; INPUT_B_FIXED_VALUE                            ; Bx           ; Untyped                          ;
; USE_AHDL_IMPLEMENTATION                        ; OFF          ; Untyped                          ;
+------------------------------------------------+--------------+----------------------------------+
Note: In order to hide this table in the UI and the text report file, please set the "Show Parameter Settings in Synthesis Report" option in "Analysis and Synthesis Settings -> More Settings" to "Off".


+--------------------------------------------------------------------------------------------------+
; Parameter Settings for Inferred Entity Instance: FIR_filter_37_tap:u_fir_filter_L|lpm_mult:Mult0 ;
+------------------------------------------------+--------------+----------------------------------+
; Parameter Name                                 ; Value        ; Type                             ;
+------------------------------------------------+--------------+----------------------------------+
; AUTO_CARRY_CHAINS                              ; ON           ; AUTO_CARRY                       ;
; IGNORE_CARRY_BUFFERS                           ; OFF          ; IGNORE_CARRY                     ;
; AUTO_CASCADE_CHAINS                            ; ON           ; AUTO_CASCADE                     ;
; IGNORE_CASCADE_BUFFERS                         ; OFF          ; IGNORE_CASCADE                   ;
; LPM_WIDTHA                                     ; 17           ; Untyped                          ;
; LPM_WIDTHB                                     ; 16           ; Untyped                          ;
; LPM_WIDTHP                                     ; 33           ; Untyped                          ;
; LPM_WIDTHR                                     ; 33           ; Untyped                          ;
; LPM_WIDTHS                                     ; 1            ; Untyped                          ;
; LPM_REPRESENTATION                             ; SIGNED       ; Untyped                          ;
; LPM_PIPELINE                                   ; 0            ; Untyped                          ;
; LATENCY                                        ; 0            ; Untyped                          ;
; INPUT_A_IS_CONSTANT                            ; NO           ; Untyped                          ;
; INPUT_B_IS_CONSTANT                            ; NO           ; Untyped                          ;
; USE_EAB                                        ; OFF          ; Untyped                          ;
; MAXIMIZE_SPEED                                 ; 5            ; Untyped                          ;
; DEVICE_FAMILY                                  ; Cyclone IV E ; Untyped                          ;
; CARRY_CHAIN                                    ; MANUAL       ; Untyped                          ;
; APEX20K_TECHNOLOGY_MAPPER                      ; LUT          ; TECH_MAPPER_APEX20K              ;
; DEDICATED_MULTIPLIER_CIRCUITRY                 ; AUTO         ; Untyped                          ;
; DEDICATED_MULTIPLIER_MIN_INPUT_WIDTH_FOR_AUTO  ; 0            ; Untyped                          ;
; DEDICATED_MULTIPLIER_MIN_OUTPUT_WIDTH_FOR_AUTO ; 0            ; Untyped                          ;
; CBXI_PARAMETER                                 ; mult_56t     ; Untyped                          ;
; INPUT_A_FIXED_VALUE                            ; Bx           ; Untyped                          ;
; INPUT_B_FIXED_VALUE                            ; Bx           ; Untyped                          ;
; USE_AHDL_IMPLEMENTATION                        ; OFF          ; Untyped                          ;
+------------------------------------------------+--------------+----------------------------------+
Note: In order to hide this table in the UI and the text report file, please set the "Show Parameter Settings in Synthesis Report" option in "Analysis and Synthesis Settings -> More Settings" to "Off".


+--------------------------------------------------------------------------------------------------+
; Parameter Settings for Inferred Entity Instance: FIR_filter_37_tap:u_fir_filter_L|lpm_mult:Mult6 ;
+------------------------------------------------+--------------+----------------------------------+
; Parameter Name                                 ; Value        ; Type                             ;
+------------------------------------------------+--------------+----------------------------------+
; AUTO_CARRY_CHAINS                              ; ON           ; AUTO_CARRY                       ;
; IGNORE_CARRY_BUFFERS                           ; OFF          ; IGNORE_CARRY                     ;
; AUTO_CASCADE_CHAINS                            ; ON           ; AUTO_CASCADE                     ;
; IGNORE_CASCADE_BUFFERS                         ; OFF          ; IGNORE_CASCADE                   ;
; LPM_WIDTHA                                     ; 17           ; Untyped                          ;
; LPM_WIDTHB                                     ; 16           ; Untyped                          ;
; LPM_WIDTHP                                     ; 33           ; Untyped                          ;
; LPM_WIDTHR                                     ; 33           ; Untyped                          ;
; LPM_WIDTHS                                     ; 1            ; Untyped                          ;
; LPM_REPRESENTATION                             ; SIGNED       ; Untyped                          ;
; LPM_PIPELINE                                   ; 0            ; Untyped                          ;
; LATENCY                                        ; 0            ; Untyped                          ;
; INPUT_A_IS_CONSTANT                            ; NO           ; Untyped                          ;
; INPUT_B_IS_CONSTANT                            ; NO           ; Untyped                          ;
; USE_EAB                                        ; OFF          ; Untyped                          ;
; MAXIMIZE_SPEED                                 ; 5            ; Untyped                          ;
; DEVICE_FAMILY                                  ; Cyclone IV E ; Untyped                          ;
; CARRY_CHAIN                                    ; MANUAL       ; Untyped                          ;
; APEX20K_TECHNOLOGY_MAPPER                      ; LUT          ; TECH_MAPPER_APEX20K              ;
; DEDICATED_MULTIPLIER_CIRCUITRY                 ; AUTO         ; Untyped                          ;
; DEDICATED_MULTIPLIER_MIN_INPUT_WIDTH_FOR_AUTO  ; 0            ; Untyped                          ;
; DEDICATED_MULTIPLIER_MIN_OUTPUT_WIDTH_FOR_AUTO ; 0            ; Untyped                          ;
; CBXI_PARAMETER                                 ; mult_56t     ; Untyped                          ;
; INPUT_A_FIXED_VALUE                            ; Bx           ; Untyped                          ;
; INPUT_B_FIXED_VALUE                            ; Bx           ; Untyped                          ;
; USE_AHDL_IMPLEMENTATION                        ; OFF          ; Untyped                          ;
+------------------------------------------------+--------------+----------------------------------+
Note: In order to hide this table in the UI and the text report file, please set the "Show Parameter Settings in Synthesis Report" option in "Analysis and Synthesis Settings -> More Settings" to "Off".


+--------------------------------------------------------------------------------------------------+
; Parameter Settings for Inferred Entity Instance: FIR_filter_37_tap:u_fir_filter_L|lpm_mult:Mult5 ;
+------------------------------------------------+--------------+----------------------------------+
; Parameter Name                                 ; Value        ; Type                             ;
+------------------------------------------------+--------------+----------------------------------+
; AUTO_CARRY_CHAINS                              ; ON           ; AUTO_CARRY                       ;
; IGNORE_CARRY_BUFFERS                           ; OFF          ; IGNORE_CARRY                     ;
; AUTO_CASCADE_CHAINS                            ; ON           ; AUTO_CASCADE                     ;
; IGNORE_CASCADE_BUFFERS                         ; OFF          ; IGNORE_CASCADE                   ;
; LPM_WIDTHA                                     ; 17           ; Untyped                          ;
; LPM_WIDTHB                                     ; 16           ; Untyped                          ;
; LPM_WIDTHP                                     ; 33           ; Untyped                          ;
; LPM_WIDTHR                                     ; 33           ; Untyped                          ;
; LPM_WIDTHS                                     ; 1            ; Untyped                          ;
; LPM_REPRESENTATION                             ; SIGNED       ; Untyped                          ;
; LPM_PIPELINE                                   ; 0            ; Untyped                          ;
; LATENCY                                        ; 0            ; Untyped                          ;
; INPUT_A_IS_CONSTANT                            ; NO           ; Untyped                          ;
; INPUT_B_IS_CONSTANT                            ; NO           ; Untyped                          ;
; USE_EAB                                        ; OFF          ; Untyped                          ;
; MAXIMIZE_SPEED                                 ; 5            ; Untyped                          ;
; DEVICE_FAMILY                                  ; Cyclone IV E ; Untyped                          ;
; CARRY_CHAIN                                    ; MANUAL       ; Untyped                          ;
; APEX20K_TECHNOLOGY_MAPPER                      ; LUT          ; TECH_MAPPER_APEX20K              ;
; DEDICATED_MULTIPLIER_CIRCUITRY                 ; AUTO         ; Untyped                          ;
; DEDICATED_MULTIPLIER_MIN_INPUT_WIDTH_FOR_AUTO  ; 0            ; Untyped                          ;
; DEDICATED_MULTIPLIER_MIN_OUTPUT_WIDTH_FOR_AUTO ; 0            ; Untyped                          ;
; CBXI_PARAMETER                                 ; mult_56t     ; Untyped                          ;
; INPUT_A_FIXED_VALUE                            ; Bx           ; Untyped                          ;
; INPUT_B_FIXED_VALUE                            ; Bx           ; Untyped                          ;
; USE_AHDL_IMPLEMENTATION                        ; OFF          ; Untyped                          ;
+------------------------------------------------+--------------+----------------------------------+
Note: In order to hide this table in the UI and the text report file, please set the "Show Parameter Settings in Synthesis Report" option in "Analysis and Synthesis Settings -> More Settings" to "Off".


+--------------------------------------------------------------------------------------------------+
; Parameter Settings for Inferred Entity Instance: FIR_filter_37_tap:u_fir_filter_L|lpm_mult:Mult8 ;
+------------------------------------------------+--------------+----------------------------------+
; Parameter Name                                 ; Value        ; Type                             ;
+------------------------------------------------+--------------+----------------------------------+
; AUTO_CARRY_CHAINS                              ; ON           ; AUTO_CARRY                       ;
; IGNORE_CARRY_BUFFERS                           ; OFF          ; IGNORE_CARRY                     ;
; AUTO_CASCADE_CHAINS                            ; ON           ; AUTO_CASCADE                     ;
; IGNORE_CASCADE_BUFFERS                         ; OFF          ; IGNORE_CASCADE                   ;
; LPM_WIDTHA                                     ; 17           ; Untyped                          ;
; LPM_WIDTHB                                     ; 16           ; Untyped                          ;
; LPM_WIDTHP                                     ; 33           ; Untyped                          ;
; LPM_WIDTHR                                     ; 33           ; Untyped                          ;
; LPM_WIDTHS                                     ; 1            ; Untyped                          ;
; LPM_REPRESENTATION                             ; SIGNED       ; Untyped                          ;
; LPM_PIPELINE                                   ; 0            ; Untyped                          ;
; LATENCY                                        ; 0            ; Untyped                          ;
; INPUT_A_IS_CONSTANT                            ; NO           ; Untyped                          ;
; INPUT_B_IS_CONSTANT                            ; NO           ; Untyped                          ;
; USE_EAB                                        ; OFF          ; Untyped                          ;
; MAXIMIZE_SPEED                                 ; 5            ; Untyped                          ;
; DEVICE_FAMILY                                  ; Cyclone IV E ; Untyped                          ;
; CARRY_CHAIN                                    ; MANUAL       ; Untyped                          ;
; APEX20K_TECHNOLOGY_MAPPER                      ; LUT          ; TECH_MAPPER_APEX20K              ;
; DEDICATED_MULTIPLIER_CIRCUITRY                 ; AUTO         ; Untyped                          ;
; DEDICATED_MULTIPLIER_MIN_INPUT_WIDTH_FOR_AUTO  ; 0            ; Untyped                          ;
; DEDICATED_MULTIPLIER_MIN_OUTPUT_WIDTH_FOR_AUTO ; 0            ; Untyped                          ;
; CBXI_PARAMETER                                 ; mult_56t     ; Untyped                          ;
; INPUT_A_FIXED_VALUE                            ; Bx           ; Untyped                          ;
; INPUT_B_FIXED_VALUE                            ; Bx           ; Untyped                          ;
; USE_AHDL_IMPLEMENTATION                        ; OFF          ; Untyped                          ;
+------------------------------------------------+--------------+----------------------------------+
Note: In order to hide this table in the UI and the text report file, please set the "Show Parameter Settings in Synthesis Report" option in "Analysis and Synthesis Settings -> More Settings" to "Off".


+--------------------------------------------------------------------------------------------------+
; Parameter Settings for Inferred Entity Instance: FIR_filter_37_tap:u_fir_filter_L|lpm_mult:Mult7 ;
+------------------------------------------------+--------------+----------------------------------+
; Parameter Name                                 ; Value        ; Type                             ;
+------------------------------------------------+--------------+----------------------------------+
; AUTO_CARRY_CHAINS                              ; ON           ; AUTO_CARRY                       ;
; IGNORE_CARRY_BUFFERS                           ; OFF          ; IGNORE_CARRY                     ;
; AUTO_CASCADE_CHAINS                            ; ON           ; AUTO_CASCADE                     ;
; IGNORE_CASCADE_BUFFERS                         ; OFF          ; IGNORE_CASCADE                   ;
; LPM_WIDTHA                                     ; 17           ; Untyped                          ;
; LPM_WIDTHB                                     ; 16           ; Untyped                          ;
; LPM_WIDTHP                                     ; 33           ; Untyped                          ;
; LPM_WIDTHR                                     ; 33           ; Untyped                          ;
; LPM_WIDTHS                                     ; 1            ; Untyped                          ;
; LPM_REPRESENTATION                             ; SIGNED       ; Untyped                          ;
; LPM_PIPELINE                                   ; 0            ; Untyped                          ;
; LATENCY                                        ; 0            ; Untyped                          ;
; INPUT_A_IS_CONSTANT                            ; NO           ; Untyped                          ;
; INPUT_B_IS_CONSTANT                            ; NO           ; Untyped                          ;
; USE_EAB                                        ; OFF          ; Untyped                          ;
; MAXIMIZE_SPEED                                 ; 5            ; Untyped                          ;
; DEVICE_FAMILY                                  ; Cyclone IV E ; Untyped                          ;
; CARRY_CHAIN                                    ; MANUAL       ; Untyped                          ;
; APEX20K_TECHNOLOGY_MAPPER                      ; LUT          ; TECH_MAPPER_APEX20K              ;
; DEDICATED_MULTIPLIER_CIRCUITRY                 ; AUTO         ; Untyped                          ;
; DEDICATED_MULTIPLIER_MIN_INPUT_WIDTH_FOR_AUTO  ; 0            ; Untyped                          ;
; DEDICATED_MULTIPLIER_MIN_OUTPUT_WIDTH_FOR_AUTO ; 0            ; Untyped                          ;
; CBXI_PARAMETER                                 ; mult_56t     ; Untyped                          ;
; INPUT_A_FIXED_VALUE                            ; Bx           ; Untyped                          ;
; INPUT_B_FIXED_VALUE                            ; Bx           ; Untyped                          ;
; USE_AHDL_IMPLEMENTATION                        ; OFF          ; Untyped                          ;
+------------------------------------------------+--------------+----------------------------------+
Note: In order to hide this table in the UI and the text report file, please set the "Show Parameter Settings in Synthesis Report" option in "Analysis and Synthesis Settings -> More Settings" to "Off".


+--------------------------------------------------------------------------------------------------+
; Parameter Settings for Inferred Entity Instance: FIR_filter_37_tap:u_fir_filter_R|lpm_mult:Mult1 ;
+------------------------------------------------+--------------+----------------------------------+
; Parameter Name                                 ; Value        ; Type                             ;
+------------------------------------------------+--------------+----------------------------------+
; AUTO_CARRY_CHAINS                              ; ON           ; AUTO_CARRY                       ;
; IGNORE_CARRY_BUFFERS                           ; OFF          ; IGNORE_CARRY                     ;
; AUTO_CASCADE_CHAINS                            ; ON           ; AUTO_CASCADE                     ;
; IGNORE_CASCADE_BUFFERS                         ; OFF          ; IGNORE_CASCADE                   ;
; LPM_WIDTHA                                     ; 17           ; Untyped                          ;
; LPM_WIDTHB                                     ; 16           ; Untyped                          ;
; LPM_WIDTHP                                     ; 33           ; Untyped                          ;
; LPM_WIDTHR                                     ; 33           ; Untyped                          ;
; LPM_WIDTHS                                     ; 1            ; Untyped                          ;
; LPM_REPRESENTATION                             ; SIGNED       ; Untyped                          ;
; LPM_PIPELINE                                   ; 0            ; Untyped                          ;
; LATENCY                                        ; 0            ; Untyped                          ;
; INPUT_A_IS_CONSTANT                            ; NO           ; Untyped                          ;
; INPUT_B_IS_CONSTANT                            ; NO           ; Untyped                          ;
; USE_EAB                                        ; OFF          ; Untyped                          ;
; MAXIMIZE_SPEED                                 ; 5            ; Untyped                          ;
; DEVICE_FAMILY                                  ; Cyclone IV E ; Untyped                          ;
; CARRY_CHAIN                                    ; MANUAL       ; Untyped                          ;
; APEX20K_TECHNOLOGY_MAPPER                      ; LUT          ; TECH_MAPPER_APEX20K              ;
; DEDICATED_MULTIPLIER_CIRCUITRY                 ; AUTO         ; Untyped                          ;
; DEDICATED_MULTIPLIER_MIN_INPUT_WIDTH_FOR_AUTO  ; 0            ; Untyped                          ;
; DEDICATED_MULTIPLIER_MIN_OUTPUT_WIDTH_FOR_AUTO ; 0            ; Untyped                          ;
; CBXI_PARAMETER                                 ; mult_56t     ; Untyped                          ;
; INPUT_A_FIXED_VALUE                            ; Bx           ; Untyped                          ;
; INPUT_B_FIXED_VALUE                            ; Bx           ; Untyped                          ;
; USE_AHDL_IMPLEMENTATION                        ; OFF          ; Untyped                          ;
+------------------------------------------------+--------------+----------------------------------+
Note: In order to hide this table in the UI and the text report file, please set the "Show Parameter Settings in Synthesis Report" option in "Analysis and Synthesis Settings -> More Settings" to "Off".


+--------------------------------------------------------------------------------------------------+
; Parameter Settings for Inferred Entity Instance: FIR_filter_37_tap:u_fir_filter_R|lpm_mult:Mult0 ;
+------------------------------------------------+--------------+----------------------------------+
; Parameter Name                                 ; Value        ; Type                             ;
+------------------------------------------------+--------------+----------------------------------+
; AUTO_CARRY_CHAINS                              ; ON           ; AUTO_CARRY                       ;
; IGNORE_CARRY_BUFFERS                           ; OFF          ; IGNORE_CARRY                     ;
; AUTO_CASCADE_CHAINS                            ; ON           ; AUTO_CASCADE                     ;
; IGNORE_CASCADE_BUFFERS                         ; OFF          ; IGNORE_CASCADE                   ;
; LPM_WIDTHA                                     ; 17           ; Untyped                          ;
; LPM_WIDTHB                                     ; 16           ; Untyped                          ;
; LPM_WIDTHP                                     ; 33           ; Untyped                          ;
; LPM_WIDTHR                                     ; 33           ; Untyped                          ;
; LPM_WIDTHS                                     ; 1            ; Untyped                          ;
; LPM_REPRESENTATION                             ; SIGNED       ; Untyped                          ;
; LPM_PIPELINE                                   ; 0            ; Untyped                          ;
; LATENCY                                        ; 0            ; Untyped                          ;
; INPUT_A_IS_CONSTANT                            ; NO           ; Untyped                          ;
; INPUT_B_IS_CONSTANT                            ; NO           ; Untyped                          ;
; USE_EAB                                        ; OFF          ; Untyped                          ;
; MAXIMIZE_SPEED                                 ; 5            ; Untyped                          ;
; DEVICE_FAMILY                                  ; Cyclone IV E ; Untyped                          ;
; CARRY_CHAIN                                    ; MANUAL       ; Untyped                          ;
; APEX20K_TECHNOLOGY_MAPPER                      ; LUT          ; TECH_MAPPER_APEX20K              ;
; DEDICATED_MULTIPLIER_CIRCUITRY                 ; AUTO         ; Untyped                          ;
; DEDICATED_MULTIPLIER_MIN_INPUT_WIDTH_FOR_AUTO  ; 0            ; Untyped                          ;
; DEDICATED_MULTIPLIER_MIN_OUTPUT_WIDTH_FOR_AUTO ; 0            ; Untyped                          ;
; CBXI_PARAMETER                                 ; mult_56t     ; Untyped                          ;
; INPUT_A_FIXED_VALUE                            ; Bx           ; Untyped                          ;
; INPUT_B_FIXED_VALUE                            ; Bx           ; Untyped                          ;
; USE_AHDL_IMPLEMENTATION                        ; OFF          ; Untyped                          ;
+------------------------------------------------+--------------+----------------------------------+
Note: In order to hide this table in the UI and the text report file, please set the "Show Parameter Settings in Synthesis Report" option in "Analysis and Synthesis Settings -> More Settings" to "Off".


+--------------------------------------------------------------------------------------------------+
; Parameter Settings for Inferred Entity Instance: FIR_filter_37_tap:u_fir_filter_R|lpm_mult:Mult6 ;
+------------------------------------------------+--------------+----------------------------------+
; Parameter Name                                 ; Value        ; Type                             ;
+------------------------------------------------+--------------+----------------------------------+
; AUTO_CARRY_CHAINS                              ; ON           ; AUTO_CARRY                       ;
; IGNORE_CARRY_BUFFERS                           ; OFF          ; IGNORE_CARRY                     ;
; AUTO_CASCADE_CHAINS                            ; ON           ; AUTO_CASCADE                     ;
; IGNORE_CASCADE_BUFFERS                         ; OFF          ; IGNORE_CASCADE                   ;
; LPM_WIDTHA                                     ; 17           ; Untyped                          ;
; LPM_WIDTHB                                     ; 16           ; Untyped                          ;
; LPM_WIDTHP                                     ; 33           ; Untyped                          ;
; LPM_WIDTHR                                     ; 33           ; Untyped                          ;
; LPM_WIDTHS                                     ; 1            ; Untyped                          ;
; LPM_REPRESENTATION                             ; SIGNED       ; Untyped                          ;
; LPM_PIPELINE                                   ; 0            ; Untyped                          ;
; LATENCY                                        ; 0            ; Untyped                          ;
; INPUT_A_IS_CONSTANT                            ; NO           ; Untyped                          ;
; INPUT_B_IS_CONSTANT                            ; NO           ; Untyped                          ;
; USE_EAB                                        ; OFF          ; Untyped                          ;
; MAXIMIZE_SPEED                                 ; 5            ; Untyped                          ;
; DEVICE_FAMILY                                  ; Cyclone IV E ; Untyped                          ;
; CARRY_CHAIN                                    ; MANUAL       ; Untyped                          ;
; APEX20K_TECHNOLOGY_MAPPER                      ; LUT          ; TECH_MAPPER_APEX20K              ;
; DEDICATED_MULTIPLIER_CIRCUITRY                 ; AUTO         ; Untyped                          ;
; DEDICATED_MULTIPLIER_MIN_INPUT_WIDTH_FOR_AUTO  ; 0            ; Untyped                          ;
; DEDICATED_MULTIPLIER_MIN_OUTPUT_WIDTH_FOR_AUTO ; 0            ; Untyped                          ;
; CBXI_PARAMETER                                 ; mult_56t     ; Untyped                          ;
; INPUT_A_FIXED_VALUE                            ; Bx           ; Untyped                          ;
; INPUT_B_FIXED_VALUE                            ; Bx           ; Untyped                          ;
; USE_AHDL_IMPLEMENTATION                        ; OFF          ; Untyped                          ;
+------------------------------------------------+--------------+----------------------------------+
Note: In order to hide this table in the UI and the text report file, please set the "Show Parameter Settings in Synthesis Report" option in "Analysis and Synthesis Settings -> More Settings" to "Off".


+--------------------------------------------------------------------------------------------------+
; Parameter Settings for Inferred Entity Instance: FIR_filter_37_tap:u_fir_filter_R|lpm_mult:Mult5 ;
+------------------------------------------------+--------------+----------------------------------+
; Parameter Name                                 ; Value        ; Type                             ;
+------------------------------------------------+--------------+----------------------------------+
; AUTO_CARRY_CHAINS                              ; ON           ; AUTO_CARRY                       ;
; IGNORE_CARRY_BUFFERS                           ; OFF          ; IGNORE_CARRY                     ;
; AUTO_CASCADE_CHAINS                            ; ON           ; AUTO_CASCADE                     ;
; IGNORE_CASCADE_BUFFERS                         ; OFF          ; IGNORE_CASCADE                   ;
; LPM_WIDTHA                                     ; 17           ; Untyped                          ;
; LPM_WIDTHB                                     ; 16           ; Untyped                          ;
; LPM_WIDTHP                                     ; 33           ; Untyped                          ;
; LPM_WIDTHR                                     ; 33           ; Untyped                          ;
; LPM_WIDTHS                                     ; 1            ; Untyped                          ;
; LPM_REPRESENTATION                             ; SIGNED       ; Untyped                          ;
; LPM_PIPELINE                                   ; 0            ; Untyped                          ;
; LATENCY                                        ; 0            ; Untyped                          ;
; INPUT_A_IS_CONSTANT                            ; NO           ; Untyped                          ;
; INPUT_B_IS_CONSTANT                            ; NO           ; Untyped                          ;
; USE_EAB                                        ; OFF          ; Untyped                          ;
; MAXIMIZE_SPEED                                 ; 5            ; Untyped                          ;
; DEVICE_FAMILY                                  ; Cyclone IV E ; Untyped                          ;
; CARRY_CHAIN                                    ; MANUAL       ; Untyped                          ;
; APEX20K_TECHNOLOGY_MAPPER                      ; LUT          ; TECH_MAPPER_APEX20K              ;
; DEDICATED_MULTIPLIER_CIRCUITRY                 ; AUTO         ; Untyped                          ;
; DEDICATED_MULTIPLIER_MIN_INPUT_WIDTH_FOR_AUTO  ; 0            ; Untyped                          ;
; DEDICATED_MULTIPLIER_MIN_OUTPUT_WIDTH_FOR_AUTO ; 0            ; Untyped                          ;
; CBXI_PARAMETER                                 ; mult_56t     ; Untyped                          ;
; INPUT_A_FIXED_VALUE                            ; Bx           ; Untyped                          ;
; INPUT_B_FIXED_VALUE                            ; Bx           ; Untyped                          ;
; USE_AHDL_IMPLEMENTATION                        ; OFF          ; Untyped                          ;
+------------------------------------------------+--------------+----------------------------------+
Note: In order to hide this table in the UI and the text report file, please set the "Show Parameter Settings in Synthesis Report" option in "Analysis and Synthesis Settings -> More Settings" to "Off".


+--------------------------------------------------------------------------------------------------+
; Parameter Settings for Inferred Entity Instance: FIR_filter_37_tap:u_fir_filter_R|lpm_mult:Mult8 ;
+------------------------------------------------+--------------+----------------------------------+
; Parameter Name                                 ; Value        ; Type                             ;
+------------------------------------------------+--------------+----------------------------------+
; AUTO_CARRY_CHAINS                              ; ON           ; AUTO_CARRY                       ;
; IGNORE_CARRY_BUFFERS                           ; OFF          ; IGNORE_CARRY                     ;
; AUTO_CASCADE_CHAINS                            ; ON           ; AUTO_CASCADE                     ;
; IGNORE_CASCADE_BUFFERS                         ; OFF          ; IGNORE_CASCADE                   ;
; LPM_WIDTHA                                     ; 17           ; Untyped                          ;
; LPM_WIDTHB                                     ; 16           ; Untyped                          ;
; LPM_WIDTHP                                     ; 33           ; Untyped                          ;
; LPM_WIDTHR                                     ; 33           ; Untyped                          ;
; LPM_WIDTHS                                     ; 1            ; Untyped                          ;
; LPM_REPRESENTATION                             ; SIGNED       ; Untyped                          ;
; LPM_PIPELINE                                   ; 0            ; Untyped                          ;
; LATENCY                                        ; 0            ; Untyped                          ;
; INPUT_A_IS_CONSTANT                            ; NO           ; Untyped                          ;
; INPUT_B_IS_CONSTANT                            ; NO           ; Untyped                          ;
; USE_EAB                                        ; OFF          ; Untyped                          ;
; MAXIMIZE_SPEED                                 ; 5            ; Untyped                          ;
; DEVICE_FAMILY                                  ; Cyclone IV E ; Untyped                          ;
; CARRY_CHAIN                                    ; MANUAL       ; Untyped                          ;
; APEX20K_TECHNOLOGY_MAPPER                      ; LUT          ; TECH_MAPPER_APEX20K              ;
; DEDICATED_MULTIPLIER_CIRCUITRY                 ; AUTO         ; Untyped                          ;
; DEDICATED_MULTIPLIER_MIN_INPUT_WIDTH_FOR_AUTO  ; 0            ; Untyped                          ;
; DEDICATED_MULTIPLIER_MIN_OUTPUT_WIDTH_FOR_AUTO ; 0            ; Untyped                          ;
; CBXI_PARAMETER                                 ; mult_56t     ; Untyped                          ;
; INPUT_A_FIXED_VALUE                            ; Bx           ; Untyped                          ;
; INPUT_B_FIXED_VALUE                            ; Bx           ; Untyped                          ;
; USE_AHDL_IMPLEMENTATION                        ; OFF          ; Untyped                          ;
+------------------------------------------------+--------------+----------------------------------+
Note: In order to hide this table in the UI and the text report file, please set the "Show Parameter Settings in Synthesis Report" option in "Analysis and Synthesis Settings -> More Settings" to "Off".


+--------------------------------------------------------------------------------------------------+
; Parameter Settings for Inferred Entity Instance: FIR_filter_37_tap:u_fir_filter_R|lpm_mult:Mult7 ;
+------------------------------------------------+--------------+----------------------------------+
; Parameter Name                                 ; Value        ; Type                             ;
+------------------------------------------------+--------------+----------------------------------+
; AUTO_CARRY_CHAINS                              ; ON           ; AUTO_CARRY                       ;
; IGNORE_CARRY_BUFFERS                           ; OFF          ; IGNORE_CARRY                     ;
; AUTO_CASCADE_CHAINS                            ; ON           ; AUTO_CASCADE                     ;
; IGNORE_CASCADE_BUFFERS                         ; OFF          ; IGNORE_CASCADE                   ;
; LPM_WIDTHA                                     ; 17           ; Untyped                          ;
; LPM_WIDTHB                                     ; 16           ; Untyped                          ;
; LPM_WIDTHP                                     ; 33           ; Untyped                          ;
; LPM_WIDTHR                                     ; 33           ; Untyped                          ;
; LPM_WIDTHS                                     ; 1            ; Untyped                          ;
; LPM_REPRESENTATION                             ; SIGNED       ; Untyped                          ;
; LPM_PIPELINE                                   ; 0            ; Untyped                          ;
; LATENCY                                        ; 0            ; Untyped                          ;
; INPUT_A_IS_CONSTANT                            ; NO           ; Untyped                          ;
; INPUT_B_IS_CONSTANT                            ; NO           ; Untyped                          ;
; USE_EAB                                        ; OFF          ; Untyped                          ;
; MAXIMIZE_SPEED                                 ; 5            ; Untyped                          ;
; DEVICE_FAMILY                                  ; Cyclone IV E ; Untyped                          ;
; CARRY_CHAIN                                    ; MANUAL       ; Untyped                          ;
; APEX20K_TECHNOLOGY_MAPPER                      ; LUT          ; TECH_MAPPER_APEX20K              ;
; DEDICATED_MULTIPLIER_CIRCUITRY                 ; AUTO         ; Untyped                          ;
; DEDICATED_MULTIPLIER_MIN_INPUT_WIDTH_FOR_AUTO  ; 0            ; Untyped                          ;
; DEDICATED_MULTIPLIER_MIN_OUTPUT_WIDTH_FOR_AUTO ; 0            ; Untyped                          ;
; CBXI_PARAMETER                                 ; mult_56t     ; Untyped                          ;
; INPUT_A_FIXED_VALUE                            ; Bx           ; Untyped                          ;
; INPUT_B_FIXED_VALUE                            ; Bx           ; Untyped                          ;
; USE_AHDL_IMPLEMENTATION                        ; OFF          ; Untyped                          ;
+------------------------------------------------+--------------+----------------------------------+
Note: In order to hide this table in the UI and the text report file, please set the "Show Parameter Settings in Synthesis Report" option in "Analysis and Synthesis Settings -> More Settings" to "Off".


+----------------------------------------------------------------------+
; altpll Parameter Settings by Entity Instance                         ;
+-------------------------------+--------------------------------------+
; Name                          ; Value                                ;
+-------------------------------+--------------------------------------+
; Number of entity instances    ; 1                                    ;
; Entity Instance               ; PLL:PLL_inst|altpll:altpll_component ;
;     -- OPERATION_MODE         ; NORMAL                               ;
;     -- PLL_TYPE               ; AUTO                                 ;
;     -- PRIMARY_CLOCK          ; INCLK0                               ;
;     -- INCLK0_INPUT_FREQUENCY ; 20000                                ;
;     -- INCLK1_INPUT_FREQUENCY ; 0                                    ;
;     -- VCO_MULTIPLY_BY        ; 0                                    ;
;     -- VCO_DIVIDE_BY          ; 0                                    ;
+-------------------------------+--------------------------------------+


+----------------------------------------------------------------------------------------------------------------------+
; altsyncram Parameter Settings by Entity Instance                                                                     ;
+-------------------------------------------+--------------------------------------------------------------------------+
; Name                                      ; Value                                                                    ;
+-------------------------------------------+--------------------------------------------------------------------------+
; Number of entity instances                ; 8                                                                        ;
; Entity Instance                           ; delay:delay_inst_L|RAM:RAM_inst|altsyncram:altsyncram_component          ;
;     -- OPERATION_MODE                     ; DUAL_PORT                                                                ;
;     -- WIDTH_A                            ; 16                                                                       ;
;     -- NUMWORDS_A                         ; 32768                                                                    ;
;     -- OUTDATA_REG_A                      ; UNREGISTERED                                                             ;
;     -- WIDTH_B                            ; 16                                                                       ;
;     -- NUMWORDS_B                         ; 32768                                                                    ;
;     -- ADDRESS_REG_B                      ; CLOCK0                                                                   ;
;     -- OUTDATA_REG_B                      ; CLOCK0                                                                   ;
;     -- RAM_BLOCK_TYPE                     ; AUTO                                                                     ;
;     -- READ_DURING_WRITE_MODE_MIXED_PORTS ; DONT_CARE                                                                ;
; Entity Instance                           ; delay:delay_inst_R|RAM:RAM_inst|altsyncram:altsyncram_component          ;
;     -- OPERATION_MODE                     ; DUAL_PORT                                                                ;
;     -- WIDTH_A                            ; 16                                                                       ;
;     -- NUMWORDS_A                         ; 32768                                                                    ;
;     -- OUTDATA_REG_A                      ; UNREGISTERED                                                             ;
;     -- WIDTH_B                            ; 16                                                                       ;
;     -- NUMWORDS_B                         ; 32768                                                                    ;
;     -- ADDRESS_REG_B                      ; CLOCK0                                                                   ;
;     -- OUTDATA_REG_B                      ; CLOCK0                                                                   ;
;     -- RAM_BLOCK_TYPE                     ; AUTO                                                                     ;
;     -- READ_DURING_WRITE_MODE_MIXED_PORTS ; DONT_CARE                                                                ;
; Entity Instance                           ; octaver:octaver_R|RAM_Octaver:RAM_inst|altsyncram:altsyncram_component   ;
;     -- OPERATION_MODE                     ; BIDIR_DUAL_PORT                                                          ;
;     -- WIDTH_A                            ; 16                                                                       ;
;     -- NUMWORDS_A                         ; 16384                                                                    ;
;     -- OUTDATA_REG_A                      ; CLOCK0                                                                   ;
;     -- WIDTH_B                            ; 16                                                                       ;
;     -- NUMWORDS_B                         ; 16384                                                                    ;
;     -- ADDRESS_REG_B                      ; CLOCK0                                                                   ;
;     -- OUTDATA_REG_B                      ; CLOCK0                                                                   ;
;     -- RAM_BLOCK_TYPE                     ; AUTO                                                                     ;
;     -- READ_DURING_WRITE_MODE_MIXED_PORTS ; DONT_CARE                                                                ;
; Entity Instance                           ; octaver:octaver_L|RAM_Octaver:RAM_inst|altsyncram:altsyncram_component   ;
;     -- OPERATION_MODE                     ; BIDIR_DUAL_PORT                                                          ;
;     -- WIDTH_A                            ; 16                                                                       ;
;     -- NUMWORDS_A                         ; 16384                                                                    ;
;     -- OUTDATA_REG_A                      ; CLOCK0                                                                   ;
;     -- WIDTH_B                            ; 16                                                                       ;
;     -- NUMWORDS_B                         ; 16384                                                                    ;
;     -- ADDRESS_REG_B                      ; CLOCK0                                                                   ;
;     -- OUTDATA_REG_B                      ; CLOCK0                                                                   ;
;     -- RAM_BLOCK_TYPE                     ; AUTO                                                                     ;
;     -- READ_DURING_WRITE_MODE_MIXED_PORTS ; DONT_CARE                                                                ;
; Entity Instance                           ; chorus:chorus_inst_L|RAM_chorus:RAM_INST|altsyncram:altsyncram_component ;
;     -- OPERATION_MODE                     ; DUAL_PORT                                                                ;
;     -- WIDTH_A                            ; 16                                                                       ;
;     -- NUMWORDS_A                         ; 8192                                                                     ;
;     -- OUTDATA_REG_A                      ; UNREGISTERED                                                             ;
;     -- WIDTH_B                            ; 16                                                                       ;
;     -- NUMWORDS_B                         ; 8192                                                                     ;
;     -- ADDRESS_REG_B                      ; CLOCK0                                                                   ;
;     -- OUTDATA_REG_B                      ; CLOCK0                                                                   ;
;     -- RAM_BLOCK_TYPE                     ; AUTO                                                                     ;
;     -- READ_DURING_WRITE_MODE_MIXED_PORTS ; DONT_CARE                                                                ;
; Entity Instance                           ; chorus:chorus_inst_R|RAM_chorus:RAM_INST|altsyncram:altsyncram_component ;
;     -- OPERATION_MODE                     ; DUAL_PORT                                                                ;
;     -- WIDTH_A                            ; 16                                                                       ;
;     -- NUMWORDS_A                         ; 8192                                                                     ;
;     -- OUTDATA_REG_A                      ; UNREGISTERED                                                             ;
;     -- WIDTH_B                            ; 16                                                                       ;
;     -- NUMWORDS_B                         ; 8192                                                                     ;
;     -- ADDRESS_REG_B                      ; CLOCK0                                                                   ;
;     -- OUTDATA_REG_B                      ; CLOCK0                                                                   ;
;     -- RAM_BLOCK_TYPE                     ; AUTO                                                                     ;
;     -- READ_DURING_WRITE_MODE_MIXED_PORTS ; DONT_CARE                                                                ;
; Entity Instance                           ; tremolo:tremolo_inst_L|SinusLUT:sinus_inst|altsyncram:Mux6_rtl_0         ;
;     -- OPERATION_MODE                     ; ROM                                                                      ;
;     -- WIDTH_A                            ; 7                                                                        ;
;     -- NUMWORDS_A                         ; 256                                                                      ;
;     -- OUTDATA_REG_A                      ; UNREGISTERED                                                             ;
;     -- WIDTH_B                            ; 1                                                                        ;
;     -- NUMWORDS_B                         ; 1                                                                        ;
;     -- ADDRESS_REG_B                      ; CLOCK1                                                                   ;
;     -- OUTDATA_REG_B                      ; UNREGISTERED                                                             ;
;     -- RAM_BLOCK_TYPE                     ; AUTO                                                                     ;
;     -- READ_DURING_WRITE_MODE_MIXED_PORTS ; DONT_CARE                                                                ;
; Entity Instance                           ; chorus:chorus_inst_L|SinusLUT:SINE_INST|altsyncram:Mux6_rtl_0            ;
;     -- OPERATION_MODE                     ; ROM                                                                      ;
;     -- WIDTH_A                            ; 7                                                                        ;
;     -- NUMWORDS_A                         ; 256                                                                      ;
;     -- OUTDATA_REG_A                      ; UNREGISTERED                                                             ;
;     -- WIDTH_B                            ; 1                                                                        ;
;     -- NUMWORDS_B                         ; 1                                                                        ;
;     -- ADDRESS_REG_B                      ; CLOCK1                                                                   ;
;     -- OUTDATA_REG_B                      ; UNREGISTERED                                                             ;
;     -- RAM_BLOCK_TYPE                     ; AUTO                                                                     ;
;     -- READ_DURING_WRITE_MODE_MIXED_PORTS ; DONT_CARE                                                                ;
+-------------------------------------------+--------------------------------------------------------------------------+


+-------------------------------------------------------------------------------------------+
; lpm_mult Parameter Settings by Entity Instance                                            ;
+---------------------------------------+---------------------------------------------------+
; Name                                  ; Value                                             ;
+---------------------------------------+---------------------------------------------------+
; Number of entity instances            ; 55                                                ;
; Entity Instance                       ; distortion:distortion_L|booster:s1|lpm_mult:Mult0 ;
;     -- LPM_WIDTHA                     ; 13                                                ;
;     -- LPM_WIDTHB                     ; 12                                                ;
;     -- LPM_WIDTHP                     ; 25                                                ;
;     -- LPM_REPRESENTATION             ; SIGNED                                            ;
;     -- INPUT_A_IS_CONSTANT            ; NO                                                ;
;     -- INPUT_B_IS_CONSTANT            ; NO                                                ;
;     -- USE_EAB                        ; OFF                                               ;
;     -- DEDICATED_MULTIPLIER_CIRCUITRY ; AUTO                                              ;
;     -- INPUT_A_FIXED_VALUE            ; Bx                                                ;
;     -- INPUT_B_FIXED_VALUE            ; Bx                                                ;
; Entity Instance                       ; distortion:distortion_R|booster:s1|lpm_mult:Mult0 ;
;     -- LPM_WIDTHA                     ; 13                                                ;
;     -- LPM_WIDTHB                     ; 12                                                ;
;     -- LPM_WIDTHP                     ; 25                                                ;
;     -- LPM_REPRESENTATION             ; SIGNED                                            ;
;     -- INPUT_A_IS_CONSTANT            ; NO                                                ;
;     -- INPUT_B_IS_CONSTANT            ; NO                                                ;
;     -- USE_EAB                        ; OFF                                               ;
;     -- DEDICATED_MULTIPLIER_CIRCUITRY ; AUTO                                              ;
;     -- INPUT_A_FIXED_VALUE            ; Bx                                                ;
;     -- INPUT_B_FIXED_VALUE            ; Bx                                                ;
; Entity Instance                       ; auto_wah:u_auto_wah_L|lpm_mult:Mult1              ;
;     -- LPM_WIDTHA                     ; 18                                                ;
;     -- LPM_WIDTHB                     ; 36                                                ;
;     -- LPM_WIDTHP                     ; 54                                                ;
;     -- LPM_REPRESENTATION             ; SIGNED                                            ;
;     -- INPUT_A_IS_CONSTANT            ; NO                                                ;
;     -- INPUT_B_IS_CONSTANT            ; NO                                                ;
;     -- USE_EAB                        ; OFF                                               ;
;     -- DEDICATED_MULTIPLIER_CIRCUITRY ; AUTO                                              ;
;     -- INPUT_A_FIXED_VALUE            ; Bx                                                ;
;     -- INPUT_B_FIXED_VALUE            ; Bx                                                ;
; Entity Instance                       ; tremolo:tremolo_inst_L|lpm_mult:Mult0             ;
;     -- LPM_WIDTHA                     ; 16                                                ;
;     -- LPM_WIDTHB                     ; 9                                                 ;
;     -- LPM_WIDTHP                     ; 25                                                ;
;     -- LPM_REPRESENTATION             ; SIGNED                                            ;
;     -- INPUT_A_IS_CONSTANT            ; NO                                                ;
;     -- INPUT_B_IS_CONSTANT            ; NO                                                ;
;     -- USE_EAB                        ; OFF                                               ;
;     -- DEDICATED_MULTIPLIER_CIRCUITRY ; AUTO                                              ;
;     -- INPUT_A_FIXED_VALUE            ; Bx                                                ;
;     -- INPUT_B_FIXED_VALUE            ; Bx                                                ;
; Entity Instance                       ; FIR_filter_37_tap:u_fir_filter_L|lpm_mult:Mult18  ;
;     -- LPM_WIDTHA                     ; 16                                                ;
;     -- LPM_WIDTHB                     ; 16                                                ;
;     -- LPM_WIDTHP                     ; 32                                                ;
;     -- LPM_REPRESENTATION             ; SIGNED                                            ;
;     -- INPUT_A_IS_CONSTANT            ; NO                                                ;
;     -- INPUT_B_IS_CONSTANT            ; YES                                               ;
;     -- USE_EAB                        ; OFF                                               ;
;     -- DEDICATED_MULTIPLIER_CIRCUITRY ; AUTO                                              ;
;     -- INPUT_A_FIXED_VALUE            ; Bx                                                ;
;     -- INPUT_B_FIXED_VALUE            ; Bx                                                ;
; Entity Instance                       ; FIR_filter_37_tap:u_fir_filter_L|lpm_mult:Mult17  ;
;     -- LPM_WIDTHA                     ; 17                                                ;
;     -- LPM_WIDTHB                     ; 16                                                ;
;     -- LPM_WIDTHP                     ; 33                                                ;
;     -- LPM_REPRESENTATION             ; SIGNED                                            ;
;     -- INPUT_A_IS_CONSTANT            ; NO                                                ;
;     -- INPUT_B_IS_CONSTANT            ; NO                                                ;
;     -- USE_EAB                        ; OFF                                               ;
;     -- DEDICATED_MULTIPLIER_CIRCUITRY ; AUTO                                              ;
;     -- INPUT_A_FIXED_VALUE            ; Bx                                                ;
;     -- INPUT_B_FIXED_VALUE            ; Bx                                                ;
; Entity Instance                       ; auto_wah:u_auto_wah_R|lpm_mult:Mult1              ;
;     -- LPM_WIDTHA                     ; 18                                                ;
;     -- LPM_WIDTHB                     ; 36                                                ;
;     -- LPM_WIDTHP                     ; 54                                                ;
;     -- LPM_REPRESENTATION             ; SIGNED                                            ;
;     -- INPUT_A_IS_CONSTANT            ; NO                                                ;
;     -- INPUT_B_IS_CONSTANT            ; NO                                                ;
;     -- USE_EAB                        ; OFF                                               ;
;     -- DEDICATED_MULTIPLIER_CIRCUITRY ; AUTO                                              ;
;     -- INPUT_A_FIXED_VALUE            ; Bx                                                ;
;     -- INPUT_B_FIXED_VALUE            ; Bx                                                ;
; Entity Instance                       ; FIR_filter_37_tap:u_fir_filter_R|lpm_mult:Mult18  ;
;     -- LPM_WIDTHA                     ; 16                                                ;
;     -- LPM_WIDTHB                     ; 16                                                ;
;     -- LPM_WIDTHP                     ; 32                                                ;
;     -- LPM_REPRESENTATION             ; SIGNED                                            ;
;     -- INPUT_A_IS_CONSTANT            ; NO                                                ;
;     -- INPUT_B_IS_CONSTANT            ; YES                                               ;
;     -- USE_EAB                        ; OFF                                               ;
;     -- DEDICATED_MULTIPLIER_CIRCUITRY ; AUTO                                              ;
;     -- INPUT_A_FIXED_VALUE            ; Bx                                                ;
;     -- INPUT_B_FIXED_VALUE            ; Bx                                                ;
; Entity Instance                       ; FIR_filter_37_tap:u_fir_filter_R|lpm_mult:Mult17  ;
;     -- LPM_WIDTHA                     ; 17                                                ;
;     -- LPM_WIDTHB                     ; 16                                                ;
;     -- LPM_WIDTHP                     ; 33                                                ;
;     -- LPM_REPRESENTATION             ; SIGNED                                            ;
;     -- INPUT_A_IS_CONSTANT            ; NO                                                ;
;     -- INPUT_B_IS_CONSTANT            ; NO                                                ;
;     -- USE_EAB                        ; OFF                                               ;
;     -- DEDICATED_MULTIPLIER_CIRCUITRY ; AUTO                                              ;
;     -- INPUT_A_FIXED_VALUE            ; Bx                                                ;
;     -- INPUT_B_FIXED_VALUE            ; Bx                                                ;
; Entity Instance                       ; tremolo:tremolo_inst_R|lpm_mult:Mult0             ;
;     -- LPM_WIDTHA                     ; 16                                                ;
;     -- LPM_WIDTHB                     ; 9                                                 ;
;     -- LPM_WIDTHP                     ; 25                                                ;
;     -- LPM_REPRESENTATION             ; SIGNED                                            ;
;     -- INPUT_A_IS_CONSTANT            ; NO                                                ;
;     -- INPUT_B_IS_CONSTANT            ; NO                                                ;
;     -- USE_EAB                        ; OFF                                               ;
;     -- DEDICATED_MULTIPLIER_CIRCUITRY ; AUTO                                              ;
;     -- INPUT_A_FIXED_VALUE            ; Bx                                                ;
;     -- INPUT_B_FIXED_VALUE            ; Bx                                                ;
; Entity Instance                       ; delay:delay_inst_L|lpm_mult:Mult0                 ;
;     -- LPM_WIDTHA                     ; 16                                                ;
;     -- LPM_WIDTHB                     ; 16                                                ;
;     -- LPM_WIDTHP                     ; 32                                                ;
;     -- LPM_REPRESENTATION             ; SIGNED                                            ;
;     -- INPUT_A_IS_CONSTANT            ; NO                                                ;
;     -- INPUT_B_IS_CONSTANT            ; YES                                               ;
;     -- USE_EAB                        ; OFF                                               ;
;     -- DEDICATED_MULTIPLIER_CIRCUITRY ; AUTO                                              ;
;     -- INPUT_A_FIXED_VALUE            ; Bx                                                ;
;     -- INPUT_B_FIXED_VALUE            ; Bx                                                ;
; Entity Instance                       ; octaver:octaver_L|lpm_mult:Mult1                  ;
;     -- LPM_WIDTHA                     ; 16                                                ;
;     -- LPM_WIDTHB                     ; 16                                                ;
;     -- LPM_WIDTHP                     ; 32                                                ;
;     -- LPM_REPRESENTATION             ; SIGNED                                            ;
;     -- INPUT_A_IS_CONSTANT            ; NO                                                ;
;     -- INPUT_B_IS_CONSTANT            ; NO                                                ;
;     -- USE_EAB                        ; OFF                                               ;
;     -- DEDICATED_MULTIPLIER_CIRCUITRY ; AUTO                                              ;
;     -- INPUT_A_FIXED_VALUE            ; Bx                                                ;
;     -- INPUT_B_FIXED_VALUE            ; Bx                                                ;
; Entity Instance                       ; octaver:octaver_L|lpm_mult:Mult0                  ;
;     -- LPM_WIDTHA                     ; 16                                                ;
;     -- LPM_WIDTHB                     ; 16                                                ;
;     -- LPM_WIDTHP                     ; 32                                                ;
;     -- LPM_REPRESENTATION             ; SIGNED                                            ;
;     -- INPUT_A_IS_CONSTANT            ; NO                                                ;
;     -- INPUT_B_IS_CONSTANT            ; NO                                                ;
;     -- USE_EAB                        ; OFF                                               ;
;     -- DEDICATED_MULTIPLIER_CIRCUITRY ; AUTO                                              ;
;     -- INPUT_A_FIXED_VALUE            ; Bx                                                ;
;     -- INPUT_B_FIXED_VALUE            ; Bx                                                ;
; Entity Instance                       ; auto_wah:u_auto_wah_L|lpm_mult:Mult0              ;
;     -- LPM_WIDTHA                     ; 17                                                ;
;     -- LPM_WIDTHB                     ; 16                                                ;
;     -- LPM_WIDTHP                     ; 33                                                ;
;     -- LPM_REPRESENTATION             ; SIGNED                                            ;
;     -- INPUT_A_IS_CONSTANT            ; NO                                                ;
;     -- INPUT_B_IS_CONSTANT            ; YES                                               ;
;     -- USE_EAB                        ; OFF                                               ;
;     -- DEDICATED_MULTIPLIER_CIRCUITRY ; AUTO                                              ;
;     -- INPUT_A_FIXED_VALUE            ; Bx                                                ;
;     -- INPUT_B_FIXED_VALUE            ; Bx                                                ;
; Entity Instance                       ; auto_wah:u_auto_wah_R|lpm_mult:Mult0              ;
;     -- LPM_WIDTHA                     ; 17                                                ;
;     -- LPM_WIDTHB                     ; 16                                                ;
;     -- LPM_WIDTHP                     ; 33                                                ;
;     -- LPM_REPRESENTATION             ; SIGNED                                            ;
;     -- INPUT_A_IS_CONSTANT            ; NO                                                ;
;     -- INPUT_B_IS_CONSTANT            ; YES                                               ;
;     -- USE_EAB                        ; OFF                                               ;
;     -- DEDICATED_MULTIPLIER_CIRCUITRY ; AUTO                                              ;
;     -- INPUT_A_FIXED_VALUE            ; Bx                                                ;
;     -- INPUT_B_FIXED_VALUE            ; Bx                                                ;
; Entity Instance                       ; delay:delay_inst_R|lpm_mult:Mult0                 ;
;     -- LPM_WIDTHA                     ; 16                                                ;
;     -- LPM_WIDTHB                     ; 16                                                ;
;     -- LPM_WIDTHP                     ; 32                                                ;
;     -- LPM_REPRESENTATION             ; SIGNED                                            ;
;     -- INPUT_A_IS_CONSTANT            ; NO                                                ;
;     -- INPUT_B_IS_CONSTANT            ; YES                                               ;
;     -- USE_EAB                        ; OFF                                               ;
;     -- DEDICATED_MULTIPLIER_CIRCUITRY ; AUTO                                              ;
;     -- INPUT_A_FIXED_VALUE            ; Bx                                                ;
;     -- INPUT_B_FIXED_VALUE            ; Bx                                                ;
; Entity Instance                       ; octaver:octaver_R|lpm_mult:Mult1                  ;
;     -- LPM_WIDTHA                     ; 16                                                ;
;     -- LPM_WIDTHB                     ; 16                                                ;
;     -- LPM_WIDTHP                     ; 32                                                ;
;     -- LPM_REPRESENTATION             ; SIGNED                                            ;
;     -- INPUT_A_IS_CONSTANT            ; NO                                                ;
;     -- INPUT_B_IS_CONSTANT            ; NO                                                ;
;     -- USE_EAB                        ; OFF                                               ;
;     -- DEDICATED_MULTIPLIER_CIRCUITRY ; AUTO                                              ;
;     -- INPUT_A_FIXED_VALUE            ; Bx                                                ;
;     -- INPUT_B_FIXED_VALUE            ; Bx                                                ;
; Entity Instance                       ; octaver:octaver_R|lpm_mult:Mult0                  ;
;     -- LPM_WIDTHA                     ; 16                                                ;
;     -- LPM_WIDTHB                     ; 16                                                ;
;     -- LPM_WIDTHP                     ; 32                                                ;
;     -- LPM_REPRESENTATION             ; SIGNED                                            ;
;     -- INPUT_A_IS_CONSTANT            ; NO                                                ;
;     -- INPUT_B_IS_CONSTANT            ; NO                                                ;
;     -- USE_EAB                        ; OFF                                               ;
;     -- DEDICATED_MULTIPLIER_CIRCUITRY ; AUTO                                              ;
;     -- INPUT_A_FIXED_VALUE            ; Bx                                                ;
;     -- INPUT_B_FIXED_VALUE            ; Bx                                                ;
; Entity Instance                       ; auto_wah:u_auto_wah_L|lpm_mult:Mult2              ;
;     -- LPM_WIDTHA                     ; 18                                                ;
;     -- LPM_WIDTHB                     ; 36                                                ;
;     -- LPM_WIDTHP                     ; 54                                                ;
;     -- LPM_REPRESENTATION             ; SIGNED                                            ;
;     -- INPUT_A_IS_CONSTANT            ; NO                                                ;
;     -- INPUT_B_IS_CONSTANT            ; NO                                                ;
;     -- USE_EAB                        ; OFF                                               ;
;     -- DEDICATED_MULTIPLIER_CIRCUITRY ; AUTO                                              ;
;     -- INPUT_A_FIXED_VALUE            ; Bx                                                ;
;     -- INPUT_B_FIXED_VALUE            ; Bx                                                ;
; Entity Instance                       ; FIR_filter_37_tap:u_fir_filter_L|lpm_mult:Mult12  ;
;     -- LPM_WIDTHA                     ; 17                                                ;
;     -- LPM_WIDTHB                     ; 16                                                ;
;     -- LPM_WIDTHP                     ; 33                                                ;
;     -- LPM_REPRESENTATION             ; SIGNED                                            ;
;     -- INPUT_A_IS_CONSTANT            ; NO                                                ;
;     -- INPUT_B_IS_CONSTANT            ; NO                                                ;
;     -- USE_EAB                        ; OFF                                               ;
;     -- DEDICATED_MULTIPLIER_CIRCUITRY ; AUTO                                              ;
;     -- INPUT_A_FIXED_VALUE            ; Bx                                                ;
;     -- INPUT_B_FIXED_VALUE            ; Bx                                                ;
; Entity Instance                       ; FIR_filter_37_tap:u_fir_filter_L|lpm_mult:Mult11  ;
;     -- LPM_WIDTHA                     ; 17                                                ;
;     -- LPM_WIDTHB                     ; 16                                                ;
;     -- LPM_WIDTHP                     ; 33                                                ;
;     -- LPM_REPRESENTATION             ; SIGNED                                            ;
;     -- INPUT_A_IS_CONSTANT            ; NO                                                ;
;     -- INPUT_B_IS_CONSTANT            ; NO                                                ;
;     -- USE_EAB                        ; OFF                                               ;
;     -- DEDICATED_MULTIPLIER_CIRCUITRY ; AUTO                                              ;
;     -- INPUT_A_FIXED_VALUE            ; Bx                                                ;
;     -- INPUT_B_FIXED_VALUE            ; Bx                                                ;
; Entity Instance                       ; FIR_filter_37_tap:u_fir_filter_L|lpm_mult:Mult15  ;
;     -- LPM_WIDTHA                     ; 17                                                ;
;     -- LPM_WIDTHB                     ; 16                                                ;
;     -- LPM_WIDTHP                     ; 33                                                ;
;     -- LPM_REPRESENTATION             ; SIGNED                                            ;
;     -- INPUT_A_IS_CONSTANT            ; NO                                                ;
;     -- INPUT_B_IS_CONSTANT            ; NO                                                ;
;     -- USE_EAB                        ; OFF                                               ;
;     -- DEDICATED_MULTIPLIER_CIRCUITRY ; AUTO                                              ;
;     -- INPUT_A_FIXED_VALUE            ; Bx                                                ;
;     -- INPUT_B_FIXED_VALUE            ; Bx                                                ;
; Entity Instance                       ; FIR_filter_37_tap:u_fir_filter_L|lpm_mult:Mult16  ;
;     -- LPM_WIDTHA                     ; 17                                                ;
;     -- LPM_WIDTHB                     ; 16                                                ;
;     -- LPM_WIDTHP                     ; 33                                                ;
;     -- LPM_REPRESENTATION             ; SIGNED                                            ;
;     -- INPUT_A_IS_CONSTANT            ; NO                                                ;
;     -- INPUT_B_IS_CONSTANT            ; NO                                                ;
;     -- USE_EAB                        ; OFF                                               ;
;     -- DEDICATED_MULTIPLIER_CIRCUITRY ; AUTO                                              ;
;     -- INPUT_A_FIXED_VALUE            ; Bx                                                ;
;     -- INPUT_B_FIXED_VALUE            ; Bx                                                ;
; Entity Instance                       ; FIR_filter_37_tap:u_fir_filter_L|lpm_mult:Mult13  ;
;     -- LPM_WIDTHA                     ; 17                                                ;
;     -- LPM_WIDTHB                     ; 16                                                ;
;     -- LPM_WIDTHP                     ; 33                                                ;
;     -- LPM_REPRESENTATION             ; SIGNED                                            ;
;     -- INPUT_A_IS_CONSTANT            ; NO                                                ;
;     -- INPUT_B_IS_CONSTANT            ; NO                                                ;
;     -- USE_EAB                        ; OFF                                               ;
;     -- DEDICATED_MULTIPLIER_CIRCUITRY ; AUTO                                              ;
;     -- INPUT_A_FIXED_VALUE            ; Bx                                                ;
;     -- INPUT_B_FIXED_VALUE            ; Bx                                                ;
; Entity Instance                       ; FIR_filter_37_tap:u_fir_filter_L|lpm_mult:Mult14  ;
;     -- LPM_WIDTHA                     ; 17                                                ;
;     -- LPM_WIDTHB                     ; 16                                                ;
;     -- LPM_WIDTHP                     ; 33                                                ;
;     -- LPM_REPRESENTATION             ; SIGNED                                            ;
;     -- INPUT_A_IS_CONSTANT            ; NO                                                ;
;     -- INPUT_B_IS_CONSTANT            ; NO                                                ;
;     -- USE_EAB                        ; OFF                                               ;
;     -- DEDICATED_MULTIPLIER_CIRCUITRY ; AUTO                                              ;
;     -- INPUT_A_FIXED_VALUE            ; Bx                                                ;
;     -- INPUT_B_FIXED_VALUE            ; Bx                                                ;
; Entity Instance                       ; auto_wah:u_auto_wah_R|lpm_mult:Mult2              ;
;     -- LPM_WIDTHA                     ; 18                                                ;
;     -- LPM_WIDTHB                     ; 36                                                ;
;     -- LPM_WIDTHP                     ; 54                                                ;
;     -- LPM_REPRESENTATION             ; SIGNED                                            ;
;     -- INPUT_A_IS_CONSTANT            ; NO                                                ;
;     -- INPUT_B_IS_CONSTANT            ; NO                                                ;
;     -- USE_EAB                        ; OFF                                               ;
;     -- DEDICATED_MULTIPLIER_CIRCUITRY ; AUTO                                              ;
;     -- INPUT_A_FIXED_VALUE            ; Bx                                                ;
;     -- INPUT_B_FIXED_VALUE            ; Bx                                                ;
; Entity Instance                       ; FIR_filter_37_tap:u_fir_filter_R|lpm_mult:Mult12  ;
;     -- LPM_WIDTHA                     ; 17                                                ;
;     -- LPM_WIDTHB                     ; 16                                                ;
;     -- LPM_WIDTHP                     ; 33                                                ;
;     -- LPM_REPRESENTATION             ; SIGNED                                            ;
;     -- INPUT_A_IS_CONSTANT            ; NO                                                ;
;     -- INPUT_B_IS_CONSTANT            ; NO                                                ;
;     -- USE_EAB                        ; OFF                                               ;
;     -- DEDICATED_MULTIPLIER_CIRCUITRY ; AUTO                                              ;
;     -- INPUT_A_FIXED_VALUE            ; Bx                                                ;
;     -- INPUT_B_FIXED_VALUE            ; Bx                                                ;
; Entity Instance                       ; FIR_filter_37_tap:u_fir_filter_R|lpm_mult:Mult11  ;
;     -- LPM_WIDTHA                     ; 17                                                ;
;     -- LPM_WIDTHB                     ; 16                                                ;
;     -- LPM_WIDTHP                     ; 33                                                ;
;     -- LPM_REPRESENTATION             ; SIGNED                                            ;
;     -- INPUT_A_IS_CONSTANT            ; NO                                                ;
;     -- INPUT_B_IS_CONSTANT            ; NO                                                ;
;     -- USE_EAB                        ; OFF                                               ;
;     -- DEDICATED_MULTIPLIER_CIRCUITRY ; AUTO                                              ;
;     -- INPUT_A_FIXED_VALUE            ; Bx                                                ;
;     -- INPUT_B_FIXED_VALUE            ; Bx                                                ;
; Entity Instance                       ; FIR_filter_37_tap:u_fir_filter_R|lpm_mult:Mult15  ;
;     -- LPM_WIDTHA                     ; 17                                                ;
;     -- LPM_WIDTHB                     ; 16                                                ;
;     -- LPM_WIDTHP                     ; 33                                                ;
;     -- LPM_REPRESENTATION             ; SIGNED                                            ;
;     -- INPUT_A_IS_CONSTANT            ; NO                                                ;
;     -- INPUT_B_IS_CONSTANT            ; NO                                                ;
;     -- USE_EAB                        ; OFF                                               ;
;     -- DEDICATED_MULTIPLIER_CIRCUITRY ; AUTO                                              ;
;     -- INPUT_A_FIXED_VALUE            ; Bx                                                ;
;     -- INPUT_B_FIXED_VALUE            ; Bx                                                ;
; Entity Instance                       ; FIR_filter_37_tap:u_fir_filter_R|lpm_mult:Mult16  ;
;     -- LPM_WIDTHA                     ; 17                                                ;
;     -- LPM_WIDTHB                     ; 16                                                ;
;     -- LPM_WIDTHP                     ; 33                                                ;
;     -- LPM_REPRESENTATION             ; SIGNED                                            ;
;     -- INPUT_A_IS_CONSTANT            ; NO                                                ;
;     -- INPUT_B_IS_CONSTANT            ; NO                                                ;
;     -- USE_EAB                        ; OFF                                               ;
;     -- DEDICATED_MULTIPLIER_CIRCUITRY ; AUTO                                              ;
;     -- INPUT_A_FIXED_VALUE            ; Bx                                                ;
;     -- INPUT_B_FIXED_VALUE            ; Bx                                                ;
; Entity Instance                       ; FIR_filter_37_tap:u_fir_filter_R|lpm_mult:Mult13  ;
;     -- LPM_WIDTHA                     ; 17                                                ;
;     -- LPM_WIDTHB                     ; 16                                                ;
;     -- LPM_WIDTHP                     ; 33                                                ;
;     -- LPM_REPRESENTATION             ; SIGNED                                            ;
;     -- INPUT_A_IS_CONSTANT            ; NO                                                ;
;     -- INPUT_B_IS_CONSTANT            ; NO                                                ;
;     -- USE_EAB                        ; OFF                                               ;
;     -- DEDICATED_MULTIPLIER_CIRCUITRY ; AUTO                                              ;
;     -- INPUT_A_FIXED_VALUE            ; Bx                                                ;
;     -- INPUT_B_FIXED_VALUE            ; Bx                                                ;
; Entity Instance                       ; FIR_filter_37_tap:u_fir_filter_R|lpm_mult:Mult14  ;
;     -- LPM_WIDTHA                     ; 17                                                ;
;     -- LPM_WIDTHB                     ; 16                                                ;
;     -- LPM_WIDTHP                     ; 33                                                ;
;     -- LPM_REPRESENTATION             ; SIGNED                                            ;
;     -- INPUT_A_IS_CONSTANT            ; NO                                                ;
;     -- INPUT_B_IS_CONSTANT            ; NO                                                ;
;     -- USE_EAB                        ; OFF                                               ;
;     -- DEDICATED_MULTIPLIER_CIRCUITRY ; AUTO                                              ;
;     -- INPUT_A_FIXED_VALUE            ; Bx                                                ;
;     -- INPUT_B_FIXED_VALUE            ; Bx                                                ;
; Entity Instance                       ; FIR_filter_37_tap:u_fir_filter_L|lpm_mult:Mult10  ;
;     -- LPM_WIDTHA                     ; 17                                                ;
;     -- LPM_WIDTHB                     ; 16                                                ;
;     -- LPM_WIDTHP                     ; 33                                                ;
;     -- LPM_REPRESENTATION             ; SIGNED                                            ;
;     -- INPUT_A_IS_CONSTANT            ; NO                                                ;
;     -- INPUT_B_IS_CONSTANT            ; NO                                                ;
;     -- USE_EAB                        ; OFF                                               ;
;     -- DEDICATED_MULTIPLIER_CIRCUITRY ; AUTO                                              ;
;     -- INPUT_A_FIXED_VALUE            ; Bx                                                ;
;     -- INPUT_B_FIXED_VALUE            ; Bx                                                ;
; Entity Instance                       ; FIR_filter_37_tap:u_fir_filter_L|lpm_mult:Mult9   ;
;     -- LPM_WIDTHA                     ; 17                                                ;
;     -- LPM_WIDTHB                     ; 16                                                ;
;     -- LPM_WIDTHP                     ; 33                                                ;
;     -- LPM_REPRESENTATION             ; SIGNED                                            ;
;     -- INPUT_A_IS_CONSTANT            ; NO                                                ;
;     -- INPUT_B_IS_CONSTANT            ; NO                                                ;
;     -- USE_EAB                        ; OFF                                               ;
;     -- DEDICATED_MULTIPLIER_CIRCUITRY ; AUTO                                              ;
;     -- INPUT_A_FIXED_VALUE            ; Bx                                                ;
;     -- INPUT_B_FIXED_VALUE            ; Bx                                                ;
; Entity Instance                       ; FIR_filter_37_tap:u_fir_filter_R|lpm_mult:Mult10  ;
;     -- LPM_WIDTHA                     ; 17                                                ;
;     -- LPM_WIDTHB                     ; 16                                                ;
;     -- LPM_WIDTHP                     ; 33                                                ;
;     -- LPM_REPRESENTATION             ; SIGNED                                            ;
;     -- INPUT_A_IS_CONSTANT            ; NO                                                ;
;     -- INPUT_B_IS_CONSTANT            ; NO                                                ;
;     -- USE_EAB                        ; OFF                                               ;
;     -- DEDICATED_MULTIPLIER_CIRCUITRY ; AUTO                                              ;
;     -- INPUT_A_FIXED_VALUE            ; Bx                                                ;
;     -- INPUT_B_FIXED_VALUE            ; Bx                                                ;
; Entity Instance                       ; FIR_filter_37_tap:u_fir_filter_R|lpm_mult:Mult9   ;
;     -- LPM_WIDTHA                     ; 17                                                ;
;     -- LPM_WIDTHB                     ; 16                                                ;
;     -- LPM_WIDTHP                     ; 33                                                ;
;     -- LPM_REPRESENTATION             ; SIGNED                                            ;
;     -- INPUT_A_IS_CONSTANT            ; NO                                                ;
;     -- INPUT_B_IS_CONSTANT            ; NO                                                ;
;     -- USE_EAB                        ; OFF                                               ;
;     -- DEDICATED_MULTIPLIER_CIRCUITRY ; AUTO                                              ;
;     -- INPUT_A_FIXED_VALUE            ; Bx                                                ;
;     -- INPUT_B_FIXED_VALUE            ; Bx                                                ;
; Entity Instance                       ; FIR_filter_37_tap:u_fir_filter_L|lpm_mult:Mult3   ;
;     -- LPM_WIDTHA                     ; 17                                                ;
;     -- LPM_WIDTHB                     ; 16                                                ;
;     -- LPM_WIDTHP                     ; 33                                                ;
;     -- LPM_REPRESENTATION             ; SIGNED                                            ;
;     -- INPUT_A_IS_CONSTANT            ; NO                                                ;
;     -- INPUT_B_IS_CONSTANT            ; NO                                                ;
;     -- USE_EAB                        ; OFF                                               ;
;     -- DEDICATED_MULTIPLIER_CIRCUITRY ; AUTO                                              ;
;     -- INPUT_A_FIXED_VALUE            ; Bx                                                ;
;     -- INPUT_B_FIXED_VALUE            ; Bx                                                ;
; Entity Instance                       ; FIR_filter_37_tap:u_fir_filter_L|lpm_mult:Mult4   ;
;     -- LPM_WIDTHA                     ; 17                                                ;
;     -- LPM_WIDTHB                     ; 16                                                ;
;     -- LPM_WIDTHP                     ; 33                                                ;
;     -- LPM_REPRESENTATION             ; SIGNED                                            ;
;     -- INPUT_A_IS_CONSTANT            ; NO                                                ;
;     -- INPUT_B_IS_CONSTANT            ; NO                                                ;
;     -- USE_EAB                        ; OFF                                               ;
;     -- DEDICATED_MULTIPLIER_CIRCUITRY ; AUTO                                              ;
;     -- INPUT_A_FIXED_VALUE            ; Bx                                                ;
;     -- INPUT_B_FIXED_VALUE            ; Bx                                                ;
; Entity Instance                       ; FIR_filter_37_tap:u_fir_filter_R|lpm_mult:Mult3   ;
;     -- LPM_WIDTHA                     ; 17                                                ;
;     -- LPM_WIDTHB                     ; 16                                                ;
;     -- LPM_WIDTHP                     ; 33                                                ;
;     -- LPM_REPRESENTATION             ; SIGNED                                            ;
;     -- INPUT_A_IS_CONSTANT            ; NO                                                ;
;     -- INPUT_B_IS_CONSTANT            ; NO                                                ;
;     -- USE_EAB                        ; OFF                                               ;
;     -- DEDICATED_MULTIPLIER_CIRCUITRY ; AUTO                                              ;
;     -- INPUT_A_FIXED_VALUE            ; Bx                                                ;
;     -- INPUT_B_FIXED_VALUE            ; Bx                                                ;
; Entity Instance                       ; FIR_filter_37_tap:u_fir_filter_R|lpm_mult:Mult4   ;
;     -- LPM_WIDTHA                     ; 17                                                ;
;     -- LPM_WIDTHB                     ; 16                                                ;
;     -- LPM_WIDTHP                     ; 33                                                ;
;     -- LPM_REPRESENTATION             ; SIGNED                                            ;
;     -- INPUT_A_IS_CONSTANT            ; NO                                                ;
;     -- INPUT_B_IS_CONSTANT            ; NO                                                ;
;     -- USE_EAB                        ; OFF                                               ;
;     -- DEDICATED_MULTIPLIER_CIRCUITRY ; AUTO                                              ;
;     -- INPUT_A_FIXED_VALUE            ; Bx                                                ;
;     -- INPUT_B_FIXED_VALUE            ; Bx                                                ;
; Entity Instance                       ; FIR_filter_37_tap:u_fir_filter_L|lpm_mult:Mult2   ;
;     -- LPM_WIDTHA                     ; 17                                                ;
;     -- LPM_WIDTHB                     ; 16                                                ;
;     -- LPM_WIDTHP                     ; 33                                                ;
;     -- LPM_REPRESENTATION             ; SIGNED                                            ;
;     -- INPUT_A_IS_CONSTANT            ; NO                                                ;
;     -- INPUT_B_IS_CONSTANT            ; NO                                                ;
;     -- USE_EAB                        ; OFF                                               ;
;     -- DEDICATED_MULTIPLIER_CIRCUITRY ; AUTO                                              ;
;     -- INPUT_A_FIXED_VALUE            ; Bx                                                ;
;     -- INPUT_B_FIXED_VALUE            ; Bx                                                ;
; Entity Instance                       ; FIR_filter_37_tap:u_fir_filter_R|lpm_mult:Mult2   ;
;     -- LPM_WIDTHA                     ; 17                                                ;
;     -- LPM_WIDTHB                     ; 16                                                ;
;     -- LPM_WIDTHP                     ; 33                                                ;
;     -- LPM_REPRESENTATION             ; SIGNED                                            ;
;     -- INPUT_A_IS_CONSTANT            ; NO                                                ;
;     -- INPUT_B_IS_CONSTANT            ; NO                                                ;
;     -- USE_EAB                        ; OFF                                               ;
;     -- DEDICATED_MULTIPLIER_CIRCUITRY ; AUTO                                              ;
;     -- INPUT_A_FIXED_VALUE            ; Bx                                                ;
;     -- INPUT_B_FIXED_VALUE            ; Bx                                                ;
; Entity Instance                       ; lpm_mult:Mult0                                    ;
;     -- LPM_WIDTHA                     ; 5                                                 ;
;     -- LPM_WIDTHB                     ; 12                                                ;
;     -- LPM_WIDTHP                     ; 17                                                ;
;     -- LPM_REPRESENTATION             ; UNSIGNED                                          ;
;     -- INPUT_A_IS_CONSTANT            ; NO                                                ;
;     -- INPUT_B_IS_CONSTANT            ; YES                                               ;
;     -- USE_EAB                        ; OFF                                               ;
;     -- DEDICATED_MULTIPLIER_CIRCUITRY ; AUTO                                              ;
;     -- INPUT_A_FIXED_VALUE            ; Bx                                                ;
;     -- INPUT_B_FIXED_VALUE            ; Bx                                                ;
; Entity Instance                       ; FIR_filter_37_tap:u_fir_filter_L|lpm_mult:Mult1   ;
;     -- LPM_WIDTHA                     ; 17                                                ;
;     -- LPM_WIDTHB                     ; 16                                                ;
;     -- LPM_WIDTHP                     ; 33                                                ;
;     -- LPM_REPRESENTATION             ; SIGNED                                            ;
;     -- INPUT_A_IS_CONSTANT            ; NO                                                ;
;     -- INPUT_B_IS_CONSTANT            ; NO                                                ;
;     -- USE_EAB                        ; OFF                                               ;
;     -- DEDICATED_MULTIPLIER_CIRCUITRY ; AUTO                                              ;
;     -- INPUT_A_FIXED_VALUE            ; Bx                                                ;
;     -- INPUT_B_FIXED_VALUE            ; Bx                                                ;
; Entity Instance                       ; FIR_filter_37_tap:u_fir_filter_L|lpm_mult:Mult0   ;
;     -- LPM_WIDTHA                     ; 17                                                ;
;     -- LPM_WIDTHB                     ; 16                                                ;
;     -- LPM_WIDTHP                     ; 33                                                ;
;     -- LPM_REPRESENTATION             ; SIGNED                                            ;
;     -- INPUT_A_IS_CONSTANT            ; NO                                                ;
;     -- INPUT_B_IS_CONSTANT            ; NO                                                ;
;     -- USE_EAB                        ; OFF                                               ;
;     -- DEDICATED_MULTIPLIER_CIRCUITRY ; AUTO                                              ;
;     -- INPUT_A_FIXED_VALUE            ; Bx                                                ;
;     -- INPUT_B_FIXED_VALUE            ; Bx                                                ;
; Entity Instance                       ; FIR_filter_37_tap:u_fir_filter_L|lpm_mult:Mult6   ;
;     -- LPM_WIDTHA                     ; 17                                                ;
;     -- LPM_WIDTHB                     ; 16                                                ;
;     -- LPM_WIDTHP                     ; 33                                                ;
;     -- LPM_REPRESENTATION             ; SIGNED                                            ;
;     -- INPUT_A_IS_CONSTANT            ; NO                                                ;
;     -- INPUT_B_IS_CONSTANT            ; NO                                                ;
;     -- USE_EAB                        ; OFF                                               ;
;     -- DEDICATED_MULTIPLIER_CIRCUITRY ; AUTO                                              ;
;     -- INPUT_A_FIXED_VALUE            ; Bx                                                ;
;     -- INPUT_B_FIXED_VALUE            ; Bx                                                ;
; Entity Instance                       ; FIR_filter_37_tap:u_fir_filter_L|lpm_mult:Mult5   ;
;     -- LPM_WIDTHA                     ; 17                                                ;
;     -- LPM_WIDTHB                     ; 16                                                ;
;     -- LPM_WIDTHP                     ; 33                                                ;
;     -- LPM_REPRESENTATION             ; SIGNED                                            ;
;     -- INPUT_A_IS_CONSTANT            ; NO                                                ;
;     -- INPUT_B_IS_CONSTANT            ; NO                                                ;
;     -- USE_EAB                        ; OFF                                               ;
;     -- DEDICATED_MULTIPLIER_CIRCUITRY ; AUTO                                              ;
;     -- INPUT_A_FIXED_VALUE            ; Bx                                                ;
;     -- INPUT_B_FIXED_VALUE            ; Bx                                                ;
; Entity Instance                       ; FIR_filter_37_tap:u_fir_filter_L|lpm_mult:Mult8   ;
;     -- LPM_WIDTHA                     ; 17                                                ;
;     -- LPM_WIDTHB                     ; 16                                                ;
;     -- LPM_WIDTHP                     ; 33                                                ;
;     -- LPM_REPRESENTATION             ; SIGNED                                            ;
;     -- INPUT_A_IS_CONSTANT            ; NO                                                ;
;     -- INPUT_B_IS_CONSTANT            ; NO                                                ;
;     -- USE_EAB                        ; OFF                                               ;
;     -- DEDICATED_MULTIPLIER_CIRCUITRY ; AUTO                                              ;
;     -- INPUT_A_FIXED_VALUE            ; Bx                                                ;
;     -- INPUT_B_FIXED_VALUE            ; Bx                                                ;
; Entity Instance                       ; FIR_filter_37_tap:u_fir_filter_L|lpm_mult:Mult7   ;
;     -- LPM_WIDTHA                     ; 17                                                ;
;     -- LPM_WIDTHB                     ; 16                                                ;
;     -- LPM_WIDTHP                     ; 33                                                ;
;     -- LPM_REPRESENTATION             ; SIGNED                                            ;
;     -- INPUT_A_IS_CONSTANT            ; NO                                                ;
;     -- INPUT_B_IS_CONSTANT            ; NO                                                ;
;     -- USE_EAB                        ; OFF                                               ;
;     -- DEDICATED_MULTIPLIER_CIRCUITRY ; AUTO                                              ;
;     -- INPUT_A_FIXED_VALUE            ; Bx                                                ;
;     -- INPUT_B_FIXED_VALUE            ; Bx                                                ;
; Entity Instance                       ; FIR_filter_37_tap:u_fir_filter_R|lpm_mult:Mult1   ;
;     -- LPM_WIDTHA                     ; 17                                                ;
;     -- LPM_WIDTHB                     ; 16                                                ;
;     -- LPM_WIDTHP                     ; 33                                                ;
;     -- LPM_REPRESENTATION             ; SIGNED                                            ;
;     -- INPUT_A_IS_CONSTANT            ; NO                                                ;
;     -- INPUT_B_IS_CONSTANT            ; NO                                                ;
;     -- USE_EAB                        ; OFF                                               ;
;     -- DEDICATED_MULTIPLIER_CIRCUITRY ; AUTO                                              ;
;     -- INPUT_A_FIXED_VALUE            ; Bx                                                ;
;     -- INPUT_B_FIXED_VALUE            ; Bx                                                ;
; Entity Instance                       ; FIR_filter_37_tap:u_fir_filter_R|lpm_mult:Mult0   ;
;     -- LPM_WIDTHA                     ; 17                                                ;
;     -- LPM_WIDTHB                     ; 16                                                ;
;     -- LPM_WIDTHP                     ; 33                                                ;
;     -- LPM_REPRESENTATION             ; SIGNED                                            ;
;     -- INPUT_A_IS_CONSTANT            ; NO                                                ;
;     -- INPUT_B_IS_CONSTANT            ; NO                                                ;
;     -- USE_EAB                        ; OFF                                               ;
;     -- DEDICATED_MULTIPLIER_CIRCUITRY ; AUTO                                              ;
;     -- INPUT_A_FIXED_VALUE            ; Bx                                                ;
;     -- INPUT_B_FIXED_VALUE            ; Bx                                                ;
; Entity Instance                       ; FIR_filter_37_tap:u_fir_filter_R|lpm_mult:Mult6   ;
;     -- LPM_WIDTHA                     ; 17                                                ;
;     -- LPM_WIDTHB                     ; 16                                                ;
;     -- LPM_WIDTHP                     ; 33                                                ;
;     -- LPM_REPRESENTATION             ; SIGNED                                            ;
;     -- INPUT_A_IS_CONSTANT            ; NO                                                ;
;     -- INPUT_B_IS_CONSTANT            ; NO                                                ;
;     -- USE_EAB                        ; OFF                                               ;
;     -- DEDICATED_MULTIPLIER_CIRCUITRY ; AUTO                                              ;
;     -- INPUT_A_FIXED_VALUE            ; Bx                                                ;
;     -- INPUT_B_FIXED_VALUE            ; Bx                                                ;
; Entity Instance                       ; FIR_filter_37_tap:u_fir_filter_R|lpm_mult:Mult5   ;
;     -- LPM_WIDTHA                     ; 17                                                ;
;     -- LPM_WIDTHB                     ; 16                                                ;
;     -- LPM_WIDTHP                     ; 33                                                ;
;     -- LPM_REPRESENTATION             ; SIGNED                                            ;
;     -- INPUT_A_IS_CONSTANT            ; NO                                                ;
;     -- INPUT_B_IS_CONSTANT            ; NO                                                ;
;     -- USE_EAB                        ; OFF                                               ;
;     -- DEDICATED_MULTIPLIER_CIRCUITRY ; AUTO                                              ;
;     -- INPUT_A_FIXED_VALUE            ; Bx                                                ;
;     -- INPUT_B_FIXED_VALUE            ; Bx                                                ;
; Entity Instance                       ; FIR_filter_37_tap:u_fir_filter_R|lpm_mult:Mult8   ;
;     -- LPM_WIDTHA                     ; 17                                                ;
;     -- LPM_WIDTHB                     ; 16                                                ;
;     -- LPM_WIDTHP                     ; 33                                                ;
;     -- LPM_REPRESENTATION             ; SIGNED                                            ;
;     -- INPUT_A_IS_CONSTANT            ; NO                                                ;
;     -- INPUT_B_IS_CONSTANT            ; NO                                                ;
;     -- USE_EAB                        ; OFF                                               ;
;     -- DEDICATED_MULTIPLIER_CIRCUITRY ; AUTO                                              ;
;     -- INPUT_A_FIXED_VALUE            ; Bx                                                ;
;     -- INPUT_B_FIXED_VALUE            ; Bx                                                ;
; Entity Instance                       ; FIR_filter_37_tap:u_fir_filter_R|lpm_mult:Mult7   ;
;     -- LPM_WIDTHA                     ; 17                                                ;
;     -- LPM_WIDTHB                     ; 16                                                ;
;     -- LPM_WIDTHP                     ; 33                                                ;
;     -- LPM_REPRESENTATION             ; SIGNED                                            ;
;     -- INPUT_A_IS_CONSTANT            ; NO                                                ;
;     -- INPUT_B_IS_CONSTANT            ; NO                                                ;
;     -- USE_EAB                        ; OFF                                               ;
;     -- DEDICATED_MULTIPLIER_CIRCUITRY ; AUTO                                              ;
;     -- INPUT_A_FIXED_VALUE            ; Bx                                                ;
;     -- INPUT_B_FIXED_VALUE            ; Bx                                                ;
+---------------------------------------+---------------------------------------------------+


+------------------------------------------------------------------------------------------------------------------------------+
; Port Connectivity Checks: "FIR_filter_37_tap:u_fir_filter_R"                                                                 ;
+--------------------+--------+----------+-------------------------------------------------------------------------------------+
; Port               ; Type   ; Severity ; Details                                                                             ;
+--------------------+--------+----------+-------------------------------------------------------------------------------------+
; filter_out[37..33] ; Output ; Info     ; Connected to dangling logic. Logic that only feeds a dangling port will be removed. ;
; filter_out[12..0]  ; Output ; Info     ; Connected to dangling logic. Logic that only feeds a dangling port will be removed. ;
+--------------------+--------+----------+-------------------------------------------------------------------------------------+


+------------------------------------------------------------------------------------------------------------------------------+
; Port Connectivity Checks: "FIR_filter_37_tap:u_fir_filter_L"                                                                 ;
+--------------------+--------+----------+-------------------------------------------------------------------------------------+
; Port               ; Type   ; Severity ; Details                                                                             ;
+--------------------+--------+----------+-------------------------------------------------------------------------------------+
; filter_out[37..33] ; Output ; Info     ; Connected to dangling logic. Logic that only feeds a dangling port will be removed. ;
; filter_out[12..0]  ; Output ; Info     ; Connected to dangling logic. Logic that only feeds a dangling port will be removed. ;
+--------------------+--------+----------+-------------------------------------------------------------------------------------+


+---------------------------------------------------+
; Port Connectivity Checks: "auto_wah:u_auto_wah_L" ;
+--------------+-------+----------+-----------------+
; Port         ; Type  ; Severity ; Details         ;
+--------------+-------+----------+-----------------+
; rst_i        ; Input ; Info     ; Stuck at GND    ;
; force_open_i ; Input ; Info     ; Stuck at GND    ;
+--------------+-------+----------+-----------------+


+---------------------------------------------------+
; Port Connectivity Checks: "auto_wah:u_auto_wah_R" ;
+--------------+-------+----------+-----------------+
; Port         ; Type  ; Severity ; Details         ;
+--------------+-------+----------+-----------------+
; rst_i        ; Input ; Info     ; Stuck at GND    ;
; force_open_i ; Input ; Info     ; Stuck at GND    ;
+--------------+-------+----------+-----------------+


+-----------------------------------------------------+
; Port Connectivity Checks: "chorus:chorus_inst_R"    ;
+-------------------+-------+----------+--------------+
; Port              ; Type  ; Severity ; Details      ;
+-------------------+-------+----------+--------------+
; chorus_rate[1..0] ; Input ; Info     ; Stuck at GND ;
+-------------------+-------+----------+--------------+


+-------------------------------------------------------------------------------------------------------------------+
; Port Connectivity Checks: "chorus:chorus_inst_L|RAM_chorus:RAM_INST"                                              ;
+---------+--------+----------+-------------------------------------------------------------------------------------+
; Port    ; Type   ; Severity ; Details                                                                             ;
+---------+--------+----------+-------------------------------------------------------------------------------------+
; q[1..0] ; Output ; Info     ; Connected to dangling logic. Logic that only feeds a dangling port will be removed. ;
+---------+--------+----------+-------------------------------------------------------------------------------------+


+-----------------------------------------------------+
; Port Connectivity Checks: "chorus:chorus_inst_L"    ;
+-------------------+-------+----------+--------------+
; Port              ; Type  ; Severity ; Details      ;
+-------------------+-------+----------+--------------+
; chorus_rate[1..0] ; Input ; Info     ; Stuck at GND ;
+-------------------+-------+----------+--------------+


+-----------------------------------------------+
; Port Connectivity Checks: "octaver:octaver_L" ;
+---------+-------+----------+------------------+
; Port    ; Type  ; Severity ; Details          ;
+---------+-------+----------+------------------+
; reset_n ; Input ; Info     ; Stuck at VCC     ;
+---------+-------+----------+------------------+


+--------------------------------------------------------------------+
; Port Connectivity Checks: "octaver:octaver_R|RAM_Octaver:RAM_inst" ;
+-------------------+-------+----------+-----------------------------+
; Port              ; Type  ; Severity ; Details                     ;
+-------------------+-------+----------+-----------------------------+
; address_a[13..11] ; Input ; Info     ; Stuck at GND                ;
; address_b[13..11] ; Input ; Info     ; Stuck at GND                ;
; data_b            ; Input ; Info     ; Stuck at GND                ;
; wren_b            ; Input ; Info     ; Stuck at GND                ;
+-------------------+-------+----------+-----------------------------+


+-----------------------------------------------+
; Port Connectivity Checks: "octaver:octaver_R" ;
+---------+-------+----------+------------------+
; Port    ; Type  ; Severity ; Details          ;
+---------+-------+----------+------------------+
; reset_n ; Input ; Info     ; Stuck at VCC     ;
+---------+-------+----------+------------------+


+------------------------------------------------------+
; Port Connectivity Checks: "tremolo:tremolo_inst_R"   ;
+--------------------+-------+----------+--------------+
; Port               ; Type  ; Severity ; Details      ;
+--------------------+-------+----------+--------------+
; tuning_word[15..5] ; Input ; Info     ; Stuck at GND ;
+--------------------+-------+----------+--------------+


+------------------------------------------------------+
; Port Connectivity Checks: "tremolo:tremolo_inst_L"   ;
+--------------------+-------+----------+--------------+
; Port               ; Type  ; Severity ; Details      ;
+--------------------+-------+----------+--------------+
; tuning_word[15..5] ; Input ; Info     ; Stuck at GND ;
+--------------------+-------+----------+--------------+


+--------------------------------------------------------------------------------------------------------------------------+
; Port Connectivity Checks: "digital_distortion:digital_distortion_R"                                                      ;
+----------------+--------+----------+-------------------------------------------------------------------------------------+
; Port           ; Type   ; Severity ; Details                                                                             ;
+----------------+--------+----------+-------------------------------------------------------------------------------------+
; effect_counter ; Output ; Info     ; Connected to dangling logic. Logic that only feeds a dangling port will be removed. ;
+----------------+--------+----------+-------------------------------------------------------------------------------------+


+-----------------------------------------------------+
; Port Connectivity Checks: "distortion:distortion_R" ;
+------------------+-------+----------+---------------+
; Port             ; Type  ; Severity ; Details       ;
+------------------+-------+----------+---------------+
; gain[15..12]     ; Input ; Info     ; Stuck at GND  ;
; gain[2..0]       ; Input ; Info     ; Stuck at GND  ;
; dist_pos[11..4]  ; Input ; Info     ; Stuck at VCC  ;
; dist_pos[15..12] ; Input ; Info     ; Stuck at GND  ;
; dist_pos[3..0]   ; Input ; Info     ; Stuck at GND  ;
+------------------+-------+----------+---------------+


+-----------------------------------------------------+
; Port Connectivity Checks: "distortion:distortion_L" ;
+------------------+-------+----------+---------------+
; Port             ; Type  ; Severity ; Details       ;
+------------------+-------+----------+---------------+
; gain[15..12]     ; Input ; Info     ; Stuck at GND  ;
; gain[2..0]       ; Input ; Info     ; Stuck at GND  ;
; dist_pos[11..4]  ; Input ; Info     ; Stuck at VCC  ;
; dist_pos[15..12] ; Input ; Info     ; Stuck at GND  ;
; dist_pos[3..0]   ; Input ; Info     ; Stuck at GND  ;
+------------------+-------+----------+---------------+


+------------------------------------------------------------------------------------------------------------------+
; Port Connectivity Checks: "PLL:PLL_inst"                                                                         ;
+--------+--------+----------+-------------------------------------------------------------------------------------+
; Port   ; Type   ; Severity ; Details                                                                             ;
+--------+--------+----------+-------------------------------------------------------------------------------------+
; areset ; Input  ; Info     ; Stuck at GND                                                                        ;
; locked ; Output ; Info     ; Connected to dangling logic. Logic that only feeds a dangling port will be removed. ;
+--------+--------+----------+-------------------------------------------------------------------------------------+


+----------------------------------------------------------------------------------------------------------------+
; Port Connectivity Checks: "I2C_driver:u_I2C_Config"                                                            ;
+------+--------+----------+-------------------------------------------------------------------------------------+
; Port ; Type   ; Severity ; Details                                                                             ;
+------+--------+----------+-------------------------------------------------------------------------------------+
; ack  ; Output ; Info     ; Connected to dangling logic. Logic that only feeds a dangling port will be removed. ;
+------+--------+----------+-------------------------------------------------------------------------------------+


+-----------------------------------------------------+
; Post-Synthesis Netlist Statistics for Top Partition ;
+-----------------------+-----------------------------+
; Type                  ; Count                       ;
+-----------------------+-----------------------------+
; boundary_port         ; 84                          ;
; cycloneiii_ff         ; 2559                        ;
;     CLR               ; 1                           ;
;     ENA               ; 914                         ;
;     ENA CLR           ; 4                           ;
;     ENA SCLR          ; 80                          ;
;     ENA SLD           ; 86                          ;
;     SCLR              ; 21                          ;
;     SCLR SLD          ; 12                          ;
;     SLD               ; 5                           ;
;     plain             ; 1436                        ;
; cycloneiii_io_obuf    ; 1                           ;
; cycloneiii_lcell_comb ; 5747                        ;
;     arith             ; 3627                        ;
;         1 data inputs ; 49                          ;
;         2 data inputs ; 668                         ;
;         3 data inputs ; 2910                        ;
;     normal            ; 2120                        ;
;         0 data inputs ; 28                          ;
;         1 data inputs ; 85                          ;
;         2 data inputs ; 656                         ;
;         3 data inputs ; 443                         ;
;         4 data inputs ; 908                         ;
; cycloneiii_mac_mult   ; 54                          ;
; cycloneiii_mac_out    ; 54                          ;
; cycloneiii_pll        ; 1                           ;
; cycloneiii_ram_block  ; 202                         ;
;                       ;                             ;
; Max LUT depth         ; 31.40                       ;
; Average LUT depth     ; 7.86                        ;
+-----------------------+-----------------------------+


+-------------------------------+
; Elapsed Time Per Partition    ;
+----------------+--------------+
; Partition Name ; Elapsed Time ;
+----------------+--------------+
; Top            ; 00:00:38     ;
+----------------+--------------+


+-------------------------------+
; Analysis & Synthesis Messages ;
+-------------------------------+
Info: *******************************************************************
Info: Running Quartus Prime Analysis & Synthesis
    Info: Version 19.1.0 Build 670 09/22/2019 SJ Lite Edition
    Info: Processing started: Fri Aug 21 16:09:10 2026
Info: Command: quartus_map --read_settings_files=on --write_settings_files=off effets_audio_sur_FPGA_Projet -c effets_audio_sur_FPGA_Projet
Warning (18236): Number of processors has not been specified which may cause overloading on shared machines.  Set the global assignment NUM_PARALLEL_PROCESSORS in your QSF to an appropriate value for best performance.
Info (20030): Parallel compilation is enabled and will use 4 of the 4 processors detected
Info (12021): Found 2 design units, including 1 entities, in source file cordic/synthesis/cordic.vhd
    Info (12022): Found design unit 1: CORDIC-rtl File: C:/intelFPGA_lite/19.1/Audio_Effects_On_FPGA_Project/Audio_Effects_On_FPGA_Project/CORDIC/synthesis/CORDIC.vhd Line: 21
    Info (12023): Found entity 1: CORDIC File: C:/intelFPGA_lite/19.1/Audio_Effects_On_FPGA_Project/Audio_Effects_On_FPGA_Project/CORDIC/synthesis/CORDIC.vhd Line: 9
Info (12021): Found 1 design units, including 0 entities, in source file cordic/synthesis/submodules/dspba_library_package.vhd
    Info (12022): Found design unit 1: dspba_library_package (cordic) File: C:/intelFPGA_lite/19.1/Audio_Effects_On_FPGA_Project/Audio_Effects_On_FPGA_Project/CORDIC/synthesis/submodules/dspba_library_package.vhd Line: 17
Info (12021): Found 6 design units, including 3 entities, in source file cordic/synthesis/submodules/dspba_library.vhd
    Info (12022): Found design unit 1: dspba_delay-delay File: C:/intelFPGA_lite/19.1/Audio_Effects_On_FPGA_Project/Audio_Effects_On_FPGA_Project/CORDIC/synthesis/submodules/dspba_library.vhd Line: 34
    Info (12022): Found design unit 2: dspba_sync_reg-sync_reg File: C:/intelFPGA_lite/19.1/Audio_Effects_On_FPGA_Project/Audio_Effects_On_FPGA_Project/CORDIC/synthesis/submodules/dspba_library.vhd Line: 117
    Info (12022): Found design unit 3: dspba_pipe-rtl File: C:/intelFPGA_lite/19.1/Audio_Effects_On_FPGA_Project/Audio_Effects_On_FPGA_Project/CORDIC/synthesis/submodules/dspba_library.vhd Line: 356
    Info (12023): Found entity 1: dspba_delay File: C:/intelFPGA_lite/19.1/Audio_Effects_On_FPGA_Project/Audio_Effects_On_FPGA_Project/CORDIC/synthesis/submodules/dspba_library.vhd Line: 18
    Info (12023): Found entity 2: dspba_sync_reg File: C:/intelFPGA_lite/19.1/Audio_Effects_On_FPGA_Project/Audio_Effects_On_FPGA_Project/CORDIC/synthesis/submodules/dspba_library.vhd Line: 93
    Info (12023): Found entity 3: dspba_pipe File: C:/intelFPGA_lite/19.1/Audio_Effects_On_FPGA_Project/Audio_Effects_On_FPGA_Project/CORDIC/synthesis/submodules/dspba_library.vhd Line: 343
Info (12021): Found 2 design units, including 1 entities, in source file cordic/synthesis/submodules/cordic_cordic_0.vhd
    Info (12022): Found design unit 1: CORDIC_CORDIC_0-normal File: C:/intelFPGA_lite/19.1/Audio_Effects_On_FPGA_Project/Audio_Effects_On_FPGA_Project/CORDIC/synthesis/submodules/CORDIC_CORDIC_0.vhd Line: 46
    Info (12023): Found entity 1: CORDIC_CORDIC_0 File: C:/intelFPGA_lite/19.1/Audio_Effects_On_FPGA_Project/Audio_Effects_On_FPGA_Project/CORDIC/synthesis/submodules/CORDIC_CORDIC_0.vhd Line: 34
Info (12021): Found 2 design units, including 1 entities, in source file fft/synthesis/fft.vhd
    Info (12022): Found design unit 1: FFT-rtl File: C:/intelFPGA_lite/19.1/Audio_Effects_On_FPGA_Project/Audio_Effects_On_FPGA_Project/FFT/synthesis/FFT.vhd Line: 32
    Info (12023): Found entity 1: FFT File: C:/intelFPGA_lite/19.1/Audio_Effects_On_FPGA_Project/Audio_Effects_On_FPGA_Project/FFT/synthesis/FFT.vhd Line: 9
Info (12021): Found 2 design units, including 0 entities, in source file fft/synthesis/submodules/auk_dspip_text_pkg.vhd
    Info (12022): Found design unit 1: auk_dspip_text_pkg (fft) File: C:/intelFPGA_lite/19.1/Audio_Effects_On_FPGA_Project/Audio_Effects_On_FPGA_Project/FFT/synthesis/submodules/auk_dspip_text_pkg.vhd Line: 60
    Info (12022): Found design unit 2: auk_dspip_text_pkg-body File: C:/intelFPGA_lite/19.1/Audio_Effects_On_FPGA_Project/Audio_Effects_On_FPGA_Project/FFT/synthesis/submodules/auk_dspip_text_pkg.vhd Line: 76
Info (12021): Found 2 design units, including 0 entities, in source file fft/synthesis/submodules/auk_dspip_math_pkg.vhd
    Info (12022): Found design unit 1: auk_dspip_math_pkg (fft) File: C:/intelFPGA_lite/19.1/Audio_Effects_On_FPGA_Project/Audio_Effects_On_FPGA_Project/FFT/synthesis/submodules/auk_dspip_math_pkg.vhd Line: 51
    Info (12022): Found design unit 2: auk_dspip_math_pkg-body File: C:/intelFPGA_lite/19.1/Audio_Effects_On_FPGA_Project/Audio_Effects_On_FPGA_Project/FFT/synthesis/submodules/auk_dspip_math_pkg.vhd Line: 128
Info (12021): Found 1 design units, including 0 entities, in source file fft/synthesis/submodules/auk_dspip_lib_pkg.vhd
    Info (12022): Found design unit 1: auk_dspip_lib_pkg (fft) File: C:/intelFPGA_lite/19.1/Audio_Effects_On_FPGA_Project/Audio_Effects_On_FPGA_Project/FFT/synthesis/submodules/auk_dspip_lib_pkg.vhd Line: 28
Info (12021): Found 2 design units, including 1 entities, in source file fft/synthesis/submodules/auk_dspip_avalon_streaming_block_sink.vhd
    Info (12022): Found design unit 1: auk_dspip_avalon_streaming_block_sink-rtl File: C:/intelFPGA_lite/19.1/Audio_Effects_On_FPGA_Project/Audio_Effects_On_FPGA_Project/FFT/synthesis/submodules/auk_dspip_avalon_streaming_block_sink.vhd Line: 59
    Info (12023): Found entity 1: auk_dspip_avalon_streaming_block_sink File: C:/intelFPGA_lite/19.1/Audio_Effects_On_FPGA_Project/Audio_Effects_On_FPGA_Project/FFT/synthesis/submodules/auk_dspip_avalon_streaming_block_sink.vhd Line: 22
Info (12021): Found 2 design units, including 1 entities, in source file fft/synthesis/submodules/auk_dspip_avalon_streaming_block_source.vhd
    Info (12022): Found design unit 1: auk_dspip_avalon_streaming_block_source-rtl File: C:/intelFPGA_lite/19.1/Audio_Effects_On_FPGA_Project/Audio_Effects_On_FPGA_Project/FFT/synthesis/submodules/auk_dspip_avalon_streaming_block_source.vhd Line: 47
    Info (12023): Found entity 1: auk_dspip_avalon_streaming_block_source File: C:/intelFPGA_lite/19.1/Audio_Effects_On_FPGA_Project/Audio_Effects_On_FPGA_Project/FFT/synthesis/submodules/auk_dspip_avalon_streaming_block_source.vhd Line: 25
Info (12021): Found 2 design units, including 1 entities, in source file fft/synthesis/submodules/auk_dspip_roundsat.vhd
    Info (12022): Found design unit 1: auk_dspip_roundsat-beh File: C:/intelFPGA_lite/19.1/Audio_Effects_On_FPGA_Project/Audio_Effects_On_FPGA_Project/FFT/synthesis/submodules/auk_dspip_roundsat.vhd Line: 61
    Info (12023): Found entity 1: auk_dspip_roundsat File: C:/intelFPGA_lite/19.1/Audio_Effects_On_FPGA_Project/Audio_Effects_On_FPGA_Project/FFT/synthesis/submodules/auk_dspip_roundsat.vhd Line: 45
Info (12021): Found 2 design units, including 1 entities, in source file fft/synthesis/submodules/auk_dspip_avalon_streaming_sink.vhd
    Info (12022): Found design unit 1: auk_dspip_avalon_streaming_sink-rtl File: C:/intelFPGA_lite/19.1/Audio_Effects_On_FPGA_Project/Audio_Effects_On_FPGA_Project/FFT/synthesis/submodules/auk_dspip_avalon_streaming_sink.vhd Line: 106
    Info (12023): Found entity 1: auk_dspip_avalon_streaming_sink File: C:/intelFPGA_lite/19.1/Audio_Effects_On_FPGA_Project/Audio_Effects_On_FPGA_Project/FFT/synthesis/submodules/auk_dspip_avalon_streaming_sink.vhd Line: 60
Info (12021): Found 2 design units, including 1 entities, in source file fft/synthesis/submodules/auk_dspip_avalon_streaming_source.vhd
    Info (12022): Found design unit 1: auk_dspip_avalon_streaming_source-rtl File: C:/intelFPGA_lite/19.1/Audio_Effects_On_FPGA_Project/Audio_Effects_On_FPGA_Project/FFT/synthesis/submodules/auk_dspip_avalon_streaming_source.vhd Line: 105
    Info (12023): Found entity 1: auk_dspip_avalon_streaming_source File: C:/intelFPGA_lite/19.1/Audio_Effects_On_FPGA_Project/Audio_Effects_On_FPGA_Project/FFT/synthesis/submodules/auk_dspip_avalon_streaming_source.vhd Line: 72
Info (12021): Found 2 design units, including 1 entities, in source file fft/synthesis/submodules/auk_dspip_avalon_streaming_controller.vhd
    Info (12022): Found design unit 1: auk_dspip_avalon_streaming_controller-struct File: C:/intelFPGA_lite/19.1/Audio_Effects_On_FPGA_Project/Audio_Effects_On_FPGA_Project/FFT/synthesis/submodules/auk_dspip_avalon_streaming_controller.vhd Line: 80
    Info (12023): Found entity 1: auk_dspip_avalon_streaming_controller File: C:/intelFPGA_lite/19.1/Audio_Effects_On_FPGA_Project/Audio_Effects_On_FPGA_Project/FFT/synthesis/submodules/auk_dspip_avalon_streaming_controller.vhd Line: 57
Info (12021): Found 2 design units, including 1 entities, in source file fft/synthesis/submodules/altera_fft_dual_port_ram.vhd
    Info (12022): Found design unit 1: altera_fft_dual_port_ram-rtl File: C:/intelFPGA_lite/19.1/Audio_Effects_On_FPGA_Project/Audio_Effects_On_FPGA_Project/FFT/synthesis/submodules/altera_fft_dual_port_ram.vhd Line: 58
    Info (12023): Found entity 1: altera_fft_dual_port_ram File: C:/intelFPGA_lite/19.1/Audio_Effects_On_FPGA_Project/Audio_Effects_On_FPGA_Project/FFT/synthesis/submodules/altera_fft_dual_port_ram.vhd Line: 36
Info (12021): Found 2 design units, including 1 entities, in source file fft/synthesis/submodules/altera_fft_dual_port_rom.vhd
    Info (12022): Found design unit 1: altera_fft_dual_port_rom-rtl File: C:/intelFPGA_lite/19.1/Audio_Effects_On_FPGA_Project/Audio_Effects_On_FPGA_Project/FFT/synthesis/submodules/altera_fft_dual_port_rom.vhd Line: 43
    Info (12023): Found entity 1: altera_fft_dual_port_rom File: C:/intelFPGA_lite/19.1/Audio_Effects_On_FPGA_Project/Audio_Effects_On_FPGA_Project/FFT/synthesis/submodules/altera_fft_dual_port_rom.vhd Line: 23
Info (12021): Found 6 design units, including 3 entities, in source file fft/synthesis/submodules/altera_fft_mult_add.vhd
    Info (12022): Found design unit 1: altera_fft_mult_add-rtl File: C:/intelFPGA_lite/19.1/Audio_Effects_On_FPGA_Project/Audio_Effects_On_FPGA_Project/FFT/synthesis/submodules/altera_fft_mult_add.vhd Line: 42
    Info (12022): Found design unit 2: altera_fft_mult_add_new-rtl File: C:/intelFPGA_lite/19.1/Audio_Effects_On_FPGA_Project/Audio_Effects_On_FPGA_Project/FFT/synthesis/submodules/altera_fft_mult_add.vhd Line: 159
    Info (12022): Found design unit 3: altera_fft_mult_add_old-rtl File: C:/intelFPGA_lite/19.1/Audio_Effects_On_FPGA_Project/Audio_Effects_On_FPGA_Project/FFT/synthesis/submodules/altera_fft_mult_add.vhd Line: 415
    Info (12023): Found entity 1: altera_fft_mult_add File: C:/intelFPGA_lite/19.1/Audio_Effects_On_FPGA_Project/Audio_Effects_On_FPGA_Project/FFT/synthesis/submodules/altera_fft_mult_add.vhd Line: 23
    Info (12023): Found entity 2: altera_fft_mult_add_new File: C:/intelFPGA_lite/19.1/Audio_Effects_On_FPGA_Project/Audio_Effects_On_FPGA_Project/FFT/synthesis/submodules/altera_fft_mult_add.vhd Line: 140
    Info (12023): Found entity 3: altera_fft_mult_add_old File: C:/intelFPGA_lite/19.1/Audio_Effects_On_FPGA_Project/Audio_Effects_On_FPGA_Project/FFT/synthesis/submodules/altera_fft_mult_add.vhd Line: 396
Info (12021): Found 2 design units, including 1 entities, in source file fft/synthesis/submodules/altera_fft_single_port_rom.vhd
    Info (12022): Found design unit 1: altera_fft_single_port_rom-rtl File: C:/intelFPGA_lite/19.1/Audio_Effects_On_FPGA_Project/Audio_Effects_On_FPGA_Project/FFT/synthesis/submodules/altera_fft_single_port_rom.vhd Line: 40
    Info (12023): Found entity 1: altera_fft_single_port_rom File: C:/intelFPGA_lite/19.1/Audio_Effects_On_FPGA_Project/Audio_Effects_On_FPGA_Project/FFT/synthesis/submodules/altera_fft_single_port_rom.vhd Line: 23
Info (12021): Found 2 design units, including 0 entities, in source file fft/synthesis/submodules/auk_fft_pkg.vhd
    Info (12022): Found design unit 1: auk_fft_pkg (fft) File: C:/intelFPGA_lite/19.1/Audio_Effects_On_FPGA_Project/Audio_Effects_On_FPGA_Project/FFT/synthesis/submodules/auk_fft_pkg.vhd Line: 18
    Info (12022): Found design unit 2: auk_fft_pkg-body File: C:/intelFPGA_lite/19.1/Audio_Effects_On_FPGA_Project/Audio_Effects_On_FPGA_Project/FFT/synthesis/submodules/auk_fft_pkg.vhd Line: 27
Info (12021): Found 1 design units, including 1 entities, in source file fft/synthesis/submodules/hyper_pipeline_interface.v
    Info (12023): Found entity 1: hyper_pipeline_interface File: C:/intelFPGA_lite/19.1/Audio_Effects_On_FPGA_Project/Audio_Effects_On_FPGA_Project/FFT/synthesis/submodules/hyper_pipeline_interface.v Line: 20
Info (12021): Found 1 design units, including 1 entities, in source file fft/synthesis/submodules/counter_module.sv
    Info (12023): Found entity 1: counter_module File: C:/intelFPGA_lite/19.1/Audio_Effects_On_FPGA_Project/Audio_Effects_On_FPGA_Project/FFT/synthesis/submodules/counter_module.sv Line: 17
Info (12021): Found 2 design units, including 0 entities, in source file fft/synthesis/submodules/fft_pack.vhd
    Info (12022): Found design unit 1: fft_pack (fft) File: C:/intelFPGA_lite/19.1/Audio_Effects_On_FPGA_Project/Audio_Effects_On_FPGA_Project/FFT/synthesis/submodules/fft_pack.vhd Line: 34
    Info (12022): Found design unit 2: fft_pack-body File: C:/intelFPGA_lite/19.1/Audio_Effects_On_FPGA_Project/Audio_Effects_On_FPGA_Project/FFT/synthesis/submodules/fft_pack.vhd Line: 2136
Info (12021): Found 2 design units, including 1 entities, in source file fft/synthesis/submodules/apn_fft_cmult_cpx.vhd
    Info (12022): Found design unit 1: apn_fft_cmult_cpx-model File: C:/intelFPGA_lite/19.1/Audio_Effects_On_FPGA_Project/Audio_Effects_On_FPGA_Project/FFT/synthesis/submodules/apn_fft_cmult_cpx.vhd Line: 58
    Info (12023): Found entity 1: apn_fft_cmult_cpx File: C:/intelFPGA_lite/19.1/Audio_Effects_On_FPGA_Project/Audio_Effects_On_FPGA_Project/FFT/synthesis/submodules/apn_fft_cmult_cpx.vhd Line: 38
Info (12021): Found 2 design units, including 1 entities, in source file fft/synthesis/submodules/apn_fft_cmult_cpx2.vhd
    Info (12022): Found design unit 1: apn_fft_cmult_cpx2-model File: C:/intelFPGA_lite/19.1/Audio_Effects_On_FPGA_Project/Audio_Effects_On_FPGA_Project/FFT/synthesis/submodules/apn_fft_cmult_cpx2.vhd Line: 57
    Info (12023): Found entity 1: apn_fft_cmult_cpx2 File: C:/intelFPGA_lite/19.1/Audio_Effects_On_FPGA_Project/Audio_Effects_On_FPGA_Project/FFT/synthesis/submodules/apn_fft_cmult_cpx2.vhd Line: 38
Info (12021): Found 2 design units, including 1 entities, in source file fft/synthesis/submodules/apn_fft_mult_can.vhd
    Info (12022): Found design unit 1: apn_fft_mult_can-rtl File: C:/intelFPGA_lite/19.1/Audio_Effects_On_FPGA_Project/Audio_Effects_On_FPGA_Project/FFT/synthesis/submodules/apn_fft_mult_can.vhd Line: 39
    Info (12023): Found entity 1: apn_fft_mult_can File: C:/intelFPGA_lite/19.1/Audio_Effects_On_FPGA_Project/Audio_Effects_On_FPGA_Project/FFT/synthesis/submodules/apn_fft_mult_can.vhd Line: 21
Info (12021): Found 2 design units, including 1 entities, in source file fft/synthesis/submodules/apn_fft_mult_cpx.vhd
    Info (12022): Found design unit 1: apn_fft_mult_cpx-rtl File: C:/intelFPGA_lite/19.1/Audio_Effects_On_FPGA_Project/Audio_Effects_On_FPGA_Project/FFT/synthesis/submodules/apn_fft_mult_cpx.vhd Line: 39
    Info (12023): Found entity 1: apn_fft_mult_cpx File: C:/intelFPGA_lite/19.1/Audio_Effects_On_FPGA_Project/Audio_Effects_On_FPGA_Project/FFT/synthesis/submodules/apn_fft_mult_cpx.vhd Line: 21
Info (12021): Found 2 design units, including 1 entities, in source file fft/synthesis/submodules/asj_fft_1dp_ram.vhd
    Info (12022): Found design unit 1: asj_fft_1dp_ram-syn File: C:/intelFPGA_lite/19.1/Audio_Effects_On_FPGA_Project/Audio_Effects_On_FPGA_Project/FFT/synthesis/submodules/asj_fft_1dp_ram.vhd Line: 64
    Info (12023): Found entity 1: asj_fft_1dp_ram File: C:/intelFPGA_lite/19.1/Audio_Effects_On_FPGA_Project/Audio_Effects_On_FPGA_Project/FFT/synthesis/submodules/asj_fft_1dp_ram.vhd Line: 45
Info (12021): Found 2 design units, including 1 entities, in source file fft/synthesis/submodules/asj_fft_1tdp_rom.vhd
    Info (12022): Found design unit 1: asj_fft_1tdp_rom-syn File: C:/intelFPGA_lite/19.1/Audio_Effects_On_FPGA_Project/Audio_Effects_On_FPGA_Project/FFT/synthesis/submodules/asj_fft_1tdp_rom.vhd Line: 69
    Info (12023): Found entity 1: asj_fft_1tdp_rom File: C:/intelFPGA_lite/19.1/Audio_Effects_On_FPGA_Project/Audio_Effects_On_FPGA_Project/FFT/synthesis/submodules/asj_fft_1tdp_rom.vhd Line: 47
Info (12021): Found 2 design units, including 1 entities, in source file fft/synthesis/submodules/asj_fft_3dp_rom.vhd
    Info (12022): Found design unit 1: asj_fft_3dp_rom-syn File: C:/intelFPGA_lite/19.1/Audio_Effects_On_FPGA_Project/Audio_Effects_On_FPGA_Project/FFT/synthesis/submodules/asj_fft_3dp_rom.vhd Line: 73
    Info (12023): Found entity 1: asj_fft_3dp_rom File: C:/intelFPGA_lite/19.1/Audio_Effects_On_FPGA_Project/Audio_Effects_On_FPGA_Project/FFT/synthesis/submodules/asj_fft_3dp_rom.vhd Line: 48
Info (12021): Found 2 design units, including 1 entities, in source file fft/synthesis/submodules/asj_fft_3pi_mram.vhd
    Info (12022): Found design unit 1: asj_fft_3pi_mram-syn File: C:/intelFPGA_lite/19.1/Audio_Effects_On_FPGA_Project/Audio_Effects_On_FPGA_Project/FFT/synthesis/submodules/asj_fft_3pi_mram.vhd Line: 100
    Info (12023): Found entity 1: asj_fft_3pi_mram File: C:/intelFPGA_lite/19.1/Audio_Effects_On_FPGA_Project/Audio_Effects_On_FPGA_Project/FFT/synthesis/submodules/asj_fft_3pi_mram.vhd Line: 75
Info (12021): Found 2 design units, including 1 entities, in source file fft/synthesis/submodules/asj_fft_3tdp_rom.vhd
    Info (12022): Found design unit 1: asj_fft_3tdp_rom-syn File: C:/intelFPGA_lite/19.1/Audio_Effects_On_FPGA_Project/Audio_Effects_On_FPGA_Project/FFT/synthesis/submodules/asj_fft_3tdp_rom.vhd Line: 87
    Info (12023): Found entity 1: asj_fft_3tdp_rom File: C:/intelFPGA_lite/19.1/Audio_Effects_On_FPGA_Project/Audio_Effects_On_FPGA_Project/FFT/synthesis/submodules/asj_fft_3tdp_rom.vhd Line: 55
Info (12021): Found 2 design units, including 1 entities, in source file fft/synthesis/submodules/asj_fft_4dp_ram.vhd
    Info (12022): Found design unit 1: asj_fft_4dp_ram-syn File: C:/intelFPGA_lite/19.1/Audio_Effects_On_FPGA_Project/Audio_Effects_On_FPGA_Project/FFT/synthesis/submodules/asj_fft_4dp_ram.vhd Line: 68
    Info (12023): Found entity 1: asj_fft_4dp_ram File: C:/intelFPGA_lite/19.1/Audio_Effects_On_FPGA_Project/Audio_Effects_On_FPGA_Project/FFT/synthesis/submodules/asj_fft_4dp_ram.vhd Line: 47
Info (12021): Found 2 design units, including 1 entities, in source file fft/synthesis/submodules/asj_fft_6tdp_rom.vhd
    Info (12022): Found design unit 1: asj_fft_6tdp_rom-syn File: C:/intelFPGA_lite/19.1/Audio_Effects_On_FPGA_Project/Audio_Effects_On_FPGA_Project/FFT/synthesis/submodules/asj_fft_6tdp_rom.vhd Line: 96
    Info (12023): Found entity 1: asj_fft_6tdp_rom File: C:/intelFPGA_lite/19.1/Audio_Effects_On_FPGA_Project/Audio_Effects_On_FPGA_Project/FFT/synthesis/submodules/asj_fft_6tdp_rom.vhd Line: 56
Info (12021): Found 2 design units, including 1 entities, in source file fft/synthesis/submodules/asj_fft_alt_shift_tdl.vhd
    Info (12022): Found design unit 1: asj_fft_alt_shift_tdl-SYN File: C:/intelFPGA_lite/19.1/Audio_Effects_On_FPGA_Project/Audio_Effects_On_FPGA_Project/FFT/synthesis/submodules/asj_fft_alt_shift_tdl.vhd Line: 100
    Info (12023): Found entity 1: asj_fft_alt_shift_tdl File: C:/intelFPGA_lite/19.1/Audio_Effects_On_FPGA_Project/Audio_Effects_On_FPGA_Project/FFT/synthesis/submodules/asj_fft_alt_shift_tdl.vhd Line: 82
Info (12021): Found 2 design units, including 1 entities, in source file fft/synthesis/submodules/asj_fft_bfp_ctrl.vhd
    Info (12022): Found design unit 1: asj_fft_bfp_ctrl-syn File: C:/intelFPGA_lite/19.1/Audio_Effects_On_FPGA_Project/Audio_Effects_On_FPGA_Project/FFT/synthesis/submodules/asj_fft_bfp_ctrl.vhd Line: 62
    Info (12023): Found entity 1: asj_fft_bfp_ctrl File: C:/intelFPGA_lite/19.1/Audio_Effects_On_FPGA_Project/Audio_Effects_On_FPGA_Project/FFT/synthesis/submodules/asj_fft_bfp_ctrl.vhd Line: 40
Info (12021): Found 2 design units, including 1 entities, in source file fft/synthesis/submodules/asj_fft_bfp_i.vhd
    Info (12022): Found design unit 1: asj_fft_bfp_i-input_bfp File: C:/intelFPGA_lite/19.1/Audio_Effects_On_FPGA_Project/Audio_Effects_On_FPGA_Project/FFT/synthesis/submodules/asj_fft_bfp_i.vhd Line: 70
    Info (12023): Found entity 1: asj_fft_bfp_i File: C:/intelFPGA_lite/19.1/Audio_Effects_On_FPGA_Project/Audio_Effects_On_FPGA_Project/FFT/synthesis/submodules/asj_fft_bfp_i.vhd Line: 39
Info (12021): Found 2 design units, including 1 entities, in source file fft/synthesis/submodules/asj_fft_bfp_i_1pt.vhd
    Info (12022): Found design unit 1: asj_fft_bfp_i_1pt-input_bfp File: C:/intelFPGA_lite/19.1/Audio_Effects_On_FPGA_Project/Audio_Effects_On_FPGA_Project/FFT/synthesis/submodules/asj_fft_bfp_i_1pt.vhd Line: 69
    Info (12023): Found entity 1: asj_fft_bfp_i_1pt File: C:/intelFPGA_lite/19.1/Audio_Effects_On_FPGA_Project/Audio_Effects_On_FPGA_Project/FFT/synthesis/submodules/asj_fft_bfp_i_1pt.vhd Line: 39
Info (12021): Found 2 design units, including 1 entities, in source file fft/synthesis/submodules/asj_fft_bfp_o.vhd
    Info (12022): Found design unit 1: asj_fft_bfp_o-output_bfp File: C:/intelFPGA_lite/19.1/Audio_Effects_On_FPGA_Project/Audio_Effects_On_FPGA_Project/FFT/synthesis/submodules/asj_fft_bfp_o.vhd Line: 76
    Info (12023): Found entity 1: asj_fft_bfp_o File: C:/intelFPGA_lite/19.1/Audio_Effects_On_FPGA_Project/Audio_Effects_On_FPGA_Project/FFT/synthesis/submodules/asj_fft_bfp_o.vhd Line: 45
Info (12021): Found 2 design units, including 1 entities, in source file fft/synthesis/submodules/asj_fft_bfp_o_1pt.vhd
    Info (12022): Found design unit 1: asj_fft_bfp_o_1pt-output_bfp File: C:/intelFPGA_lite/19.1/Audio_Effects_On_FPGA_Project/Audio_Effects_On_FPGA_Project/FFT/synthesis/submodules/asj_fft_bfp_o_1pt.vhd Line: 60
    Info (12023): Found entity 1: asj_fft_bfp_o_1pt File: C:/intelFPGA_lite/19.1/Audio_Effects_On_FPGA_Project/Audio_Effects_On_FPGA_Project/FFT/synthesis/submodules/asj_fft_bfp_o_1pt.vhd Line: 35
Info (12021): Found 2 design units, including 1 entities, in source file fft/synthesis/submodules/asj_fft_burst_ctrl.vhd
    Info (12022): Found design unit 1: asj_fft_burst_ctrl-burst_sw File: C:/intelFPGA_lite/19.1/Audio_Effects_On_FPGA_Project/Audio_Effects_On_FPGA_Project/FFT/synthesis/submodules/asj_fft_burst_ctrl.vhd Line: 92
    Info (12023): Found entity 1: asj_fft_burst_ctrl File: C:/intelFPGA_lite/19.1/Audio_Effects_On_FPGA_Project/Audio_Effects_On_FPGA_Project/FFT/synthesis/submodules/asj_fft_burst_ctrl.vhd Line: 41
Info (12021): Found 2 design units, including 1 entities, in source file fft/synthesis/submodules/asj_fft_burst_ctrl_de.vhd
    Info (12022): Found design unit 1: asj_fft_burst_ctrl_de-cnt_sw File: C:/intelFPGA_lite/19.1/Audio_Effects_On_FPGA_Project/Audio_Effects_On_FPGA_Project/FFT/synthesis/submodules/asj_fft_burst_ctrl_de.vhd Line: 101
    Info (12023): Found entity 1: asj_fft_burst_ctrl_de File: C:/intelFPGA_lite/19.1/Audio_Effects_On_FPGA_Project/Audio_Effects_On_FPGA_Project/FFT/synthesis/submodules/asj_fft_burst_ctrl_de.vhd Line: 39
Info (12021): Found 2 design units, including 1 entities, in source file fft/synthesis/submodules/asj_fft_burst_ctrl_qe.vhd
    Info (12022): Found design unit 1: asj_fft_burst_ctrl_qe-cnt_sw File: C:/intelFPGA_lite/19.1/Audio_Effects_On_FPGA_Project/Audio_Effects_On_FPGA_Project/FFT/synthesis/submodules/asj_fft_burst_ctrl_qe.vhd Line: 126
    Info (12023): Found entity 1: asj_fft_burst_ctrl_qe File: C:/intelFPGA_lite/19.1/Audio_Effects_On_FPGA_Project/Audio_Effects_On_FPGA_Project/FFT/synthesis/submodules/asj_fft_burst_ctrl_qe.vhd Line: 39
Info (12021): Found 2 design units, including 1 entities, in source file fft/synthesis/submodules/asj_fft_cmult_can.vhd
    Info (12022): Found design unit 1: asj_fft_cmult_can-model File: C:/intelFPGA_lite/19.1/Audio_Effects_On_FPGA_Project/Audio_Effects_On_FPGA_Project/FFT/synthesis/submodules/asj_fft_cmult_can.vhd Line: 65
    Info (12023): Found entity 1: asj_fft_cmult_can File: C:/intelFPGA_lite/19.1/Audio_Effects_On_FPGA_Project/Audio_Effects_On_FPGA_Project/FFT/synthesis/submodules/asj_fft_cmult_can.vhd Line: 44
Info (12021): Found 2 design units, including 1 entities, in source file fft/synthesis/submodules/asj_fft_cmult_std.vhd
    Info (12022): Found design unit 1: asj_fft_cmult_std-model File: C:/intelFPGA_lite/19.1/Audio_Effects_On_FPGA_Project/Audio_Effects_On_FPGA_Project/FFT/synthesis/submodules/asj_fft_cmult_std.vhd Line: 62
    Info (12023): Found entity 1: asj_fft_cmult_std File: C:/intelFPGA_lite/19.1/Audio_Effects_On_FPGA_Project/Audio_Effects_On_FPGA_Project/FFT/synthesis/submodules/asj_fft_cmult_std.vhd Line: 43
Info (12021): Found 2 design units, including 1 entities, in source file fft/synthesis/submodules/asj_fft_cnt_ctrl.vhd
    Info (12022): Found design unit 1: asj_fft_cnt_ctrl-cnt_sw File: C:/intelFPGA_lite/19.1/Audio_Effects_On_FPGA_Project/Audio_Effects_On_FPGA_Project/FFT/synthesis/submodules/asj_fft_cnt_ctrl.vhd Line: 86
    Info (12023): Found entity 1: asj_fft_cnt_ctrl File: C:/intelFPGA_lite/19.1/Audio_Effects_On_FPGA_Project/Audio_Effects_On_FPGA_Project/FFT/synthesis/submodules/asj_fft_cnt_ctrl.vhd Line: 35
Info (12021): Found 2 design units, including 1 entities, in source file fft/synthesis/submodules/asj_fft_cnt_ctrl_de.vhd
    Info (12022): Found design unit 1: asj_fft_cnt_ctrl_de-cnt_sw File: C:/intelFPGA_lite/19.1/Audio_Effects_On_FPGA_Project/Audio_Effects_On_FPGA_Project/FFT/synthesis/submodules/asj_fft_cnt_ctrl_de.vhd Line: 98
    Info (12023): Found entity 1: asj_fft_cnt_ctrl_de File: C:/intelFPGA_lite/19.1/Audio_Effects_On_FPGA_Project/Audio_Effects_On_FPGA_Project/FFT/synthesis/submodules/asj_fft_cnt_ctrl_de.vhd Line: 36
Info (12021): Found 2 design units, including 1 entities, in source file fft/synthesis/submodules/asj_fft_cxb_addr.vhd
    Info (12022): Found design unit 1: asj_fft_cxb_addr-syn File: C:/intelFPGA_lite/19.1/Audio_Effects_On_FPGA_Project/Audio_Effects_On_FPGA_Project/FFT/synthesis/submodules/asj_fft_cxb_addr.vhd Line: 60
    Info (12023): Found entity 1: asj_fft_cxb_addr File: C:/intelFPGA_lite/19.1/Audio_Effects_On_FPGA_Project/Audio_Effects_On_FPGA_Project/FFT/synthesis/submodules/asj_fft_cxb_addr.vhd Line: 37
Info (12021): Found 2 design units, including 1 entities, in source file fft/synthesis/submodules/asj_fft_cxb_data.vhd
    Info (12022): Found design unit 1: asj_fft_cxb_data-syn File: C:/intelFPGA_lite/19.1/Audio_Effects_On_FPGA_Project/Audio_Effects_On_FPGA_Project/FFT/synthesis/submodules/asj_fft_cxb_data.vhd Line: 66
    Info (12023): Found entity 1: asj_fft_cxb_data File: C:/intelFPGA_lite/19.1/Audio_Effects_On_FPGA_Project/Audio_Effects_On_FPGA_Project/FFT/synthesis/submodules/asj_fft_cxb_data.vhd Line: 44
Info (12021): Found 2 design units, including 1 entities, in source file fft/synthesis/submodules/asj_fft_cxb_data_mram.vhd
    Info (12022): Found design unit 1: asj_fft_cxb_data_mram-syn File: C:/intelFPGA_lite/19.1/Audio_Effects_On_FPGA_Project/Audio_Effects_On_FPGA_Project/FFT/synthesis/submodules/asj_fft_cxb_data_mram.vhd Line: 67
    Info (12023): Found entity 1: asj_fft_cxb_data_mram File: C:/intelFPGA_lite/19.1/Audio_Effects_On_FPGA_Project/Audio_Effects_On_FPGA_Project/FFT/synthesis/submodules/asj_fft_cxb_data_mram.vhd Line: 38
Info (12021): Found 2 design units, including 1 entities, in source file fft/synthesis/submodules/asj_fft_cxb_data_r.vhd
    Info (12022): Found design unit 1: asj_fft_cxb_data_r-syn File: C:/intelFPGA_lite/19.1/Audio_Effects_On_FPGA_Project/Audio_Effects_On_FPGA_Project/FFT/synthesis/submodules/asj_fft_cxb_data_r.vhd Line: 66
    Info (12023): Found entity 1: asj_fft_cxb_data_r File: C:/intelFPGA_lite/19.1/Audio_Effects_On_FPGA_Project/Audio_Effects_On_FPGA_Project/FFT/synthesis/submodules/asj_fft_cxb_data_r.vhd Line: 44
Info (12021): Found 2 design units, including 1 entities, in source file fft/synthesis/submodules/asj_fft_dataadgen.vhd
    Info (12022): Found design unit 1: asj_fft_dataadgen-gen_all File: C:/intelFPGA_lite/19.1/Audio_Effects_On_FPGA_Project/Audio_Effects_On_FPGA_Project/FFT/synthesis/submodules/asj_fft_dataadgen.vhd Line: 60
    Info (12023): Found entity 1: asj_fft_dataadgen File: C:/intelFPGA_lite/19.1/Audio_Effects_On_FPGA_Project/Audio_Effects_On_FPGA_Project/FFT/synthesis/submodules/asj_fft_dataadgen.vhd Line: 38
Info (12021): Found 2 design units, including 1 entities, in source file fft/synthesis/submodules/asj_fft_data_ram.vhd
    Info (12022): Found design unit 1: asj_fft_data_ram-SYN File: C:/intelFPGA_lite/19.1/Audio_Effects_On_FPGA_Project/Audio_Effects_On_FPGA_Project/FFT/synthesis/submodules/asj_fft_data_ram.vhd Line: 61
    Info (12023): Found entity 1: asj_fft_data_ram File: C:/intelFPGA_lite/19.1/Audio_Effects_On_FPGA_Project/Audio_Effects_On_FPGA_Project/FFT/synthesis/submodules/asj_fft_data_ram.vhd Line: 40
Info (12021): Found 2 design units, including 1 entities, in source file fft/synthesis/submodules/asj_fft_data_ram_dp.vhd
    Info (12022): Found design unit 1: asj_fft_data_ram_dp-SYN File: C:/intelFPGA_lite/19.1/Audio_Effects_On_FPGA_Project/Audio_Effects_On_FPGA_Project/FFT/synthesis/submodules/asj_fft_data_ram_dp.vhd Line: 63
    Info (12023): Found entity 1: asj_fft_data_ram_dp File: C:/intelFPGA_lite/19.1/Audio_Effects_On_FPGA_Project/Audio_Effects_On_FPGA_Project/FFT/synthesis/submodules/asj_fft_data_ram_dp.vhd Line: 40
Info (12021): Found 2 design units, including 1 entities, in source file fft/synthesis/submodules/asj_fft_dft_bfp.vhd
    Info (12022): Found design unit 1: asj_fft_dft_bfp-dft_r4 File: C:/intelFPGA_lite/19.1/Audio_Effects_On_FPGA_Project/Audio_Effects_On_FPGA_Project/FFT/synthesis/submodules/asj_fft_dft_bfp.vhd Line: 95
    Info (12023): Found entity 1: asj_fft_dft_bfp File: C:/intelFPGA_lite/19.1/Audio_Effects_On_FPGA_Project/Audio_Effects_On_FPGA_Project/FFT/synthesis/submodules/asj_fft_dft_bfp.vhd Line: 42
Info (12021): Found 2 design units, including 1 entities, in source file fft/synthesis/submodules/asj_fft_dft_bfp_sgl.vhd
    Info (12022): Found design unit 1: asj_fft_dft_bfp_sgl-dft_r4 File: C:/intelFPGA_lite/19.1/Audio_Effects_On_FPGA_Project/Audio_Effects_On_FPGA_Project/FFT/synthesis/submodules/asj_fft_dft_bfp_sgl.vhd Line: 80
    Info (12023): Found entity 1: asj_fft_dft_bfp_sgl File: C:/intelFPGA_lite/19.1/Audio_Effects_On_FPGA_Project/Audio_Effects_On_FPGA_Project/FFT/synthesis/submodules/asj_fft_dft_bfp_sgl.vhd Line: 42
Info (12021): Found 2 design units, including 1 entities, in source file fft/synthesis/submodules/asj_fft_dpi_mram.vhd
    Info (12022): Found design unit 1: asj_fft_dpi_mram-syn File: C:/intelFPGA_lite/19.1/Audio_Effects_On_FPGA_Project/Audio_Effects_On_FPGA_Project/FFT/synthesis/submodules/asj_fft_dpi_mram.vhd Line: 98
    Info (12023): Found entity 1: asj_fft_dpi_mram File: C:/intelFPGA_lite/19.1/Audio_Effects_On_FPGA_Project/Audio_Effects_On_FPGA_Project/FFT/synthesis/submodules/asj_fft_dpi_mram.vhd Line: 76
Info (12021): Found 2 design units, including 1 entities, in source file fft/synthesis/submodules/asj_fft_dp_mram.vhd
    Info (12022): Found design unit 1: asj_fft_dp_mram-syn File: C:/intelFPGA_lite/19.1/Audio_Effects_On_FPGA_Project/Audio_Effects_On_FPGA_Project/FFT/synthesis/submodules/asj_fft_dp_mram.vhd Line: 92
    Info (12023): Found entity 1: asj_fft_dp_mram File: C:/intelFPGA_lite/19.1/Audio_Effects_On_FPGA_Project/Audio_Effects_On_FPGA_Project/FFT/synthesis/submodules/asj_fft_dp_mram.vhd Line: 73
Info (12021): Found 2 design units, including 1 entities, in source file fft/synthesis/submodules/asj_fft_dualstream.vhd
    Info (12022): Found design unit 1: asj_fft_dualstream-transform File: C:/intelFPGA_lite/19.1/Audio_Effects_On_FPGA_Project/Audio_Effects_On_FPGA_Project/FFT/synthesis/submodules/asj_fft_dualstream.vhd Line: 88
    Info (12023): Found entity 1: asj_fft_dualstream File: C:/intelFPGA_lite/19.1/Audio_Effects_On_FPGA_Project/Audio_Effects_On_FPGA_Project/FFT/synthesis/submodules/asj_fft_dualstream.vhd Line: 40
Info (12021): Found 2 design units, including 1 entities, in source file fft/synthesis/submodules/asj_fft_in_write_sgl.vhd
    Info (12022): Found design unit 1: asj_fft_in_write_sgl-writer File: C:/intelFPGA_lite/19.1/Audio_Effects_On_FPGA_Project/Audio_Effects_On_FPGA_Project/FFT/synthesis/submodules/asj_fft_in_write_sgl.vhd Line: 66
    Info (12023): Found entity 1: asj_fft_in_write_sgl File: C:/intelFPGA_lite/19.1/Audio_Effects_On_FPGA_Project/Audio_Effects_On_FPGA_Project/FFT/synthesis/submodules/asj_fft_in_write_sgl.vhd Line: 35
Info (12021): Found 2 design units, including 1 entities, in source file fft/synthesis/submodules/asj_fft_lcm_mult.vhd
    Info (12022): Found design unit 1: asj_fft_lcm_mult-mult File: C:/intelFPGA_lite/19.1/Audio_Effects_On_FPGA_Project/Audio_Effects_On_FPGA_Project/FFT/synthesis/submodules/asj_fft_lcm_mult.vhd Line: 62
    Info (12023): Found entity 1: asj_fft_lcm_mult File: C:/intelFPGA_lite/19.1/Audio_Effects_On_FPGA_Project/Audio_Effects_On_FPGA_Project/FFT/synthesis/submodules/asj_fft_lcm_mult.vhd Line: 43
Info (12021): Found 2 design units, including 1 entities, in source file fft/synthesis/submodules/asj_fft_lcm_mult_2m.vhd
    Info (12022): Found design unit 1: asj_fft_lcm_mult_2m-mult File: C:/intelFPGA_lite/19.1/Audio_Effects_On_FPGA_Project/Audio_Effects_On_FPGA_Project/FFT/synthesis/submodules/asj_fft_lcm_mult_2m.vhd Line: 64
    Info (12023): Found entity 1: asj_fft_lcm_mult_2m File: C:/intelFPGA_lite/19.1/Audio_Effects_On_FPGA_Project/Audio_Effects_On_FPGA_Project/FFT/synthesis/submodules/asj_fft_lcm_mult_2m.vhd Line: 45
Info (12021): Found 2 design units, including 1 entities, in source file fft/synthesis/submodules/asj_fft_lpp.vhd
    Info (12022): Found design unit 1: asj_fft_lpp-dft File: C:/intelFPGA_lite/19.1/Audio_Effects_On_FPGA_Project/Audio_Effects_On_FPGA_Project/FFT/synthesis/submodules/asj_fft_lpp.vhd Line: 67
    Info (12023): Found entity 1: asj_fft_lpp File: C:/intelFPGA_lite/19.1/Audio_Effects_On_FPGA_Project/Audio_Effects_On_FPGA_Project/FFT/synthesis/submodules/asj_fft_lpp.vhd Line: 36
Info (12021): Found 2 design units, including 1 entities, in source file fft/synthesis/submodules/asj_fft_lpprdadgen.vhd
    Info (12022): Found design unit 1: asj_fft_lpprdadgen-gen_all File: C:/intelFPGA_lite/19.1/Audio_Effects_On_FPGA_Project/Audio_Effects_On_FPGA_Project/FFT/synthesis/submodules/asj_fft_lpprdadgen.vhd Line: 63
    Info (12023): Found entity 1: asj_fft_lpprdadgen File: C:/intelFPGA_lite/19.1/Audio_Effects_On_FPGA_Project/Audio_Effects_On_FPGA_Project/FFT/synthesis/submodules/asj_fft_lpprdadgen.vhd Line: 37
Info (12021): Found 2 design units, including 1 entities, in source file fft/synthesis/submodules/asj_fft_lpprdadr2gen.vhd
    Info (12022): Found design unit 1: asj_fft_lpprdadr2gen-gen_all File: C:/intelFPGA_lite/19.1/Audio_Effects_On_FPGA_Project/Audio_Effects_On_FPGA_Project/FFT/synthesis/submodules/asj_fft_lpprdadr2gen.vhd Line: 63
    Info (12023): Found entity 1: asj_fft_lpprdadr2gen File: C:/intelFPGA_lite/19.1/Audio_Effects_On_FPGA_Project/Audio_Effects_On_FPGA_Project/FFT/synthesis/submodules/asj_fft_lpprdadr2gen.vhd Line: 37
Info (12021): Found 2 design units, including 1 entities, in source file fft/synthesis/submodules/asj_fft_lpp_serial.vhd
    Info (12022): Found design unit 1: asj_fft_lpp_serial-lp File: C:/intelFPGA_lite/19.1/Audio_Effects_On_FPGA_Project/Audio_Effects_On_FPGA_Project/FFT/synthesis/submodules/asj_fft_lpp_serial.vhd Line: 65
    Info (12023): Found entity 1: asj_fft_lpp_serial File: C:/intelFPGA_lite/19.1/Audio_Effects_On_FPGA_Project/Audio_Effects_On_FPGA_Project/FFT/synthesis/submodules/asj_fft_lpp_serial.vhd Line: 37
Info (12021): Found 2 design units, including 1 entities, in source file fft/synthesis/submodules/asj_fft_lpp_serial_r2.vhd
    Info (12022): Found design unit 1: asj_fft_lpp_serial_r2-lp File: C:/intelFPGA_lite/19.1/Audio_Effects_On_FPGA_Project/Audio_Effects_On_FPGA_Project/FFT/synthesis/submodules/asj_fft_lpp_serial_r2.vhd Line: 63
    Info (12023): Found entity 1: asj_fft_lpp_serial_r2 File: C:/intelFPGA_lite/19.1/Audio_Effects_On_FPGA_Project/Audio_Effects_On_FPGA_Project/FFT/synthesis/submodules/asj_fft_lpp_serial_r2.vhd Line: 39
Info (12021): Found 2 design units, including 1 entities, in source file fft/synthesis/submodules/asj_fft_mult_add.vhd
    Info (12022): Found design unit 1: asj_fft_mult_add-syn File: C:/intelFPGA_lite/19.1/Audio_Effects_On_FPGA_Project/Audio_Effects_On_FPGA_Project/FFT/synthesis/submodules/asj_fft_mult_add.vhd Line: 97
    Info (12023): Found entity 1: asj_fft_mult_add File: C:/intelFPGA_lite/19.1/Audio_Effects_On_FPGA_Project/Audio_Effects_On_FPGA_Project/FFT/synthesis/submodules/asj_fft_mult_add.vhd Line: 77
Info (12021): Found 2 design units, including 1 entities, in source file fft/synthesis/submodules/asj_fft_m_k_counter.vhd
    Info (12022): Found design unit 1: asj_fft_m_k_counter-gen_all File: C:/intelFPGA_lite/19.1/Audio_Effects_On_FPGA_Project/Audio_Effects_On_FPGA_Project/FFT/synthesis/submodules/asj_fft_m_k_counter.vhd Line: 59
    Info (12023): Found entity 1: asj_fft_m_k_counter File: C:/intelFPGA_lite/19.1/Audio_Effects_On_FPGA_Project/Audio_Effects_On_FPGA_Project/FFT/synthesis/submodules/asj_fft_m_k_counter.vhd Line: 35
Info (12021): Found 2 design units, including 1 entities, in source file fft/synthesis/submodules/asj_fft_pround.vhd
    Info (12022): Found design unit 1: asj_fft_pround-AROUNDPIPE_SYNTH File: C:/intelFPGA_lite/19.1/Audio_Effects_On_FPGA_Project/Audio_Effects_On_FPGA_Project/FFT/synthesis/submodules/asj_fft_pround.vhd Line: 57
    Info (12023): Found entity 1: asj_fft_pround File: C:/intelFPGA_lite/19.1/Audio_Effects_On_FPGA_Project/Audio_Effects_On_FPGA_Project/FFT/synthesis/submodules/asj_fft_pround.vhd Line: 42
Info (12021): Found 2 design units, including 1 entities, in source file fft/synthesis/submodules/asj_fft_sglstream.vhd
    Info (12022): Found design unit 1: asj_fft_sglstream-transform File: C:/intelFPGA_lite/19.1/Audio_Effects_On_FPGA_Project/Audio_Effects_On_FPGA_Project/FFT/synthesis/submodules/asj_fft_sglstream.vhd Line: 90
    Info (12023): Found entity 1: asj_fft_sglstream File: C:/intelFPGA_lite/19.1/Audio_Effects_On_FPGA_Project/Audio_Effects_On_FPGA_Project/FFT/synthesis/submodules/asj_fft_sglstream.vhd Line: 42
Info (12021): Found 2 design units, including 1 entities, in source file fft/synthesis/submodules/asj_fft_si_de_so_b.vhd
    Info (12022): Found design unit 1: asj_fft_si_de_so_b-transform File: C:/intelFPGA_lite/19.1/Audio_Effects_On_FPGA_Project/Audio_Effects_On_FPGA_Project/FFT/synthesis/submodules/asj_fft_si_de_so_b.vhd Line: 89
    Info (12023): Found entity 1: asj_fft_si_de_so_b File: C:/intelFPGA_lite/19.1/Audio_Effects_On_FPGA_Project/Audio_Effects_On_FPGA_Project/FFT/synthesis/submodules/asj_fft_si_de_so_b.vhd Line: 41
Info (12021): Found 2 design units, including 1 entities, in source file fft/synthesis/submodules/asj_fft_si_de_so_bb.vhd
    Info (12022): Found design unit 1: asj_fft_si_de_so_bb-transform File: C:/intelFPGA_lite/19.1/Audio_Effects_On_FPGA_Project/Audio_Effects_On_FPGA_Project/FFT/synthesis/submodules/asj_fft_si_de_so_bb.vhd Line: 90
    Info (12023): Found entity 1: asj_fft_si_de_so_bb File: C:/intelFPGA_lite/19.1/Audio_Effects_On_FPGA_Project/Audio_Effects_On_FPGA_Project/FFT/synthesis/submodules/asj_fft_si_de_so_bb.vhd Line: 42
Info (12021): Found 2 design units, including 1 entities, in source file fft/synthesis/submodules/asj_fft_si_qe_so_b.vhd
    Info (12022): Found design unit 1: asj_fft_si_qe_so_b-transform File: C:/intelFPGA_lite/19.1/Audio_Effects_On_FPGA_Project/Audio_Effects_On_FPGA_Project/FFT/synthesis/submodules/asj_fft_si_qe_so_b.vhd Line: 96
    Info (12023): Found entity 1: asj_fft_si_qe_so_b File: C:/intelFPGA_lite/19.1/Audio_Effects_On_FPGA_Project/Audio_Effects_On_FPGA_Project/FFT/synthesis/submodules/asj_fft_si_qe_so_b.vhd Line: 39
Info (12021): Found 2 design units, including 1 entities, in source file fft/synthesis/submodules/asj_fft_si_qe_so_bb.vhd
    Info (12022): Found design unit 1: asj_fft_si_qe_so_bb-transform File: C:/intelFPGA_lite/19.1/Audio_Effects_On_FPGA_Project/Audio_Effects_On_FPGA_Project/FFT/synthesis/submodules/asj_fft_si_qe_so_bb.vhd Line: 97
    Info (12023): Found entity 1: asj_fft_si_qe_so_bb File: C:/intelFPGA_lite/19.1/Audio_Effects_On_FPGA_Project/Audio_Effects_On_FPGA_Project/FFT/synthesis/submodules/asj_fft_si_qe_so_bb.vhd Line: 40
Info (12021): Found 2 design units, including 1 entities, in source file fft/synthesis/submodules/asj_fft_si_se_so_b.vhd
    Info (12022): Found design unit 1: asj_fft_si_se_so_b-transform File: C:/intelFPGA_lite/19.1/Audio_Effects_On_FPGA_Project/Audio_Effects_On_FPGA_Project/FFT/synthesis/submodules/asj_fft_si_se_so_b.vhd Line: 85
    Info (12023): Found entity 1: asj_fft_si_se_so_b File: C:/intelFPGA_lite/19.1/Audio_Effects_On_FPGA_Project/Audio_Effects_On_FPGA_Project/FFT/synthesis/submodules/asj_fft_si_se_so_b.vhd Line: 37
Info (12021): Found 2 design units, including 1 entities, in source file fft/synthesis/submodules/asj_fft_si_se_so_bb.vhd
    Info (12022): Found design unit 1: asj_fft_si_se_so_bb-transform File: C:/intelFPGA_lite/19.1/Audio_Effects_On_FPGA_Project/Audio_Effects_On_FPGA_Project/FFT/synthesis/submodules/asj_fft_si_se_so_bb.vhd Line: 88
    Info (12023): Found entity 1: asj_fft_si_se_so_bb File: C:/intelFPGA_lite/19.1/Audio_Effects_On_FPGA_Project/Audio_Effects_On_FPGA_Project/FFT/synthesis/submodules/asj_fft_si_se_so_bb.vhd Line: 40
Info (12021): Found 2 design units, including 1 entities, in source file fft/synthesis/submodules/asj_fft_si_sose_so_b.vhd
    Info (12022): Found design unit 1: asj_fft_si_sose_so_b-transform File: C:/intelFPGA_lite/19.1/Audio_Effects_On_FPGA_Project/Audio_Effects_On_FPGA_Project/FFT/synthesis/submodules/asj_fft_si_sose_so_b.vhd Line: 85
    Info (12023): Found entity 1: asj_fft_si_sose_so_b File: C:/intelFPGA_lite/19.1/Audio_Effects_On_FPGA_Project/Audio_Effects_On_FPGA_Project/FFT/synthesis/submodules/asj_fft_si_sose_so_b.vhd Line: 37
Info (12021): Found 2 design units, including 1 entities, in source file fft/synthesis/submodules/asj_fft_tdl.vhd
    Info (12022): Found design unit 1: asj_fft_tdl-syn File: C:/intelFPGA_lite/19.1/Audio_Effects_On_FPGA_Project/Audio_Effects_On_FPGA_Project/FFT/synthesis/submodules/asj_fft_tdl.vhd Line: 58
    Info (12023): Found entity 1: asj_fft_tdl File: C:/intelFPGA_lite/19.1/Audio_Effects_On_FPGA_Project/Audio_Effects_On_FPGA_Project/FFT/synthesis/submodules/asj_fft_tdl.vhd Line: 42
Info (12021): Found 2 design units, including 1 entities, in source file fft/synthesis/submodules/asj_fft_tdl_bit.vhd
    Info (12022): Found design unit 1: asj_fft_tdl_bit-syn File: C:/intelFPGA_lite/19.1/Audio_Effects_On_FPGA_Project/Audio_Effects_On_FPGA_Project/FFT/synthesis/submodules/asj_fft_tdl_bit.vhd Line: 51
    Info (12023): Found entity 1: asj_fft_tdl_bit File: C:/intelFPGA_lite/19.1/Audio_Effects_On_FPGA_Project/Audio_Effects_On_FPGA_Project/FFT/synthesis/submodules/asj_fft_tdl_bit.vhd Line: 37
Info (12021): Found 2 design units, including 1 entities, in source file fft/synthesis/submodules/asj_fft_tdl_bit_rst.vhd
    Info (12022): Found design unit 1: asj_fft_tdl_bit_rst-syn File: C:/intelFPGA_lite/19.1/Audio_Effects_On_FPGA_Project/Audio_Effects_On_FPGA_Project/FFT/synthesis/submodules/asj_fft_tdl_bit_rst.vhd Line: 51
    Info (12023): Found entity 1: asj_fft_tdl_bit_rst File: C:/intelFPGA_lite/19.1/Audio_Effects_On_FPGA_Project/Audio_Effects_On_FPGA_Project/FFT/synthesis/submodules/asj_fft_tdl_bit_rst.vhd Line: 37
Info (12021): Found 2 design units, including 1 entities, in source file fft/synthesis/submodules/asj_fft_tdl_rst.vhd
    Info (12022): Found design unit 1: asj_fft_tdl_rst-syn File: C:/intelFPGA_lite/19.1/Audio_Effects_On_FPGA_Project/Audio_Effects_On_FPGA_Project/FFT/synthesis/submodules/asj_fft_tdl_rst.vhd Line: 57
    Info (12023): Found entity 1: asj_fft_tdl_rst File: C:/intelFPGA_lite/19.1/Audio_Effects_On_FPGA_Project/Audio_Effects_On_FPGA_Project/FFT/synthesis/submodules/asj_fft_tdl_rst.vhd Line: 42
Info (12021): Found 2 design units, including 1 entities, in source file fft/synthesis/submodules/asj_fft_twadgen.vhd
    Info (12022): Found design unit 1: asj_fft_twadgen-gen_all File: C:/intelFPGA_lite/19.1/Audio_Effects_On_FPGA_Project/Audio_Effects_On_FPGA_Project/FFT/synthesis/submodules/asj_fft_twadgen.vhd Line: 54
    Info (12023): Found entity 1: asj_fft_twadgen File: C:/intelFPGA_lite/19.1/Audio_Effects_On_FPGA_Project/Audio_Effects_On_FPGA_Project/FFT/synthesis/submodules/asj_fft_twadgen.vhd Line: 37
Info (12021): Found 2 design units, including 1 entities, in source file fft/synthesis/submodules/asj_fft_twadgen_dual.vhd
    Info (12022): Found design unit 1: asj_fft_twadgen_dual-gen_all File: C:/intelFPGA_lite/19.1/Audio_Effects_On_FPGA_Project/Audio_Effects_On_FPGA_Project/FFT/synthesis/submodules/asj_fft_twadgen_dual.vhd Line: 55
    Info (12023): Found entity 1: asj_fft_twadgen_dual File: C:/intelFPGA_lite/19.1/Audio_Effects_On_FPGA_Project/Audio_Effects_On_FPGA_Project/FFT/synthesis/submodules/asj_fft_twadgen_dual.vhd Line: 37
Info (12021): Found 2 design units, including 1 entities, in source file fft/synthesis/submodules/asj_fft_twadsogen.vhd
    Info (12022): Found design unit 1: asj_fft_twadsogen-gen_all File: C:/intelFPGA_lite/19.1/Audio_Effects_On_FPGA_Project/Audio_Effects_On_FPGA_Project/FFT/synthesis/submodules/asj_fft_twadsogen.vhd Line: 54
    Info (12023): Found entity 1: asj_fft_twadsogen File: C:/intelFPGA_lite/19.1/Audio_Effects_On_FPGA_Project/Audio_Effects_On_FPGA_Project/FFT/synthesis/submodules/asj_fft_twadsogen.vhd Line: 36
Info (12021): Found 2 design units, including 1 entities, in source file fft/synthesis/submodules/asj_fft_twadsogen_q.vhd
    Info (12022): Found design unit 1: asj_fft_twadsogen_q-gen_all File: C:/intelFPGA_lite/19.1/Audio_Effects_On_FPGA_Project/Audio_Effects_On_FPGA_Project/FFT/synthesis/submodules/asj_fft_twadsogen_q.vhd Line: 55
    Info (12023): Found entity 1: asj_fft_twadsogen_q File: C:/intelFPGA_lite/19.1/Audio_Effects_On_FPGA_Project/Audio_Effects_On_FPGA_Project/FFT/synthesis/submodules/asj_fft_twadsogen_q.vhd Line: 36
Info (12021): Found 2 design units, including 1 entities, in source file fft/synthesis/submodules/asj_fft_twiddle_ctrl_qe.vhd
    Info (12022): Found design unit 1: asj_fft_twiddle_ctrl_qe-cnt_sw File: C:/intelFPGA_lite/19.1/Audio_Effects_On_FPGA_Project/Audio_Effects_On_FPGA_Project/FFT/synthesis/submodules/asj_fft_twiddle_ctrl_qe.vhd Line: 86
    Info (12023): Found entity 1: asj_fft_twiddle_ctrl_qe File: C:/intelFPGA_lite/19.1/Audio_Effects_On_FPGA_Project/Audio_Effects_On_FPGA_Project/FFT/synthesis/submodules/asj_fft_twiddle_ctrl_qe.vhd Line: 37
Info (12021): Found 2 design units, including 1 entities, in source file fft/synthesis/submodules/asj_fft_twid_rom_tdp.vhd
    Info (12022): Found design unit 1: asj_fft_twid_rom_tdp-SYN File: C:/intelFPGA_lite/19.1/Audio_Effects_On_FPGA_Project/Audio_Effects_On_FPGA_Project/FFT/synthesis/submodules/asj_fft_twid_rom_tdp.vhd Line: 59
    Info (12023): Found entity 1: asj_fft_twid_rom_tdp File: C:/intelFPGA_lite/19.1/Audio_Effects_On_FPGA_Project/Audio_Effects_On_FPGA_Project/FFT/synthesis/submodules/asj_fft_twid_rom_tdp.vhd Line: 39
Info (12021): Found 2 design units, including 1 entities, in source file fft/synthesis/submodules/asj_fft_unbburst_ctrl.vhd
    Info (12022): Found design unit 1: asj_fft_unbburst_ctrl-burst_sw File: C:/intelFPGA_lite/19.1/Audio_Effects_On_FPGA_Project/Audio_Effects_On_FPGA_Project/FFT/synthesis/submodules/asj_fft_unbburst_ctrl.vhd Line: 85
    Info (12023): Found entity 1: asj_fft_unbburst_ctrl File: C:/intelFPGA_lite/19.1/Audio_Effects_On_FPGA_Project/Audio_Effects_On_FPGA_Project/FFT/synthesis/submodules/asj_fft_unbburst_ctrl.vhd Line: 34
Info (12021): Found 2 design units, including 1 entities, in source file fft/synthesis/submodules/asj_fft_unbburst_ctrl_de.vhd
    Info (12022): Found design unit 1: asj_fft_unbburst_ctrl_de-cnt_sw File: C:/intelFPGA_lite/19.1/Audio_Effects_On_FPGA_Project/Audio_Effects_On_FPGA_Project/FFT/synthesis/submodules/asj_fft_unbburst_ctrl_de.vhd Line: 94
    Info (12023): Found entity 1: asj_fft_unbburst_ctrl_de File: C:/intelFPGA_lite/19.1/Audio_Effects_On_FPGA_Project/Audio_Effects_On_FPGA_Project/FFT/synthesis/submodules/asj_fft_unbburst_ctrl_de.vhd Line: 34
Info (12021): Found 2 design units, including 1 entities, in source file fft/synthesis/submodules/asj_fft_unbburst_ctrl_qe.vhd
    Info (12022): Found design unit 1: asj_fft_unbburst_ctrl_qe-cnt_sw File: C:/intelFPGA_lite/19.1/Audio_Effects_On_FPGA_Project/Audio_Effects_On_FPGA_Project/FFT/synthesis/submodules/asj_fft_unbburst_ctrl_qe.vhd Line: 119
    Info (12023): Found entity 1: asj_fft_unbburst_ctrl_qe File: C:/intelFPGA_lite/19.1/Audio_Effects_On_FPGA_Project/Audio_Effects_On_FPGA_Project/FFT/synthesis/submodules/asj_fft_unbburst_ctrl_qe.vhd Line: 37
Info (12021): Found 2 design units, including 1 entities, in source file fft/synthesis/submodules/asj_fft_unbburst_sose_ctrl.vhd
    Info (12022): Found design unit 1: asj_fft_unbburst_sose_ctrl-burst_sw File: C:/intelFPGA_lite/19.1/Audio_Effects_On_FPGA_Project/Audio_Effects_On_FPGA_Project/FFT/synthesis/submodules/asj_fft_unbburst_sose_ctrl.vhd Line: 72
    Info (12023): Found entity 1: asj_fft_unbburst_sose_ctrl File: C:/intelFPGA_lite/19.1/Audio_Effects_On_FPGA_Project/Audio_Effects_On_FPGA_Project/FFT/synthesis/submodules/asj_fft_unbburst_sose_ctrl.vhd Line: 41
Info (12021): Found 2 design units, including 1 entities, in source file fft/synthesis/submodules/asj_fft_wrengen.vhd
    Info (12022): Found design unit 1: asj_fft_wrengen-gen_all File: C:/intelFPGA_lite/19.1/Audio_Effects_On_FPGA_Project/Audio_Effects_On_FPGA_Project/FFT/synthesis/submodules/asj_fft_wrengen.vhd Line: 58
    Info (12023): Found entity 1: asj_fft_wrengen File: C:/intelFPGA_lite/19.1/Audio_Effects_On_FPGA_Project/Audio_Effects_On_FPGA_Project/FFT/synthesis/submodules/asj_fft_wrengen.vhd Line: 37
Info (12021): Found 2 design units, including 1 entities, in source file fft/synthesis/submodules/asj_fft_wrswgen.vhd
    Info (12022): Found design unit 1: asj_fft_wrswgen-gen_all File: C:/intelFPGA_lite/19.1/Audio_Effects_On_FPGA_Project/Audio_Effects_On_FPGA_Project/FFT/synthesis/submodules/asj_fft_wrswgen.vhd Line: 57
    Info (12023): Found entity 1: asj_fft_wrswgen File: C:/intelFPGA_lite/19.1/Audio_Effects_On_FPGA_Project/Audio_Effects_On_FPGA_Project/FFT/synthesis/submodules/asj_fft_wrswgen.vhd Line: 37
Info (12021): Found 2 design units, including 1 entities, in source file fft/synthesis/submodules/twid_rom.vhd
    Info (12022): Found design unit 1: twid_rom-SYN File: C:/intelFPGA_lite/19.1/Audio_Effects_On_FPGA_Project/Audio_Effects_On_FPGA_Project/FFT/synthesis/submodules/twid_rom.vhd Line: 77
    Info (12023): Found entity 1: twid_rom File: C:/intelFPGA_lite/19.1/Audio_Effects_On_FPGA_Project/Audio_Effects_On_FPGA_Project/FFT/synthesis/submodules/twid_rom.vhd Line: 59
Info (12021): Found 1 design units, including 1 entities, in source file fft/synthesis/submodules/apn_fft_mult_cpx_1825.v
    Info (12023): Found entity 1: apn_fft_mult_cpx_1825 File: C:/intelFPGA_lite/19.1/Audio_Effects_On_FPGA_Project/Audio_Effects_On_FPGA_Project/FFT/synthesis/submodules/apn_fft_mult_cpx_1825.v Line: 19
Info (12021): Found 1 design units, including 1 entities, in source file fft/synthesis/submodules/fft_fft_ii_0.sv
    Info (12023): Found entity 1: FFT_fft_ii_0 File: C:/intelFPGA_lite/19.1/Audio_Effects_On_FPGA_Project/Audio_Effects_On_FPGA_Project/FFT/synthesis/submodules/FFT_fft_ii_0.sv Line: 15
Info (12021): Found 2 design units, including 1 entities, in source file main.vhd
    Info (12022): Found design unit 1: Audio_Project-Audio_Project_Circuit File: C:/intelFPGA_lite/19.1/Audio_Effects_On_FPGA_Project/Audio_Effects_On_FPGA_Project/main.vhd Line: 38
    Info (12023): Found entity 1: Audio_Project File: C:/intelFPGA_lite/19.1/Audio_Effects_On_FPGA_Project/Audio_Effects_On_FPGA_Project/main.vhd Line: 9
Info (12021): Found 3 design units, including 1 entities, in source file coef_banks.vhd
    Info (12022): Found design unit 1: my_package File: C:/intelFPGA_lite/19.1/Audio_Effects_On_FPGA_Project/Audio_Effects_On_FPGA_Project/coef_banks.vhd Line: 16
    Info (12022): Found design unit 2: coef_banks-banks_of_coef File: C:/intelFPGA_lite/19.1/Audio_Effects_On_FPGA_Project/Audio_Effects_On_FPGA_Project/coef_banks.vhd Line: 37
    Info (12023): Found entity 1: coef_banks File: C:/intelFPGA_lite/19.1/Audio_Effects_On_FPGA_Project/Audio_Effects_On_FPGA_Project/coef_banks.vhd Line: 28
Info (12021): Found 2 design units, including 1 entities, in source file config_codec.vhd
    Info (12022): Found design unit 1: config_CODEC-config File: C:/intelFPGA_lite/19.1/Audio_Effects_On_FPGA_Project/Audio_Effects_On_FPGA_Project/config_CODEC.vhd Line: 41
    Info (12023): Found entity 1: config_CODEC File: C:/intelFPGA_lite/19.1/Audio_Effects_On_FPGA_Project/Audio_Effects_On_FPGA_Project/config_CODEC.vhd Line: 17
Info (12021): Found 3 design units, including 1 entities, in source file fir_filter.vhd
    Info (12022): Found design unit 1: package_19_by_16 File: C:/intelFPGA_lite/19.1/Audio_Effects_On_FPGA_Project/Audio_Effects_On_FPGA_Project/fir_filter.vhd Line: 17
    Info (12022): Found design unit 2: FIR_filter_37_tap-FIR_37_tap File: C:/intelFPGA_lite/19.1/Audio_Effects_On_FPGA_Project/Audio_Effects_On_FPGA_Project/fir_filter.vhd Line: 41
    Info (12023): Found entity 1: FIR_filter_37_tap File: C:/intelFPGA_lite/19.1/Audio_Effects_On_FPGA_Project/Audio_Effects_On_FPGA_Project/fir_filter.vhd Line: 30
Info (12021): Found 2 design units, including 1 entities, in source file i2c_driver.vhd
    Info (12022): Found design unit 1: I2C_driver-I2C File: C:/intelFPGA_lite/19.1/Audio_Effects_On_FPGA_Project/Audio_Effects_On_FPGA_Project/I2C_driver.vhd Line: 26
    Info (12023): Found entity 1: I2C_driver File: C:/intelFPGA_lite/19.1/Audio_Effects_On_FPGA_Project/Audio_Effects_On_FPGA_Project/I2C_driver.vhd Line: 12
Info (12021): Found 2 design units, including 1 entities, in source file key_detect.vhd
    Info (12022): Found design unit 1: key_detect-key_detect_circuit File: C:/intelFPGA_lite/19.1/Audio_Effects_On_FPGA_Project/Audio_Effects_On_FPGA_Project/key_detect.vhd Line: 16
    Info (12023): Found entity 1: key_detect File: C:/intelFPGA_lite/19.1/Audio_Effects_On_FPGA_Project/Audio_Effects_On_FPGA_Project/key_detect.vhd Line: 5
Info (12021): Found 2 design units, including 1 entities, in source file effect_select.vhd
    Info (12022): Found design unit 1: effect_select-effect_select_circuit File: C:/intelFPGA_lite/19.1/Audio_Effects_On_FPGA_Project/Audio_Effects_On_FPGA_Project/effect_select.vhd Line: 16
    Info (12023): Found entity 1: effect_select File: C:/intelFPGA_lite/19.1/Audio_Effects_On_FPGA_Project/Audio_Effects_On_FPGA_Project/effect_select.vhd Line: 6
Info (12021): Found 2 design units, including 1 entities, in source file hex_display.vhd
    Info (12022): Found design unit 1: HEX_DISPLAY-HEX_DISPLAY_Circuit File: C:/intelFPGA_lite/19.1/Audio_Effects_On_FPGA_Project/Audio_Effects_On_FPGA_Project/hex_display.vhd Line: 14
    Info (12023): Found entity 1: HEX_DISPLAY File: C:/intelFPGA_lite/19.1/Audio_Effects_On_FPGA_Project/Audio_Effects_On_FPGA_Project/hex_display.vhd Line: 6
Info (12021): Found 2 design units, including 1 entities, in source file serie_to_parallel.vhd
    Info (12022): Found design unit 1: serial_to_parallel-ser_to_par File: C:/intelFPGA_lite/19.1/Audio_Effects_On_FPGA_Project/Audio_Effects_On_FPGA_Project/serie_to_parallel.vhd Line: 18
    Info (12023): Found entity 1: serial_to_parallel File: C:/intelFPGA_lite/19.1/Audio_Effects_On_FPGA_Project/Audio_Effects_On_FPGA_Project/serie_to_parallel.vhd Line: 6
Info (12021): Found 2 design units, including 1 entities, in source file parallel_to_serie.vhd
    Info (12022): Found design unit 1: parallel_to_serial-par_to_ser File: C:/intelFPGA_lite/19.1/Audio_Effects_On_FPGA_Project/Audio_Effects_On_FPGA_Project/parallel_to_serie.vhd Line: 18
    Info (12023): Found entity 1: parallel_to_serial File: C:/intelFPGA_lite/19.1/Audio_Effects_On_FPGA_Project/Audio_Effects_On_FPGA_Project/parallel_to_serie.vhd Line: 6
Info (12021): Found 2 design units, including 1 entities, in source file pll.vhd
    Info (12022): Found design unit 1: pll-SYN File: C:/intelFPGA_lite/19.1/Audio_Effects_On_FPGA_Project/Audio_Effects_On_FPGA_Project/PLL.vhd Line: 54
    Info (12023): Found entity 1: PLL File: C:/intelFPGA_lite/19.1/Audio_Effects_On_FPGA_Project/Audio_Effects_On_FPGA_Project/PLL.vhd Line: 43
Info (12021): Found 2 design units, including 1 entities, in source file ram.vhd
    Info (12022): Found design unit 1: ram-SYN File: C:/intelFPGA_lite/19.1/Audio_Effects_On_FPGA_Project/Audio_Effects_On_FPGA_Project/RAM.vhd Line: 56
    Info (12023): Found entity 1: RAM File: C:/intelFPGA_lite/19.1/Audio_Effects_On_FPGA_Project/Audio_Effects_On_FPGA_Project/RAM.vhd Line: 43
Info (12021): Found 2 design units, including 1 entities, in source file delay.vhd
    Info (12022): Found design unit 1: delay-delay_circuit File: C:/intelFPGA_lite/19.1/Audio_Effects_On_FPGA_Project/Audio_Effects_On_FPGA_Project/delay.vhd Line: 28
    Info (12023): Found entity 1: delay File: C:/intelFPGA_lite/19.1/Audio_Effects_On_FPGA_Project/Audio_Effects_On_FPGA_Project/delay.vhd Line: 12
Warning (12019): Can't analyze file -- file output_files/digital_distortion.vhd is missing
Info (12021): Found 2 design units, including 1 entities, in source file booster.vhd
    Info (12022): Found design unit 1: booster-a File: C:/intelFPGA_lite/19.1/Audio_Effects_On_FPGA_Project/Audio_Effects_On_FPGA_Project/booster.vhd Line: 23
    Info (12023): Found entity 1: booster File: C:/intelFPGA_lite/19.1/Audio_Effects_On_FPGA_Project/Audio_Effects_On_FPGA_Project/booster.vhd Line: 13
Warning (12019): Can't analyze file -- file distortion2.vhd is missing
Info (12021): Found 2 design units, including 1 entities, in source file tremolo.vhd
    Info (12022): Found design unit 1: tremolo-tremolo_circuit File: C:/intelFPGA_lite/19.1/Audio_Effects_On_FPGA_Project/Audio_Effects_On_FPGA_Project/tremolo.vhd Line: 21
    Info (12023): Found entity 1: tremolo File: C:/intelFPGA_lite/19.1/Audio_Effects_On_FPGA_Project/Audio_Effects_On_FPGA_Project/tremolo.vhd Line: 12
Info (12021): Found 2 design units, including 1 entities, in source file sinuslut.vhd
    Info (12022): Found design unit 1: SinusLUT-Behavioral File: C:/intelFPGA_lite/19.1/Audio_Effects_On_FPGA_Project/Audio_Effects_On_FPGA_Project/SinusLUT.vhd Line: 20
    Info (12023): Found entity 1: SinusLUT File: C:/intelFPGA_lite/19.1/Audio_Effects_On_FPGA_Project/Audio_Effects_On_FPGA_Project/SinusLUT.vhd Line: 12
Info (12021): Found 2 design units, including 1 entities, in source file octaver.vhd
    Info (12022): Found design unit 1: octaver-rtl File: C:/intelFPGA_lite/19.1/Audio_Effects_On_FPGA_Project/Audio_Effects_On_FPGA_Project/octaver.vhd Line: 22
    Info (12023): Found entity 1: octaver File: C:/intelFPGA_lite/19.1/Audio_Effects_On_FPGA_Project/Audio_Effects_On_FPGA_Project/octaver.vhd Line: 11
Info (12021): Found 2 design units, including 1 entities, in source file ram_octaver.vhd
    Info (12022): Found design unit 1: ram_octaver-SYN File: C:/intelFPGA_lite/19.1/Audio_Effects_On_FPGA_Project/Audio_Effects_On_FPGA_Project/RAM_Octaver.vhd Line: 59
    Info (12023): Found entity 1: RAM_Octaver File: C:/intelFPGA_lite/19.1/Audio_Effects_On_FPGA_Project/Audio_Effects_On_FPGA_Project/RAM_Octaver.vhd Line: 43
Info (12021): Found 2 design units, including 1 entities, in source file chorus.vhd
    Info (12022): Found design unit 1: chorus-chorus_circuit File: C:/intelFPGA_lite/19.1/Audio_Effects_On_FPGA_Project/Audio_Effects_On_FPGA_Project/chorus.vhd Line: 15
    Info (12023): Found entity 1: chorus File: C:/intelFPGA_lite/19.1/Audio_Effects_On_FPGA_Project/Audio_Effects_On_FPGA_Project/chorus.vhd Line: 5
Info (12021): Found 2 design units, including 1 entities, in source file ram_chorus.vhd
    Info (12022): Found design unit 1: ram_chorus-SYN File: C:/intelFPGA_lite/19.1/Audio_Effects_On_FPGA_Project/Audio_Effects_On_FPGA_Project/RAM_chorus.vhd Line: 56
    Info (12023): Found entity 1: RAM_chorus File: C:/intelFPGA_lite/19.1/Audio_Effects_On_FPGA_Project/Audio_Effects_On_FPGA_Project/RAM_chorus.vhd Line: 43
Info (12021): Found 2 design units, including 1 entities, in source file wah_wah.vhd
    Info (12022): Found design unit 1: auto_wah-rtl File: C:/intelFPGA_lite/19.1/Audio_Effects_On_FPGA_Project/Audio_Effects_On_FPGA_Project/wah_wah.vhd Line: 37
    Info (12023): Found entity 1: auto_wah File: C:/intelFPGA_lite/19.1/Audio_Effects_On_FPGA_Project/Audio_Effects_On_FPGA_Project/wah_wah.vhd Line: 12
Info (12021): Found 2 design units, including 1 entities, in source file formant_shifter.vhd
    Info (12022): Found design unit 1: formant_shifter-rtl File: C:/intelFPGA_lite/19.1/Audio_Effects_On_FPGA_Project/Audio_Effects_On_FPGA_Project/formant_shifter.vhd Line: 23
    Info (12023): Found entity 1: formant_shifter File: C:/intelFPGA_lite/19.1/Audio_Effects_On_FPGA_Project/Audio_Effects_On_FPGA_Project/formant_shifter.vhd Line: 12
Info (12021): Found 2 design units, including 1 entities, in source file fft.vhd
    Info (12022): Found design unit 1: FFT_System-rtl File: C:/intelFPGA_lite/19.1/Audio_Effects_On_FPGA_Project/Audio_Effects_On_FPGA_Project/FFT.vhd Line: 31
    Info (12023): Found entity 1: FFT_System File: C:/intelFPGA_lite/19.1/Audio_Effects_On_FPGA_Project/Audio_Effects_On_FPGA_Project/FFT.vhd Line: 12
Info (12021): Found 2 design units, including 1 entities, in source file ifft.vhd
    Info (12022): Found design unit 1: iFFT_System-rtl File: C:/intelFPGA_lite/19.1/Audio_Effects_On_FPGA_Project/Audio_Effects_On_FPGA_Project/iFFT.vhd Line: 27
    Info (12023): Found entity 1: iFFT_System File: C:/intelFPGA_lite/19.1/Audio_Effects_On_FPGA_Project/Audio_Effects_On_FPGA_Project/iFFT.vhd Line: 12
Warning (12019): Can't analyze file -- file output_files/vocoder_2.vhd is missing
Info (12021): Found 2 design units, including 1 entities, in source file vocoder_2.vhd
    Info (12022): Found design unit 1: vocoder_2-rtl File: C:/intelFPGA_lite/19.1/Audio_Effects_On_FPGA_Project/Audio_Effects_On_FPGA_Project/vocoder_2.vhd Line: 20
    Info (12023): Found entity 1: vocoder_2 File: C:/intelFPGA_lite/19.1/Audio_Effects_On_FPGA_Project/Audio_Effects_On_FPGA_Project/vocoder_2.vhd Line: 11
Info (12127): Elaborating entity "Audio_Project" for the top level hierarchy
Warning (10036): Verilog HDL or VHDL warning at main.vhd(323): object "ACK" assigned a value but never read File: C:/intelFPGA_lite/19.1/Audio_Effects_On_FPGA_Project/Audio_Effects_On_FPGA_Project/main.vhd Line: 323
Warning (10036): Verilog HDL or VHDL warning at main.vhd(337): object "pll_locked_sig" assigned a value but never read File: C:/intelFPGA_lite/19.1/Audio_Effects_On_FPGA_Project/Audio_Effects_On_FPGA_Project/main.vhd Line: 337
Warning (10540): VHDL Signal Declaration warning at main.vhd(350): used explicit default value for signal "pot_distor" because signal was never assigned a value File: C:/intelFPGA_lite/19.1/Audio_Effects_On_FPGA_Project/Audio_Effects_On_FPGA_Project/main.vhd Line: 350
Warning (10036): Verilog HDL or VHDL warning at main.vhd(368): object "s_strobe_48k" assigned a value but never read File: C:/intelFPGA_lite/19.1/Audio_Effects_On_FPGA_Project/Audio_Effects_On_FPGA_Project/main.vhd Line: 368
Warning (10036): Verilog HDL or VHDL warning at main.vhd(379): object "wah_sensitivity" assigned a value but never read File: C:/intelFPGA_lite/19.1/Audio_Effects_On_FPGA_Project/Audio_Effects_On_FPGA_Project/main.vhd Line: 379
Warning (10540): VHDL Signal Declaration warning at main.vhd(380): used explicit default value for signal "rst_i" because signal was never assigned a value File: C:/intelFPGA_lite/19.1/Audio_Effects_On_FPGA_Project/Audio_Effects_On_FPGA_Project/main.vhd Line: 380
Warning (10036): Verilog HDL or VHDL warning at main.vhd(385): object "sel_note" assigned a value but never read File: C:/intelFPGA_lite/19.1/Audio_Effects_On_FPGA_Project/Audio_Effects_On_FPGA_Project/main.vhd Line: 385
Warning (10873): Using initial value X (don't care) for net "LEDG[7..6]" at main.vhd(14) File: C:/intelFPGA_lite/19.1/Audio_Effects_On_FPGA_Project/Audio_Effects_On_FPGA_Project/main.vhd Line: 14
Warning (10873): Using initial value X (don't care) for net "LEDG[4]" at main.vhd(14) File: C:/intelFPGA_lite/19.1/Audio_Effects_On_FPGA_Project/Audio_Effects_On_FPGA_Project/main.vhd Line: 14
Info (12128): Elaborating entity "key_detect" for hierarchy "key_detect:u_switch_trigger" File: C:/intelFPGA_lite/19.1/Audio_Effects_On_FPGA_Project/Audio_Effects_On_FPGA_Project/main.vhd Line: 430
Info (12128): Elaborating entity "config_CODEC" for hierarchy "config_CODEC:u_CODEC_config" File: C:/intelFPGA_lite/19.1/Audio_Effects_On_FPGA_Project/Audio_Effects_On_FPGA_Project/main.vhd Line: 431
Warning (10542): VHDL Variable Declaration warning at config_CODEC.vhd(49): used initial value expression for variable "table_size" because variable was never assigned a value File: C:/intelFPGA_lite/19.1/Audio_Effects_On_FPGA_Project/Audio_Effects_On_FPGA_Project/config_CODEC.vhd Line: 49
Warning (10492): VHDL Process Statement warning at config_CODEC.vhd(117): signal "counter" is read inside the Process Statement but isn't in the Process Statement's sensitivity list File: C:/intelFPGA_lite/19.1/Audio_Effects_On_FPGA_Project/Audio_Effects_On_FPGA_Project/config_CODEC.vhd Line: 117
Warning (10492): VHDL Process Statement warning at config_CODEC.vhd(134): signal "volume" is read inside the Process Statement but isn't in the Process Statement's sensitivity list File: C:/intelFPGA_lite/19.1/Audio_Effects_On_FPGA_Project/Audio_Effects_On_FPGA_Project/config_CODEC.vhd Line: 134
Warning (10492): VHDL Process Statement warning at config_CODEC.vhd(135): signal "volume" is read inside the Process Statement but isn't in the Process Statement's sensitivity list File: C:/intelFPGA_lite/19.1/Audio_Effects_On_FPGA_Project/Audio_Effects_On_FPGA_Project/config_CODEC.vhd Line: 135
Info (12128): Elaborating entity "I2C_driver" for hierarchy "I2C_driver:u_I2C_Config" File: C:/intelFPGA_lite/19.1/Audio_Effects_On_FPGA_Project/Audio_Effects_On_FPGA_Project/main.vhd Line: 432
Info (12128): Elaborating entity "HEX_DISPLAY" for hierarchy "HEX_DISPLAY:u_HEX_Config" File: C:/intelFPGA_lite/19.1/Audio_Effects_On_FPGA_Project/Audio_Effects_On_FPGA_Project/main.vhd Line: 433
Info (12128): Elaborating entity "effect_select" for hierarchy "effect_select:u_fx_select" File: C:/intelFPGA_lite/19.1/Audio_Effects_On_FPGA_Project/Audio_Effects_On_FPGA_Project/main.vhd Line: 435
Info (12128): Elaborating entity "coef_banks" for hierarchy "coef_banks:u_coef_select" File: C:/intelFPGA_lite/19.1/Audio_Effects_On_FPGA_Project/Audio_Effects_On_FPGA_Project/main.vhd Line: 436
Warning (10631): VHDL Process Statement warning at coef_banks.vhd(41): inferring latch(es) for signal or variable "coef", which holds its previous value in one or more paths through the process File: C:/intelFPGA_lite/19.1/Audio_Effects_On_FPGA_Project/Audio_Effects_On_FPGA_Project/coef_banks.vhd Line: 41
Info (10041): Inferred latch for "coef[0][0]" at coef_banks.vhd(41) File: C:/intelFPGA_lite/19.1/Audio_Effects_On_FPGA_Project/Audio_Effects_On_FPGA_Project/coef_banks.vhd Line: 41
Info (10041): Inferred latch for "coef[0][1]" at coef_banks.vhd(41) File: C:/intelFPGA_lite/19.1/Audio_Effects_On_FPGA_Project/Audio_Effects_On_FPGA_Project/coef_banks.vhd Line: 41
Info (10041): Inferred latch for "coef[0][2]" at coef_banks.vhd(41) File: C:/intelFPGA_lite/19.1/Audio_Effects_On_FPGA_Project/Audio_Effects_On_FPGA_Project/coef_banks.vhd Line: 41
Info (10041): Inferred latch for "coef[0][3]" at coef_banks.vhd(41) File: C:/intelFPGA_lite/19.1/Audio_Effects_On_FPGA_Project/Audio_Effects_On_FPGA_Project/coef_banks.vhd Line: 41
Info (10041): Inferred latch for "coef[0][4]" at coef_banks.vhd(41) File: C:/intelFPGA_lite/19.1/Audio_Effects_On_FPGA_Project/Audio_Effects_On_FPGA_Project/coef_banks.vhd Line: 41
Info (10041): Inferred latch for "coef[0][5]" at coef_banks.vhd(41) File: C:/intelFPGA_lite/19.1/Audio_Effects_On_FPGA_Project/Audio_Effects_On_FPGA_Project/coef_banks.vhd Line: 41
Info (10041): Inferred latch for "coef[0][6]" at coef_banks.vhd(41) File: C:/intelFPGA_lite/19.1/Audio_Effects_On_FPGA_Project/Audio_Effects_On_FPGA_Project/coef_banks.vhd Line: 41
Info (10041): Inferred latch for "coef[0][7]" at coef_banks.vhd(41) File: C:/intelFPGA_lite/19.1/Audio_Effects_On_FPGA_Project/Audio_Effects_On_FPGA_Project/coef_banks.vhd Line: 41
Info (10041): Inferred latch for "coef[0][8]" at coef_banks.vhd(41) File: C:/intelFPGA_lite/19.1/Audio_Effects_On_FPGA_Project/Audio_Effects_On_FPGA_Project/coef_banks.vhd Line: 41
Info (10041): Inferred latch for "coef[0][9]" at coef_banks.vhd(41) File: C:/intelFPGA_lite/19.1/Audio_Effects_On_FPGA_Project/Audio_Effects_On_FPGA_Project/coef_banks.vhd Line: 41
Info (10041): Inferred latch for "coef[0][10]" at coef_banks.vhd(41) File: C:/intelFPGA_lite/19.1/Audio_Effects_On_FPGA_Project/Audio_Effects_On_FPGA_Project/coef_banks.vhd Line: 41
Info (10041): Inferred latch for "coef[0][11]" at coef_banks.vhd(41) File: C:/intelFPGA_lite/19.1/Audio_Effects_On_FPGA_Project/Audio_Effects_On_FPGA_Project/coef_banks.vhd Line: 41
Info (10041): Inferred latch for "coef[0][12]" at coef_banks.vhd(41) File: C:/intelFPGA_lite/19.1/Audio_Effects_On_FPGA_Project/Audio_Effects_On_FPGA_Project/coef_banks.vhd Line: 41
Info (10041): Inferred latch for "coef[0][13]" at coef_banks.vhd(41) File: C:/intelFPGA_lite/19.1/Audio_Effects_On_FPGA_Project/Audio_Effects_On_FPGA_Project/coef_banks.vhd Line: 41
Info (10041): Inferred latch for "coef[0][14]" at coef_banks.vhd(41) File: C:/intelFPGA_lite/19.1/Audio_Effects_On_FPGA_Project/Audio_Effects_On_FPGA_Project/coef_banks.vhd Line: 41
Info (10041): Inferred latch for "coef[0][15]" at coef_banks.vhd(41) File: C:/intelFPGA_lite/19.1/Audio_Effects_On_FPGA_Project/Audio_Effects_On_FPGA_Project/coef_banks.vhd Line: 41
Info (10041): Inferred latch for "coef[1][0]" at coef_banks.vhd(41) File: C:/intelFPGA_lite/19.1/Audio_Effects_On_FPGA_Project/Audio_Effects_On_FPGA_Project/coef_banks.vhd Line: 41
Info (10041): Inferred latch for "coef[1][1]" at coef_banks.vhd(41) File: C:/intelFPGA_lite/19.1/Audio_Effects_On_FPGA_Project/Audio_Effects_On_FPGA_Project/coef_banks.vhd Line: 41
Info (10041): Inferred latch for "coef[1][2]" at coef_banks.vhd(41) File: C:/intelFPGA_lite/19.1/Audio_Effects_On_FPGA_Project/Audio_Effects_On_FPGA_Project/coef_banks.vhd Line: 41
Info (10041): Inferred latch for "coef[1][3]" at coef_banks.vhd(41) File: C:/intelFPGA_lite/19.1/Audio_Effects_On_FPGA_Project/Audio_Effects_On_FPGA_Project/coef_banks.vhd Line: 41
Info (10041): Inferred latch for "coef[1][4]" at coef_banks.vhd(41) File: C:/intelFPGA_lite/19.1/Audio_Effects_On_FPGA_Project/Audio_Effects_On_FPGA_Project/coef_banks.vhd Line: 41
Info (10041): Inferred latch for "coef[1][5]" at coef_banks.vhd(41) File: C:/intelFPGA_lite/19.1/Audio_Effects_On_FPGA_Project/Audio_Effects_On_FPGA_Project/coef_banks.vhd Line: 41
Info (10041): Inferred latch for "coef[1][6]" at coef_banks.vhd(41) File: C:/intelFPGA_lite/19.1/Audio_Effects_On_FPGA_Project/Audio_Effects_On_FPGA_Project/coef_banks.vhd Line: 41
Info (10041): Inferred latch for "coef[1][7]" at coef_banks.vhd(41) File: C:/intelFPGA_lite/19.1/Audio_Effects_On_FPGA_Project/Audio_Effects_On_FPGA_Project/coef_banks.vhd Line: 41
Info (10041): Inferred latch for "coef[1][8]" at coef_banks.vhd(41) File: C:/intelFPGA_lite/19.1/Audio_Effects_On_FPGA_Project/Audio_Effects_On_FPGA_Project/coef_banks.vhd Line: 41
Info (10041): Inferred latch for "coef[1][9]" at coef_banks.vhd(41) File: C:/intelFPGA_lite/19.1/Audio_Effects_On_FPGA_Project/Audio_Effects_On_FPGA_Project/coef_banks.vhd Line: 41
Info (10041): Inferred latch for "coef[1][10]" at coef_banks.vhd(41) File: C:/intelFPGA_lite/19.1/Audio_Effects_On_FPGA_Project/Audio_Effects_On_FPGA_Project/coef_banks.vhd Line: 41
Info (10041): Inferred latch for "coef[1][11]" at coef_banks.vhd(41) File: C:/intelFPGA_lite/19.1/Audio_Effects_On_FPGA_Project/Audio_Effects_On_FPGA_Project/coef_banks.vhd Line: 41
Info (10041): Inferred latch for "coef[1][12]" at coef_banks.vhd(41) File: C:/intelFPGA_lite/19.1/Audio_Effects_On_FPGA_Project/Audio_Effects_On_FPGA_Project/coef_banks.vhd Line: 41
Info (10041): Inferred latch for "coef[1][13]" at coef_banks.vhd(41) File: C:/intelFPGA_lite/19.1/Audio_Effects_On_FPGA_Project/Audio_Effects_On_FPGA_Project/coef_banks.vhd Line: 41
Info (10041): Inferred latch for "coef[1][14]" at coef_banks.vhd(41) File: C:/intelFPGA_lite/19.1/Audio_Effects_On_FPGA_Project/Audio_Effects_On_FPGA_Project/coef_banks.vhd Line: 41
Info (10041): Inferred latch for "coef[1][15]" at coef_banks.vhd(41) File: C:/intelFPGA_lite/19.1/Audio_Effects_On_FPGA_Project/Audio_Effects_On_FPGA_Project/coef_banks.vhd Line: 41
Info (10041): Inferred latch for "coef[2][0]" at coef_banks.vhd(41) File: C:/intelFPGA_lite/19.1/Audio_Effects_On_FPGA_Project/Audio_Effects_On_FPGA_Project/coef_banks.vhd Line: 41
Info (10041): Inferred latch for "coef[2][1]" at coef_banks.vhd(41) File: C:/intelFPGA_lite/19.1/Audio_Effects_On_FPGA_Project/Audio_Effects_On_FPGA_Project/coef_banks.vhd Line: 41
Info (10041): Inferred latch for "coef[2][2]" at coef_banks.vhd(41) File: C:/intelFPGA_lite/19.1/Audio_Effects_On_FPGA_Project/Audio_Effects_On_FPGA_Project/coef_banks.vhd Line: 41
Info (10041): Inferred latch for "coef[2][3]" at coef_banks.vhd(41) File: C:/intelFPGA_lite/19.1/Audio_Effects_On_FPGA_Project/Audio_Effects_On_FPGA_Project/coef_banks.vhd Line: 41
Info (10041): Inferred latch for "coef[2][4]" at coef_banks.vhd(41) File: C:/intelFPGA_lite/19.1/Audio_Effects_On_FPGA_Project/Audio_Effects_On_FPGA_Project/coef_banks.vhd Line: 41
Info (10041): Inferred latch for "coef[2][5]" at coef_banks.vhd(41) File: C:/intelFPGA_lite/19.1/Audio_Effects_On_FPGA_Project/Audio_Effects_On_FPGA_Project/coef_banks.vhd Line: 41
Info (10041): Inferred latch for "coef[2][6]" at coef_banks.vhd(41) File: C:/intelFPGA_lite/19.1/Audio_Effects_On_FPGA_Project/Audio_Effects_On_FPGA_Project/coef_banks.vhd Line: 41
Info (10041): Inferred latch for "coef[2][7]" at coef_banks.vhd(41) File: C:/intelFPGA_lite/19.1/Audio_Effects_On_FPGA_Project/Audio_Effects_On_FPGA_Project/coef_banks.vhd Line: 41
Info (10041): Inferred latch for "coef[2][8]" at coef_banks.vhd(41) File: C:/intelFPGA_lite/19.1/Audio_Effects_On_FPGA_Project/Audio_Effects_On_FPGA_Project/coef_banks.vhd Line: 41
Info (10041): Inferred latch for "coef[2][9]" at coef_banks.vhd(41) File: C:/intelFPGA_lite/19.1/Audio_Effects_On_FPGA_Project/Audio_Effects_On_FPGA_Project/coef_banks.vhd Line: 41
Info (10041): Inferred latch for "coef[2][10]" at coef_banks.vhd(41) File: C:/intelFPGA_lite/19.1/Audio_Effects_On_FPGA_Project/Audio_Effects_On_FPGA_Project/coef_banks.vhd Line: 41
Info (10041): Inferred latch for "coef[2][11]" at coef_banks.vhd(41) File: C:/intelFPGA_lite/19.1/Audio_Effects_On_FPGA_Project/Audio_Effects_On_FPGA_Project/coef_banks.vhd Line: 41
Info (10041): Inferred latch for "coef[2][12]" at coef_banks.vhd(41) File: C:/intelFPGA_lite/19.1/Audio_Effects_On_FPGA_Project/Audio_Effects_On_FPGA_Project/coef_banks.vhd Line: 41
Info (10041): Inferred latch for "coef[2][13]" at coef_banks.vhd(41) File: C:/intelFPGA_lite/19.1/Audio_Effects_On_FPGA_Project/Audio_Effects_On_FPGA_Project/coef_banks.vhd Line: 41
Info (10041): Inferred latch for "coef[2][14]" at coef_banks.vhd(41) File: C:/intelFPGA_lite/19.1/Audio_Effects_On_FPGA_Project/Audio_Effects_On_FPGA_Project/coef_banks.vhd Line: 41
Info (10041): Inferred latch for "coef[2][15]" at coef_banks.vhd(41) File: C:/intelFPGA_lite/19.1/Audio_Effects_On_FPGA_Project/Audio_Effects_On_FPGA_Project/coef_banks.vhd Line: 41
Info (10041): Inferred latch for "coef[3][0]" at coef_banks.vhd(41) File: C:/intelFPGA_lite/19.1/Audio_Effects_On_FPGA_Project/Audio_Effects_On_FPGA_Project/coef_banks.vhd Line: 41
Info (10041): Inferred latch for "coef[3][1]" at coef_banks.vhd(41) File: C:/intelFPGA_lite/19.1/Audio_Effects_On_FPGA_Project/Audio_Effects_On_FPGA_Project/coef_banks.vhd Line: 41
Info (10041): Inferred latch for "coef[3][2]" at coef_banks.vhd(41) File: C:/intelFPGA_lite/19.1/Audio_Effects_On_FPGA_Project/Audio_Effects_On_FPGA_Project/coef_banks.vhd Line: 41
Info (10041): Inferred latch for "coef[3][3]" at coef_banks.vhd(41) File: C:/intelFPGA_lite/19.1/Audio_Effects_On_FPGA_Project/Audio_Effects_On_FPGA_Project/coef_banks.vhd Line: 41
Info (10041): Inferred latch for "coef[3][4]" at coef_banks.vhd(41) File: C:/intelFPGA_lite/19.1/Audio_Effects_On_FPGA_Project/Audio_Effects_On_FPGA_Project/coef_banks.vhd Line: 41
Info (10041): Inferred latch for "coef[3][5]" at coef_banks.vhd(41) File: C:/intelFPGA_lite/19.1/Audio_Effects_On_FPGA_Project/Audio_Effects_On_FPGA_Project/coef_banks.vhd Line: 41
Info (10041): Inferred latch for "coef[3][6]" at coef_banks.vhd(41) File: C:/intelFPGA_lite/19.1/Audio_Effects_On_FPGA_Project/Audio_Effects_On_FPGA_Project/coef_banks.vhd Line: 41
Info (10041): Inferred latch for "coef[3][7]" at coef_banks.vhd(41) File: C:/intelFPGA_lite/19.1/Audio_Effects_On_FPGA_Project/Audio_Effects_On_FPGA_Project/coef_banks.vhd Line: 41
Info (10041): Inferred latch for "coef[3][8]" at coef_banks.vhd(41) File: C:/intelFPGA_lite/19.1/Audio_Effects_On_FPGA_Project/Audio_Effects_On_FPGA_Project/coef_banks.vhd Line: 41
Info (10041): Inferred latch for "coef[3][9]" at coef_banks.vhd(41) File: C:/intelFPGA_lite/19.1/Audio_Effects_On_FPGA_Project/Audio_Effects_On_FPGA_Project/coef_banks.vhd Line: 41
Info (10041): Inferred latch for "coef[3][10]" at coef_banks.vhd(41) File: C:/intelFPGA_lite/19.1/Audio_Effects_On_FPGA_Project/Audio_Effects_On_FPGA_Project/coef_banks.vhd Line: 41
Info (10041): Inferred latch for "coef[3][11]" at coef_banks.vhd(41) File: C:/intelFPGA_lite/19.1/Audio_Effects_On_FPGA_Project/Audio_Effects_On_FPGA_Project/coef_banks.vhd Line: 41
Info (10041): Inferred latch for "coef[3][12]" at coef_banks.vhd(41) File: C:/intelFPGA_lite/19.1/Audio_Effects_On_FPGA_Project/Audio_Effects_On_FPGA_Project/coef_banks.vhd Line: 41
Info (10041): Inferred latch for "coef[3][13]" at coef_banks.vhd(41) File: C:/intelFPGA_lite/19.1/Audio_Effects_On_FPGA_Project/Audio_Effects_On_FPGA_Project/coef_banks.vhd Line: 41
Info (10041): Inferred latch for "coef[3][14]" at coef_banks.vhd(41) File: C:/intelFPGA_lite/19.1/Audio_Effects_On_FPGA_Project/Audio_Effects_On_FPGA_Project/coef_banks.vhd Line: 41
Info (10041): Inferred latch for "coef[3][15]" at coef_banks.vhd(41) File: C:/intelFPGA_lite/19.1/Audio_Effects_On_FPGA_Project/Audio_Effects_On_FPGA_Project/coef_banks.vhd Line: 41
Info (10041): Inferred latch for "coef[4][0]" at coef_banks.vhd(41) File: C:/intelFPGA_lite/19.1/Audio_Effects_On_FPGA_Project/Audio_Effects_On_FPGA_Project/coef_banks.vhd Line: 41
Info (10041): Inferred latch for "coef[4][1]" at coef_banks.vhd(41) File: C:/intelFPGA_lite/19.1/Audio_Effects_On_FPGA_Project/Audio_Effects_On_FPGA_Project/coef_banks.vhd Line: 41
Info (10041): Inferred latch for "coef[4][2]" at coef_banks.vhd(41) File: C:/intelFPGA_lite/19.1/Audio_Effects_On_FPGA_Project/Audio_Effects_On_FPGA_Project/coef_banks.vhd Line: 41
Info (10041): Inferred latch for "coef[4][3]" at coef_banks.vhd(41) File: C:/intelFPGA_lite/19.1/Audio_Effects_On_FPGA_Project/Audio_Effects_On_FPGA_Project/coef_banks.vhd Line: 41
Info (10041): Inferred latch for "coef[4][4]" at coef_banks.vhd(41) File: C:/intelFPGA_lite/19.1/Audio_Effects_On_FPGA_Project/Audio_Effects_On_FPGA_Project/coef_banks.vhd Line: 41
Info (10041): Inferred latch for "coef[4][5]" at coef_banks.vhd(41) File: C:/intelFPGA_lite/19.1/Audio_Effects_On_FPGA_Project/Audio_Effects_On_FPGA_Project/coef_banks.vhd Line: 41
Info (10041): Inferred latch for "coef[4][6]" at coef_banks.vhd(41) File: C:/intelFPGA_lite/19.1/Audio_Effects_On_FPGA_Project/Audio_Effects_On_FPGA_Project/coef_banks.vhd Line: 41
Info (10041): Inferred latch for "coef[4][7]" at coef_banks.vhd(41) File: C:/intelFPGA_lite/19.1/Audio_Effects_On_FPGA_Project/Audio_Effects_On_FPGA_Project/coef_banks.vhd Line: 41
Info (10041): Inferred latch for "coef[4][8]" at coef_banks.vhd(41) File: C:/intelFPGA_lite/19.1/Audio_Effects_On_FPGA_Project/Audio_Effects_On_FPGA_Project/coef_banks.vhd Line: 41
Info (10041): Inferred latch for "coef[4][9]" at coef_banks.vhd(41) File: C:/intelFPGA_lite/19.1/Audio_Effects_On_FPGA_Project/Audio_Effects_On_FPGA_Project/coef_banks.vhd Line: 41
Info (10041): Inferred latch for "coef[4][10]" at coef_banks.vhd(41) File: C:/intelFPGA_lite/19.1/Audio_Effects_On_FPGA_Project/Audio_Effects_On_FPGA_Project/coef_banks.vhd Line: 41
Info (10041): Inferred latch for "coef[4][11]" at coef_banks.vhd(41) File: C:/intelFPGA_lite/19.1/Audio_Effects_On_FPGA_Project/Audio_Effects_On_FPGA_Project/coef_banks.vhd Line: 41
Info (10041): Inferred latch for "coef[4][12]" at coef_banks.vhd(41) File: C:/intelFPGA_lite/19.1/Audio_Effects_On_FPGA_Project/Audio_Effects_On_FPGA_Project/coef_banks.vhd Line: 41
Info (10041): Inferred latch for "coef[4][13]" at coef_banks.vhd(41) File: C:/intelFPGA_lite/19.1/Audio_Effects_On_FPGA_Project/Audio_Effects_On_FPGA_Project/coef_banks.vhd Line: 41
Info (10041): Inferred latch for "coef[4][14]" at coef_banks.vhd(41) File: C:/intelFPGA_lite/19.1/Audio_Effects_On_FPGA_Project/Audio_Effects_On_FPGA_Project/coef_banks.vhd Line: 41
Info (10041): Inferred latch for "coef[4][15]" at coef_banks.vhd(41) File: C:/intelFPGA_lite/19.1/Audio_Effects_On_FPGA_Project/Audio_Effects_On_FPGA_Project/coef_banks.vhd Line: 41
Info (10041): Inferred latch for "coef[5][0]" at coef_banks.vhd(41) File: C:/intelFPGA_lite/19.1/Audio_Effects_On_FPGA_Project/Audio_Effects_On_FPGA_Project/coef_banks.vhd Line: 41
Info (10041): Inferred latch for "coef[5][1]" at coef_banks.vhd(41) File: C:/intelFPGA_lite/19.1/Audio_Effects_On_FPGA_Project/Audio_Effects_On_FPGA_Project/coef_banks.vhd Line: 41
Info (10041): Inferred latch for "coef[5][2]" at coef_banks.vhd(41) File: C:/intelFPGA_lite/19.1/Audio_Effects_On_FPGA_Project/Audio_Effects_On_FPGA_Project/coef_banks.vhd Line: 41
Info (10041): Inferred latch for "coef[5][3]" at coef_banks.vhd(41) File: C:/intelFPGA_lite/19.1/Audio_Effects_On_FPGA_Project/Audio_Effects_On_FPGA_Project/coef_banks.vhd Line: 41
Info (10041): Inferred latch for "coef[5][4]" at coef_banks.vhd(41) File: C:/intelFPGA_lite/19.1/Audio_Effects_On_FPGA_Project/Audio_Effects_On_FPGA_Project/coef_banks.vhd Line: 41
Info (10041): Inferred latch for "coef[5][5]" at coef_banks.vhd(41) File: C:/intelFPGA_lite/19.1/Audio_Effects_On_FPGA_Project/Audio_Effects_On_FPGA_Project/coef_banks.vhd Line: 41
Info (10041): Inferred latch for "coef[5][6]" at coef_banks.vhd(41) File: C:/intelFPGA_lite/19.1/Audio_Effects_On_FPGA_Project/Audio_Effects_On_FPGA_Project/coef_banks.vhd Line: 41
Info (10041): Inferred latch for "coef[5][7]" at coef_banks.vhd(41) File: C:/intelFPGA_lite/19.1/Audio_Effects_On_FPGA_Project/Audio_Effects_On_FPGA_Project/coef_banks.vhd Line: 41
Info (10041): Inferred latch for "coef[5][8]" at coef_banks.vhd(41) File: C:/intelFPGA_lite/19.1/Audio_Effects_On_FPGA_Project/Audio_Effects_On_FPGA_Project/coef_banks.vhd Line: 41
Info (10041): Inferred latch for "coef[5][9]" at coef_banks.vhd(41) File: C:/intelFPGA_lite/19.1/Audio_Effects_On_FPGA_Project/Audio_Effects_On_FPGA_Project/coef_banks.vhd Line: 41
Info (10041): Inferred latch for "coef[5][10]" at coef_banks.vhd(41) File: C:/intelFPGA_lite/19.1/Audio_Effects_On_FPGA_Project/Audio_Effects_On_FPGA_Project/coef_banks.vhd Line: 41
Info (10041): Inferred latch for "coef[5][11]" at coef_banks.vhd(41) File: C:/intelFPGA_lite/19.1/Audio_Effects_On_FPGA_Project/Audio_Effects_On_FPGA_Project/coef_banks.vhd Line: 41
Info (10041): Inferred latch for "coef[5][12]" at coef_banks.vhd(41) File: C:/intelFPGA_lite/19.1/Audio_Effects_On_FPGA_Project/Audio_Effects_On_FPGA_Project/coef_banks.vhd Line: 41
Info (10041): Inferred latch for "coef[5][13]" at coef_banks.vhd(41) File: C:/intelFPGA_lite/19.1/Audio_Effects_On_FPGA_Project/Audio_Effects_On_FPGA_Project/coef_banks.vhd Line: 41
Info (10041): Inferred latch for "coef[5][14]" at coef_banks.vhd(41) File: C:/intelFPGA_lite/19.1/Audio_Effects_On_FPGA_Project/Audio_Effects_On_FPGA_Project/coef_banks.vhd Line: 41
Info (10041): Inferred latch for "coef[5][15]" at coef_banks.vhd(41) File: C:/intelFPGA_lite/19.1/Audio_Effects_On_FPGA_Project/Audio_Effects_On_FPGA_Project/coef_banks.vhd Line: 41
Info (10041): Inferred latch for "coef[6][0]" at coef_banks.vhd(41) File: C:/intelFPGA_lite/19.1/Audio_Effects_On_FPGA_Project/Audio_Effects_On_FPGA_Project/coef_banks.vhd Line: 41
Info (10041): Inferred latch for "coef[6][1]" at coef_banks.vhd(41) File: C:/intelFPGA_lite/19.1/Audio_Effects_On_FPGA_Project/Audio_Effects_On_FPGA_Project/coef_banks.vhd Line: 41
Info (10041): Inferred latch for "coef[6][2]" at coef_banks.vhd(41) File: C:/intelFPGA_lite/19.1/Audio_Effects_On_FPGA_Project/Audio_Effects_On_FPGA_Project/coef_banks.vhd Line: 41
Info (10041): Inferred latch for "coef[6][3]" at coef_banks.vhd(41) File: C:/intelFPGA_lite/19.1/Audio_Effects_On_FPGA_Project/Audio_Effects_On_FPGA_Project/coef_banks.vhd Line: 41
Info (10041): Inferred latch for "coef[6][4]" at coef_banks.vhd(41) File: C:/intelFPGA_lite/19.1/Audio_Effects_On_FPGA_Project/Audio_Effects_On_FPGA_Project/coef_banks.vhd Line: 41
Info (10041): Inferred latch for "coef[6][5]" at coef_banks.vhd(41) File: C:/intelFPGA_lite/19.1/Audio_Effects_On_FPGA_Project/Audio_Effects_On_FPGA_Project/coef_banks.vhd Line: 41
Info (10041): Inferred latch for "coef[6][6]" at coef_banks.vhd(41) File: C:/intelFPGA_lite/19.1/Audio_Effects_On_FPGA_Project/Audio_Effects_On_FPGA_Project/coef_banks.vhd Line: 41
Info (10041): Inferred latch for "coef[6][7]" at coef_banks.vhd(41) File: C:/intelFPGA_lite/19.1/Audio_Effects_On_FPGA_Project/Audio_Effects_On_FPGA_Project/coef_banks.vhd Line: 41
Info (10041): Inferred latch for "coef[6][8]" at coef_banks.vhd(41) File: C:/intelFPGA_lite/19.1/Audio_Effects_On_FPGA_Project/Audio_Effects_On_FPGA_Project/coef_banks.vhd Line: 41
Info (10041): Inferred latch for "coef[6][9]" at coef_banks.vhd(41) File: C:/intelFPGA_lite/19.1/Audio_Effects_On_FPGA_Project/Audio_Effects_On_FPGA_Project/coef_banks.vhd Line: 41
Info (10041): Inferred latch for "coef[6][10]" at coef_banks.vhd(41) File: C:/intelFPGA_lite/19.1/Audio_Effects_On_FPGA_Project/Audio_Effects_On_FPGA_Project/coef_banks.vhd Line: 41
Info (10041): Inferred latch for "coef[6][11]" at coef_banks.vhd(41) File: C:/intelFPGA_lite/19.1/Audio_Effects_On_FPGA_Project/Audio_Effects_On_FPGA_Project/coef_banks.vhd Line: 41
Info (10041): Inferred latch for "coef[6][12]" at coef_banks.vhd(41) File: C:/intelFPGA_lite/19.1/Audio_Effects_On_FPGA_Project/Audio_Effects_On_FPGA_Project/coef_banks.vhd Line: 41
Info (10041): Inferred latch for "coef[6][13]" at coef_banks.vhd(41) File: C:/intelFPGA_lite/19.1/Audio_Effects_On_FPGA_Project/Audio_Effects_On_FPGA_Project/coef_banks.vhd Line: 41
Info (10041): Inferred latch for "coef[6][14]" at coef_banks.vhd(41) File: C:/intelFPGA_lite/19.1/Audio_Effects_On_FPGA_Project/Audio_Effects_On_FPGA_Project/coef_banks.vhd Line: 41
Info (10041): Inferred latch for "coef[6][15]" at coef_banks.vhd(41) File: C:/intelFPGA_lite/19.1/Audio_Effects_On_FPGA_Project/Audio_Effects_On_FPGA_Project/coef_banks.vhd Line: 41
Info (10041): Inferred latch for "coef[7][0]" at coef_banks.vhd(41) File: C:/intelFPGA_lite/19.1/Audio_Effects_On_FPGA_Project/Audio_Effects_On_FPGA_Project/coef_banks.vhd Line: 41
Info (10041): Inferred latch for "coef[7][1]" at coef_banks.vhd(41) File: C:/intelFPGA_lite/19.1/Audio_Effects_On_FPGA_Project/Audio_Effects_On_FPGA_Project/coef_banks.vhd Line: 41
Info (10041): Inferred latch for "coef[7][2]" at coef_banks.vhd(41) File: C:/intelFPGA_lite/19.1/Audio_Effects_On_FPGA_Project/Audio_Effects_On_FPGA_Project/coef_banks.vhd Line: 41
Info (10041): Inferred latch for "coef[7][3]" at coef_banks.vhd(41) File: C:/intelFPGA_lite/19.1/Audio_Effects_On_FPGA_Project/Audio_Effects_On_FPGA_Project/coef_banks.vhd Line: 41
Info (10041): Inferred latch for "coef[7][4]" at coef_banks.vhd(41) File: C:/intelFPGA_lite/19.1/Audio_Effects_On_FPGA_Project/Audio_Effects_On_FPGA_Project/coef_banks.vhd Line: 41
Info (10041): Inferred latch for "coef[7][5]" at coef_banks.vhd(41) File: C:/intelFPGA_lite/19.1/Audio_Effects_On_FPGA_Project/Audio_Effects_On_FPGA_Project/coef_banks.vhd Line: 41
Info (10041): Inferred latch for "coef[7][6]" at coef_banks.vhd(41) File: C:/intelFPGA_lite/19.1/Audio_Effects_On_FPGA_Project/Audio_Effects_On_FPGA_Project/coef_banks.vhd Line: 41
Info (10041): Inferred latch for "coef[7][7]" at coef_banks.vhd(41) File: C:/intelFPGA_lite/19.1/Audio_Effects_On_FPGA_Project/Audio_Effects_On_FPGA_Project/coef_banks.vhd Line: 41
Info (10041): Inferred latch for "coef[7][8]" at coef_banks.vhd(41) File: C:/intelFPGA_lite/19.1/Audio_Effects_On_FPGA_Project/Audio_Effects_On_FPGA_Project/coef_banks.vhd Line: 41
Info (10041): Inferred latch for "coef[7][9]" at coef_banks.vhd(41) File: C:/intelFPGA_lite/19.1/Audio_Effects_On_FPGA_Project/Audio_Effects_On_FPGA_Project/coef_banks.vhd Line: 41
Info (10041): Inferred latch for "coef[7][10]" at coef_banks.vhd(41) File: C:/intelFPGA_lite/19.1/Audio_Effects_On_FPGA_Project/Audio_Effects_On_FPGA_Project/coef_banks.vhd Line: 41
Info (10041): Inferred latch for "coef[7][11]" at coef_banks.vhd(41) File: C:/intelFPGA_lite/19.1/Audio_Effects_On_FPGA_Project/Audio_Effects_On_FPGA_Project/coef_banks.vhd Line: 41
Info (10041): Inferred latch for "coef[7][12]" at coef_banks.vhd(41) File: C:/intelFPGA_lite/19.1/Audio_Effects_On_FPGA_Project/Audio_Effects_On_FPGA_Project/coef_banks.vhd Line: 41
Info (10041): Inferred latch for "coef[7][13]" at coef_banks.vhd(41) File: C:/intelFPGA_lite/19.1/Audio_Effects_On_FPGA_Project/Audio_Effects_On_FPGA_Project/coef_banks.vhd Line: 41
Info (10041): Inferred latch for "coef[7][14]" at coef_banks.vhd(41) File: C:/intelFPGA_lite/19.1/Audio_Effects_On_FPGA_Project/Audio_Effects_On_FPGA_Project/coef_banks.vhd Line: 41
Info (10041): Inferred latch for "coef[7][15]" at coef_banks.vhd(41) File: C:/intelFPGA_lite/19.1/Audio_Effects_On_FPGA_Project/Audio_Effects_On_FPGA_Project/coef_banks.vhd Line: 41
Info (10041): Inferred latch for "coef[8][0]" at coef_banks.vhd(41) File: C:/intelFPGA_lite/19.1/Audio_Effects_On_FPGA_Project/Audio_Effects_On_FPGA_Project/coef_banks.vhd Line: 41
Info (10041): Inferred latch for "coef[8][1]" at coef_banks.vhd(41) File: C:/intelFPGA_lite/19.1/Audio_Effects_On_FPGA_Project/Audio_Effects_On_FPGA_Project/coef_banks.vhd Line: 41
Info (10041): Inferred latch for "coef[8][2]" at coef_banks.vhd(41) File: C:/intelFPGA_lite/19.1/Audio_Effects_On_FPGA_Project/Audio_Effects_On_FPGA_Project/coef_banks.vhd Line: 41
Info (10041): Inferred latch for "coef[8][3]" at coef_banks.vhd(41) File: C:/intelFPGA_lite/19.1/Audio_Effects_On_FPGA_Project/Audio_Effects_On_FPGA_Project/coef_banks.vhd Line: 41
Info (10041): Inferred latch for "coef[8][4]" at coef_banks.vhd(41) File: C:/intelFPGA_lite/19.1/Audio_Effects_On_FPGA_Project/Audio_Effects_On_FPGA_Project/coef_banks.vhd Line: 41
Info (10041): Inferred latch for "coef[8][5]" at coef_banks.vhd(41) File: C:/intelFPGA_lite/19.1/Audio_Effects_On_FPGA_Project/Audio_Effects_On_FPGA_Project/coef_banks.vhd Line: 41
Info (10041): Inferred latch for "coef[8][6]" at coef_banks.vhd(41) File: C:/intelFPGA_lite/19.1/Audio_Effects_On_FPGA_Project/Audio_Effects_On_FPGA_Project/coef_banks.vhd Line: 41
Info (10041): Inferred latch for "coef[8][7]" at coef_banks.vhd(41) File: C:/intelFPGA_lite/19.1/Audio_Effects_On_FPGA_Project/Audio_Effects_On_FPGA_Project/coef_banks.vhd Line: 41
Info (10041): Inferred latch for "coef[8][8]" at coef_banks.vhd(41) File: C:/intelFPGA_lite/19.1/Audio_Effects_On_FPGA_Project/Audio_Effects_On_FPGA_Project/coef_banks.vhd Line: 41
Info (10041): Inferred latch for "coef[8][9]" at coef_banks.vhd(41) File: C:/intelFPGA_lite/19.1/Audio_Effects_On_FPGA_Project/Audio_Effects_On_FPGA_Project/coef_banks.vhd Line: 41
Info (10041): Inferred latch for "coef[8][10]" at coef_banks.vhd(41) File: C:/intelFPGA_lite/19.1/Audio_Effects_On_FPGA_Project/Audio_Effects_On_FPGA_Project/coef_banks.vhd Line: 41
Info (10041): Inferred latch for "coef[8][11]" at coef_banks.vhd(41) File: C:/intelFPGA_lite/19.1/Audio_Effects_On_FPGA_Project/Audio_Effects_On_FPGA_Project/coef_banks.vhd Line: 41
Info (10041): Inferred latch for "coef[8][12]" at coef_banks.vhd(41) File: C:/intelFPGA_lite/19.1/Audio_Effects_On_FPGA_Project/Audio_Effects_On_FPGA_Project/coef_banks.vhd Line: 41
Info (10041): Inferred latch for "coef[8][13]" at coef_banks.vhd(41) File: C:/intelFPGA_lite/19.1/Audio_Effects_On_FPGA_Project/Audio_Effects_On_FPGA_Project/coef_banks.vhd Line: 41
Info (10041): Inferred latch for "coef[8][14]" at coef_banks.vhd(41) File: C:/intelFPGA_lite/19.1/Audio_Effects_On_FPGA_Project/Audio_Effects_On_FPGA_Project/coef_banks.vhd Line: 41
Info (10041): Inferred latch for "coef[8][15]" at coef_banks.vhd(41) File: C:/intelFPGA_lite/19.1/Audio_Effects_On_FPGA_Project/Audio_Effects_On_FPGA_Project/coef_banks.vhd Line: 41
Info (10041): Inferred latch for "coef[9][0]" at coef_banks.vhd(41) File: C:/intelFPGA_lite/19.1/Audio_Effects_On_FPGA_Project/Audio_Effects_On_FPGA_Project/coef_banks.vhd Line: 41
Info (10041): Inferred latch for "coef[9][1]" at coef_banks.vhd(41) File: C:/intelFPGA_lite/19.1/Audio_Effects_On_FPGA_Project/Audio_Effects_On_FPGA_Project/coef_banks.vhd Line: 41
Info (10041): Inferred latch for "coef[9][2]" at coef_banks.vhd(41) File: C:/intelFPGA_lite/19.1/Audio_Effects_On_FPGA_Project/Audio_Effects_On_FPGA_Project/coef_banks.vhd Line: 41
Info (10041): Inferred latch for "coef[9][3]" at coef_banks.vhd(41) File: C:/intelFPGA_lite/19.1/Audio_Effects_On_FPGA_Project/Audio_Effects_On_FPGA_Project/coef_banks.vhd Line: 41
Info (10041): Inferred latch for "coef[9][4]" at coef_banks.vhd(41) File: C:/intelFPGA_lite/19.1/Audio_Effects_On_FPGA_Project/Audio_Effects_On_FPGA_Project/coef_banks.vhd Line: 41
Info (10041): Inferred latch for "coef[9][5]" at coef_banks.vhd(41) File: C:/intelFPGA_lite/19.1/Audio_Effects_On_FPGA_Project/Audio_Effects_On_FPGA_Project/coef_banks.vhd Line: 41
Info (10041): Inferred latch for "coef[9][6]" at coef_banks.vhd(41) File: C:/intelFPGA_lite/19.1/Audio_Effects_On_FPGA_Project/Audio_Effects_On_FPGA_Project/coef_banks.vhd Line: 41
Info (10041): Inferred latch for "coef[9][7]" at coef_banks.vhd(41) File: C:/intelFPGA_lite/19.1/Audio_Effects_On_FPGA_Project/Audio_Effects_On_FPGA_Project/coef_banks.vhd Line: 41
Info (10041): Inferred latch for "coef[9][8]" at coef_banks.vhd(41) File: C:/intelFPGA_lite/19.1/Audio_Effects_On_FPGA_Project/Audio_Effects_On_FPGA_Project/coef_banks.vhd Line: 41
Info (10041): Inferred latch for "coef[9][9]" at coef_banks.vhd(41) File: C:/intelFPGA_lite/19.1/Audio_Effects_On_FPGA_Project/Audio_Effects_On_FPGA_Project/coef_banks.vhd Line: 41
Info (10041): Inferred latch for "coef[9][10]" at coef_banks.vhd(41) File: C:/intelFPGA_lite/19.1/Audio_Effects_On_FPGA_Project/Audio_Effects_On_FPGA_Project/coef_banks.vhd Line: 41
Info (10041): Inferred latch for "coef[9][11]" at coef_banks.vhd(41) File: C:/intelFPGA_lite/19.1/Audio_Effects_On_FPGA_Project/Audio_Effects_On_FPGA_Project/coef_banks.vhd Line: 41
Info (10041): Inferred latch for "coef[9][12]" at coef_banks.vhd(41) File: C:/intelFPGA_lite/19.1/Audio_Effects_On_FPGA_Project/Audio_Effects_On_FPGA_Project/coef_banks.vhd Line: 41
Info (10041): Inferred latch for "coef[9][13]" at coef_banks.vhd(41) File: C:/intelFPGA_lite/19.1/Audio_Effects_On_FPGA_Project/Audio_Effects_On_FPGA_Project/coef_banks.vhd Line: 41
Info (10041): Inferred latch for "coef[9][14]" at coef_banks.vhd(41) File: C:/intelFPGA_lite/19.1/Audio_Effects_On_FPGA_Project/Audio_Effects_On_FPGA_Project/coef_banks.vhd Line: 41
Info (10041): Inferred latch for "coef[9][15]" at coef_banks.vhd(41) File: C:/intelFPGA_lite/19.1/Audio_Effects_On_FPGA_Project/Audio_Effects_On_FPGA_Project/coef_banks.vhd Line: 41
Info (10041): Inferred latch for "coef[10][0]" at coef_banks.vhd(41) File: C:/intelFPGA_lite/19.1/Audio_Effects_On_FPGA_Project/Audio_Effects_On_FPGA_Project/coef_banks.vhd Line: 41
Info (10041): Inferred latch for "coef[10][1]" at coef_banks.vhd(41) File: C:/intelFPGA_lite/19.1/Audio_Effects_On_FPGA_Project/Audio_Effects_On_FPGA_Project/coef_banks.vhd Line: 41
Info (10041): Inferred latch for "coef[10][2]" at coef_banks.vhd(41) File: C:/intelFPGA_lite/19.1/Audio_Effects_On_FPGA_Project/Audio_Effects_On_FPGA_Project/coef_banks.vhd Line: 41
Info (10041): Inferred latch for "coef[10][3]" at coef_banks.vhd(41) File: C:/intelFPGA_lite/19.1/Audio_Effects_On_FPGA_Project/Audio_Effects_On_FPGA_Project/coef_banks.vhd Line: 41
Info (10041): Inferred latch for "coef[10][4]" at coef_banks.vhd(41) File: C:/intelFPGA_lite/19.1/Audio_Effects_On_FPGA_Project/Audio_Effects_On_FPGA_Project/coef_banks.vhd Line: 41
Info (10041): Inferred latch for "coef[10][5]" at coef_banks.vhd(41) File: C:/intelFPGA_lite/19.1/Audio_Effects_On_FPGA_Project/Audio_Effects_On_FPGA_Project/coef_banks.vhd Line: 41
Info (10041): Inferred latch for "coef[10][6]" at coef_banks.vhd(41) File: C:/intelFPGA_lite/19.1/Audio_Effects_On_FPGA_Project/Audio_Effects_On_FPGA_Project/coef_banks.vhd Line: 41
Info (10041): Inferred latch for "coef[10][7]" at coef_banks.vhd(41) File: C:/intelFPGA_lite/19.1/Audio_Effects_On_FPGA_Project/Audio_Effects_On_FPGA_Project/coef_banks.vhd Line: 41
Info (10041): Inferred latch for "coef[10][8]" at coef_banks.vhd(41) File: C:/intelFPGA_lite/19.1/Audio_Effects_On_FPGA_Project/Audio_Effects_On_FPGA_Project/coef_banks.vhd Line: 41
Info (10041): Inferred latch for "coef[10][9]" at coef_banks.vhd(41) File: C:/intelFPGA_lite/19.1/Audio_Effects_On_FPGA_Project/Audio_Effects_On_FPGA_Project/coef_banks.vhd Line: 41
Info (10041): Inferred latch for "coef[10][10]" at coef_banks.vhd(41) File: C:/intelFPGA_lite/19.1/Audio_Effects_On_FPGA_Project/Audio_Effects_On_FPGA_Project/coef_banks.vhd Line: 41
Info (10041): Inferred latch for "coef[10][11]" at coef_banks.vhd(41) File: C:/intelFPGA_lite/19.1/Audio_Effects_On_FPGA_Project/Audio_Effects_On_FPGA_Project/coef_banks.vhd Line: 41
Info (10041): Inferred latch for "coef[10][12]" at coef_banks.vhd(41) File: C:/intelFPGA_lite/19.1/Audio_Effects_On_FPGA_Project/Audio_Effects_On_FPGA_Project/coef_banks.vhd Line: 41
Info (10041): Inferred latch for "coef[10][13]" at coef_banks.vhd(41) File: C:/intelFPGA_lite/19.1/Audio_Effects_On_FPGA_Project/Audio_Effects_On_FPGA_Project/coef_banks.vhd Line: 41
Info (10041): Inferred latch for "coef[10][14]" at coef_banks.vhd(41) File: C:/intelFPGA_lite/19.1/Audio_Effects_On_FPGA_Project/Audio_Effects_On_FPGA_Project/coef_banks.vhd Line: 41
Info (10041): Inferred latch for "coef[10][15]" at coef_banks.vhd(41) File: C:/intelFPGA_lite/19.1/Audio_Effects_On_FPGA_Project/Audio_Effects_On_FPGA_Project/coef_banks.vhd Line: 41
Info (10041): Inferred latch for "coef[11][0]" at coef_banks.vhd(41) File: C:/intelFPGA_lite/19.1/Audio_Effects_On_FPGA_Project/Audio_Effects_On_FPGA_Project/coef_banks.vhd Line: 41
Info (10041): Inferred latch for "coef[11][1]" at coef_banks.vhd(41) File: C:/intelFPGA_lite/19.1/Audio_Effects_On_FPGA_Project/Audio_Effects_On_FPGA_Project/coef_banks.vhd Line: 41
Info (10041): Inferred latch for "coef[11][2]" at coef_banks.vhd(41) File: C:/intelFPGA_lite/19.1/Audio_Effects_On_FPGA_Project/Audio_Effects_On_FPGA_Project/coef_banks.vhd Line: 41
Info (10041): Inferred latch for "coef[11][3]" at coef_banks.vhd(41) File: C:/intelFPGA_lite/19.1/Audio_Effects_On_FPGA_Project/Audio_Effects_On_FPGA_Project/coef_banks.vhd Line: 41
Info (10041): Inferred latch for "coef[11][4]" at coef_banks.vhd(41) File: C:/intelFPGA_lite/19.1/Audio_Effects_On_FPGA_Project/Audio_Effects_On_FPGA_Project/coef_banks.vhd Line: 41
Info (10041): Inferred latch for "coef[11][5]" at coef_banks.vhd(41) File: C:/intelFPGA_lite/19.1/Audio_Effects_On_FPGA_Project/Audio_Effects_On_FPGA_Project/coef_banks.vhd Line: 41
Info (10041): Inferred latch for "coef[11][6]" at coef_banks.vhd(41) File: C:/intelFPGA_lite/19.1/Audio_Effects_On_FPGA_Project/Audio_Effects_On_FPGA_Project/coef_banks.vhd Line: 41
Info (10041): Inferred latch for "coef[11][7]" at coef_banks.vhd(41) File: C:/intelFPGA_lite/19.1/Audio_Effects_On_FPGA_Project/Audio_Effects_On_FPGA_Project/coef_banks.vhd Line: 41
Info (10041): Inferred latch for "coef[11][8]" at coef_banks.vhd(41) File: C:/intelFPGA_lite/19.1/Audio_Effects_On_FPGA_Project/Audio_Effects_On_FPGA_Project/coef_banks.vhd Line: 41
Info (10041): Inferred latch for "coef[11][9]" at coef_banks.vhd(41) File: C:/intelFPGA_lite/19.1/Audio_Effects_On_FPGA_Project/Audio_Effects_On_FPGA_Project/coef_banks.vhd Line: 41
Info (10041): Inferred latch for "coef[11][10]" at coef_banks.vhd(41) File: C:/intelFPGA_lite/19.1/Audio_Effects_On_FPGA_Project/Audio_Effects_On_FPGA_Project/coef_banks.vhd Line: 41
Info (10041): Inferred latch for "coef[11][11]" at coef_banks.vhd(41) File: C:/intelFPGA_lite/19.1/Audio_Effects_On_FPGA_Project/Audio_Effects_On_FPGA_Project/coef_banks.vhd Line: 41
Info (10041): Inferred latch for "coef[11][12]" at coef_banks.vhd(41) File: C:/intelFPGA_lite/19.1/Audio_Effects_On_FPGA_Project/Audio_Effects_On_FPGA_Project/coef_banks.vhd Line: 41
Info (10041): Inferred latch for "coef[11][13]" at coef_banks.vhd(41) File: C:/intelFPGA_lite/19.1/Audio_Effects_On_FPGA_Project/Audio_Effects_On_FPGA_Project/coef_banks.vhd Line: 41
Info (10041): Inferred latch for "coef[11][14]" at coef_banks.vhd(41) File: C:/intelFPGA_lite/19.1/Audio_Effects_On_FPGA_Project/Audio_Effects_On_FPGA_Project/coef_banks.vhd Line: 41
Info (10041): Inferred latch for "coef[11][15]" at coef_banks.vhd(41) File: C:/intelFPGA_lite/19.1/Audio_Effects_On_FPGA_Project/Audio_Effects_On_FPGA_Project/coef_banks.vhd Line: 41
Info (10041): Inferred latch for "coef[12][0]" at coef_banks.vhd(41) File: C:/intelFPGA_lite/19.1/Audio_Effects_On_FPGA_Project/Audio_Effects_On_FPGA_Project/coef_banks.vhd Line: 41
Info (10041): Inferred latch for "coef[12][1]" at coef_banks.vhd(41) File: C:/intelFPGA_lite/19.1/Audio_Effects_On_FPGA_Project/Audio_Effects_On_FPGA_Project/coef_banks.vhd Line: 41
Info (10041): Inferred latch for "coef[12][2]" at coef_banks.vhd(41) File: C:/intelFPGA_lite/19.1/Audio_Effects_On_FPGA_Project/Audio_Effects_On_FPGA_Project/coef_banks.vhd Line: 41
Info (10041): Inferred latch for "coef[12][3]" at coef_banks.vhd(41) File: C:/intelFPGA_lite/19.1/Audio_Effects_On_FPGA_Project/Audio_Effects_On_FPGA_Project/coef_banks.vhd Line: 41
Info (10041): Inferred latch for "coef[12][4]" at coef_banks.vhd(41) File: C:/intelFPGA_lite/19.1/Audio_Effects_On_FPGA_Project/Audio_Effects_On_FPGA_Project/coef_banks.vhd Line: 41
Info (10041): Inferred latch for "coef[12][5]" at coef_banks.vhd(41) File: C:/intelFPGA_lite/19.1/Audio_Effects_On_FPGA_Project/Audio_Effects_On_FPGA_Project/coef_banks.vhd Line: 41
Info (10041): Inferred latch for "coef[12][6]" at coef_banks.vhd(41) File: C:/intelFPGA_lite/19.1/Audio_Effects_On_FPGA_Project/Audio_Effects_On_FPGA_Project/coef_banks.vhd Line: 41
Info (10041): Inferred latch for "coef[12][7]" at coef_banks.vhd(41) File: C:/intelFPGA_lite/19.1/Audio_Effects_On_FPGA_Project/Audio_Effects_On_FPGA_Project/coef_banks.vhd Line: 41
Info (10041): Inferred latch for "coef[12][8]" at coef_banks.vhd(41) File: C:/intelFPGA_lite/19.1/Audio_Effects_On_FPGA_Project/Audio_Effects_On_FPGA_Project/coef_banks.vhd Line: 41
Info (10041): Inferred latch for "coef[12][9]" at coef_banks.vhd(41) File: C:/intelFPGA_lite/19.1/Audio_Effects_On_FPGA_Project/Audio_Effects_On_FPGA_Project/coef_banks.vhd Line: 41
Info (10041): Inferred latch for "coef[12][10]" at coef_banks.vhd(41) File: C:/intelFPGA_lite/19.1/Audio_Effects_On_FPGA_Project/Audio_Effects_On_FPGA_Project/coef_banks.vhd Line: 41
Info (10041): Inferred latch for "coef[12][11]" at coef_banks.vhd(41) File: C:/intelFPGA_lite/19.1/Audio_Effects_On_FPGA_Project/Audio_Effects_On_FPGA_Project/coef_banks.vhd Line: 41
Info (10041): Inferred latch for "coef[12][12]" at coef_banks.vhd(41) File: C:/intelFPGA_lite/19.1/Audio_Effects_On_FPGA_Project/Audio_Effects_On_FPGA_Project/coef_banks.vhd Line: 41
Info (10041): Inferred latch for "coef[12][13]" at coef_banks.vhd(41) File: C:/intelFPGA_lite/19.1/Audio_Effects_On_FPGA_Project/Audio_Effects_On_FPGA_Project/coef_banks.vhd Line: 41
Info (10041): Inferred latch for "coef[12][14]" at coef_banks.vhd(41) File: C:/intelFPGA_lite/19.1/Audio_Effects_On_FPGA_Project/Audio_Effects_On_FPGA_Project/coef_banks.vhd Line: 41
Info (10041): Inferred latch for "coef[12][15]" at coef_banks.vhd(41) File: C:/intelFPGA_lite/19.1/Audio_Effects_On_FPGA_Project/Audio_Effects_On_FPGA_Project/coef_banks.vhd Line: 41
Info (10041): Inferred latch for "coef[13][0]" at coef_banks.vhd(41) File: C:/intelFPGA_lite/19.1/Audio_Effects_On_FPGA_Project/Audio_Effects_On_FPGA_Project/coef_banks.vhd Line: 41
Info (10041): Inferred latch for "coef[13][1]" at coef_banks.vhd(41) File: C:/intelFPGA_lite/19.1/Audio_Effects_On_FPGA_Project/Audio_Effects_On_FPGA_Project/coef_banks.vhd Line: 41
Info (10041): Inferred latch for "coef[13][2]" at coef_banks.vhd(41) File: C:/intelFPGA_lite/19.1/Audio_Effects_On_FPGA_Project/Audio_Effects_On_FPGA_Project/coef_banks.vhd Line: 41
Info (10041): Inferred latch for "coef[13][3]" at coef_banks.vhd(41) File: C:/intelFPGA_lite/19.1/Audio_Effects_On_FPGA_Project/Audio_Effects_On_FPGA_Project/coef_banks.vhd Line: 41
Info (10041): Inferred latch for "coef[13][4]" at coef_banks.vhd(41) File: C:/intelFPGA_lite/19.1/Audio_Effects_On_FPGA_Project/Audio_Effects_On_FPGA_Project/coef_banks.vhd Line: 41
Info (10041): Inferred latch for "coef[13][5]" at coef_banks.vhd(41) File: C:/intelFPGA_lite/19.1/Audio_Effects_On_FPGA_Project/Audio_Effects_On_FPGA_Project/coef_banks.vhd Line: 41
Info (10041): Inferred latch for "coef[13][6]" at coef_banks.vhd(41) File: C:/intelFPGA_lite/19.1/Audio_Effects_On_FPGA_Project/Audio_Effects_On_FPGA_Project/coef_banks.vhd Line: 41
Info (10041): Inferred latch for "coef[13][7]" at coef_banks.vhd(41) File: C:/intelFPGA_lite/19.1/Audio_Effects_On_FPGA_Project/Audio_Effects_On_FPGA_Project/coef_banks.vhd Line: 41
Info (10041): Inferred latch for "coef[13][8]" at coef_banks.vhd(41) File: C:/intelFPGA_lite/19.1/Audio_Effects_On_FPGA_Project/Audio_Effects_On_FPGA_Project/coef_banks.vhd Line: 41
Info (10041): Inferred latch for "coef[13][9]" at coef_banks.vhd(41) File: C:/intelFPGA_lite/19.1/Audio_Effects_On_FPGA_Project/Audio_Effects_On_FPGA_Project/coef_banks.vhd Line: 41
Info (10041): Inferred latch for "coef[13][10]" at coef_banks.vhd(41) File: C:/intelFPGA_lite/19.1/Audio_Effects_On_FPGA_Project/Audio_Effects_On_FPGA_Project/coef_banks.vhd Line: 41
Info (10041): Inferred latch for "coef[13][11]" at coef_banks.vhd(41) File: C:/intelFPGA_lite/19.1/Audio_Effects_On_FPGA_Project/Audio_Effects_On_FPGA_Project/coef_banks.vhd Line: 41
Info (10041): Inferred latch for "coef[13][12]" at coef_banks.vhd(41) File: C:/intelFPGA_lite/19.1/Audio_Effects_On_FPGA_Project/Audio_Effects_On_FPGA_Project/coef_banks.vhd Line: 41
Info (10041): Inferred latch for "coef[13][13]" at coef_banks.vhd(41) File: C:/intelFPGA_lite/19.1/Audio_Effects_On_FPGA_Project/Audio_Effects_On_FPGA_Project/coef_banks.vhd Line: 41
Info (10041): Inferred latch for "coef[13][14]" at coef_banks.vhd(41) File: C:/intelFPGA_lite/19.1/Audio_Effects_On_FPGA_Project/Audio_Effects_On_FPGA_Project/coef_banks.vhd Line: 41
Info (10041): Inferred latch for "coef[13][15]" at coef_banks.vhd(41) File: C:/intelFPGA_lite/19.1/Audio_Effects_On_FPGA_Project/Audio_Effects_On_FPGA_Project/coef_banks.vhd Line: 41
Info (10041): Inferred latch for "coef[14][0]" at coef_banks.vhd(41) File: C:/intelFPGA_lite/19.1/Audio_Effects_On_FPGA_Project/Audio_Effects_On_FPGA_Project/coef_banks.vhd Line: 41
Info (10041): Inferred latch for "coef[14][1]" at coef_banks.vhd(41) File: C:/intelFPGA_lite/19.1/Audio_Effects_On_FPGA_Project/Audio_Effects_On_FPGA_Project/coef_banks.vhd Line: 41
Info (10041): Inferred latch for "coef[14][2]" at coef_banks.vhd(41) File: C:/intelFPGA_lite/19.1/Audio_Effects_On_FPGA_Project/Audio_Effects_On_FPGA_Project/coef_banks.vhd Line: 41
Info (10041): Inferred latch for "coef[14][3]" at coef_banks.vhd(41) File: C:/intelFPGA_lite/19.1/Audio_Effects_On_FPGA_Project/Audio_Effects_On_FPGA_Project/coef_banks.vhd Line: 41
Info (10041): Inferred latch for "coef[14][4]" at coef_banks.vhd(41) File: C:/intelFPGA_lite/19.1/Audio_Effects_On_FPGA_Project/Audio_Effects_On_FPGA_Project/coef_banks.vhd Line: 41
Info (10041): Inferred latch for "coef[14][5]" at coef_banks.vhd(41) File: C:/intelFPGA_lite/19.1/Audio_Effects_On_FPGA_Project/Audio_Effects_On_FPGA_Project/coef_banks.vhd Line: 41
Info (10041): Inferred latch for "coef[14][6]" at coef_banks.vhd(41) File: C:/intelFPGA_lite/19.1/Audio_Effects_On_FPGA_Project/Audio_Effects_On_FPGA_Project/coef_banks.vhd Line: 41
Info (10041): Inferred latch for "coef[14][7]" at coef_banks.vhd(41) File: C:/intelFPGA_lite/19.1/Audio_Effects_On_FPGA_Project/Audio_Effects_On_FPGA_Project/coef_banks.vhd Line: 41
Info (10041): Inferred latch for "coef[14][8]" at coef_banks.vhd(41) File: C:/intelFPGA_lite/19.1/Audio_Effects_On_FPGA_Project/Audio_Effects_On_FPGA_Project/coef_banks.vhd Line: 41
Info (10041): Inferred latch for "coef[14][9]" at coef_banks.vhd(41) File: C:/intelFPGA_lite/19.1/Audio_Effects_On_FPGA_Project/Audio_Effects_On_FPGA_Project/coef_banks.vhd Line: 41
Info (10041): Inferred latch for "coef[14][10]" at coef_banks.vhd(41) File: C:/intelFPGA_lite/19.1/Audio_Effects_On_FPGA_Project/Audio_Effects_On_FPGA_Project/coef_banks.vhd Line: 41
Info (10041): Inferred latch for "coef[14][11]" at coef_banks.vhd(41) File: C:/intelFPGA_lite/19.1/Audio_Effects_On_FPGA_Project/Audio_Effects_On_FPGA_Project/coef_banks.vhd Line: 41
Info (10041): Inferred latch for "coef[14][12]" at coef_banks.vhd(41) File: C:/intelFPGA_lite/19.1/Audio_Effects_On_FPGA_Project/Audio_Effects_On_FPGA_Project/coef_banks.vhd Line: 41
Info (10041): Inferred latch for "coef[14][13]" at coef_banks.vhd(41) File: C:/intelFPGA_lite/19.1/Audio_Effects_On_FPGA_Project/Audio_Effects_On_FPGA_Project/coef_banks.vhd Line: 41
Info (10041): Inferred latch for "coef[14][14]" at coef_banks.vhd(41) File: C:/intelFPGA_lite/19.1/Audio_Effects_On_FPGA_Project/Audio_Effects_On_FPGA_Project/coef_banks.vhd Line: 41
Info (10041): Inferred latch for "coef[14][15]" at coef_banks.vhd(41) File: C:/intelFPGA_lite/19.1/Audio_Effects_On_FPGA_Project/Audio_Effects_On_FPGA_Project/coef_banks.vhd Line: 41
Info (10041): Inferred latch for "coef[15][0]" at coef_banks.vhd(41) File: C:/intelFPGA_lite/19.1/Audio_Effects_On_FPGA_Project/Audio_Effects_On_FPGA_Project/coef_banks.vhd Line: 41
Info (10041): Inferred latch for "coef[15][1]" at coef_banks.vhd(41) File: C:/intelFPGA_lite/19.1/Audio_Effects_On_FPGA_Project/Audio_Effects_On_FPGA_Project/coef_banks.vhd Line: 41
Info (10041): Inferred latch for "coef[15][2]" at coef_banks.vhd(41) File: C:/intelFPGA_lite/19.1/Audio_Effects_On_FPGA_Project/Audio_Effects_On_FPGA_Project/coef_banks.vhd Line: 41
Info (10041): Inferred latch for "coef[15][3]" at coef_banks.vhd(41) File: C:/intelFPGA_lite/19.1/Audio_Effects_On_FPGA_Project/Audio_Effects_On_FPGA_Project/coef_banks.vhd Line: 41
Info (10041): Inferred latch for "coef[15][4]" at coef_banks.vhd(41) File: C:/intelFPGA_lite/19.1/Audio_Effects_On_FPGA_Project/Audio_Effects_On_FPGA_Project/coef_banks.vhd Line: 41
Info (10041): Inferred latch for "coef[15][5]" at coef_banks.vhd(41) File: C:/intelFPGA_lite/19.1/Audio_Effects_On_FPGA_Project/Audio_Effects_On_FPGA_Project/coef_banks.vhd Line: 41
Info (10041): Inferred latch for "coef[15][6]" at coef_banks.vhd(41) File: C:/intelFPGA_lite/19.1/Audio_Effects_On_FPGA_Project/Audio_Effects_On_FPGA_Project/coef_banks.vhd Line: 41
Info (10041): Inferred latch for "coef[15][7]" at coef_banks.vhd(41) File: C:/intelFPGA_lite/19.1/Audio_Effects_On_FPGA_Project/Audio_Effects_On_FPGA_Project/coef_banks.vhd Line: 41
Info (10041): Inferred latch for "coef[15][8]" at coef_banks.vhd(41) File: C:/intelFPGA_lite/19.1/Audio_Effects_On_FPGA_Project/Audio_Effects_On_FPGA_Project/coef_banks.vhd Line: 41
Info (10041): Inferred latch for "coef[15][9]" at coef_banks.vhd(41) File: C:/intelFPGA_lite/19.1/Audio_Effects_On_FPGA_Project/Audio_Effects_On_FPGA_Project/coef_banks.vhd Line: 41
Info (10041): Inferred latch for "coef[15][10]" at coef_banks.vhd(41) File: C:/intelFPGA_lite/19.1/Audio_Effects_On_FPGA_Project/Audio_Effects_On_FPGA_Project/coef_banks.vhd Line: 41
Info (10041): Inferred latch for "coef[15][11]" at coef_banks.vhd(41) File: C:/intelFPGA_lite/19.1/Audio_Effects_On_FPGA_Project/Audio_Effects_On_FPGA_Project/coef_banks.vhd Line: 41
Info (10041): Inferred latch for "coef[15][12]" at coef_banks.vhd(41) File: C:/intelFPGA_lite/19.1/Audio_Effects_On_FPGA_Project/Audio_Effects_On_FPGA_Project/coef_banks.vhd Line: 41
Info (10041): Inferred latch for "coef[15][13]" at coef_banks.vhd(41) File: C:/intelFPGA_lite/19.1/Audio_Effects_On_FPGA_Project/Audio_Effects_On_FPGA_Project/coef_banks.vhd Line: 41
Info (10041): Inferred latch for "coef[15][14]" at coef_banks.vhd(41) File: C:/intelFPGA_lite/19.1/Audio_Effects_On_FPGA_Project/Audio_Effects_On_FPGA_Project/coef_banks.vhd Line: 41
Info (10041): Inferred latch for "coef[15][15]" at coef_banks.vhd(41) File: C:/intelFPGA_lite/19.1/Audio_Effects_On_FPGA_Project/Audio_Effects_On_FPGA_Project/coef_banks.vhd Line: 41
Info (10041): Inferred latch for "coef[16][0]" at coef_banks.vhd(41) File: C:/intelFPGA_lite/19.1/Audio_Effects_On_FPGA_Project/Audio_Effects_On_FPGA_Project/coef_banks.vhd Line: 41
Info (10041): Inferred latch for "coef[16][1]" at coef_banks.vhd(41) File: C:/intelFPGA_lite/19.1/Audio_Effects_On_FPGA_Project/Audio_Effects_On_FPGA_Project/coef_banks.vhd Line: 41
Info (10041): Inferred latch for "coef[16][2]" at coef_banks.vhd(41) File: C:/intelFPGA_lite/19.1/Audio_Effects_On_FPGA_Project/Audio_Effects_On_FPGA_Project/coef_banks.vhd Line: 41
Info (10041): Inferred latch for "coef[16][3]" at coef_banks.vhd(41) File: C:/intelFPGA_lite/19.1/Audio_Effects_On_FPGA_Project/Audio_Effects_On_FPGA_Project/coef_banks.vhd Line: 41
Info (10041): Inferred latch for "coef[16][4]" at coef_banks.vhd(41) File: C:/intelFPGA_lite/19.1/Audio_Effects_On_FPGA_Project/Audio_Effects_On_FPGA_Project/coef_banks.vhd Line: 41
Info (10041): Inferred latch for "coef[16][5]" at coef_banks.vhd(41) File: C:/intelFPGA_lite/19.1/Audio_Effects_On_FPGA_Project/Audio_Effects_On_FPGA_Project/coef_banks.vhd Line: 41
Info (10041): Inferred latch for "coef[16][6]" at coef_banks.vhd(41) File: C:/intelFPGA_lite/19.1/Audio_Effects_On_FPGA_Project/Audio_Effects_On_FPGA_Project/coef_banks.vhd Line: 41
Info (10041): Inferred latch for "coef[16][7]" at coef_banks.vhd(41) File: C:/intelFPGA_lite/19.1/Audio_Effects_On_FPGA_Project/Audio_Effects_On_FPGA_Project/coef_banks.vhd Line: 41
Info (10041): Inferred latch for "coef[16][8]" at coef_banks.vhd(41) File: C:/intelFPGA_lite/19.1/Audio_Effects_On_FPGA_Project/Audio_Effects_On_FPGA_Project/coef_banks.vhd Line: 41
Info (10041): Inferred latch for "coef[16][9]" at coef_banks.vhd(41) File: C:/intelFPGA_lite/19.1/Audio_Effects_On_FPGA_Project/Audio_Effects_On_FPGA_Project/coef_banks.vhd Line: 41
Info (10041): Inferred latch for "coef[16][10]" at coef_banks.vhd(41) File: C:/intelFPGA_lite/19.1/Audio_Effects_On_FPGA_Project/Audio_Effects_On_FPGA_Project/coef_banks.vhd Line: 41
Info (10041): Inferred latch for "coef[16][11]" at coef_banks.vhd(41) File: C:/intelFPGA_lite/19.1/Audio_Effects_On_FPGA_Project/Audio_Effects_On_FPGA_Project/coef_banks.vhd Line: 41
Info (10041): Inferred latch for "coef[16][12]" at coef_banks.vhd(41) File: C:/intelFPGA_lite/19.1/Audio_Effects_On_FPGA_Project/Audio_Effects_On_FPGA_Project/coef_banks.vhd Line: 41
Info (10041): Inferred latch for "coef[16][13]" at coef_banks.vhd(41) File: C:/intelFPGA_lite/19.1/Audio_Effects_On_FPGA_Project/Audio_Effects_On_FPGA_Project/coef_banks.vhd Line: 41
Info (10041): Inferred latch for "coef[16][14]" at coef_banks.vhd(41) File: C:/intelFPGA_lite/19.1/Audio_Effects_On_FPGA_Project/Audio_Effects_On_FPGA_Project/coef_banks.vhd Line: 41
Info (10041): Inferred latch for "coef[16][15]" at coef_banks.vhd(41) File: C:/intelFPGA_lite/19.1/Audio_Effects_On_FPGA_Project/Audio_Effects_On_FPGA_Project/coef_banks.vhd Line: 41
Info (10041): Inferred latch for "coef[17][0]" at coef_banks.vhd(41) File: C:/intelFPGA_lite/19.1/Audio_Effects_On_FPGA_Project/Audio_Effects_On_FPGA_Project/coef_banks.vhd Line: 41
Info (10041): Inferred latch for "coef[17][1]" at coef_banks.vhd(41) File: C:/intelFPGA_lite/19.1/Audio_Effects_On_FPGA_Project/Audio_Effects_On_FPGA_Project/coef_banks.vhd Line: 41
Info (10041): Inferred latch for "coef[17][2]" at coef_banks.vhd(41) File: C:/intelFPGA_lite/19.1/Audio_Effects_On_FPGA_Project/Audio_Effects_On_FPGA_Project/coef_banks.vhd Line: 41
Info (10041): Inferred latch for "coef[17][3]" at coef_banks.vhd(41) File: C:/intelFPGA_lite/19.1/Audio_Effects_On_FPGA_Project/Audio_Effects_On_FPGA_Project/coef_banks.vhd Line: 41
Info (10041): Inferred latch for "coef[17][4]" at coef_banks.vhd(41) File: C:/intelFPGA_lite/19.1/Audio_Effects_On_FPGA_Project/Audio_Effects_On_FPGA_Project/coef_banks.vhd Line: 41
Info (10041): Inferred latch for "coef[17][5]" at coef_banks.vhd(41) File: C:/intelFPGA_lite/19.1/Audio_Effects_On_FPGA_Project/Audio_Effects_On_FPGA_Project/coef_banks.vhd Line: 41
Info (10041): Inferred latch for "coef[17][6]" at coef_banks.vhd(41) File: C:/intelFPGA_lite/19.1/Audio_Effects_On_FPGA_Project/Audio_Effects_On_FPGA_Project/coef_banks.vhd Line: 41
Info (10041): Inferred latch for "coef[17][7]" at coef_banks.vhd(41) File: C:/intelFPGA_lite/19.1/Audio_Effects_On_FPGA_Project/Audio_Effects_On_FPGA_Project/coef_banks.vhd Line: 41
Info (10041): Inferred latch for "coef[17][8]" at coef_banks.vhd(41) File: C:/intelFPGA_lite/19.1/Audio_Effects_On_FPGA_Project/Audio_Effects_On_FPGA_Project/coef_banks.vhd Line: 41
Info (10041): Inferred latch for "coef[17][9]" at coef_banks.vhd(41) File: C:/intelFPGA_lite/19.1/Audio_Effects_On_FPGA_Project/Audio_Effects_On_FPGA_Project/coef_banks.vhd Line: 41
Info (10041): Inferred latch for "coef[17][10]" at coef_banks.vhd(41) File: C:/intelFPGA_lite/19.1/Audio_Effects_On_FPGA_Project/Audio_Effects_On_FPGA_Project/coef_banks.vhd Line: 41
Info (10041): Inferred latch for "coef[17][11]" at coef_banks.vhd(41) File: C:/intelFPGA_lite/19.1/Audio_Effects_On_FPGA_Project/Audio_Effects_On_FPGA_Project/coef_banks.vhd Line: 41
Info (10041): Inferred latch for "coef[17][12]" at coef_banks.vhd(41) File: C:/intelFPGA_lite/19.1/Audio_Effects_On_FPGA_Project/Audio_Effects_On_FPGA_Project/coef_banks.vhd Line: 41
Info (10041): Inferred latch for "coef[17][13]" at coef_banks.vhd(41) File: C:/intelFPGA_lite/19.1/Audio_Effects_On_FPGA_Project/Audio_Effects_On_FPGA_Project/coef_banks.vhd Line: 41
Info (10041): Inferred latch for "coef[17][14]" at coef_banks.vhd(41) File: C:/intelFPGA_lite/19.1/Audio_Effects_On_FPGA_Project/Audio_Effects_On_FPGA_Project/coef_banks.vhd Line: 41
Info (10041): Inferred latch for "coef[17][15]" at coef_banks.vhd(41) File: C:/intelFPGA_lite/19.1/Audio_Effects_On_FPGA_Project/Audio_Effects_On_FPGA_Project/coef_banks.vhd Line: 41
Info (10041): Inferred latch for "coef[18][0]" at coef_banks.vhd(41) File: C:/intelFPGA_lite/19.1/Audio_Effects_On_FPGA_Project/Audio_Effects_On_FPGA_Project/coef_banks.vhd Line: 41
Info (10041): Inferred latch for "coef[18][1]" at coef_banks.vhd(41) File: C:/intelFPGA_lite/19.1/Audio_Effects_On_FPGA_Project/Audio_Effects_On_FPGA_Project/coef_banks.vhd Line: 41
Info (10041): Inferred latch for "coef[18][2]" at coef_banks.vhd(41) File: C:/intelFPGA_lite/19.1/Audio_Effects_On_FPGA_Project/Audio_Effects_On_FPGA_Project/coef_banks.vhd Line: 41
Info (10041): Inferred latch for "coef[18][3]" at coef_banks.vhd(41) File: C:/intelFPGA_lite/19.1/Audio_Effects_On_FPGA_Project/Audio_Effects_On_FPGA_Project/coef_banks.vhd Line: 41
Info (10041): Inferred latch for "coef[18][4]" at coef_banks.vhd(41) File: C:/intelFPGA_lite/19.1/Audio_Effects_On_FPGA_Project/Audio_Effects_On_FPGA_Project/coef_banks.vhd Line: 41
Info (10041): Inferred latch for "coef[18][5]" at coef_banks.vhd(41) File: C:/intelFPGA_lite/19.1/Audio_Effects_On_FPGA_Project/Audio_Effects_On_FPGA_Project/coef_banks.vhd Line: 41
Info (10041): Inferred latch for "coef[18][6]" at coef_banks.vhd(41) File: C:/intelFPGA_lite/19.1/Audio_Effects_On_FPGA_Project/Audio_Effects_On_FPGA_Project/coef_banks.vhd Line: 41
Info (10041): Inferred latch for "coef[18][7]" at coef_banks.vhd(41) File: C:/intelFPGA_lite/19.1/Audio_Effects_On_FPGA_Project/Audio_Effects_On_FPGA_Project/coef_banks.vhd Line: 41
Info (10041): Inferred latch for "coef[18][8]" at coef_banks.vhd(41) File: C:/intelFPGA_lite/19.1/Audio_Effects_On_FPGA_Project/Audio_Effects_On_FPGA_Project/coef_banks.vhd Line: 41
Info (10041): Inferred latch for "coef[18][9]" at coef_banks.vhd(41) File: C:/intelFPGA_lite/19.1/Audio_Effects_On_FPGA_Project/Audio_Effects_On_FPGA_Project/coef_banks.vhd Line: 41
Info (10041): Inferred latch for "coef[18][10]" at coef_banks.vhd(41) File: C:/intelFPGA_lite/19.1/Audio_Effects_On_FPGA_Project/Audio_Effects_On_FPGA_Project/coef_banks.vhd Line: 41
Info (10041): Inferred latch for "coef[18][11]" at coef_banks.vhd(41) File: C:/intelFPGA_lite/19.1/Audio_Effects_On_FPGA_Project/Audio_Effects_On_FPGA_Project/coef_banks.vhd Line: 41
Info (10041): Inferred latch for "coef[18][12]" at coef_banks.vhd(41) File: C:/intelFPGA_lite/19.1/Audio_Effects_On_FPGA_Project/Audio_Effects_On_FPGA_Project/coef_banks.vhd Line: 41
Info (10041): Inferred latch for "coef[18][13]" at coef_banks.vhd(41) File: C:/intelFPGA_lite/19.1/Audio_Effects_On_FPGA_Project/Audio_Effects_On_FPGA_Project/coef_banks.vhd Line: 41
Info (10041): Inferred latch for "coef[18][14]" at coef_banks.vhd(41) File: C:/intelFPGA_lite/19.1/Audio_Effects_On_FPGA_Project/Audio_Effects_On_FPGA_Project/coef_banks.vhd Line: 41
Info (10041): Inferred latch for "coef[18][15]" at coef_banks.vhd(41) File: C:/intelFPGA_lite/19.1/Audio_Effects_On_FPGA_Project/Audio_Effects_On_FPGA_Project/coef_banks.vhd Line: 41
Info (12128): Elaborating entity "serial_to_parallel" for hierarchy "serial_to_parallel:u1" File: C:/intelFPGA_lite/19.1/Audio_Effects_On_FPGA_Project/Audio_Effects_On_FPGA_Project/main.vhd Line: 440
Info (12128): Elaborating entity "parallel_to_serial" for hierarchy "parallel_to_serial:u2" File: C:/intelFPGA_lite/19.1/Audio_Effects_On_FPGA_Project/Audio_Effects_On_FPGA_Project/main.vhd Line: 449
Info (12128): Elaborating entity "PLL" for hierarchy "PLL:PLL_inst" File: C:/intelFPGA_lite/19.1/Audio_Effects_On_FPGA_Project/Audio_Effects_On_FPGA_Project/main.vhd Line: 459
Info (12128): Elaborating entity "altpll" for hierarchy "PLL:PLL_inst|altpll:altpll_component" File: C:/intelFPGA_lite/19.1/Audio_Effects_On_FPGA_Project/Audio_Effects_On_FPGA_Project/PLL.vhd Line: 141
Info (12130): Elaborated megafunction instantiation "PLL:PLL_inst|altpll:altpll_component" File: C:/intelFPGA_lite/19.1/Audio_Effects_On_FPGA_Project/Audio_Effects_On_FPGA_Project/PLL.vhd Line: 141
Info (12133): Instantiated megafunction "PLL:PLL_inst|altpll:altpll_component" with the following parameter: File: C:/intelFPGA_lite/19.1/Audio_Effects_On_FPGA_Project/Audio_Effects_On_FPGA_Project/PLL.vhd Line: 141
    Info (12134): Parameter "bandwidth_type" = "AUTO"
    Info (12134): Parameter "clk0_divide_by" = "1"
    Info (12134): Parameter "clk0_duty_cycle" = "50"
    Info (12134): Parameter "clk0_multiply_by" = "2"
    Info (12134): Parameter "clk0_phase_shift" = "0"
    Info (12134): Parameter "compensate_clock" = "CLK0"
    Info (12134): Parameter "inclk0_input_frequency" = "20000"
    Info (12134): Parameter "intended_device_family" = "Cyclone IV E"
    Info (12134): Parameter "lpm_hint" = "CBX_MODULE_PREFIX=PLL"
    Info (12134): Parameter "lpm_type" = "altpll"
    Info (12134): Parameter "operation_mode" = "NORMAL"
    Info (12134): Parameter "pll_type" = "AUTO"
    Info (12134): Parameter "port_activeclock" = "PORT_UNUSED"
    Info (12134): Parameter "port_areset" = "PORT_USED"
    Info (12134): Parameter "port_clkbad0" = "PORT_UNUSED"
    Info (12134): Parameter "port_clkbad1" = "PORT_UNUSED"
    Info (12134): Parameter "port_clkloss" = "PORT_UNUSED"
    Info (12134): Parameter "port_clkswitch" = "PORT_UNUSED"
    Info (12134): Parameter "port_configupdate" = "PORT_UNUSED"
    Info (12134): Parameter "port_fbin" = "PORT_UNUSED"
    Info (12134): Parameter "port_inclk0" = "PORT_USED"
    Info (12134): Parameter "port_inclk1" = "PORT_UNUSED"
    Info (12134): Parameter "port_locked" = "PORT_USED"
    Info (12134): Parameter "port_pfdena" = "PORT_UNUSED"
    Info (12134): Parameter "port_phasecounterselect" = "PORT_UNUSED"
    Info (12134): Parameter "port_phasedone" = "PORT_UNUSED"
    Info (12134): Parameter "port_phasestep" = "PORT_UNUSED"
    Info (12134): Parameter "port_phaseupdown" = "PORT_UNUSED"
    Info (12134): Parameter "port_pllena" = "PORT_UNUSED"
    Info (12134): Parameter "port_scanaclr" = "PORT_UNUSED"
    Info (12134): Parameter "port_scanclk" = "PORT_UNUSED"
    Info (12134): Parameter "port_scanclkena" = "PORT_UNUSED"
    Info (12134): Parameter "port_scandata" = "PORT_UNUSED"
    Info (12134): Parameter "port_scandataout" = "PORT_UNUSED"
    Info (12134): Parameter "port_scandone" = "PORT_UNUSED"
    Info (12134): Parameter "port_scanread" = "PORT_UNUSED"
    Info (12134): Parameter "port_scanwrite" = "PORT_UNUSED"
    Info (12134): Parameter "port_clk0" = "PORT_USED"
    Info (12134): Parameter "port_clk1" = "PORT_UNUSED"
    Info (12134): Parameter "port_clk2" = "PORT_UNUSED"
    Info (12134): Parameter "port_clk3" = "PORT_UNUSED"
    Info (12134): Parameter "port_clk4" = "PORT_UNUSED"
    Info (12134): Parameter "port_clk5" = "PORT_UNUSED"
    Info (12134): Parameter "port_clkena0" = "PORT_UNUSED"
    Info (12134): Parameter "port_clkena1" = "PORT_UNUSED"
    Info (12134): Parameter "port_clkena2" = "PORT_UNUSED"
    Info (12134): Parameter "port_clkena3" = "PORT_UNUSED"
    Info (12134): Parameter "port_clkena4" = "PORT_UNUSED"
    Info (12134): Parameter "port_clkena5" = "PORT_UNUSED"
    Info (12134): Parameter "port_extclk0" = "PORT_UNUSED"
    Info (12134): Parameter "port_extclk1" = "PORT_UNUSED"
    Info (12134): Parameter "port_extclk2" = "PORT_UNUSED"
    Info (12134): Parameter "port_extclk3" = "PORT_UNUSED"
    Info (12134): Parameter "self_reset_on_loss_lock" = "OFF"
    Info (12134): Parameter "width_clock" = "5"
Info (12021): Found 1 design units, including 1 entities, in source file db/pll_altpll.v
    Info (12023): Found entity 1: PLL_altpll File: C:/intelFPGA_lite/19.1/Audio_Effects_On_FPGA_Project/Audio_Effects_On_FPGA_Project/db/pll_altpll.v Line: 31
Info (12128): Elaborating entity "PLL_altpll" for hierarchy "PLL:PLL_inst|altpll:altpll_component|PLL_altpll:auto_generated" File: c:/intelfpga_lite/19.1/quartus/libraries/megafunctions/altpll.tdf Line: 898
Info (12128): Elaborating entity "delay" for hierarchy "delay:delay_inst_L" File: C:/intelFPGA_lite/19.1/Audio_Effects_On_FPGA_Project/Audio_Effects_On_FPGA_Project/main.vhd Line: 468
Warning (10540): VHDL Signal Declaration warning at delay.vhd(44): used explicit default value for signal "AMORTISSEMENT" because signal was never assigned a value File: C:/intelFPGA_lite/19.1/Audio_Effects_On_FPGA_Project/Audio_Effects_On_FPGA_Project/delay.vhd Line: 44
Info (12128): Elaborating entity "RAM" for hierarchy "delay:delay_inst_L|RAM:RAM_inst" File: C:/intelFPGA_lite/19.1/Audio_Effects_On_FPGA_Project/Audio_Effects_On_FPGA_Project/delay.vhd Line: 78
Info (12128): Elaborating entity "altsyncram" for hierarchy "delay:delay_inst_L|RAM:RAM_inst|altsyncram:altsyncram_component" File: C:/intelFPGA_lite/19.1/Audio_Effects_On_FPGA_Project/Audio_Effects_On_FPGA_Project/RAM.vhd Line: 63
Info (12130): Elaborated megafunction instantiation "delay:delay_inst_L|RAM:RAM_inst|altsyncram:altsyncram_component" File: C:/intelFPGA_lite/19.1/Audio_Effects_On_FPGA_Project/Audio_Effects_On_FPGA_Project/RAM.vhd Line: 63
Info (12133): Instantiated megafunction "delay:delay_inst_L|RAM:RAM_inst|altsyncram:altsyncram_component" with the following parameter: File: C:/intelFPGA_lite/19.1/Audio_Effects_On_FPGA_Project/Audio_Effects_On_FPGA_Project/RAM.vhd Line: 63
    Info (12134): Parameter "address_aclr_a" = "UNUSED"
    Info (12134): Parameter "address_aclr_b" = "NONE"
    Info (12134): Parameter "address_reg_b" = "CLOCK0"
    Info (12134): Parameter "byte_size" = "8"
    Info (12134): Parameter "byteena_aclr_a" = "UNUSED"
    Info (12134): Parameter "byteena_aclr_b" = "NONE"
    Info (12134): Parameter "byteena_reg_b" = "CLOCK1"
    Info (12134): Parameter "clock_enable_core_a" = "USE_INPUT_CLKEN"
    Info (12134): Parameter "clock_enable_core_b" = "USE_INPUT_CLKEN"
    Info (12134): Parameter "clock_enable_input_a" = "BYPASS"
    Info (12134): Parameter "clock_enable_input_b" = "BYPASS"
    Info (12134): Parameter "clock_enable_output_a" = "NORMAL"
    Info (12134): Parameter "clock_enable_output_b" = "BYPASS"
    Info (12134): Parameter "intended_device_family" = "Cyclone IV E"
    Info (12134): Parameter "ecc_pipeline_stage_enabled" = "FALSE"
    Info (12134): Parameter "enable_ecc" = "FALSE"
    Info (12134): Parameter "implement_in_les" = "OFF"
    Info (12134): Parameter "indata_aclr_a" = "UNUSED"
    Info (12134): Parameter "indata_aclr_b" = "NONE"
    Info (12134): Parameter "indata_reg_b" = "CLOCK1"
    Info (12134): Parameter "init_file" = "UNUSED"
    Info (12134): Parameter "init_file_layout" = "PORT_A"
    Info (12134): Parameter "maximum_depth" = "0"
    Info (12134): Parameter "numwords_a" = "32768"
    Info (12134): Parameter "numwords_b" = "32768"
    Info (12134): Parameter "operation_mode" = "DUAL_PORT"
    Info (12134): Parameter "outdata_aclr_a" = "NONE"
    Info (12134): Parameter "outdata_aclr_b" = "NONE"
    Info (12134): Parameter "outdata_reg_a" = "UNREGISTERED"
    Info (12134): Parameter "outdata_reg_b" = "CLOCK0"
    Info (12134): Parameter "power_up_uninitialized" = "FALSE"
    Info (12134): Parameter "ram_block_type" = "AUTO"
    Info (12134): Parameter "rdcontrol_aclr_b" = "NONE"
    Info (12134): Parameter "rdcontrol_reg_b" = "CLOCK1"
    Info (12134): Parameter "read_during_write_mode_mixed_ports" = "DONT_CARE"
    Info (12134): Parameter "read_during_write_mode_port_a" = "NEW_DATA_NO_NBE_READ"
    Info (12134): Parameter "read_during_write_mode_port_b" = "NEW_DATA_NO_NBE_READ"
    Info (12134): Parameter "stratixiv_m144k_allow_dual_clocks" = "ON"
    Info (12134): Parameter "width_a" = "16"
    Info (12134): Parameter "width_b" = "16"
    Info (12134): Parameter "width_byteena_a" = "1"
    Info (12134): Parameter "width_byteena_b" = "1"
    Info (12134): Parameter "width_eccstatus" = "3"
    Info (12134): Parameter "widthad_a" = "15"
    Info (12134): Parameter "widthad_b" = "15"
    Info (12134): Parameter "wrcontrol_aclr_a" = "UNUSED"
    Info (12134): Parameter "wrcontrol_aclr_b" = "NONE"
    Info (12134): Parameter "wrcontrol_wraddress_reg_b" = "CLOCK1"
    Info (12134): Parameter "lpm_hint" = "UNUSED"
    Info (12134): Parameter "lpm_type" = "altsyncram"
Info (12021): Found 1 design units, including 1 entities, in source file db/altsyncram_79o3.tdf
    Info (12023): Found entity 1: altsyncram_79o3 File: C:/intelFPGA_lite/19.1/Audio_Effects_On_FPGA_Project/Audio_Effects_On_FPGA_Project/db/altsyncram_79o3.tdf Line: 34
Info (12128): Elaborating entity "altsyncram_79o3" for hierarchy "delay:delay_inst_L|RAM:RAM_inst|altsyncram:altsyncram_component|altsyncram_79o3:auto_generated" File: c:/intelfpga_lite/19.1/quartus/libraries/megafunctions/altsyncram.tdf Line: 792
Info (12021): Found 1 design units, including 1 entities, in source file db/decode_msa.tdf
    Info (12023): Found entity 1: decode_msa File: C:/intelFPGA_lite/19.1/Audio_Effects_On_FPGA_Project/Audio_Effects_On_FPGA_Project/db/decode_msa.tdf Line: 23
Info (12128): Elaborating entity "decode_msa" for hierarchy "delay:delay_inst_L|RAM:RAM_inst|altsyncram:altsyncram_component|altsyncram_79o3:auto_generated|decode_msa:decode2" File: C:/intelFPGA_lite/19.1/Audio_Effects_On_FPGA_Project/Audio_Effects_On_FPGA_Project/db/altsyncram_79o3.tdf Line: 46
Info (12021): Found 1 design units, including 1 entities, in source file db/decode_f8a.tdf
    Info (12023): Found entity 1: decode_f8a File: C:/intelFPGA_lite/19.1/Audio_Effects_On_FPGA_Project/Audio_Effects_On_FPGA_Project/db/decode_f8a.tdf Line: 23
Info (12128): Elaborating entity "decode_f8a" for hierarchy "delay:delay_inst_L|RAM:RAM_inst|altsyncram:altsyncram_component|altsyncram_79o3:auto_generated|decode_f8a:rden_decode_b" File: C:/intelFPGA_lite/19.1/Audio_Effects_On_FPGA_Project/Audio_Effects_On_FPGA_Project/db/altsyncram_79o3.tdf Line: 47
Info (12021): Found 1 design units, including 1 entities, in source file db/mux_lob.tdf
    Info (12023): Found entity 1: mux_lob File: C:/intelFPGA_lite/19.1/Audio_Effects_On_FPGA_Project/Audio_Effects_On_FPGA_Project/db/mux_lob.tdf Line: 23
Info (12128): Elaborating entity "mux_lob" for hierarchy "delay:delay_inst_L|RAM:RAM_inst|altsyncram:altsyncram_component|altsyncram_79o3:auto_generated|mux_lob:mux3" File: C:/intelFPGA_lite/19.1/Audio_Effects_On_FPGA_Project/Audio_Effects_On_FPGA_Project/db/altsyncram_79o3.tdf Line: 49
Warning (12125): Using design file distortion.vhd, which is not specified as a design file for the current project, but contains definitions for 2 design units and 1 entities in project
    Info (12022): Found design unit 1: distortion-distortion_circuit File: C:/intelFPGA_lite/19.1/Audio_Effects_On_FPGA_Project/Audio_Effects_On_FPGA_Project/distortion.vhd Line: 25
    Info (12023): Found entity 1: distortion File: C:/intelFPGA_lite/19.1/Audio_Effects_On_FPGA_Project/Audio_Effects_On_FPGA_Project/distortion.vhd Line: 14
Info (12128): Elaborating entity "distortion" for hierarchy "distortion:distortion_L" File: C:/intelFPGA_lite/19.1/Audio_Effects_On_FPGA_Project/Audio_Effects_On_FPGA_Project/main.vhd Line: 498
Warning (10492): VHDL Process Statement warning at distortion.vhd(42): signal "sample_in" is read inside the Process Statement but isn't in the Process Statement's sensitivity list File: C:/intelFPGA_lite/19.1/Audio_Effects_On_FPGA_Project/Audio_Effects_On_FPGA_Project/distortion.vhd Line: 42
Warning (10492): VHDL Process Statement warning at distortion.vhd(43): signal "sample_in" is read inside the Process Statement but isn't in the Process Statement's sensitivity list File: C:/intelFPGA_lite/19.1/Audio_Effects_On_FPGA_Project/Audio_Effects_On_FPGA_Project/distortion.vhd Line: 43
Warning (10492): VHDL Process Statement warning at distortion.vhd(46): signal "sample_in" is read inside the Process Statement but isn't in the Process Statement's sensitivity list File: C:/intelFPGA_lite/19.1/Audio_Effects_On_FPGA_Project/Audio_Effects_On_FPGA_Project/distortion.vhd Line: 46
Warning (10492): VHDL Process Statement warning at distortion.vhd(49): signal "sample_in" is read inside the Process Statement but isn't in the Process Statement's sensitivity list File: C:/intelFPGA_lite/19.1/Audio_Effects_On_FPGA_Project/Audio_Effects_On_FPGA_Project/distortion.vhd Line: 49
Warning (10492): VHDL Process Statement warning at distortion.vhd(52): signal "sample_in" is read inside the Process Statement but isn't in the Process Statement's sensitivity list File: C:/intelFPGA_lite/19.1/Audio_Effects_On_FPGA_Project/Audio_Effects_On_FPGA_Project/distortion.vhd Line: 52
Info (12128): Elaborating entity "booster" for hierarchy "distortion:distortion_L|booster:s1" File: C:/intelFPGA_lite/19.1/Audio_Effects_On_FPGA_Project/Audio_Effects_On_FPGA_Project/distortion.vhd Line: 58
Warning (12125): Using design file digital_distortion.vhd, which is not specified as a design file for the current project, but contains definitions for 2 design units and 1 entities in project
    Info (12022): Found design unit 1: digital_distortion-digital_distortion_circuit File: C:/intelFPGA_lite/19.1/Audio_Effects_On_FPGA_Project/Audio_Effects_On_FPGA_Project/digital_distortion.vhd Line: 29
    Info (12023): Found entity 1: digital_distortion File: C:/intelFPGA_lite/19.1/Audio_Effects_On_FPGA_Project/Audio_Effects_On_FPGA_Project/digital_distortion.vhd Line: 12
Info (12128): Elaborating entity "digital_distortion" for hierarchy "digital_distortion:digital_distortion_L" File: C:/intelFPGA_lite/19.1/Audio_Effects_On_FPGA_Project/Audio_Effects_On_FPGA_Project/main.vhd Line: 515
Info (12128): Elaborating entity "tremolo" for hierarchy "tremolo:tremolo_inst_L" File: C:/intelFPGA_lite/19.1/Audio_Effects_On_FPGA_Project/Audio_Effects_On_FPGA_Project/main.vhd Line: 547
Warning (10540): VHDL Signal Declaration warning at tremolo.vhd(36): used explicit default value for signal "depth_sig" because signal was never assigned a value File: C:/intelFPGA_lite/19.1/Audio_Effects_On_FPGA_Project/Audio_Effects_On_FPGA_Project/tremolo.vhd Line: 36
Info (12128): Elaborating entity "SinusLUT" for hierarchy "tremolo:tremolo_inst_L|SinusLUT:sinus_inst" File: C:/intelFPGA_lite/19.1/Audio_Effects_On_FPGA_Project/Audio_Effects_On_FPGA_Project/tremolo.vhd Line: 51
Info (12128): Elaborating entity "octaver" for hierarchy "octaver:octaver_R" File: C:/intelFPGA_lite/19.1/Audio_Effects_On_FPGA_Project/Audio_Effects_On_FPGA_Project/main.vhd Line: 589
Warning (10631): VHDL Process Statement warning at octaver.vhd(86): inferring latch(es) for signal or variable "rd_ptr1", which holds its previous value in one or more paths through the process File: C:/intelFPGA_lite/19.1/Audio_Effects_On_FPGA_Project/Audio_Effects_On_FPGA_Project/octaver.vhd Line: 86
Warning (10631): VHDL Process Statement warning at octaver.vhd(86): inferring latch(es) for signal or variable "rd_ptr2", which holds its previous value in one or more paths through the process File: C:/intelFPGA_lite/19.1/Audio_Effects_On_FPGA_Project/Audio_Effects_On_FPGA_Project/octaver.vhd Line: 86
Info (10041): Inferred latch for "rd_ptr2[0]" at octaver.vhd(86) File: C:/intelFPGA_lite/19.1/Audio_Effects_On_FPGA_Project/Audio_Effects_On_FPGA_Project/octaver.vhd Line: 86
Info (10041): Inferred latch for "rd_ptr1[0]" at octaver.vhd(86) File: C:/intelFPGA_lite/19.1/Audio_Effects_On_FPGA_Project/Audio_Effects_On_FPGA_Project/octaver.vhd Line: 86
Info (12128): Elaborating entity "RAM_Octaver" for hierarchy "octaver:octaver_R|RAM_Octaver:RAM_inst" File: C:/intelFPGA_lite/19.1/Audio_Effects_On_FPGA_Project/Audio_Effects_On_FPGA_Project/octaver.vhd Line: 52
Info (12128): Elaborating entity "altsyncram" for hierarchy "octaver:octaver_R|RAM_Octaver:RAM_inst|altsyncram:altsyncram_component" File: C:/intelFPGA_lite/19.1/Audio_Effects_On_FPGA_Project/Audio_Effects_On_FPGA_Project/RAM_Octaver.vhd Line: 68
Info (12130): Elaborated megafunction instantiation "octaver:octaver_R|RAM_Octaver:RAM_inst|altsyncram:altsyncram_component" File: C:/intelFPGA_lite/19.1/Audio_Effects_On_FPGA_Project/Audio_Effects_On_FPGA_Project/RAM_Octaver.vhd Line: 68
Info (12133): Instantiated megafunction "octaver:octaver_R|RAM_Octaver:RAM_inst|altsyncram:altsyncram_component" with the following parameter: File: C:/intelFPGA_lite/19.1/Audio_Effects_On_FPGA_Project/Audio_Effects_On_FPGA_Project/RAM_Octaver.vhd Line: 68
    Info (12134): Parameter "address_aclr_a" = "UNUSED"
    Info (12134): Parameter "address_aclr_b" = "NONE"
    Info (12134): Parameter "address_reg_b" = "CLOCK0"
    Info (12134): Parameter "byte_size" = "8"
    Info (12134): Parameter "byteena_aclr_a" = "UNUSED"
    Info (12134): Parameter "byteena_aclr_b" = "NONE"
    Info (12134): Parameter "byteena_reg_b" = "CLOCK1"
    Info (12134): Parameter "clock_enable_core_a" = "USE_INPUT_CLKEN"
    Info (12134): Parameter "clock_enable_core_b" = "USE_INPUT_CLKEN"
    Info (12134): Parameter "clock_enable_input_a" = "BYPASS"
    Info (12134): Parameter "clock_enable_input_b" = "BYPASS"
    Info (12134): Parameter "clock_enable_output_a" = "BYPASS"
    Info (12134): Parameter "clock_enable_output_b" = "BYPASS"
    Info (12134): Parameter "intended_device_family" = "Cyclone IV E"
    Info (12134): Parameter "ecc_pipeline_stage_enabled" = "FALSE"
    Info (12134): Parameter "enable_ecc" = "FALSE"
    Info (12134): Parameter "implement_in_les" = "OFF"
    Info (12134): Parameter "indata_aclr_a" = "UNUSED"
    Info (12134): Parameter "indata_aclr_b" = "NONE"
    Info (12134): Parameter "indata_reg_b" = "CLOCK0"
    Info (12134): Parameter "init_file" = "UNUSED"
    Info (12134): Parameter "init_file_layout" = "PORT_A"
    Info (12134): Parameter "maximum_depth" = "0"
    Info (12134): Parameter "numwords_a" = "16384"
    Info (12134): Parameter "numwords_b" = "16384"
    Info (12134): Parameter "operation_mode" = "BIDIR_DUAL_PORT"
    Info (12134): Parameter "outdata_aclr_a" = "NONE"
    Info (12134): Parameter "outdata_aclr_b" = "NONE"
    Info (12134): Parameter "outdata_reg_a" = "CLOCK0"
    Info (12134): Parameter "outdata_reg_b" = "CLOCK0"
    Info (12134): Parameter "power_up_uninitialized" = "FALSE"
    Info (12134): Parameter "ram_block_type" = "AUTO"
    Info (12134): Parameter "rdcontrol_aclr_b" = "NONE"
    Info (12134): Parameter "rdcontrol_reg_b" = "CLOCK1"
    Info (12134): Parameter "read_during_write_mode_mixed_ports" = "DONT_CARE"
    Info (12134): Parameter "read_during_write_mode_port_a" = "NEW_DATA_NO_NBE_READ"
    Info (12134): Parameter "read_during_write_mode_port_b" = "NEW_DATA_NO_NBE_READ"
    Info (12134): Parameter "stratixiv_m144k_allow_dual_clocks" = "ON"
    Info (12134): Parameter "width_a" = "16"
    Info (12134): Parameter "width_b" = "16"
    Info (12134): Parameter "width_byteena_a" = "1"
    Info (12134): Parameter "width_byteena_b" = "1"
    Info (12134): Parameter "width_eccstatus" = "3"
    Info (12134): Parameter "widthad_a" = "14"
    Info (12134): Parameter "widthad_b" = "14"
    Info (12134): Parameter "wrcontrol_aclr_a" = "UNUSED"
    Info (12134): Parameter "wrcontrol_aclr_b" = "NONE"
    Info (12134): Parameter "wrcontrol_wraddress_reg_b" = "CLOCK0"
    Info (12134): Parameter "lpm_hint" = "UNUSED"
    Info (12134): Parameter "lpm_type" = "altsyncram"
Info (12021): Found 1 design units, including 1 entities, in source file db/altsyncram_1pp3.tdf
    Info (12023): Found entity 1: altsyncram_1pp3 File: C:/intelFPGA_lite/19.1/Audio_Effects_On_FPGA_Project/Audio_Effects_On_FPGA_Project/db/altsyncram_1pp3.tdf Line: 34
Info (12128): Elaborating entity "altsyncram_1pp3" for hierarchy "octaver:octaver_R|RAM_Octaver:RAM_inst|altsyncram:altsyncram_component|altsyncram_1pp3:auto_generated" File: c:/intelfpga_lite/19.1/quartus/libraries/megafunctions/altsyncram.tdf Line: 792
Info (12021): Found 1 design units, including 1 entities, in source file db/decode_jsa.tdf
    Info (12023): Found entity 1: decode_jsa File: C:/intelFPGA_lite/19.1/Audio_Effects_On_FPGA_Project/Audio_Effects_On_FPGA_Project/db/decode_jsa.tdf Line: 23
Info (12128): Elaborating entity "decode_jsa" for hierarchy "octaver:octaver_R|RAM_Octaver:RAM_inst|altsyncram:altsyncram_component|altsyncram_1pp3:auto_generated|decode_jsa:decode2" File: C:/intelFPGA_lite/19.1/Audio_Effects_On_FPGA_Project/Audio_Effects_On_FPGA_Project/db/altsyncram_1pp3.tdf Line: 51
Info (12021): Found 1 design units, including 1 entities, in source file db/decode_c8a.tdf
    Info (12023): Found entity 1: decode_c8a File: C:/intelFPGA_lite/19.1/Audio_Effects_On_FPGA_Project/Audio_Effects_On_FPGA_Project/db/decode_c8a.tdf Line: 23
Info (12128): Elaborating entity "decode_c8a" for hierarchy "octaver:octaver_R|RAM_Octaver:RAM_inst|altsyncram:altsyncram_component|altsyncram_1pp3:auto_generated|decode_c8a:rden_decode_a" File: C:/intelFPGA_lite/19.1/Audio_Effects_On_FPGA_Project/Audio_Effects_On_FPGA_Project/db/altsyncram_1pp3.tdf Line: 53
Info (12021): Found 1 design units, including 1 entities, in source file db/mux_iob.tdf
    Info (12023): Found entity 1: mux_iob File: C:/intelFPGA_lite/19.1/Audio_Effects_On_FPGA_Project/Audio_Effects_On_FPGA_Project/db/mux_iob.tdf Line: 23
Info (12128): Elaborating entity "mux_iob" for hierarchy "octaver:octaver_R|RAM_Octaver:RAM_inst|altsyncram:altsyncram_component|altsyncram_1pp3:auto_generated|mux_iob:mux4" File: C:/intelFPGA_lite/19.1/Audio_Effects_On_FPGA_Project/Audio_Effects_On_FPGA_Project/db/altsyncram_1pp3.tdf Line: 55
Info (12128): Elaborating entity "chorus" for hierarchy "chorus:chorus_inst_L" File: C:/intelFPGA_lite/19.1/Audio_Effects_On_FPGA_Project/Audio_Effects_On_FPGA_Project/main.vhd Line: 608
Info (12128): Elaborating entity "RAM_chorus" for hierarchy "chorus:chorus_inst_L|RAM_chorus:RAM_INST" File: C:/intelFPGA_lite/19.1/Audio_Effects_On_FPGA_Project/Audio_Effects_On_FPGA_Project/chorus.vhd Line: 71
Info (12128): Elaborating entity "altsyncram" for hierarchy "chorus:chorus_inst_L|RAM_chorus:RAM_INST|altsyncram:altsyncram_component" File: C:/intelFPGA_lite/19.1/Audio_Effects_On_FPGA_Project/Audio_Effects_On_FPGA_Project/RAM_chorus.vhd Line: 63
Info (12130): Elaborated megafunction instantiation "chorus:chorus_inst_L|RAM_chorus:RAM_INST|altsyncram:altsyncram_component" File: C:/intelFPGA_lite/19.1/Audio_Effects_On_FPGA_Project/Audio_Effects_On_FPGA_Project/RAM_chorus.vhd Line: 63
Info (12133): Instantiated megafunction "chorus:chorus_inst_L|RAM_chorus:RAM_INST|altsyncram:altsyncram_component" with the following parameter: File: C:/intelFPGA_lite/19.1/Audio_Effects_On_FPGA_Project/Audio_Effects_On_FPGA_Project/RAM_chorus.vhd Line: 63
    Info (12134): Parameter "address_aclr_a" = "UNUSED"
    Info (12134): Parameter "address_aclr_b" = "NONE"
    Info (12134): Parameter "address_reg_b" = "CLOCK0"
    Info (12134): Parameter "byte_size" = "8"
    Info (12134): Parameter "byteena_aclr_a" = "UNUSED"
    Info (12134): Parameter "byteena_aclr_b" = "NONE"
    Info (12134): Parameter "byteena_reg_b" = "CLOCK1"
    Info (12134): Parameter "clock_enable_core_a" = "USE_INPUT_CLKEN"
    Info (12134): Parameter "clock_enable_core_b" = "USE_INPUT_CLKEN"
    Info (12134): Parameter "clock_enable_input_a" = "BYPASS"
    Info (12134): Parameter "clock_enable_input_b" = "BYPASS"
    Info (12134): Parameter "clock_enable_output_a" = "NORMAL"
    Info (12134): Parameter "clock_enable_output_b" = "BYPASS"
    Info (12134): Parameter "intended_device_family" = "Cyclone IV E"
    Info (12134): Parameter "ecc_pipeline_stage_enabled" = "FALSE"
    Info (12134): Parameter "enable_ecc" = "FALSE"
    Info (12134): Parameter "implement_in_les" = "OFF"
    Info (12134): Parameter "indata_aclr_a" = "UNUSED"
    Info (12134): Parameter "indata_aclr_b" = "NONE"
    Info (12134): Parameter "indata_reg_b" = "CLOCK1"
    Info (12134): Parameter "init_file" = "UNUSED"
    Info (12134): Parameter "init_file_layout" = "PORT_A"
    Info (12134): Parameter "maximum_depth" = "0"
    Info (12134): Parameter "numwords_a" = "8192"
    Info (12134): Parameter "numwords_b" = "8192"
    Info (12134): Parameter "operation_mode" = "DUAL_PORT"
    Info (12134): Parameter "outdata_aclr_a" = "NONE"
    Info (12134): Parameter "outdata_aclr_b" = "NONE"
    Info (12134): Parameter "outdata_reg_a" = "UNREGISTERED"
    Info (12134): Parameter "outdata_reg_b" = "CLOCK0"
    Info (12134): Parameter "power_up_uninitialized" = "FALSE"
    Info (12134): Parameter "ram_block_type" = "AUTO"
    Info (12134): Parameter "rdcontrol_aclr_b" = "NONE"
    Info (12134): Parameter "rdcontrol_reg_b" = "CLOCK1"
    Info (12134): Parameter "read_during_write_mode_mixed_ports" = "DONT_CARE"
    Info (12134): Parameter "read_during_write_mode_port_a" = "NEW_DATA_NO_NBE_READ"
    Info (12134): Parameter "read_during_write_mode_port_b" = "NEW_DATA_NO_NBE_READ"
    Info (12134): Parameter "stratixiv_m144k_allow_dual_clocks" = "ON"
    Info (12134): Parameter "width_a" = "16"
    Info (12134): Parameter "width_b" = "16"
    Info (12134): Parameter "width_byteena_a" = "1"
    Info (12134): Parameter "width_byteena_b" = "1"
    Info (12134): Parameter "width_eccstatus" = "3"
    Info (12134): Parameter "widthad_a" = "13"
    Info (12134): Parameter "widthad_b" = "13"
    Info (12134): Parameter "wrcontrol_aclr_a" = "UNUSED"
    Info (12134): Parameter "wrcontrol_aclr_b" = "NONE"
    Info (12134): Parameter "wrcontrol_wraddress_reg_b" = "CLOCK1"
    Info (12134): Parameter "lpm_hint" = "UNUSED"
    Info (12134): Parameter "lpm_type" = "altsyncram"
Info (12021): Found 1 design units, including 1 entities, in source file db/altsyncram_n5o3.tdf
    Info (12023): Found entity 1: altsyncram_n5o3 File: C:/intelFPGA_lite/19.1/Audio_Effects_On_FPGA_Project/Audio_Effects_On_FPGA_Project/db/altsyncram_n5o3.tdf Line: 28
Info (12128): Elaborating entity "altsyncram_n5o3" for hierarchy "chorus:chorus_inst_L|RAM_chorus:RAM_INST|altsyncram:altsyncram_component|altsyncram_n5o3:auto_generated" File: c:/intelfpga_lite/19.1/quartus/libraries/megafunctions/altsyncram.tdf Line: 792
Info (12128): Elaborating entity "auto_wah" for hierarchy "auto_wah:u_auto_wah_R" File: C:/intelFPGA_lite/19.1/Audio_Effects_On_FPGA_Project/Audio_Effects_On_FPGA_Project/main.vhd Line: 635
Info (12128): Elaborating entity "vocoder_2" for hierarchy "vocoder_2:vocoder_inst_L" File: C:/intelFPGA_lite/19.1/Audio_Effects_On_FPGA_Project/Audio_Effects_On_FPGA_Project/main.vhd Line: 654
Warning (10541): VHDL Signal Declaration warning at vocoder_2.vhd(16): used implicit default value for signal "audio_out" because signal was never assigned a value or an explicit default value. Use of implicit default value may introduce unintended design optimizations. File: C:/intelFPGA_lite/19.1/Audio_Effects_On_FPGA_Project/Audio_Effects_On_FPGA_Project/vocoder_2.vhd Line: 16
Warning (10036): Verilog HDL or VHDL warning at vocoder_2.vhd(65): object "mix_final" assigned a value but never read File: C:/intelFPGA_lite/19.1/Audio_Effects_On_FPGA_Project/Audio_Effects_On_FPGA_Project/vocoder_2.vhd Line: 65
Info (12128): Elaborating entity "FIR_filter_37_tap" for hierarchy "FIR_filter_37_tap:u_fir_filter_L" File: C:/intelFPGA_lite/19.1/Audio_Effects_On_FPGA_Project/Audio_Effects_On_FPGA_Project/main.vhd Line: 670
Warning (14284): Synthesized away the following node(s):
    Warning (14285): Synthesized away the following RAM node(s):
        Warning (14320): Synthesized away node "chorus:chorus_inst_R|RAM_chorus:RAM_INST|altsyncram:altsyncram_component|altsyncram_n5o3:auto_generated|q_b[0]" File: C:/intelFPGA_lite/19.1/Audio_Effects_On_FPGA_Project/Audio_Effects_On_FPGA_Project/db/altsyncram_n5o3.tdf Line: 38
        Warning (14320): Synthesized away node "chorus:chorus_inst_R|RAM_chorus:RAM_INST|altsyncram:altsyncram_component|altsyncram_n5o3:auto_generated|q_b[1]" File: C:/intelFPGA_lite/19.1/Audio_Effects_On_FPGA_Project/Audio_Effects_On_FPGA_Project/db/altsyncram_n5o3.tdf Line: 71
        Warning (14320): Synthesized away node "chorus:chorus_inst_L|RAM_chorus:RAM_INST|altsyncram:altsyncram_component|altsyncram_n5o3:auto_generated|q_b[0]" File: C:/intelFPGA_lite/19.1/Audio_Effects_On_FPGA_Project/Audio_Effects_On_FPGA_Project/db/altsyncram_n5o3.tdf Line: 38
        Warning (14320): Synthesized away node "chorus:chorus_inst_L|RAM_chorus:RAM_INST|altsyncram:altsyncram_component|altsyncram_n5o3:auto_generated|q_b[1]" File: C:/intelFPGA_lite/19.1/Audio_Effects_On_FPGA_Project/Audio_Effects_On_FPGA_Project/db/altsyncram_n5o3.tdf Line: 71
        Warning (14320): Synthesized away node "octaver:octaver_L|RAM_Octaver:RAM_inst|altsyncram:altsyncram_component|altsyncram_1pp3:auto_generated|ram_block1a16" File: C:/intelFPGA_lite/19.1/Audio_Effects_On_FPGA_Project/Audio_Effects_On_FPGA_Project/db/altsyncram_1pp3.tdf Line: 665
        Warning (14320): Synthesized away node "octaver:octaver_L|RAM_Octaver:RAM_inst|altsyncram:altsyncram_component|altsyncram_1pp3:auto_generated|ram_block1a17" File: C:/intelFPGA_lite/19.1/Audio_Effects_On_FPGA_Project/Audio_Effects_On_FPGA_Project/db/altsyncram_1pp3.tdf Line: 703
        Warning (14320): Synthesized away node "octaver:octaver_L|RAM_Octaver:RAM_inst|altsyncram:altsyncram_component|altsyncram_1pp3:auto_generated|ram_block1a18" File: C:/intelFPGA_lite/19.1/Audio_Effects_On_FPGA_Project/Audio_Effects_On_FPGA_Project/db/altsyncram_1pp3.tdf Line: 741
        Warning (14320): Synthesized away node "octaver:octaver_L|RAM_Octaver:RAM_inst|altsyncram:altsyncram_component|altsyncram_1pp3:auto_generated|ram_block1a19" File: C:/intelFPGA_lite/19.1/Audio_Effects_On_FPGA_Project/Audio_Effects_On_FPGA_Project/db/altsyncram_1pp3.tdf Line: 779
        Warning (14320): Synthesized away node "octaver:octaver_L|RAM_Octaver:RAM_inst|altsyncram:altsyncram_component|altsyncram_1pp3:auto_generated|ram_block1a20" File: C:/intelFPGA_lite/19.1/Audio_Effects_On_FPGA_Project/Audio_Effects_On_FPGA_Project/db/altsyncram_1pp3.tdf Line: 817
        Warning (14320): Synthesized away node "octaver:octaver_L|RAM_Octaver:RAM_inst|altsyncram:altsyncram_component|altsyncram_1pp3:auto_generated|ram_block1a21" File: C:/intelFPGA_lite/19.1/Audio_Effects_On_FPGA_Project/Audio_Effects_On_FPGA_Project/db/altsyncram_1pp3.tdf Line: 855
        Warning (14320): Synthesized away node "octaver:octaver_L|RAM_Octaver:RAM_inst|altsyncram:altsyncram_component|altsyncram_1pp3:auto_generated|ram_block1a22" File: C:/intelFPGA_lite/19.1/Audio_Effects_On_FPGA_Project/Audio_Effects_On_FPGA_Project/db/altsyncram_1pp3.tdf Line: 893
        Warning (14320): Synthesized away node "octaver:octaver_L|RAM_Octaver:RAM_inst|altsyncram:altsyncram_component|altsyncram_1pp3:auto_generated|ram_block1a23" File: C:/intelFPGA_lite/19.1/Audio_Effects_On_FPGA_Project/Audio_Effects_On_FPGA_Project/db/altsyncram_1pp3.tdf Line: 931
        Warning (14320): Synthesized away node "octaver:octaver_L|RAM_Octaver:RAM_inst|altsyncram:altsyncram_component|altsyncram_1pp3:auto_generated|ram_block1a24" File: C:/intelFPGA_lite/19.1/Audio_Effects_On_FPGA_Project/Audio_Effects_On_FPGA_Project/db/altsyncram_1pp3.tdf Line: 969
        Warning (14320): Synthesized away node "octaver:octaver_L|RAM_Octaver:RAM_inst|altsyncram:altsyncram_component|altsyncram_1pp3:auto_generated|ram_block1a25" File: C:/intelFPGA_lite/19.1/Audio_Effects_On_FPGA_Project/Audio_Effects_On_FPGA_Project/db/altsyncram_1pp3.tdf Line: 1007
        Warning (14320): Synthesized away node "octaver:octaver_L|RAM_Octaver:RAM_inst|altsyncram:altsyncram_component|altsyncram_1pp3:auto_generated|ram_block1a26" File: C:/intelFPGA_lite/19.1/Audio_Effects_On_FPGA_Project/Audio_Effects_On_FPGA_Project/db/altsyncram_1pp3.tdf Line: 1045
        Warning (14320): Synthesized away node "octaver:octaver_L|RAM_Octaver:RAM_inst|altsyncram:altsyncram_component|altsyncram_1pp3:auto_generated|ram_block1a27" File: C:/intelFPGA_lite/19.1/Audio_Effects_On_FPGA_Project/Audio_Effects_On_FPGA_Project/db/altsyncram_1pp3.tdf Line: 1083
        Warning (14320): Synthesized away node "octaver:octaver_L|RAM_Octaver:RAM_inst|altsyncram:altsyncram_component|altsyncram_1pp3:auto_generated|ram_block1a28" File: C:/intelFPGA_lite/19.1/Audio_Effects_On_FPGA_Project/Audio_Effects_On_FPGA_Project/db/altsyncram_1pp3.tdf Line: 1121
        Warning (14320): Synthesized away node "octaver:octaver_L|RAM_Octaver:RAM_inst|altsyncram:altsyncram_component|altsyncram_1pp3:auto_generated|ram_block1a29" File: C:/intelFPGA_lite/19.1/Audio_Effects_On_FPGA_Project/Audio_Effects_On_FPGA_Project/db/altsyncram_1pp3.tdf Line: 1159
        Warning (14320): Synthesized away node "octaver:octaver_L|RAM_Octaver:RAM_inst|altsyncram:altsyncram_component|altsyncram_1pp3:auto_generated|ram_block1a30" File: C:/intelFPGA_lite/19.1/Audio_Effects_On_FPGA_Project/Audio_Effects_On_FPGA_Project/db/altsyncram_1pp3.tdf Line: 1197
        Warning (14320): Synthesized away node "octaver:octaver_L|RAM_Octaver:RAM_inst|altsyncram:altsyncram_component|altsyncram_1pp3:auto_generated|ram_block1a31" File: C:/intelFPGA_lite/19.1/Audio_Effects_On_FPGA_Project/Audio_Effects_On_FPGA_Project/db/altsyncram_1pp3.tdf Line: 1235
        Warning (14320): Synthesized away node "octaver:octaver_R|RAM_Octaver:RAM_inst|altsyncram:altsyncram_component|altsyncram_1pp3:auto_generated|ram_block1a16" File: C:/intelFPGA_lite/19.1/Audio_Effects_On_FPGA_Project/Audio_Effects_On_FPGA_Project/db/altsyncram_1pp3.tdf Line: 665
        Warning (14320): Synthesized away node "octaver:octaver_R|RAM_Octaver:RAM_inst|altsyncram:altsyncram_component|altsyncram_1pp3:auto_generated|ram_block1a17" File: C:/intelFPGA_lite/19.1/Audio_Effects_On_FPGA_Project/Audio_Effects_On_FPGA_Project/db/altsyncram_1pp3.tdf Line: 703
        Warning (14320): Synthesized away node "octaver:octaver_R|RAM_Octaver:RAM_inst|altsyncram:altsyncram_component|altsyncram_1pp3:auto_generated|ram_block1a18" File: C:/intelFPGA_lite/19.1/Audio_Effects_On_FPGA_Project/Audio_Effects_On_FPGA_Project/db/altsyncram_1pp3.tdf Line: 741
        Warning (14320): Synthesized away node "octaver:octaver_R|RAM_Octaver:RAM_inst|altsyncram:altsyncram_component|altsyncram_1pp3:auto_generated|ram_block1a19" File: C:/intelFPGA_lite/19.1/Audio_Effects_On_FPGA_Project/Audio_Effects_On_FPGA_Project/db/altsyncram_1pp3.tdf Line: 779
        Warning (14320): Synthesized away node "octaver:octaver_R|RAM_Octaver:RAM_inst|altsyncram:altsyncram_component|altsyncram_1pp3:auto_generated|ram_block1a20" File: C:/intelFPGA_lite/19.1/Audio_Effects_On_FPGA_Project/Audio_Effects_On_FPGA_Project/db/altsyncram_1pp3.tdf Line: 817
        Warning (14320): Synthesized away node "octaver:octaver_R|RAM_Octaver:RAM_inst|altsyncram:altsyncram_component|altsyncram_1pp3:auto_generated|ram_block1a21" File: C:/intelFPGA_lite/19.1/Audio_Effects_On_FPGA_Project/Audio_Effects_On_FPGA_Project/db/altsyncram_1pp3.tdf Line: 855
        Warning (14320): Synthesized away node "octaver:octaver_R|RAM_Octaver:RAM_inst|altsyncram:altsyncram_component|altsyncram_1pp3:auto_generated|ram_block1a22" File: C:/intelFPGA_lite/19.1/Audio_Effects_On_FPGA_Project/Audio_Effects_On_FPGA_Project/db/altsyncram_1pp3.tdf Line: 893
        Warning (14320): Synthesized away node "octaver:octaver_R|RAM_Octaver:RAM_inst|altsyncram:altsyncram_component|altsyncram_1pp3:auto_generated|ram_block1a23" File: C:/intelFPGA_lite/19.1/Audio_Effects_On_FPGA_Project/Audio_Effects_On_FPGA_Project/db/altsyncram_1pp3.tdf Line: 931
        Warning (14320): Synthesized away node "octaver:octaver_R|RAM_Octaver:RAM_inst|altsyncram:altsyncram_component|altsyncram_1pp3:auto_generated|ram_block1a24" File: C:/intelFPGA_lite/19.1/Audio_Effects_On_FPGA_Project/Audio_Effects_On_FPGA_Project/db/altsyncram_1pp3.tdf Line: 969
        Warning (14320): Synthesized away node "octaver:octaver_R|RAM_Octaver:RAM_inst|altsyncram:altsyncram_component|altsyncram_1pp3:auto_generated|ram_block1a25" File: C:/intelFPGA_lite/19.1/Audio_Effects_On_FPGA_Project/Audio_Effects_On_FPGA_Project/db/altsyncram_1pp3.tdf Line: 1007
        Warning (14320): Synthesized away node "octaver:octaver_R|RAM_Octaver:RAM_inst|altsyncram:altsyncram_component|altsyncram_1pp3:auto_generated|ram_block1a26" File: C:/intelFPGA_lite/19.1/Audio_Effects_On_FPGA_Project/Audio_Effects_On_FPGA_Project/db/altsyncram_1pp3.tdf Line: 1045
        Warning (14320): Synthesized away node "octaver:octaver_R|RAM_Octaver:RAM_inst|altsyncram:altsyncram_component|altsyncram_1pp3:auto_generated|ram_block1a27" File: C:/intelFPGA_lite/19.1/Audio_Effects_On_FPGA_Project/Audio_Effects_On_FPGA_Project/db/altsyncram_1pp3.tdf Line: 1083
        Warning (14320): Synthesized away node "octaver:octaver_R|RAM_Octaver:RAM_inst|altsyncram:altsyncram_component|altsyncram_1pp3:auto_generated|ram_block1a28" File: C:/intelFPGA_lite/19.1/Audio_Effects_On_FPGA_Project/Audio_Effects_On_FPGA_Project/db/altsyncram_1pp3.tdf Line: 1121
        Warning (14320): Synthesized away node "octaver:octaver_R|RAM_Octaver:RAM_inst|altsyncram:altsyncram_component|altsyncram_1pp3:auto_generated|ram_block1a29" File: C:/intelFPGA_lite/19.1/Audio_Effects_On_FPGA_Project/Audio_Effects_On_FPGA_Project/db/altsyncram_1pp3.tdf Line: 1159
        Warning (14320): Synthesized away node "octaver:octaver_R|RAM_Octaver:RAM_inst|altsyncram:altsyncram_component|altsyncram_1pp3:auto_generated|ram_block1a30" File: C:/intelFPGA_lite/19.1/Audio_Effects_On_FPGA_Project/Audio_Effects_On_FPGA_Project/db/altsyncram_1pp3.tdf Line: 1197
        Warning (14320): Synthesized away node "octaver:octaver_R|RAM_Octaver:RAM_inst|altsyncram:altsyncram_component|altsyncram_1pp3:auto_generated|ram_block1a31" File: C:/intelFPGA_lite/19.1/Audio_Effects_On_FPGA_Project/Audio_Effects_On_FPGA_Project/db/altsyncram_1pp3.tdf Line: 1235
Info (19000): Inferred 2 megafunctions from design logic
    Info (276031): Inferred altsyncram megafunction from the following design logic: "tremolo:tremolo_inst_L|SinusLUT:sinus_inst|Mux6_rtl_0"
        Info (286033): Parameter OPERATION_MODE set to ROM
        Info (286033): Parameter WIDTH_A set to 7
        Info (286033): Parameter WIDTHAD_A set to 8
        Info (286033): Parameter NUMWORDS_A set to 256
        Info (286033): Parameter OUTDATA_REG_A set to UNREGISTERED
        Info (286033): Parameter RAM_BLOCK_TYPE set to AUTO
        Info (286033): Parameter INIT_FILE set to effets_audio_sur_FPGA_Projet.Audio_Project0.rtl.mif
    Info (276031): Inferred altsyncram megafunction from the following design logic: "chorus:chorus_inst_L|SinusLUT:SINE_INST|Mux6_rtl_0"
        Info (286033): Parameter OPERATION_MODE set to ROM
        Info (286033): Parameter WIDTH_A set to 7
        Info (286033): Parameter WIDTHAD_A set to 8
        Info (286033): Parameter NUMWORDS_A set to 256
        Info (286033): Parameter OUTDATA_REG_A set to UNREGISTERED
        Info (286033): Parameter RAM_BLOCK_TYPE set to AUTO
        Info (286033): Parameter INIT_FILE set to effets_audio_sur_FPGA_Projet.Audio_Project1.rtl.mif
Info (278001): Inferred 58 megafunctions from design logic
    Info (278003): Inferred multiplier megafunction ("lpm_mult") from the following logic: "distortion:distortion_L|booster:s1|Mult0" File: c:/intelfpga_lite/19.1/quartus/libraries/vhdl/synopsys/ieee/syn_arit.vhd Line: 680
    Info (278003): Inferred multiplier megafunction ("lpm_mult") from the following logic: "distortion:distortion_R|booster:s1|Mult0" File: c:/intelfpga_lite/19.1/quartus/libraries/vhdl/synopsys/ieee/syn_arit.vhd Line: 680
    Info (278003): Inferred multiplier megafunction ("lpm_mult") from the following logic: "auto_wah:u_auto_wah_L|Mult1" File: C:/intelFPGA_lite/19.1/Audio_Effects_On_FPGA_Project/Audio_Effects_On_FPGA_Project/wah_wah.vhd Line: 141
    Info (278003): Inferred multiplier megafunction ("lpm_mult") from the following logic: "tremolo:tremolo_inst_L|Mult0" File: C:/intelFPGA_lite/19.1/Audio_Effects_On_FPGA_Project/Audio_Effects_On_FPGA_Project/tremolo.vhd Line: 88
    Info (278003): Inferred multiplier megafunction ("lpm_mult") from the following logic: "FIR_filter_37_tap:u_fir_filter_L|Mult18" File: c:/intelfpga_lite/19.1/quartus/libraries/vhdl/synopsys/ieee/syn_arit.vhd Line: 680
    Info (278003): Inferred multiplier megafunction ("lpm_mult") from the following logic: "FIR_filter_37_tap:u_fir_filter_L|Mult17" File: c:/intelfpga_lite/19.1/quartus/libraries/vhdl/synopsys/ieee/syn_arit.vhd Line: 680
    Info (278003): Inferred multiplier megafunction ("lpm_mult") from the following logic: "auto_wah:u_auto_wah_R|Mult1" File: C:/intelFPGA_lite/19.1/Audio_Effects_On_FPGA_Project/Audio_Effects_On_FPGA_Project/wah_wah.vhd Line: 141
    Info (278003): Inferred multiplier megafunction ("lpm_mult") from the following logic: "FIR_filter_37_tap:u_fir_filter_R|Mult18" File: c:/intelfpga_lite/19.1/quartus/libraries/vhdl/synopsys/ieee/syn_arit.vhd Line: 680
    Info (278003): Inferred multiplier megafunction ("lpm_mult") from the following logic: "FIR_filter_37_tap:u_fir_filter_R|Mult17" File: c:/intelfpga_lite/19.1/quartus/libraries/vhdl/synopsys/ieee/syn_arit.vhd Line: 680
    Info (278003): Inferred multiplier megafunction ("lpm_mult") from the following logic: "tremolo:tremolo_inst_R|Mult0" File: C:/intelFPGA_lite/19.1/Audio_Effects_On_FPGA_Project/Audio_Effects_On_FPGA_Project/tremolo.vhd Line: 88
    Info (278003): Inferred multiplier megafunction ("lpm_mult") from the following logic: "delay:delay_inst_L|Mult0" File: C:/intelFPGA_lite/19.1/Audio_Effects_On_FPGA_Project/Audio_Effects_On_FPGA_Project/delay.vhd Line: 145
    Info (278003): Inferred multiplier megafunction ("lpm_mult") from the following logic: "octaver:octaver_L|Mult1" File: C:/intelFPGA_lite/19.1/Audio_Effects_On_FPGA_Project/Audio_Effects_On_FPGA_Project/octaver.vhd Line: 121
    Info (278003): Inferred multiplier megafunction ("lpm_mult") from the following logic: "octaver:octaver_L|Mult0" File: C:/intelFPGA_lite/19.1/Audio_Effects_On_FPGA_Project/Audio_Effects_On_FPGA_Project/octaver.vhd Line: 120
    Info (278003): Inferred multiplier megafunction ("lpm_mult") from the following logic: "auto_wah:u_auto_wah_L|Mult0" File: C:/intelFPGA_lite/19.1/Audio_Effects_On_FPGA_Project/Audio_Effects_On_FPGA_Project/wah_wah.vhd Line: 126
    Info (278003): Inferred multiplier megafunction ("lpm_mult") from the following logic: "auto_wah:u_auto_wah_R|Mult0" File: C:/intelFPGA_lite/19.1/Audio_Effects_On_FPGA_Project/Audio_Effects_On_FPGA_Project/wah_wah.vhd Line: 126
    Info (278003): Inferred multiplier megafunction ("lpm_mult") from the following logic: "delay:delay_inst_R|Mult0" File: C:/intelFPGA_lite/19.1/Audio_Effects_On_FPGA_Project/Audio_Effects_On_FPGA_Project/delay.vhd Line: 145
    Info (278003): Inferred multiplier megafunction ("lpm_mult") from the following logic: "octaver:octaver_R|Mult1" File: C:/intelFPGA_lite/19.1/Audio_Effects_On_FPGA_Project/Audio_Effects_On_FPGA_Project/octaver.vhd Line: 121
    Info (278003): Inferred multiplier megafunction ("lpm_mult") from the following logic: "octaver:octaver_R|Mult0" File: C:/intelFPGA_lite/19.1/Audio_Effects_On_FPGA_Project/Audio_Effects_On_FPGA_Project/octaver.vhd Line: 120
    Info (278003): Inferred multiplier megafunction ("lpm_mult") from the following logic: "auto_wah:u_auto_wah_L|Mult2" File: C:/intelFPGA_lite/19.1/Audio_Effects_On_FPGA_Project/Audio_Effects_On_FPGA_Project/wah_wah.vhd Line: 145
    Info (278003): Inferred multiplier megafunction ("lpm_mult") from the following logic: "FIR_filter_37_tap:u_fir_filter_L|Mult12" File: c:/intelfpga_lite/19.1/quartus/libraries/vhdl/synopsys/ieee/syn_arit.vhd Line: 680
    Info (278003): Inferred multiplier megafunction ("lpm_mult") from the following logic: "FIR_filter_37_tap:u_fir_filter_L|Mult11" File: c:/intelfpga_lite/19.1/quartus/libraries/vhdl/synopsys/ieee/syn_arit.vhd Line: 680
    Info (278003): Inferred multiplier megafunction ("lpm_mult") from the following logic: "FIR_filter_37_tap:u_fir_filter_L|Mult15" File: c:/intelfpga_lite/19.1/quartus/libraries/vhdl/synopsys/ieee/syn_arit.vhd Line: 680
    Info (278003): Inferred multiplier megafunction ("lpm_mult") from the following logic: "FIR_filter_37_tap:u_fir_filter_L|Mult16" File: c:/intelfpga_lite/19.1/quartus/libraries/vhdl/synopsys/ieee/syn_arit.vhd Line: 680
    Info (278003): Inferred multiplier megafunction ("lpm_mult") from the following logic: "FIR_filter_37_tap:u_fir_filter_L|Mult13" File: c:/intelfpga_lite/19.1/quartus/libraries/vhdl/synopsys/ieee/syn_arit.vhd Line: 680
    Info (278003): Inferred multiplier megafunction ("lpm_mult") from the following logic: "FIR_filter_37_tap:u_fir_filter_L|Mult14" File: c:/intelfpga_lite/19.1/quartus/libraries/vhdl/synopsys/ieee/syn_arit.vhd Line: 680
    Info (278003): Inferred multiplier megafunction ("lpm_mult") from the following logic: "auto_wah:u_auto_wah_R|Mult2" File: C:/intelFPGA_lite/19.1/Audio_Effects_On_FPGA_Project/Audio_Effects_On_FPGA_Project/wah_wah.vhd Line: 145
    Info (278003): Inferred multiplier megafunction ("lpm_mult") from the following logic: "FIR_filter_37_tap:u_fir_filter_R|Mult12" File: c:/intelfpga_lite/19.1/quartus/libraries/vhdl/synopsys/ieee/syn_arit.vhd Line: 680
    Info (278003): Inferred multiplier megafunction ("lpm_mult") from the following logic: "FIR_filter_37_tap:u_fir_filter_R|Mult11" File: c:/intelfpga_lite/19.1/quartus/libraries/vhdl/synopsys/ieee/syn_arit.vhd Line: 680
    Info (278003): Inferred multiplier megafunction ("lpm_mult") from the following logic: "FIR_filter_37_tap:u_fir_filter_R|Mult15" File: c:/intelfpga_lite/19.1/quartus/libraries/vhdl/synopsys/ieee/syn_arit.vhd Line: 680
    Info (278003): Inferred multiplier megafunction ("lpm_mult") from the following logic: "FIR_filter_37_tap:u_fir_filter_R|Mult16" File: c:/intelfpga_lite/19.1/quartus/libraries/vhdl/synopsys/ieee/syn_arit.vhd Line: 680
    Info (278003): Inferred multiplier megafunction ("lpm_mult") from the following logic: "FIR_filter_37_tap:u_fir_filter_R|Mult13" File: c:/intelfpga_lite/19.1/quartus/libraries/vhdl/synopsys/ieee/syn_arit.vhd Line: 680
    Info (278003): Inferred multiplier megafunction ("lpm_mult") from the following logic: "FIR_filter_37_tap:u_fir_filter_R|Mult14" File: c:/intelfpga_lite/19.1/quartus/libraries/vhdl/synopsys/ieee/syn_arit.vhd Line: 680
    Info (278003): Inferred multiplier megafunction ("lpm_mult") from the following logic: "FIR_filter_37_tap:u_fir_filter_L|Mult10" File: c:/intelfpga_lite/19.1/quartus/libraries/vhdl/synopsys/ieee/syn_arit.vhd Line: 680
    Info (278003): Inferred multiplier megafunction ("lpm_mult") from the following logic: "FIR_filter_37_tap:u_fir_filter_L|Mult9" File: c:/intelfpga_lite/19.1/quartus/libraries/vhdl/synopsys/ieee/syn_arit.vhd Line: 680
    Info (278003): Inferred multiplier megafunction ("lpm_mult") from the following logic: "FIR_filter_37_tap:u_fir_filter_R|Mult10" File: c:/intelfpga_lite/19.1/quartus/libraries/vhdl/synopsys/ieee/syn_arit.vhd Line: 680
    Info (278003): Inferred multiplier megafunction ("lpm_mult") from the following logic: "FIR_filter_37_tap:u_fir_filter_R|Mult9" File: c:/intelfpga_lite/19.1/quartus/libraries/vhdl/synopsys/ieee/syn_arit.vhd Line: 680
    Info (278003): Inferred multiplier megafunction ("lpm_mult") from the following logic: "FIR_filter_37_tap:u_fir_filter_L|Mult3" File: c:/intelfpga_lite/19.1/quartus/libraries/vhdl/synopsys/ieee/syn_arit.vhd Line: 680
    Info (278003): Inferred multiplier megafunction ("lpm_mult") from the following logic: "FIR_filter_37_tap:u_fir_filter_L|Mult4" File: c:/intelfpga_lite/19.1/quartus/libraries/vhdl/synopsys/ieee/syn_arit.vhd Line: 680
    Info (278003): Inferred multiplier megafunction ("lpm_mult") from the following logic: "FIR_filter_37_tap:u_fir_filter_R|Mult3" File: c:/intelfpga_lite/19.1/quartus/libraries/vhdl/synopsys/ieee/syn_arit.vhd Line: 680
    Info (278003): Inferred multiplier megafunction ("lpm_mult") from the following logic: "FIR_filter_37_tap:u_fir_filter_R|Mult4" File: c:/intelfpga_lite/19.1/quartus/libraries/vhdl/synopsys/ieee/syn_arit.vhd Line: 680
    Info (278004): Inferred divider/modulo megafunction ("lpm_divide") from the following logic: "chorus:chorus_inst_L|Mod1" File: C:/intelFPGA_lite/19.1/Audio_Effects_On_FPGA_Project/Audio_Effects_On_FPGA_Project/chorus.vhd Line: 101
    Info (278004): Inferred divider/modulo megafunction ("lpm_divide") from the following logic: "chorus:chorus_inst_L|Mod2" File: C:/intelFPGA_lite/19.1/Audio_Effects_On_FPGA_Project/Audio_Effects_On_FPGA_Project/chorus.vhd Line: 102
    Info (278004): Inferred divider/modulo megafunction ("lpm_divide") from the following logic: "chorus:chorus_inst_L|Mod0" File: C:/intelFPGA_lite/19.1/Audio_Effects_On_FPGA_Project/Audio_Effects_On_FPGA_Project/chorus.vhd Line: 100
    Info (278003): Inferred multiplier megafunction ("lpm_mult") from the following logic: "FIR_filter_37_tap:u_fir_filter_L|Mult2" File: c:/intelfpga_lite/19.1/quartus/libraries/vhdl/synopsys/ieee/syn_arit.vhd Line: 680
    Info (278003): Inferred multiplier megafunction ("lpm_mult") from the following logic: "FIR_filter_37_tap:u_fir_filter_R|Mult2" File: c:/intelfpga_lite/19.1/quartus/libraries/vhdl/synopsys/ieee/syn_arit.vhd Line: 680
    Info (278003): Inferred multiplier megafunction ("lpm_mult") from the following logic: "Mult0" File: C:/intelFPGA_lite/19.1/Audio_Effects_On_FPGA_Project/Audio_Effects_On_FPGA_Project/main.vhd Line: 391
    Info (278003): Inferred multiplier megafunction ("lpm_mult") from the following logic: "FIR_filter_37_tap:u_fir_filter_L|Mult1" File: c:/intelfpga_lite/19.1/quartus/libraries/vhdl/synopsys/ieee/syn_arit.vhd Line: 680
    Info (278003): Inferred multiplier megafunction ("lpm_mult") from the following logic: "FIR_filter_37_tap:u_fir_filter_L|Mult0" File: c:/intelfpga_lite/19.1/quartus/libraries/vhdl/synopsys/ieee/syn_arit.vhd Line: 680
    Info (278003): Inferred multiplier megafunction ("lpm_mult") from the following logic: "FIR_filter_37_tap:u_fir_filter_L|Mult6" File: c:/intelfpga_lite/19.1/quartus/libraries/vhdl/synopsys/ieee/syn_arit.vhd Line: 680
    Info (278003): Inferred multiplier megafunction ("lpm_mult") from the following logic: "FIR_filter_37_tap:u_fir_filter_L|Mult5" File: c:/intelfpga_lite/19.1/quartus/libraries/vhdl/synopsys/ieee/syn_arit.vhd Line: 680
    Info (278003): Inferred multiplier megafunction ("lpm_mult") from the following logic: "FIR_filter_37_tap:u_fir_filter_L|Mult8" File: c:/intelfpga_lite/19.1/quartus/libraries/vhdl/synopsys/ieee/syn_arit.vhd Line: 680
    Info (278003): Inferred multiplier megafunction ("lpm_mult") from the following logic: "FIR_filter_37_tap:u_fir_filter_L|Mult7" File: c:/intelfpga_lite/19.1/quartus/libraries/vhdl/synopsys/ieee/syn_arit.vhd Line: 680
    Info (278003): Inferred multiplier megafunction ("lpm_mult") from the following logic: "FIR_filter_37_tap:u_fir_filter_R|Mult1" File: c:/intelfpga_lite/19.1/quartus/libraries/vhdl/synopsys/ieee/syn_arit.vhd Line: 680
    Info (278003): Inferred multiplier megafunction ("lpm_mult") from the following logic: "FIR_filter_37_tap:u_fir_filter_R|Mult0" File: c:/intelfpga_lite/19.1/quartus/libraries/vhdl/synopsys/ieee/syn_arit.vhd Line: 680
    Info (278003): Inferred multiplier megafunction ("lpm_mult") from the following logic: "FIR_filter_37_tap:u_fir_filter_R|Mult6" File: c:/intelfpga_lite/19.1/quartus/libraries/vhdl/synopsys/ieee/syn_arit.vhd Line: 680
    Info (278003): Inferred multiplier megafunction ("lpm_mult") from the following logic: "FIR_filter_37_tap:u_fir_filter_R|Mult5" File: c:/intelfpga_lite/19.1/quartus/libraries/vhdl/synopsys/ieee/syn_arit.vhd Line: 680
    Info (278003): Inferred multiplier megafunction ("lpm_mult") from the following logic: "FIR_filter_37_tap:u_fir_filter_R|Mult8" File: c:/intelfpga_lite/19.1/quartus/libraries/vhdl/synopsys/ieee/syn_arit.vhd Line: 680
    Info (278003): Inferred multiplier megafunction ("lpm_mult") from the following logic: "FIR_filter_37_tap:u_fir_filter_R|Mult7" File: c:/intelfpga_lite/19.1/quartus/libraries/vhdl/synopsys/ieee/syn_arit.vhd Line: 680
Info (12130): Elaborated megafunction instantiation "tremolo:tremolo_inst_L|SinusLUT:sinus_inst|altsyncram:Mux6_rtl_0"
Info (12133): Instantiated megafunction "tremolo:tremolo_inst_L|SinusLUT:sinus_inst|altsyncram:Mux6_rtl_0" with the following parameter:
    Info (12134): Parameter "OPERATION_MODE" = "ROM"
    Info (12134): Parameter "WIDTH_A" = "7"
    Info (12134): Parameter "WIDTHAD_A" = "8"
    Info (12134): Parameter "NUMWORDS_A" = "256"
    Info (12134): Parameter "OUTDATA_REG_A" = "UNREGISTERED"
    Info (12134): Parameter "RAM_BLOCK_TYPE" = "AUTO"
    Info (12134): Parameter "INIT_FILE" = "effets_audio_sur_FPGA_Projet.Audio_Project0.rtl.mif"
Info (12021): Found 1 design units, including 1 entities, in source file db/altsyncram_lc21.tdf
    Info (12023): Found entity 1: altsyncram_lc21 File: C:/intelFPGA_lite/19.1/Audio_Effects_On_FPGA_Project/Audio_Effects_On_FPGA_Project/db/altsyncram_lc21.tdf Line: 28
Info (12130): Elaborated megafunction instantiation "chorus:chorus_inst_L|SinusLUT:SINE_INST|altsyncram:Mux6_rtl_0"
Info (12133): Instantiated megafunction "chorus:chorus_inst_L|SinusLUT:SINE_INST|altsyncram:Mux6_rtl_0" with the following parameter:
    Info (12134): Parameter "OPERATION_MODE" = "ROM"
    Info (12134): Parameter "WIDTH_A" = "7"
    Info (12134): Parameter "WIDTHAD_A" = "8"
    Info (12134): Parameter "NUMWORDS_A" = "256"
    Info (12134): Parameter "OUTDATA_REG_A" = "UNREGISTERED"
    Info (12134): Parameter "RAM_BLOCK_TYPE" = "AUTO"
    Info (12134): Parameter "INIT_FILE" = "effets_audio_sur_FPGA_Projet.Audio_Project1.rtl.mif"
Info (12021): Found 1 design units, including 1 entities, in source file db/altsyncram_mc21.tdf
    Info (12023): Found entity 1: altsyncram_mc21 File: C:/intelFPGA_lite/19.1/Audio_Effects_On_FPGA_Project/Audio_Effects_On_FPGA_Project/db/altsyncram_mc21.tdf Line: 28
Info (12130): Elaborated megafunction instantiation "distortion:distortion_L|booster:s1|lpm_mult:Mult0" File: c:/intelfpga_lite/19.1/quartus/libraries/vhdl/synopsys/ieee/syn_arit.vhd Line: 680
Info (12133): Instantiated megafunction "distortion:distortion_L|booster:s1|lpm_mult:Mult0" with the following parameter: File: c:/intelfpga_lite/19.1/quartus/libraries/vhdl/synopsys/ieee/syn_arit.vhd Line: 680
    Info (12134): Parameter "LPM_WIDTHA" = "13"
    Info (12134): Parameter "LPM_WIDTHB" = "12"
    Info (12134): Parameter "LPM_WIDTHP" = "25"
    Info (12134): Parameter "LPM_WIDTHR" = "25"
    Info (12134): Parameter "LPM_WIDTHS" = "1"
    Info (12134): Parameter "LPM_REPRESENTATION" = "SIGNED"
    Info (12134): Parameter "INPUT_A_IS_CONSTANT" = "NO"
    Info (12134): Parameter "INPUT_B_IS_CONSTANT" = "NO"
    Info (12134): Parameter "MAXIMIZE_SPEED" = "6"
Info (12021): Found 1 design units, including 1 entities, in source file db/mult_v5t.tdf
    Info (12023): Found entity 1: mult_v5t File: C:/intelFPGA_lite/19.1/Audio_Effects_On_FPGA_Project/Audio_Effects_On_FPGA_Project/db/mult_v5t.tdf Line: 29
Info (12130): Elaborated megafunction instantiation "auto_wah:u_auto_wah_L|lpm_mult:Mult1" File: C:/intelFPGA_lite/19.1/Audio_Effects_On_FPGA_Project/Audio_Effects_On_FPGA_Project/wah_wah.vhd Line: 141
Info (12133): Instantiated megafunction "auto_wah:u_auto_wah_L|lpm_mult:Mult1" with the following parameter: File: C:/intelFPGA_lite/19.1/Audio_Effects_On_FPGA_Project/Audio_Effects_On_FPGA_Project/wah_wah.vhd Line: 141
    Info (12134): Parameter "LPM_WIDTHA" = "18"
    Info (12134): Parameter "LPM_WIDTHB" = "36"
    Info (12134): Parameter "LPM_WIDTHP" = "54"
    Info (12134): Parameter "LPM_WIDTHR" = "54"
    Info (12134): Parameter "LPM_WIDTHS" = "1"
    Info (12134): Parameter "LPM_REPRESENTATION" = "SIGNED"
    Info (12134): Parameter "INPUT_A_IS_CONSTANT" = "NO"
    Info (12134): Parameter "INPUT_B_IS_CONSTANT" = "NO"
    Info (12134): Parameter "MAXIMIZE_SPEED" = "5"
Info (12021): Found 1 design units, including 1 entities, in source file db/mult_b6t.tdf
    Info (12023): Found entity 1: mult_b6t File: C:/intelFPGA_lite/19.1/Audio_Effects_On_FPGA_Project/Audio_Effects_On_FPGA_Project/db/mult_b6t.tdf Line: 31
Info (12130): Elaborated megafunction instantiation "tremolo:tremolo_inst_L|lpm_mult:Mult0" File: C:/intelFPGA_lite/19.1/Audio_Effects_On_FPGA_Project/Audio_Effects_On_FPGA_Project/tremolo.vhd Line: 88
Info (12133): Instantiated megafunction "tremolo:tremolo_inst_L|lpm_mult:Mult0" with the following parameter: File: C:/intelFPGA_lite/19.1/Audio_Effects_On_FPGA_Project/Audio_Effects_On_FPGA_Project/tremolo.vhd Line: 88
    Info (12134): Parameter "LPM_WIDTHA" = "16"
    Info (12134): Parameter "LPM_WIDTHB" = "9"
    Info (12134): Parameter "LPM_WIDTHP" = "25"
    Info (12134): Parameter "LPM_WIDTHR" = "25"
    Info (12134): Parameter "LPM_WIDTHS" = "1"
    Info (12134): Parameter "LPM_REPRESENTATION" = "SIGNED"
    Info (12134): Parameter "INPUT_A_IS_CONSTANT" = "NO"
    Info (12134): Parameter "INPUT_B_IS_CONSTANT" = "NO"
    Info (12134): Parameter "MAXIMIZE_SPEED" = "5"
Info (12021): Found 1 design units, including 1 entities, in source file db/mult_n4t.tdf
    Info (12023): Found entity 1: mult_n4t File: C:/intelFPGA_lite/19.1/Audio_Effects_On_FPGA_Project/Audio_Effects_On_FPGA_Project/db/mult_n4t.tdf Line: 29
Info (12130): Elaborated megafunction instantiation "FIR_filter_37_tap:u_fir_filter_L|lpm_mult:Mult18" File: c:/intelfpga_lite/19.1/quartus/libraries/vhdl/synopsys/ieee/syn_arit.vhd Line: 680
Info (12133): Instantiated megafunction "FIR_filter_37_tap:u_fir_filter_L|lpm_mult:Mult18" with the following parameter: File: c:/intelfpga_lite/19.1/quartus/libraries/vhdl/synopsys/ieee/syn_arit.vhd Line: 680
    Info (12134): Parameter "LPM_WIDTHA" = "16"
    Info (12134): Parameter "LPM_WIDTHB" = "16"
    Info (12134): Parameter "LPM_WIDTHP" = "32"
    Info (12134): Parameter "LPM_WIDTHR" = "32"
    Info (12134): Parameter "LPM_WIDTHS" = "1"
    Info (12134): Parameter "LPM_REPRESENTATION" = "SIGNED"
    Info (12134): Parameter "INPUT_A_IS_CONSTANT" = "NO"
    Info (12134): Parameter "INPUT_B_IS_CONSTANT" = "YES"
    Info (12134): Parameter "MAXIMIZE_SPEED" = "5"
Info (12131): Elaborated megafunction instantiation "FIR_filter_37_tap:u_fir_filter_L|lpm_mult:Mult18|multcore:mult_core", which is child of megafunction instantiation "FIR_filter_37_tap:u_fir_filter_L|lpm_mult:Mult18" File: c:/intelfpga_lite/19.1/quartus/libraries/megafunctions/lpm_mult.tdf Line: 309
Info (12131): Elaborated megafunction instantiation "FIR_filter_37_tap:u_fir_filter_L|lpm_mult:Mult18|multcore:mult_core|mpar_add:padder", which is child of megafunction instantiation "FIR_filter_37_tap:u_fir_filter_L|lpm_mult:Mult18" File: c:/intelfpga_lite/19.1/quartus/libraries/megafunctions/multcore.tdf Line: 229
Info (12131): Elaborated megafunction instantiation "FIR_filter_37_tap:u_fir_filter_L|lpm_mult:Mult18|multcore:mult_core|mpar_add:padder|lpm_add_sub:adder[1]", which is child of megafunction instantiation "FIR_filter_37_tap:u_fir_filter_L|lpm_mult:Mult18" File: c:/intelfpga_lite/19.1/quartus/libraries/megafunctions/mpar_add.tdf Line: 115
Info (12021): Found 1 design units, including 1 entities, in source file db/add_sub_bkh.tdf
    Info (12023): Found entity 1: add_sub_bkh File: C:/intelFPGA_lite/19.1/Audio_Effects_On_FPGA_Project/Audio_Effects_On_FPGA_Project/db/add_sub_bkh.tdf Line: 23
Info (12131): Elaborated megafunction instantiation "FIR_filter_37_tap:u_fir_filter_L|lpm_mult:Mult18|multcore:mult_core|mpar_add:padder|lpm_add_sub:adder[0]", which is child of megafunction instantiation "FIR_filter_37_tap:u_fir_filter_L|lpm_mult:Mult18" File: c:/intelfpga_lite/19.1/quartus/libraries/megafunctions/mpar_add.tdf Line: 115
Info (12021): Found 1 design units, including 1 entities, in source file db/add_sub_h9h.tdf
    Info (12023): Found entity 1: add_sub_h9h File: C:/intelFPGA_lite/19.1/Audio_Effects_On_FPGA_Project/Audio_Effects_On_FPGA_Project/db/add_sub_h9h.tdf Line: 23
Info (12131): Elaborated megafunction instantiation "FIR_filter_37_tap:u_fir_filter_L|lpm_mult:Mult18|multcore:mult_core|mpar_add:padder|mpar_add:sub_par_add", which is child of megafunction instantiation "FIR_filter_37_tap:u_fir_filter_L|lpm_mult:Mult18" File: c:/intelfpga_lite/19.1/quartus/libraries/megafunctions/mpar_add.tdf Line: 138
Info (12131): Elaborated megafunction instantiation "FIR_filter_37_tap:u_fir_filter_L|lpm_mult:Mult18|multcore:mult_core|mpar_add:padder|mpar_add:sub_par_add|lpm_add_sub:adder[0]", which is child of megafunction instantiation "FIR_filter_37_tap:u_fir_filter_L|lpm_mult:Mult18" File: c:/intelfpga_lite/19.1/quartus/libraries/megafunctions/mpar_add.tdf Line: 115
Info (12021): Found 1 design units, including 1 entities, in source file db/add_sub_fkh.tdf
    Info (12023): Found entity 1: add_sub_fkh File: C:/intelFPGA_lite/19.1/Audio_Effects_On_FPGA_Project/Audio_Effects_On_FPGA_Project/db/add_sub_fkh.tdf Line: 23
Info (12131): Elaborated megafunction instantiation "FIR_filter_37_tap:u_fir_filter_L|lpm_mult:Mult18|altshift:external_latency_ffs", which is child of megafunction instantiation "FIR_filter_37_tap:u_fir_filter_L|lpm_mult:Mult18" File: c:/intelfpga_lite/19.1/quartus/libraries/megafunctions/lpm_mult.tdf Line: 352
Info (12130): Elaborated megafunction instantiation "FIR_filter_37_tap:u_fir_filter_L|lpm_mult:Mult17" File: c:/intelfpga_lite/19.1/quartus/libraries/vhdl/synopsys/ieee/syn_arit.vhd Line: 680
Info (12133): Instantiated megafunction "FIR_filter_37_tap:u_fir_filter_L|lpm_mult:Mult17" with the following parameter: File: c:/intelfpga_lite/19.1/quartus/libraries/vhdl/synopsys/ieee/syn_arit.vhd Line: 680
    Info (12134): Parameter "LPM_WIDTHA" = "17"
    Info (12134): Parameter "LPM_WIDTHB" = "16"
    Info (12134): Parameter "LPM_WIDTHP" = "33"
    Info (12134): Parameter "LPM_WIDTHR" = "33"
    Info (12134): Parameter "LPM_WIDTHS" = "1"
    Info (12134): Parameter "LPM_REPRESENTATION" = "SIGNED"
    Info (12134): Parameter "INPUT_A_IS_CONSTANT" = "NO"
    Info (12134): Parameter "INPUT_B_IS_CONSTANT" = "NO"
    Info (12134): Parameter "MAXIMIZE_SPEED" = "5"
Info (12021): Found 1 design units, including 1 entities, in source file db/mult_56t.tdf
    Info (12023): Found entity 1: mult_56t File: C:/intelFPGA_lite/19.1/Audio_Effects_On_FPGA_Project/Audio_Effects_On_FPGA_Project/db/mult_56t.tdf Line: 29
Info (12130): Elaborated megafunction instantiation "delay:delay_inst_L|lpm_mult:Mult0" File: C:/intelFPGA_lite/19.1/Audio_Effects_On_FPGA_Project/Audio_Effects_On_FPGA_Project/delay.vhd Line: 145
Info (12133): Instantiated megafunction "delay:delay_inst_L|lpm_mult:Mult0" with the following parameter: File: C:/intelFPGA_lite/19.1/Audio_Effects_On_FPGA_Project/Audio_Effects_On_FPGA_Project/delay.vhd Line: 145
    Info (12134): Parameter "LPM_WIDTHA" = "16"
    Info (12134): Parameter "LPM_WIDTHB" = "16"
    Info (12134): Parameter "LPM_WIDTHP" = "32"
    Info (12134): Parameter "LPM_WIDTHR" = "32"
    Info (12134): Parameter "LPM_WIDTHS" = "1"
    Info (12134): Parameter "LPM_REPRESENTATION" = "SIGNED"
    Info (12134): Parameter "INPUT_A_IS_CONSTANT" = "NO"
    Info (12134): Parameter "INPUT_B_IS_CONSTANT" = "YES"
    Info (12134): Parameter "MAXIMIZE_SPEED" = "5"
Info (12130): Elaborated megafunction instantiation "octaver:octaver_L|lpm_mult:Mult1" File: C:/intelFPGA_lite/19.1/Audio_Effects_On_FPGA_Project/Audio_Effects_On_FPGA_Project/octaver.vhd Line: 121
Info (12133): Instantiated megafunction "octaver:octaver_L|lpm_mult:Mult1" with the following parameter: File: C:/intelFPGA_lite/19.1/Audio_Effects_On_FPGA_Project/Audio_Effects_On_FPGA_Project/octaver.vhd Line: 121
    Info (12134): Parameter "LPM_WIDTHA" = "16"
    Info (12134): Parameter "LPM_WIDTHB" = "16"
    Info (12134): Parameter "LPM_WIDTHP" = "32"
    Info (12134): Parameter "LPM_WIDTHR" = "32"
    Info (12134): Parameter "LPM_WIDTHS" = "1"
    Info (12134): Parameter "LPM_REPRESENTATION" = "SIGNED"
    Info (12134): Parameter "INPUT_A_IS_CONSTANT" = "NO"
    Info (12134): Parameter "INPUT_B_IS_CONSTANT" = "NO"
    Info (12134): Parameter "MAXIMIZE_SPEED" = "5"
Info (12021): Found 1 design units, including 1 entities, in source file db/mult_36t.tdf
    Info (12023): Found entity 1: mult_36t File: C:/intelFPGA_lite/19.1/Audio_Effects_On_FPGA_Project/Audio_Effects_On_FPGA_Project/db/mult_36t.tdf Line: 29
Info (12130): Elaborated megafunction instantiation "auto_wah:u_auto_wah_L|lpm_mult:Mult0" File: C:/intelFPGA_lite/19.1/Audio_Effects_On_FPGA_Project/Audio_Effects_On_FPGA_Project/wah_wah.vhd Line: 126
Info (12133): Instantiated megafunction "auto_wah:u_auto_wah_L|lpm_mult:Mult0" with the following parameter: File: C:/intelFPGA_lite/19.1/Audio_Effects_On_FPGA_Project/Audio_Effects_On_FPGA_Project/wah_wah.vhd Line: 126
    Info (12134): Parameter "LPM_WIDTHA" = "17"
    Info (12134): Parameter "LPM_WIDTHB" = "16"
    Info (12134): Parameter "LPM_WIDTHP" = "33"
    Info (12134): Parameter "LPM_WIDTHR" = "33"
    Info (12134): Parameter "LPM_WIDTHS" = "1"
    Info (12134): Parameter "LPM_REPRESENTATION" = "SIGNED"
    Info (12134): Parameter "INPUT_A_IS_CONSTANT" = "NO"
    Info (12134): Parameter "INPUT_B_IS_CONSTANT" = "YES"
    Info (12134): Parameter "MAXIMIZE_SPEED" = "5"
Info (12021): Found 1 design units, including 1 entities, in source file db/mult_p9t.tdf
    Info (12023): Found entity 1: mult_p9t File: C:/intelFPGA_lite/19.1/Audio_Effects_On_FPGA_Project/Audio_Effects_On_FPGA_Project/db/mult_p9t.tdf Line: 29
Info (12130): Elaborated megafunction instantiation "FIR_filter_37_tap:u_fir_filter_L|lpm_mult:Mult12" File: c:/intelfpga_lite/19.1/quartus/libraries/vhdl/synopsys/ieee/syn_arit.vhd Line: 680
Info (12133): Instantiated megafunction "FIR_filter_37_tap:u_fir_filter_L|lpm_mult:Mult12" with the following parameter: File: c:/intelfpga_lite/19.1/quartus/libraries/vhdl/synopsys/ieee/syn_arit.vhd Line: 680
    Info (12134): Parameter "LPM_WIDTHA" = "17"
    Info (12134): Parameter "LPM_WIDTHB" = "16"
    Info (12134): Parameter "LPM_WIDTHP" = "33"
    Info (12134): Parameter "LPM_WIDTHR" = "33"
    Info (12134): Parameter "LPM_WIDTHS" = "1"
    Info (12134): Parameter "LPM_REPRESENTATION" = "SIGNED"
    Info (12134): Parameter "INPUT_A_IS_CONSTANT" = "NO"
    Info (12134): Parameter "INPUT_B_IS_CONSTANT" = "NO"
    Info (12134): Parameter "MAXIMIZE_SPEED" = "5"
Info (12130): Elaborated megafunction instantiation "FIR_filter_37_tap:u_fir_filter_L|lpm_mult:Mult11" File: c:/intelfpga_lite/19.1/quartus/libraries/vhdl/synopsys/ieee/syn_arit.vhd Line: 680
Info (12133): Instantiated megafunction "FIR_filter_37_tap:u_fir_filter_L|lpm_mult:Mult11" with the following parameter: File: c:/intelfpga_lite/19.1/quartus/libraries/vhdl/synopsys/ieee/syn_arit.vhd Line: 680
    Info (12134): Parameter "LPM_WIDTHA" = "17"
    Info (12134): Parameter "LPM_WIDTHB" = "16"
    Info (12134): Parameter "LPM_WIDTHP" = "33"
    Info (12134): Parameter "LPM_WIDTHR" = "33"
    Info (12134): Parameter "LPM_WIDTHS" = "1"
    Info (12134): Parameter "LPM_REPRESENTATION" = "SIGNED"
    Info (12134): Parameter "INPUT_A_IS_CONSTANT" = "NO"
    Info (12134): Parameter "INPUT_B_IS_CONSTANT" = "NO"
    Info (12134): Parameter "MAXIMIZE_SPEED" = "5"
Info (12130): Elaborated megafunction instantiation "FIR_filter_37_tap:u_fir_filter_L|lpm_mult:Mult15" File: c:/intelfpga_lite/19.1/quartus/libraries/vhdl/synopsys/ieee/syn_arit.vhd Line: 680
Info (12133): Instantiated megafunction "FIR_filter_37_tap:u_fir_filter_L|lpm_mult:Mult15" with the following parameter: File: c:/intelfpga_lite/19.1/quartus/libraries/vhdl/synopsys/ieee/syn_arit.vhd Line: 680
    Info (12134): Parameter "LPM_WIDTHA" = "17"
    Info (12134): Parameter "LPM_WIDTHB" = "16"
    Info (12134): Parameter "LPM_WIDTHP" = "33"
    Info (12134): Parameter "LPM_WIDTHR" = "33"
    Info (12134): Parameter "LPM_WIDTHS" = "1"
    Info (12134): Parameter "LPM_REPRESENTATION" = "SIGNED"
    Info (12134): Parameter "INPUT_A_IS_CONSTANT" = "NO"
    Info (12134): Parameter "INPUT_B_IS_CONSTANT" = "NO"
    Info (12134): Parameter "MAXIMIZE_SPEED" = "5"
Info (12130): Elaborated megafunction instantiation "FIR_filter_37_tap:u_fir_filter_L|lpm_mult:Mult16" File: c:/intelfpga_lite/19.1/quartus/libraries/vhdl/synopsys/ieee/syn_arit.vhd Line: 680
Info (12133): Instantiated megafunction "FIR_filter_37_tap:u_fir_filter_L|lpm_mult:Mult16" with the following parameter: File: c:/intelfpga_lite/19.1/quartus/libraries/vhdl/synopsys/ieee/syn_arit.vhd Line: 680
    Info (12134): Parameter "LPM_WIDTHA" = "17"
    Info (12134): Parameter "LPM_WIDTHB" = "16"
    Info (12134): Parameter "LPM_WIDTHP" = "33"
    Info (12134): Parameter "LPM_WIDTHR" = "33"
    Info (12134): Parameter "LPM_WIDTHS" = "1"
    Info (12134): Parameter "LPM_REPRESENTATION" = "SIGNED"
    Info (12134): Parameter "INPUT_A_IS_CONSTANT" = "NO"
    Info (12134): Parameter "INPUT_B_IS_CONSTANT" = "NO"
    Info (12134): Parameter "MAXIMIZE_SPEED" = "5"
Info (12130): Elaborated megafunction instantiation "FIR_filter_37_tap:u_fir_filter_L|lpm_mult:Mult13" File: c:/intelfpga_lite/19.1/quartus/libraries/vhdl/synopsys/ieee/syn_arit.vhd Line: 680
Info (12133): Instantiated megafunction "FIR_filter_37_tap:u_fir_filter_L|lpm_mult:Mult13" with the following parameter: File: c:/intelfpga_lite/19.1/quartus/libraries/vhdl/synopsys/ieee/syn_arit.vhd Line: 680
    Info (12134): Parameter "LPM_WIDTHA" = "17"
    Info (12134): Parameter "LPM_WIDTHB" = "16"
    Info (12134): Parameter "LPM_WIDTHP" = "33"
    Info (12134): Parameter "LPM_WIDTHR" = "33"
    Info (12134): Parameter "LPM_WIDTHS" = "1"
    Info (12134): Parameter "LPM_REPRESENTATION" = "SIGNED"
    Info (12134): Parameter "INPUT_A_IS_CONSTANT" = "NO"
    Info (12134): Parameter "INPUT_B_IS_CONSTANT" = "NO"
    Info (12134): Parameter "MAXIMIZE_SPEED" = "5"
Info (12130): Elaborated megafunction instantiation "FIR_filter_37_tap:u_fir_filter_L|lpm_mult:Mult14" File: c:/intelfpga_lite/19.1/quartus/libraries/vhdl/synopsys/ieee/syn_arit.vhd Line: 680
Info (12133): Instantiated megafunction "FIR_filter_37_tap:u_fir_filter_L|lpm_mult:Mult14" with the following parameter: File: c:/intelfpga_lite/19.1/quartus/libraries/vhdl/synopsys/ieee/syn_arit.vhd Line: 680
    Info (12134): Parameter "LPM_WIDTHA" = "17"
    Info (12134): Parameter "LPM_WIDTHB" = "16"
    Info (12134): Parameter "LPM_WIDTHP" = "33"
    Info (12134): Parameter "LPM_WIDTHR" = "33"
    Info (12134): Parameter "LPM_WIDTHS" = "1"
    Info (12134): Parameter "LPM_REPRESENTATION" = "SIGNED"
    Info (12134): Parameter "INPUT_A_IS_CONSTANT" = "NO"
    Info (12134): Parameter "INPUT_B_IS_CONSTANT" = "NO"
    Info (12134): Parameter "MAXIMIZE_SPEED" = "5"
Info (12130): Elaborated megafunction instantiation "FIR_filter_37_tap:u_fir_filter_L|lpm_mult:Mult10" File: c:/intelfpga_lite/19.1/quartus/libraries/vhdl/synopsys/ieee/syn_arit.vhd Line: 680
Info (12133): Instantiated megafunction "FIR_filter_37_tap:u_fir_filter_L|lpm_mult:Mult10" with the following parameter: File: c:/intelfpga_lite/19.1/quartus/libraries/vhdl/synopsys/ieee/syn_arit.vhd Line: 680
    Info (12134): Parameter "LPM_WIDTHA" = "17"
    Info (12134): Parameter "LPM_WIDTHB" = "16"
    Info (12134): Parameter "LPM_WIDTHP" = "33"
    Info (12134): Parameter "LPM_WIDTHR" = "33"
    Info (12134): Parameter "LPM_WIDTHS" = "1"
    Info (12134): Parameter "LPM_REPRESENTATION" = "SIGNED"
    Info (12134): Parameter "INPUT_A_IS_CONSTANT" = "NO"
    Info (12134): Parameter "INPUT_B_IS_CONSTANT" = "NO"
    Info (12134): Parameter "MAXIMIZE_SPEED" = "5"
Info (12130): Elaborated megafunction instantiation "FIR_filter_37_tap:u_fir_filter_L|lpm_mult:Mult9" File: c:/intelfpga_lite/19.1/quartus/libraries/vhdl/synopsys/ieee/syn_arit.vhd Line: 680
Info (12133): Instantiated megafunction "FIR_filter_37_tap:u_fir_filter_L|lpm_mult:Mult9" with the following parameter: File: c:/intelfpga_lite/19.1/quartus/libraries/vhdl/synopsys/ieee/syn_arit.vhd Line: 680
    Info (12134): Parameter "LPM_WIDTHA" = "17"
    Info (12134): Parameter "LPM_WIDTHB" = "16"
    Info (12134): Parameter "LPM_WIDTHP" = "33"
    Info (12134): Parameter "LPM_WIDTHR" = "33"
    Info (12134): Parameter "LPM_WIDTHS" = "1"
    Info (12134): Parameter "LPM_REPRESENTATION" = "SIGNED"
    Info (12134): Parameter "INPUT_A_IS_CONSTANT" = "NO"
    Info (12134): Parameter "INPUT_B_IS_CONSTANT" = "NO"
    Info (12134): Parameter "MAXIMIZE_SPEED" = "5"
Info (12130): Elaborated megafunction instantiation "FIR_filter_37_tap:u_fir_filter_L|lpm_mult:Mult3" File: c:/intelfpga_lite/19.1/quartus/libraries/vhdl/synopsys/ieee/syn_arit.vhd Line: 680
Info (12133): Instantiated megafunction "FIR_filter_37_tap:u_fir_filter_L|lpm_mult:Mult3" with the following parameter: File: c:/intelfpga_lite/19.1/quartus/libraries/vhdl/synopsys/ieee/syn_arit.vhd Line: 680
    Info (12134): Parameter "LPM_WIDTHA" = "17"
    Info (12134): Parameter "LPM_WIDTHB" = "16"
    Info (12134): Parameter "LPM_WIDTHP" = "33"
    Info (12134): Parameter "LPM_WIDTHR" = "33"
    Info (12134): Parameter "LPM_WIDTHS" = "1"
    Info (12134): Parameter "LPM_REPRESENTATION" = "SIGNED"
    Info (12134): Parameter "INPUT_A_IS_CONSTANT" = "NO"
    Info (12134): Parameter "INPUT_B_IS_CONSTANT" = "NO"
    Info (12134): Parameter "MAXIMIZE_SPEED" = "5"
Info (12130): Elaborated megafunction instantiation "FIR_filter_37_tap:u_fir_filter_L|lpm_mult:Mult4" File: c:/intelfpga_lite/19.1/quartus/libraries/vhdl/synopsys/ieee/syn_arit.vhd Line: 680
Info (12133): Instantiated megafunction "FIR_filter_37_tap:u_fir_filter_L|lpm_mult:Mult4" with the following parameter: File: c:/intelfpga_lite/19.1/quartus/libraries/vhdl/synopsys/ieee/syn_arit.vhd Line: 680
    Info (12134): Parameter "LPM_WIDTHA" = "17"
    Info (12134): Parameter "LPM_WIDTHB" = "16"
    Info (12134): Parameter "LPM_WIDTHP" = "33"
    Info (12134): Parameter "LPM_WIDTHR" = "33"
    Info (12134): Parameter "LPM_WIDTHS" = "1"
    Info (12134): Parameter "LPM_REPRESENTATION" = "SIGNED"
    Info (12134): Parameter "INPUT_A_IS_CONSTANT" = "NO"
    Info (12134): Parameter "INPUT_B_IS_CONSTANT" = "NO"
    Info (12134): Parameter "MAXIMIZE_SPEED" = "5"
Info (12130): Elaborated megafunction instantiation "chorus:chorus_inst_L|lpm_divide:Mod1" File: C:/intelFPGA_lite/19.1/Audio_Effects_On_FPGA_Project/Audio_Effects_On_FPGA_Project/chorus.vhd Line: 101
Info (12133): Instantiated megafunction "chorus:chorus_inst_L|lpm_divide:Mod1" with the following parameter: File: C:/intelFPGA_lite/19.1/Audio_Effects_On_FPGA_Project/Audio_Effects_On_FPGA_Project/chorus.vhd Line: 101
    Info (12134): Parameter "LPM_WIDTHN" = "32"
    Info (12134): Parameter "LPM_WIDTHD" = "32"
    Info (12134): Parameter "LPM_NREPRESENTATION" = "SIGNED"
    Info (12134): Parameter "LPM_DREPRESENTATION" = "SIGNED"
    Info (12134): Parameter "LPM_HINT" = "LPM_REMAINDERPOSITIVE=FALSE"
Info (12021): Found 1 design units, including 1 entities, in source file db/lpm_divide_cqo.tdf
    Info (12023): Found entity 1: lpm_divide_cqo File: C:/intelFPGA_lite/19.1/Audio_Effects_On_FPGA_Project/Audio_Effects_On_FPGA_Project/db/lpm_divide_cqo.tdf Line: 25
Info (12021): Found 1 design units, including 1 entities, in source file db/abs_divider_4dg.tdf
    Info (12023): Found entity 1: abs_divider_4dg File: C:/intelFPGA_lite/19.1/Audio_Effects_On_FPGA_Project/Audio_Effects_On_FPGA_Project/db/abs_divider_4dg.tdf Line: 27
Info (12021): Found 1 design units, including 1 entities, in source file db/alt_u_div_6af.tdf
    Info (12023): Found entity 1: alt_u_div_6af File: C:/intelFPGA_lite/19.1/Audio_Effects_On_FPGA_Project/Audio_Effects_On_FPGA_Project/db/alt_u_div_6af.tdf Line: 27
Info (12021): Found 1 design units, including 1 entities, in source file db/add_sub_7pc.tdf
    Info (12023): Found entity 1: add_sub_7pc File: C:/intelFPGA_lite/19.1/Audio_Effects_On_FPGA_Project/Audio_Effects_On_FPGA_Project/db/add_sub_7pc.tdf Line: 23
Info (12021): Found 1 design units, including 1 entities, in source file db/add_sub_8pc.tdf
    Info (12023): Found entity 1: add_sub_8pc File: C:/intelFPGA_lite/19.1/Audio_Effects_On_FPGA_Project/Audio_Effects_On_FPGA_Project/db/add_sub_8pc.tdf Line: 23
Info (12021): Found 1 design units, including 1 entities, in source file db/lpm_abs_i0a.tdf
    Info (12023): Found entity 1: lpm_abs_i0a File: C:/intelFPGA_lite/19.1/Audio_Effects_On_FPGA_Project/Audio_Effects_On_FPGA_Project/db/lpm_abs_i0a.tdf Line: 25
Info (12130): Elaborated megafunction instantiation "FIR_filter_37_tap:u_fir_filter_L|lpm_mult:Mult2" File: c:/intelfpga_lite/19.1/quartus/libraries/vhdl/synopsys/ieee/syn_arit.vhd Line: 680
Info (12133): Instantiated megafunction "FIR_filter_37_tap:u_fir_filter_L|lpm_mult:Mult2" with the following parameter: File: c:/intelfpga_lite/19.1/quartus/libraries/vhdl/synopsys/ieee/syn_arit.vhd Line: 680
    Info (12134): Parameter "LPM_WIDTHA" = "17"
    Info (12134): Parameter "LPM_WIDTHB" = "16"
    Info (12134): Parameter "LPM_WIDTHP" = "33"
    Info (12134): Parameter "LPM_WIDTHR" = "33"
    Info (12134): Parameter "LPM_WIDTHS" = "1"
    Info (12134): Parameter "LPM_REPRESENTATION" = "SIGNED"
    Info (12134): Parameter "INPUT_A_IS_CONSTANT" = "NO"
    Info (12134): Parameter "INPUT_B_IS_CONSTANT" = "NO"
    Info (12134): Parameter "MAXIMIZE_SPEED" = "5"
Info (12130): Elaborated megafunction instantiation "lpm_mult:Mult0" File: C:/intelFPGA_lite/19.1/Audio_Effects_On_FPGA_Project/Audio_Effects_On_FPGA_Project/main.vhd Line: 391
Info (12133): Instantiated megafunction "lpm_mult:Mult0" with the following parameter: File: C:/intelFPGA_lite/19.1/Audio_Effects_On_FPGA_Project/Audio_Effects_On_FPGA_Project/main.vhd Line: 391
    Info (12134): Parameter "LPM_WIDTHA" = "5"
    Info (12134): Parameter "LPM_WIDTHB" = "12"
    Info (12134): Parameter "LPM_WIDTHP" = "17"
    Info (12134): Parameter "LPM_WIDTHR" = "17"
    Info (12134): Parameter "LPM_WIDTHS" = "1"
    Info (12134): Parameter "LPM_REPRESENTATION" = "UNSIGNED"
    Info (12134): Parameter "INPUT_A_IS_CONSTANT" = "NO"
    Info (12134): Parameter "INPUT_B_IS_CONSTANT" = "YES"
    Info (12134): Parameter "MAXIMIZE_SPEED" = "5"
Info (12131): Elaborated megafunction instantiation "lpm_mult:Mult0|multcore:mult_core", which is child of megafunction instantiation "lpm_mult:Mult0" File: c:/intelfpga_lite/19.1/quartus/libraries/megafunctions/lpm_mult.tdf Line: 309
Info (12131): Elaborated megafunction instantiation "lpm_mult:Mult0|multcore:mult_core|mpar_add:padder", which is child of megafunction instantiation "lpm_mult:Mult0" File: c:/intelfpga_lite/19.1/quartus/libraries/megafunctions/multcore.tdf Line: 229
Info (12131): Elaborated megafunction instantiation "lpm_mult:Mult0|multcore:mult_core|mpar_add:padder|lpm_add_sub:adder[0]", which is child of megafunction instantiation "lpm_mult:Mult0" File: c:/intelfpga_lite/19.1/quartus/libraries/megafunctions/mpar_add.tdf Line: 78
Info (12021): Found 1 design units, including 1 entities, in source file db/add_sub_pgh.tdf
    Info (12023): Found entity 1: add_sub_pgh File: C:/intelFPGA_lite/19.1/Audio_Effects_On_FPGA_Project/Audio_Effects_On_FPGA_Project/db/add_sub_pgh.tdf Line: 23
Info (12131): Elaborated megafunction instantiation "lpm_mult:Mult0|altshift:external_latency_ffs", which is child of megafunction instantiation "lpm_mult:Mult0" File: c:/intelfpga_lite/19.1/quartus/libraries/megafunctions/lpm_mult.tdf Line: 352
Info (12130): Elaborated megafunction instantiation "FIR_filter_37_tap:u_fir_filter_L|lpm_mult:Mult1" File: c:/intelfpga_lite/19.1/quartus/libraries/vhdl/synopsys/ieee/syn_arit.vhd Line: 680
Info (12133): Instantiated megafunction "FIR_filter_37_tap:u_fir_filter_L|lpm_mult:Mult1" with the following parameter: File: c:/intelfpga_lite/19.1/quartus/libraries/vhdl/synopsys/ieee/syn_arit.vhd Line: 680
    Info (12134): Parameter "LPM_WIDTHA" = "17"
    Info (12134): Parameter "LPM_WIDTHB" = "16"
    Info (12134): Parameter "LPM_WIDTHP" = "33"
    Info (12134): Parameter "LPM_WIDTHR" = "33"
    Info (12134): Parameter "LPM_WIDTHS" = "1"
    Info (12134): Parameter "LPM_REPRESENTATION" = "SIGNED"
    Info (12134): Parameter "INPUT_A_IS_CONSTANT" = "NO"
    Info (12134): Parameter "INPUT_B_IS_CONSTANT" = "NO"
    Info (12134): Parameter "MAXIMIZE_SPEED" = "5"
Info (12130): Elaborated megafunction instantiation "FIR_filter_37_tap:u_fir_filter_L|lpm_mult:Mult0" File: c:/intelfpga_lite/19.1/quartus/libraries/vhdl/synopsys/ieee/syn_arit.vhd Line: 680
Info (12133): Instantiated megafunction "FIR_filter_37_tap:u_fir_filter_L|lpm_mult:Mult0" with the following parameter: File: c:/intelfpga_lite/19.1/quartus/libraries/vhdl/synopsys/ieee/syn_arit.vhd Line: 680
    Info (12134): Parameter "LPM_WIDTHA" = "17"
    Info (12134): Parameter "LPM_WIDTHB" = "16"
    Info (12134): Parameter "LPM_WIDTHP" = "33"
    Info (12134): Parameter "LPM_WIDTHR" = "33"
    Info (12134): Parameter "LPM_WIDTHS" = "1"
    Info (12134): Parameter "LPM_REPRESENTATION" = "SIGNED"
    Info (12134): Parameter "INPUT_A_IS_CONSTANT" = "NO"
    Info (12134): Parameter "INPUT_B_IS_CONSTANT" = "NO"
    Info (12134): Parameter "MAXIMIZE_SPEED" = "5"
Info (12130): Elaborated megafunction instantiation "FIR_filter_37_tap:u_fir_filter_L|lpm_mult:Mult6" File: c:/intelfpga_lite/19.1/quartus/libraries/vhdl/synopsys/ieee/syn_arit.vhd Line: 680
Info (12133): Instantiated megafunction "FIR_filter_37_tap:u_fir_filter_L|lpm_mult:Mult6" with the following parameter: File: c:/intelfpga_lite/19.1/quartus/libraries/vhdl/synopsys/ieee/syn_arit.vhd Line: 680
    Info (12134): Parameter "LPM_WIDTHA" = "17"
    Info (12134): Parameter "LPM_WIDTHB" = "16"
    Info (12134): Parameter "LPM_WIDTHP" = "33"
    Info (12134): Parameter "LPM_WIDTHR" = "33"
    Info (12134): Parameter "LPM_WIDTHS" = "1"
    Info (12134): Parameter "LPM_REPRESENTATION" = "SIGNED"
    Info (12134): Parameter "INPUT_A_IS_CONSTANT" = "NO"
    Info (12134): Parameter "INPUT_B_IS_CONSTANT" = "NO"
    Info (12134): Parameter "MAXIMIZE_SPEED" = "5"
Info (12130): Elaborated megafunction instantiation "FIR_filter_37_tap:u_fir_filter_L|lpm_mult:Mult5" File: c:/intelfpga_lite/19.1/quartus/libraries/vhdl/synopsys/ieee/syn_arit.vhd Line: 680
Info (12133): Instantiated megafunction "FIR_filter_37_tap:u_fir_filter_L|lpm_mult:Mult5" with the following parameter: File: c:/intelfpga_lite/19.1/quartus/libraries/vhdl/synopsys/ieee/syn_arit.vhd Line: 680
    Info (12134): Parameter "LPM_WIDTHA" = "17"
    Info (12134): Parameter "LPM_WIDTHB" = "16"
    Info (12134): Parameter "LPM_WIDTHP" = "33"
    Info (12134): Parameter "LPM_WIDTHR" = "33"
    Info (12134): Parameter "LPM_WIDTHS" = "1"
    Info (12134): Parameter "LPM_REPRESENTATION" = "SIGNED"
    Info (12134): Parameter "INPUT_A_IS_CONSTANT" = "NO"
    Info (12134): Parameter "INPUT_B_IS_CONSTANT" = "NO"
    Info (12134): Parameter "MAXIMIZE_SPEED" = "5"
Info (12130): Elaborated megafunction instantiation "FIR_filter_37_tap:u_fir_filter_L|lpm_mult:Mult8" File: c:/intelfpga_lite/19.1/quartus/libraries/vhdl/synopsys/ieee/syn_arit.vhd Line: 680
Info (12133): Instantiated megafunction "FIR_filter_37_tap:u_fir_filter_L|lpm_mult:Mult8" with the following parameter: File: c:/intelfpga_lite/19.1/quartus/libraries/vhdl/synopsys/ieee/syn_arit.vhd Line: 680
    Info (12134): Parameter "LPM_WIDTHA" = "17"
    Info (12134): Parameter "LPM_WIDTHB" = "16"
    Info (12134): Parameter "LPM_WIDTHP" = "33"
    Info (12134): Parameter "LPM_WIDTHR" = "33"
    Info (12134): Parameter "LPM_WIDTHS" = "1"
    Info (12134): Parameter "LPM_REPRESENTATION" = "SIGNED"
    Info (12134): Parameter "INPUT_A_IS_CONSTANT" = "NO"
    Info (12134): Parameter "INPUT_B_IS_CONSTANT" = "NO"
    Info (12134): Parameter "MAXIMIZE_SPEED" = "5"
Info (12130): Elaborated megafunction instantiation "FIR_filter_37_tap:u_fir_filter_L|lpm_mult:Mult7" File: c:/intelfpga_lite/19.1/quartus/libraries/vhdl/synopsys/ieee/syn_arit.vhd Line: 680
Info (12133): Instantiated megafunction "FIR_filter_37_tap:u_fir_filter_L|lpm_mult:Mult7" with the following parameter: File: c:/intelfpga_lite/19.1/quartus/libraries/vhdl/synopsys/ieee/syn_arit.vhd Line: 680
    Info (12134): Parameter "LPM_WIDTHA" = "17"
    Info (12134): Parameter "LPM_WIDTHB" = "16"
    Info (12134): Parameter "LPM_WIDTHP" = "33"
    Info (12134): Parameter "LPM_WIDTHR" = "33"
    Info (12134): Parameter "LPM_WIDTHS" = "1"
    Info (12134): Parameter "LPM_REPRESENTATION" = "SIGNED"
    Info (12134): Parameter "INPUT_A_IS_CONSTANT" = "NO"
    Info (12134): Parameter "INPUT_B_IS_CONSTANT" = "NO"
    Info (12134): Parameter "MAXIMIZE_SPEED" = "5"
Warning (12189): Intel FPGA IP Evaluation Mode (Simulation-Only) feature is turned on for all cores in the design
    Warning (12191): Some cores in this design do not support the Intel FPGA IP Evaluation Mode feature
        Warning (12192): "FFT/IFFT" does not support the Intel FPGA IP Evaluation Mode feature
Info (13014): Ignored 525 buffer(s)
    Info (13016): Ignored 45 CARRY_SUM buffer(s)
    Info (13019): Ignored 480 SOFT buffer(s)
Warning (13024): Output pins are stuck at VCC or GND
    Warning (13410): Pin "LEDG[4]" is stuck at GND File: C:/intelFPGA_lite/19.1/Audio_Effects_On_FPGA_Project/Audio_Effects_On_FPGA_Project/main.vhd Line: 14
    Warning (13410): Pin "LEDG[6]" is stuck at GND File: C:/intelFPGA_lite/19.1/Audio_Effects_On_FPGA_Project/Audio_Effects_On_FPGA_Project/main.vhd Line: 14
    Warning (13410): Pin "LEDG[7]" is stuck at GND File: C:/intelFPGA_lite/19.1/Audio_Effects_On_FPGA_Project/Audio_Effects_On_FPGA_Project/main.vhd Line: 14
    Warning (13410): Pin "HEX7[1]" is stuck at GND File: C:/intelFPGA_lite/19.1/Audio_Effects_On_FPGA_Project/Audio_Effects_On_FPGA_Project/main.vhd Line: 19
Info (286030): Timing-Driven Synthesis is running
Info (17049): 4 registers lost all their fanouts during netlist optimizations.
Info (17036): Removed 2 MSB VCC or GND address nodes from RAM block "octaver:octaver_R|RAM_Octaver:RAM_inst|altsyncram:altsyncram_component|altsyncram_1pp3:auto_generated|ALTSYNCRAM" File: C:/intelFPGA_lite/19.1/Audio_Effects_On_FPGA_Project/Audio_Effects_On_FPGA_Project/db/altsyncram_1pp3.tdf Line: 57
Info (17036): Removed 2 MSB VCC or GND address nodes from RAM block "octaver:octaver_L|RAM_Octaver:RAM_inst|altsyncram:altsyncram_component|altsyncram_1pp3:auto_generated|ALTSYNCRAM" File: C:/intelFPGA_lite/19.1/Audio_Effects_On_FPGA_Project/Audio_Effects_On_FPGA_Project/db/altsyncram_1pp3.tdf Line: 57
Info (17016): Found the following redundant logic cells in design
    Info (17048): Logic cell "chorus:chorus_inst_L|lpm_divide:Mod2|lpm_divide_cqo:auto_generated|abs_divider_4dg:divider|alt_u_div_6af:divider|add_sub_28_result_int[5]~48" File: C:/intelFPGA_lite/19.1/Audio_Effects_On_FPGA_Project/Audio_Effects_On_FPGA_Project/db/alt_u_div_6af.tdf Line: 132
    Info (17048): Logic cell "chorus:chorus_inst_L|lpm_divide:Mod2|lpm_divide_cqo:auto_generated|abs_divider_4dg:divider|alt_u_div_6af:divider|add_sub_28_result_int[4]~50" File: C:/intelFPGA_lite/19.1/Audio_Effects_On_FPGA_Project/Audio_Effects_On_FPGA_Project/db/alt_u_div_6af.tdf Line: 132
    Info (17048): Logic cell "chorus:chorus_inst_L|lpm_divide:Mod2|lpm_divide_cqo:auto_generated|abs_divider_4dg:divider|alt_u_div_6af:divider|add_sub_28_result_int[3]~52" File: C:/intelFPGA_lite/19.1/Audio_Effects_On_FPGA_Project/Audio_Effects_On_FPGA_Project/db/alt_u_div_6af.tdf Line: 132
    Info (17048): Logic cell "chorus:chorus_inst_L|lpm_divide:Mod1|lpm_divide_cqo:auto_generated|abs_divider_4dg:divider|alt_u_div_6af:divider|add_sub_28_result_int[5]~48" File: C:/intelFPGA_lite/19.1/Audio_Effects_On_FPGA_Project/Audio_Effects_On_FPGA_Project/db/alt_u_div_6af.tdf Line: 132
    Info (17048): Logic cell "chorus:chorus_inst_L|lpm_divide:Mod1|lpm_divide_cqo:auto_generated|abs_divider_4dg:divider|alt_u_div_6af:divider|add_sub_28_result_int[4]~50" File: C:/intelFPGA_lite/19.1/Audio_Effects_On_FPGA_Project/Audio_Effects_On_FPGA_Project/db/alt_u_div_6af.tdf Line: 132
    Info (17048): Logic cell "chorus:chorus_inst_L|lpm_divide:Mod1|lpm_divide_cqo:auto_generated|abs_divider_4dg:divider|alt_u_div_6af:divider|add_sub_28_result_int[3]~52" File: C:/intelFPGA_lite/19.1/Audio_Effects_On_FPGA_Project/Audio_Effects_On_FPGA_Project/db/alt_u_div_6af.tdf Line: 132
    Info (17048): Logic cell "chorus:chorus_inst_L|lpm_divide:Mod0|lpm_divide_cqo:auto_generated|abs_divider_4dg:divider|alt_u_div_6af:divider|add_sub_28_result_int[5]~48" File: C:/intelFPGA_lite/19.1/Audio_Effects_On_FPGA_Project/Audio_Effects_On_FPGA_Project/db/alt_u_div_6af.tdf Line: 132
    Info (17048): Logic cell "chorus:chorus_inst_L|lpm_divide:Mod0|lpm_divide_cqo:auto_generated|abs_divider_4dg:divider|alt_u_div_6af:divider|add_sub_28_result_int[4]~50" File: C:/intelFPGA_lite/19.1/Audio_Effects_On_FPGA_Project/Audio_Effects_On_FPGA_Project/db/alt_u_div_6af.tdf Line: 132
    Info (17048): Logic cell "chorus:chorus_inst_L|lpm_divide:Mod0|lpm_divide_cqo:auto_generated|abs_divider_4dg:divider|alt_u_div_6af:divider|add_sub_28_result_int[3]~52" File: C:/intelFPGA_lite/19.1/Audio_Effects_On_FPGA_Project/Audio_Effects_On_FPGA_Project/db/alt_u_div_6af.tdf Line: 132
    Info (17048): Logic cell "chorus:chorus_inst_L|lpm_divide:Mod2|lpm_divide_cqo:auto_generated|abs_divider_4dg:divider|alt_u_div_6af:divider|add_sub_28_result_int[1]~54" File: C:/intelFPGA_lite/19.1/Audio_Effects_On_FPGA_Project/Audio_Effects_On_FPGA_Project/db/alt_u_div_6af.tdf Line: 132
    Info (17048): Logic cell "chorus:chorus_inst_L|lpm_divide:Mod1|lpm_divide_cqo:auto_generated|abs_divider_4dg:divider|alt_u_div_6af:divider|add_sub_28_result_int[1]~54" File: C:/intelFPGA_lite/19.1/Audio_Effects_On_FPGA_Project/Audio_Effects_On_FPGA_Project/db/alt_u_div_6af.tdf Line: 132
    Info (17048): Logic cell "chorus:chorus_inst_L|lpm_divide:Mod0|lpm_divide_cqo:auto_generated|abs_divider_4dg:divider|alt_u_div_6af:divider|add_sub_28_result_int[1]~54" File: C:/intelFPGA_lite/19.1/Audio_Effects_On_FPGA_Project/Audio_Effects_On_FPGA_Project/db/alt_u_div_6af.tdf Line: 132
    Info (17048): Logic cell "chorus:chorus_inst_L|lpm_divide:Mod2|lpm_divide_cqo:auto_generated|abs_divider_4dg:divider|alt_u_div_6af:divider|add_sub_28_result_int[2]~56" File: C:/intelFPGA_lite/19.1/Audio_Effects_On_FPGA_Project/Audio_Effects_On_FPGA_Project/db/alt_u_div_6af.tdf Line: 132
    Info (17048): Logic cell "chorus:chorus_inst_L|lpm_divide:Mod1|lpm_divide_cqo:auto_generated|abs_divider_4dg:divider|alt_u_div_6af:divider|add_sub_28_result_int[2]~56" File: C:/intelFPGA_lite/19.1/Audio_Effects_On_FPGA_Project/Audio_Effects_On_FPGA_Project/db/alt_u_div_6af.tdf Line: 132
    Info (17048): Logic cell "chorus:chorus_inst_L|lpm_divide:Mod0|lpm_divide_cqo:auto_generated|abs_divider_4dg:divider|alt_u_div_6af:divider|add_sub_28_result_int[2]~56" File: C:/intelFPGA_lite/19.1/Audio_Effects_On_FPGA_Project/Audio_Effects_On_FPGA_Project/db/alt_u_div_6af.tdf Line: 132
Warning (20013): Ignored 19 assignments for entity "CORDIC" -- entity does not exist in design
Warning (20013): Ignored 38 assignments for entity "CORDIC_CORDIC_0" -- entity does not exist in design
Warning (20013): Ignored 19 assignments for entity "FFT" -- entity does not exist in design
Warning (20013): Ignored 33 assignments for entity "FFT_fft_ii_0" -- entity does not exist in design
Info (16010): Generating hard_block partition "hard_block:auto_generated_inst"
    Info (16011): Adding 1 node(s), including 0 DDIO, 1 PLL, 0 transceiver and 0 LCELL
Info (21057): Implemented 7918 device resources after synthesis - the final resource count might be different
    Info (21058): Implemented 26 input pins
    Info (21059): Implemented 57 output pins
    Info (21060): Implemented 1 bidirectional pins
    Info (21061): Implemented 7523 logic cells
    Info (21064): Implemented 202 RAM segments
    Info (21065): Implemented 1 PLLs
    Info (21062): Implemented 108 DSP elements
Info: Quartus Prime Analysis & Synthesis was successful. 0 errors, 81 warnings
    Info: Peak virtual memory: 4969 megabytes
    Info: Processing ended: Fri Aug 21 16:10:18 2026
    Info: Elapsed time: 00:01:08
    Info: Total CPU time (on all processors): 00:01:11


